item_raw,count
한식,16533
의류,10756
수산물,3950
커피,3125
미용,3071
치킨,2603
분식,2125
건어물,2008
음식,1932
농산물,1816
미용실,1777
떡,1773
식육,1725
과일,1706
생선,1636
화장품,1625
음식점,1499
잡화,1424
중식,1276
반찬,1242
신발,1199
안경,1167
의약품,1151
축산물,1129
야채,1082
편의점,1007
채소,974
미용업,967
카페,911
육류,871
일식,824
정육,790
가구,759
여성의류,756
피자,747
귀금속,737
네일,708
족발,674
활어,611
한의원,599
식품,555
슈퍼,532
두부,511
속옷,489
이불,478
한복,472
김밥,470
치과,469
양약,465
제과,459
양식,445
피부미용,442
약국,434
회,421
필라테스,419
기타,413
일반음식,413
청과,401
참기름,395
헤어,393
생화,389
빵,384
철물,375
젓갈,372
일반음식점,370
닭,366
세탁,364
슈퍼마켓,363
돼지고기,359
네일아트,356
고기,348
꽃,340
도소매(의류),337
생활용품,334
칼국수,332
제과점,325
당구장,325
내의,320
햄버거,317
의료,310
국밥,306
음료,306
의료서비스,306
삼겹살,305
휴대폰,304
인삼,300
음식(한식),299
악세사리,298
아이스크림,297
침구,294
태권도,294
침구류,288
마트,283
치과의원,283
수산,281
노래연습장,279
방앗간,275
교육서비스,272
가방,270
서비스,267
떡류,266
만두,264
건강식품,262
농수산물,251
피부관리,250
옷,246
액세서리,243
스포츠의류,242
그릇,233
곡물,232
주방용품,229
커튼,228
문구,228
여성복,223
정육점,223
두발미용,219
국수,211
외의,208
돈까스,201
사진,200
통닭,200
수삼,200
휴게음식,200
원단,199
아동복,196
헬스,195
통신기기,193
건강기능식품,192
서적,192
커피전문점,192
닭강정,191
교육,189
노래방,186
서비스업,185
음악학원,182
약,178
축산,178
횟집,178
악기,176
해산물,175
도자기,175
초밥,175
음식점업,171
김치,170
숙녀복,170
어묵,168
가전제품,167
일반미용업,163
간이음식,163
소매(의류),162
죽,162
곱창,161
옷수선,160
한우,160
헤어미용,159
의원,159
약초,158
마라탕,157
농약,155
선어,154
꽈배기,153
쌀,153
식료품,152
닭갈비,152
순대국,151
식자재,151
식당,150
생닭,150
자동차정비,149
건강원,149
식품잡화,148
스포츠용품,147
한약,147
도서,146
청과물,144
가공식품,142
부대찌개,141
소매업(의류),140
계란,140
떡볶이,138
장어,137
커피 및 음료,136
보청기,135
토스트,134
미술학원,133
음식점업(한식),132
어패류,132
식육점,131
추어탕,130
샌드위치,129
의약품 및 의료용품,129
커피 음료,127
자전거,126
미용서비스,126
보건업,125
세탁소,124
의료기기,124
기름,124
스터디카페,124
교육서비스업,124
요가,123
컴퓨터,123
애견용품,123
디저트,123
순대,123
애견미용,122
사진관,122
휴게음식점,121
홍삼,121
사진촬영,121
감자탕,121
일반한식,118
활어회,118
수선,117
커피음료,117
공산품,116
양말,114
한식점업,113
제과제빵,113
과자,112
공예품,111
포목,109
자동차수리,108
제과점업,107
소고기,107
의류수선,106
젓갈류,104
"의류, 잡화",104
고추,103
돈가스,103
쌀국수,103
닭발,103
호프,102
커피 디저트,99
양꼬치,98
악세서리,98
홍어,98
도시락,97
"의류,잡화",97
내과,97
의류잡화,96
샐러드,96
미술교육,96
떡방앗간,95
피부미용업,94
인테리어,94
생필품,94
김,93
두발미용업,93
커텐,93
전자제품,92
소매업,92
반찬류,91
피아노,91
베이커리,91
의류 잡화,90
헬스장,90
공구,90
과실,89
떡집,89
모자,89
양곡,88
벽지,88
세탁업,88
소매,88
갈비,87
정장,87
전,87
안경 및 렌즈,87
냉동수산물,86
스크린골프,84
핸드폰,83
전기재료,83
심리상담,82
시계,81
참치,80
건강보조식품,79
속눈썹,79
화훼,79
동물병원,78
전자담배,78
백반,77
숙박,77
도매(의류),77
쭈꾸미,76
잡곡,75
케이크,74
돼지갈비,74
찜닭,74
음악교육,74
도소매(농산물),73
호두과자,73
열쇠,72
독서실,72
"식품,잡화",72
아구찜,72
치킨전문점,72
막창,72
생선회,72
세차,71
당구,71
식잡,71
약품,71
골프연습장,71
운동,70
구두,70
튀김,70
냉면,69
해장국,69
타이어,69
두발,69
이미용,68
과일야채,68
치과진료,67
의약품 및 의료기기,66
한과,66
과일 야채,66
남성의류,66
미용재료,65
의료업,65
호떡,65
학원,65
공방,65
체력단련,65
생활잡화,64
견과류,64
농축수산품,64
미술,63
이용업,62
피부과,62
"식품, 잡화",62
식육판매,62
곰탕,62
자동차용품,61
마늘,60
인쇄,60
오리,60
페인트,59
의류및신발,59
커피 전문점,59
메이크업,59
도소매(수산물),58
중화요리,58
소고기 돼지고기,58
-,58
빵류,57
병원,57
일용잡화,57
커피숍,56
족발보쌈,56
샤브샤브,56
내의류,56
파스타,56
핫도그,56
도소매,55
떡갈비,55
미용헤어,55
복싱,55
애완용품,55
자동차부품,55
기타음식,55
한옥체험업,55
컴퓨터 및 주변기기,54
의약품 의료기기,54
네일샵,54
도소매(식육),54
한식 일반 음식점업,53
피아노학원,53
"소매(의류,잡화)",53
의류 및 잡화,53
채소류,52
한약재,52
일반음식점업,52
이비인후과,52
직물,52
숙박업,52
빙수,51
음식업,51
식음료,50
화초,50
타코야끼,50
주단,50
누룽지,50
소품,50
도소매(축산물),50
식품 잡화,49
"과일, 야채",49
보쌈,49
타올,48
유아용품,48
탁구장,48
도너츠,47
안경 콘택트렌즈,47
주유소,47
순대국밥,47
메리야스,47
도소매(건어물),47
과자류,47
안경 및 콘택트렌즈,46
양장지,46
제빵,46
골프용품,46
우동,46
음식업(한식),46
남성복,46
건축자재,46
꽃집,46
불교용품,46
태권도장,45
인삼제품,45
한복지,44
홈패션,44
생선구이,44
의복,44
김치찌개,43
비닐,43
헤어샵,43
대게,43
의류소매,43
음식(분식),43
족발 보쌈,42
양고기,42
닭고기,42
민물장어,42
기계공구,42
두발 미용,42
피아노교습,41
덮밥,41
삼계탕,41
천막,41
란제리,41
서점,41
의료기,41
낙지,41
기념품,40
한식음식점업,40
수예품,40
음식료품,40
음악,40
치과의료,39
보리밥,39
음식점(한식),39
"커피, 디저트",39
식용유,39
수의업,39
두발 미용업,39
도소매(외의),38
전기자재,38
체력단련장,38
가정용품,38
커피및음료,38
버섯,38
라멘,38
스포츠,37
"과일,채소",37
인테리어소품,37
짬뽕,37
서양음식,37
돼지고기 소고기,37
일반의원,37
카센타,37
문구류,36
소매(화장품),36
피부,36
"과일,야채",36
홍삼제품,36
흑염소,36
정형외과,35
안과,35
가발,35
콘택트렌즈,35
구제의류,35
식품 및 잡화,35
합기도,35
경양식,35
염색,34
도넛,34
줄넘기,34
의류 신발,34
유류,34
조명,34
수예,34
야채과일,34
왁싱,34
문구용품,34
소매(식육),34
베트남음식,34
설렁탕,34
커피디저트,34
담배,34
완구,34
여성 의류,34
도소매(청과),34
고추가루,33
피부 미용업,33
"의류,신발",33
의류부자재,33
지물,33
패류,33
네일미용업,33
야채 과일,33
해물,33
얼음,32
주얼리,32
육회,32
미용 서비스,32
의류 및 신발,32
귀금속소매,32
일반 음식점업,32
헤어제품,32
고기류,32
반찬가게,32
세탁물,31
닭꼬치,31
자동차 정비,31
없음,31
의약품 및 의약외품,31
커피 및 디저트,31
양약 의료기기,31
와플,31
속눈썹연장,31
도소매(기타건어물),31
주방기구,31
의류신발,31
음료 및 디저트,31
식물,31
책,31
목욕탕,30
건강즙,30
밥버거,30
네일미용,30
임가공제분,30
한우 한돈,30
운동용품,30
소곱창,30
꼼장어,30
진료,29
고춧가루,29
세탁중개업,29
낚시용품,29
면직물,29
식육판매업,29
한식 음식점,29
컴퓨터 주변기기,29
도소매(과일),29
의류세탁,28
일반가구,28
치과의료서비스,28
참치회,28
팥죽,28
공간대여,28
치과치료,28
즉석식품,28
도소매(여성의류),28
"쌀,잡곡",28
커피 음료 디저트,28
기타음료식품,28
중국식품,27
도소매(채소),27
콩나물,27
일반미용,27
소매(안경),27
"도소매(의류,잡화)",27
이용,27
기물,27
"귀금속, 시계",27
민물고기,27
패션잡화,26
문어,26
농수산,26
"벽지,장판",26
아동의류,26
스포츠 의류,26
조미김,26
한방병원,26
이발,26
쪽갈비,26
의류 등,26
화초 및 식물,26
미곡,26
서양식,26
소매(야채),26
"커피,디저트",26
뻥튀기,26
전기용품,26
양복,26
돼지국밥,26
보일러,25
볼링장,25
한식 음식점업,25
보건,25
제과 제빵,25
소매(수산물),25
커튼 블라인드,25
가전,25
피부 미용,25
"야채,과일",25
곡류,25
밀키트,25
의류및잡화,25
간이음식점,25
안경 콘택트,25
주류,25
"의류, 스포츠용품",25
태권도교육,25
인견,25
돈카츠,25
산부인과,25
의류 소매,25
한옥체험,25
가정의학과,25
"커피,음료",24
중국음식,24
소매(건어물),24
동태탕,24
컴퓨터및주변기기,24
마카롱,24
"의류, 신발",24
즉석판매제조가공업,24
골프,24
도소매(가구),24
학생복,24
"의약품, 의료기기",24
주짓수,23
체형관리,23
키즈카페,23
전복,23
소매업(식육),23
할복,23
굴비,23
소매(반찬),23
한우한돈,23
소매(생선),23
유아동복,23
도소매(화장품),23
과일 채소,23
여행알선,23
공예,23
간판,23
소매(신발),23
철물점,23
건어물 및 젓갈류 도매업,23
패스트푸드,23
"야채, 과일",22
즉석두부,22
김 자반 멸치 건어물등,22
치킨 전문점,22
꼬치,22
계육,22
미용서비스업,22
태국음식,22
생고기,22
어류,22
기능성신발,22
검도,22
털실,22
조화,22
"닭,오리",22
농축산물,22
비닐봉투,22
화원,22
소매(잡화),22
이용원,22
도소매(잡화),22
작업복,21
곰장어,21
자동차 수리,21
상담,21
갈비탕,21
운동서비스,21
의류판매,21
사무용품,21
편의점 담배,21
떡케이크,21
브런치,21
통신장비,21
소매(과일),21
음향기기,21
안경콘택트렌즈,21
비빔밥,21
한방의료서비스,21
"양약, 의료기기",21
소매업(외의),21
도소매(신발),21
일반 음식점,21
오토바이,21
안경 렌즈,21
"한복,이불",20
의복수선,20
"화장품, 잡화",20
"야채,청과",20
"커피, 음료",20
옷감직물,20
빈대떡,20
여성옷,20
복사,20
분식류,20
육개장,20
헤어 미용,20
강정,20
의료용품,20
오리고기,20
농자재,20
렌즈,20
카센터,20
외국어학원,20
식육즉석판매가공업,20
부침,20
두피관리,19
소고기돼지고기,19
속눈썹펌,19
생선류,19
"족발, 보쌈",19
시계 및 귀금속,19
약재,19
탁구,19
체육시설,19
헬스클럽,19
피아노교육,19
퍼스널트레이닝,19
안전용품,19
일반한복지,19
사료,19
도소매(야채),19
체력단련시설,19
야채류,19
의류 스포츠용품,19
"과일, 채소",19
족욕,19
네일서비스,19
찌개,19
장난감,19
실,19
태권도학원,19
짜장면,19
요식업,19
나물,19
"귀금속,시계",19
차,19
육류 소매업,19
떡제조,19
한식음식,19
기계부품,19
수제버거,18
스포츠의류용품,18
의료 서비스,18
버거,18
교육 서비스,18
고시원,18
장어구이,18
편의용품,18
꼬치구이,18
침대,18
임농산물,18
소매업(안경),18
한식 분식,18
서비스(미용실),18
태권도 교육,18
벽지장판,18
소돼지,18
의약품 및 건강기능식품,18
골프의류,18
한식류,18
정장(여성),18
과실 및 채소,18
땅콩빵,18
디저트카페,18
요거트,18
한정식,18
쥬얼리,18
의류 스포츠의류,18
장류,18
비료,17
화훼류,17
도소매업(축산물),17
야채청과,17
빵 음료,17
사진촬영업,17
사무기기,17
피아노교습소,17
빵 커피,17
한식당,17
건해산물,17
기타음식료품및일용잡화,17
자동차부분정비,17
헤어서비스,17
김밥 분식,17
도소매(떡),17
수퍼,17
서비스(미용업),17
"의류, 스포츠의류",17
타코,17
교복,17
음식점업(일반음식점),17
소아청소년과,17
소매(떡),17
자동차,17
의류 및 악세사리,17
여행사,17
커피 베이커리,17
닭도리탕,17
한식음식점,17
서비스업(미용업),17
스포츠의류 및 용품,17
"의류,스포츠의류",17
반려동물용품,16
쌀잡곡,16
가죽제품,16
영어학원,16
즉석판매제조,16
빨래방,16
소매(정육),16
다방,16
밀면,16
농임산물,16
섬유,16
농축수산물,16
음식점업(분식),16
김치찜,16
기타지류,16
닭요리,16
김밥 및 분식,16
매운탕,16
양파,16
"채소,과일",16
컴퓨터학원,16
즉석판매제조(생선반건조),16
샴푸,16
주점,16
의약,16
꽃게,16
도소매(정육),16
액자,16
안경및렌즈,16
영어,16
냉동삼겹살,16
떡방아간,16
소매업(수산물),16
식육및부산물,16
가정용가구,16
도소매업(의류),16
음반,16
공간임대,15
영어교육,15
민박,15
전기조명,15
썬팅,15
한방치료,15
웨딩컨설팅,15
뷰티,15
소매업(건어물),15
카메라,15
기타잡화,15
스포츠의류및용품,15
운동 서비스,15
등산용품,15
"닭, 오리",15
편의점 상품,15
광고,15
기성복,15
귀금속 시계,15
소매업(화장품),15
전통차,15
포장자재,15
의약품 및 의료용품 소매업,15
"벽지, 장판",15
기계,15
"고추,참기름",15
내의판매점,15
한식뷔페,15
"쌀, 잡곡",15
수예점,15
노래연습,15
죽 비빔밥,15
한방의료,15
소매(슈퍼),15
돼지고기구이,15
음료 디저트,15
즉석조리식품,15
홍어무침,15
음식 및 주류,15
음식점(분식),15
무용,15
볼트,15
스시,15
도소매(주방용품),15
피부관리 화장품,15
과일채소,15
여자용 겉옷 소매업,15
스크린골프연습장,14
소매(양약),14
파크골프용품,14
코다리,14
연어,14
봉투,14
음식(중식),14
등산의류,14
소아과,14
귀금속 소매,14
"화장품,잡화",14
한식업,14
종합식품,14
식품접객업,14
공구 등,14
유리,14
안경점,14
노래,14
콩나물국밥,14
"식육, 양념육",14
전자상거래,14
복어,14
도배,14
소매(가구),14
동물진료,14
부산물,14
정비,14
한식육류,14
양갈비,14
국,14
막국수,14
과실류,14
피자 치킨,14
내과의원,14
"의류, 악세사리",14
의류 외,14
곡물제분,14
목욕,14
소매품,14
"생선, 활어",14
소매(내의),14
미술교습소,14
일반상품,14
꼬마김밥,14
수입잡화,14
귀금속시계,14
스테이크,14
"안경, 콘택트렌즈",14
기타소매업,14
소매(농산물),13
보건의료,13
"신발,의류",13
튀밥,13
소매업(야채),13
소매(이불),13
"신발, 잡화",13
수산물 소매,13
스파게티,13
삽겹살,13
의약품의료기기,13
동물미용,13
수육,13
청과야채,13
이미용업,13
스넥,13
헤어컷,13
미술교습,13
음식(한식점업),13
탕제원,13
여관,13
침구수예점,13
에어로빅,13
기타기물잡화,13
양장,13
수산물도소매,13
한식일반음식점업,13
꽃 식물,13
"시계,귀금속",13
화섬직,13
피시방,13
바베큐,13
소매(슈퍼마켓),13
만두 찐빵,13
김치류,13
브런치카페,13
음식(치킨),13
여행상품,13
보건서비스,13
오뎅,13
장신구,13
커피 등,13
"문구,잡화",13
뜨개실,13
액세사리,13
"돼지고기,소고기",13
사무용가구,13
즉석판매,13
장판,13
고기집,13
게장,13
중고가전,13
휴대폰케이스,13
안경렌즈,13
소매업(생선),13
식재료,13
등갈비,13
무용학원,13
매트,13
"고추,기름",13
멸치,13
커트,13
도료,13
"소고기,돼지고기",13
폐백음식,13
뼈해장국,13
고추기름,13
소매업(귀금속),13
소매(외의),13
소금,13
음식(간이음식),13
생화 식물,13
복권,13
안경및콘택트렌즈,12
수퍼마켓,12
한우곱창,12
쌀 잡곡,12
"커피, 음료, 디저트",12
엑기스,12
식육부산물,12
기타의류,12
실내골프연습장,12
안경 콘텍트렌즈,12
면류,12
점핑운동,12
중식당,12
주방가구,12
"청과, 야채",12
체력단련업,12
한복대여,12
부식,12
수족관,12
대패삼겹살,12
건어물 및 젓갈류,12
수산물소매,12
일반잡화,12
요가원,12
"식육,양념육",12
제과류,12
휴대폰판매,12
도소매(두부),12
PT,12
소매업(신발),12
체육관,12
해물찜,12
비뇨기과,12
닭 오리,12
식품 및 비식품,12
악세사리 잡화,12
조명기구,12
"채소, 과일",12
복사업,12
핸드폰케이스,12
PC방,12
소매(채소),12
안경 및 렌즈 소매업,12
가전제품수리,12
육류소매업,12
추출가공식품,12
축산물판매,12
피부미용서비스,12
건고추,12
땅콩,12
자동차세차,12
의류 악세사리,12
옛날과자,12
오토바이수리,12
골프웨어,12
도소매업(수산물),12
실용음악학원,12
피트니스,12
남녀용 겉옷 및 셔츠 도매업,12
도장,12
중고의류,12
식품비식품,12
안경원,12
농수축산물,12
옥수수,12
햄버거 치킨,12
애견,12
흑염소탕,12
생활필수품,12
헤어미용업,12
편의점상품,12
면요리,11
카페트,11
청바지,11
닭오리,11
중식 음식점업,11
젤라또,11
셀프빨래방,11
당구장업,11
오리탕,11
육고기,11
일반소매,11
댄스,11
점핑,11
도매(청과),11
도소매(기타수산물),11
체육용품,11
중탕,11
스포츠의류 용품,11
육계,11
식탁및주방용품,11
신발잡화,11
한약방,11
운동기구,11
포차,11
숙성회,11
커피 빵,11
커피음료디저트,11
인쇄물,11
한식일반음식점,11
계절음식,11
식빵,11
속옷 의류,11
과메기,11
게스트하우스,11
기성화,11
농기계,11
유아복,11
선식,11
안경콘택트,11
돼지고기소고기,11
수제비,11
크로스핏,11
젖갈,11
순두부,11
기타수산물,11
흑돼지,11
안마,11
대중탕,11
도소매(액세서리),11
쌈밥,11
찻집,11
배관자재,11
펌프,11
컴퓨터주변기기,11
전자기기,11
외국음식,11
전기,11
제조업(두부),11
회원권,11
카레,11
신발의류,11
신발 가방,11
안마원,11
음악교습,11
소매(활어),11
"가방, 잡화",11
두부제조,11
의류악세사리,11
피복,11
육회 연어,11
홍삼 및 홍삼제품,11
대파,11
"악세사리, 잡화",11
유아용 의류,11
수공예품,11
마취통증의학과,11
주유,11
향수,11
냉동식품,11
차류,11
식기,11
조개구이,11
해조류,10
주방기물,10
야채 청과,10
층간소음매트,10
손두부,10
씽크대,10
떡 제조,10
불고기,10
가스,10
시계귀금속,10
의류소매업,10
나물류,10
채소 등,10
채소과일,10
식품업,10
의류 소매업,10
도소매(농수산물),10
산나물,10
한돈 한우,10
염소탕,10
"인삼,약초",10
여행,10
축구교실,10
청과류,10
도소매(식육및부산물),10
서비스(미용),10
자동차전문수리,10
커피 제과,10
수입품,10
상담서비스,10
식용유지류,10
사우나,10
도소매(식육판매),10
햄버거치킨,10
타월,10
축산업,10
세탁중개,10
콘텍트렌즈,10
의류 수선,10
식료품 등,10
도소매(가정용품),10
휘트니스,10
운동시설,10
동물미용업,10
음식(기타음식),10
쿠키,10
유도,10
컴퓨터 및 주변장치,10
"의류,신발,양말",10
한식(떡갈비),10
한식 육류,10
"컷,펌",10
실내놀이터,10
장갑,10
도소매(해산물),10
폰케이스,10
커튼블라인드,10
"신발,가방",10
한의치료,10
소매업(반찬),10
과일 등,10
즙,10
일반미용실,10
병의원,10
베이글,10
달걀,10
골프 연습장,10
비누,10
소 돼지,10
손만두,10
체육시설업,10
"제과, 제빵",10
초장집,10
커피및 음료,10
퍼스널 트레이닝,10
"청과,야채",10
요리,10
"의류,스포츠용품",10
문구사무용품,10
닭볶음탕,10
음식(휴게음식),10
치킨 피자,10
기타음식료품 및 일용잡화,10
스포츠시설,10
타일,10
뜨개용품,10
도소매(모자),10
십자수,9
부각,9
즉석반찬,9
컴퓨터수리,9
성형외과,9
의약품 의료용품,9
치킨 주류,9
수산물 도소매,9
발관리,9
"수산물, 건어물",9
골프연습,9
찐빵,9
참기름 들기름,9
의약품 의약외품,9
"안경,렌즈",9
세차장,9
매점,9
도소매(청과물),9
인물사진,9
스카프,9
유아의류,9
제조업(떡),9
"가방,신발",9
제수용품,9
소매업(과일),9
카스테라,9
소매업(잡화),9
"농약,종자",9
수산물 소매업,9
미용 헤어,9
판촉물,9
골프레슨,9
음식점(치킨),9
소갈비살,9
서양식 음식점업,9
밤,9
장판벽지,9
"가방,잡화",9
치킨호프,9
두부류,9
카페 디저트,9
갈비찜,9
세탁서비스,9
문구잡화,9
볼링,9
두발업,9
전자부품,9
커피 차,9
간장게장,9
한의진료,9
과일류,9
치킨피자,9
의약품 건강기능식품,9
수산물(생선),9
그릭요거트,9
전집,9
열쇠수리,9
"안경,콘택트렌즈",9
새우젓,9
기타직물류,9
"빵,음료",9
옷 수선,9
"족발,보쌈",9
식사류,9
"농산물, 수산물",9
도소매업,9
"안경, 렌즈",9
정식,9
중식음식점업,9
피씨방,9
중고가전제품,9
시계 귀금속,9
소매업(내의),9
소매(액세서리),9
스킨케어,9
파마염색,9
수입식품,9
돈육,9
과일 및 채소,9
도매및소매업(수산물),9
식품 비식품,9
기타음식료품,9
주방용식기,9
"제과,제빵",9
방향제,9
김밥분식,9
관광기념품,9
뒷고기,9
여성용 의류,9
교육 서비스업,9
야채 등,9
식품및잡화,9
마사지,9
속옷 및 잠옷,9
"신선, 냉동 및 기타 수산물",9
한식 주류,9
수건,9
치아치료,8
"채소, 과실",8
노래 연습장,8
철물 공구,8
상품대리,8
피부관리실,8
인쇄업,8
운동 및 경기용품,8
신발 잡화,8
음식점업(일반음식점업),8
아구,8
"도소매(액세서리,잡화)",8
코다리찜,8
도소매(축산),8
도소매(양말),8
"신발,잡화",8
여자용 겉옷,8
전화기,8
한식점,8
"김치,젓갈",8
사진인화,8
인형,8
"음료, 디저트",8
스포츠서비스,8
고급카페트,8
퓨전음식,8
소매(곡물),8
"음식,한식",8
발레,8
보드게임,8
짜장면 짬뽕,8
생활도자기,8
퀼트,8
샌드위치 등,8
제육볶음,8
일상생활용품,8
소매(축산물),8
소매업(슈퍼마켓),8
베트남쌀국수,8
제사음식,8
맞춤정장,8
붕어빵,8
"농산물,수산물",8
화장품소매,8
소매업(채소),8
꿀,8
탕수육,8
메리야쓰,8
모종,8
닭집,8
"도소매(식육,부산물)",8
"건어물,젓갈",8
한식(족발),8
아이스크림 및 과자,8
벽지 장판,8
"시계, 귀금속",8
스팀세차,8
젓갈 건어물,8
미싱,8
화장품 건강기능식품,8
소매업(여성의류),8
농기구,8
애완동물용품,8
도소매(식품),8
맥주,8
방,8
요가 필라테스,8
면,8
"열쇠, 도장",8
가방잡화,8
음식점업(카페),8
음식(제과점),8
"양말,잡화",8
회포장,8
킥복싱,8
찜,8
신경외과,8
주방그릇,8
조개,8
슈퍼마켓 담배,8
"꽃,식물",8
일반의약품,8
꼬치류,8
스포츠의류 스포츠용품,8
육류 한식,8
핸드폰 악세사리,8
소머리국밥,8
기타직물,8
반려동물미용,8
심리상담서비스,8
장식품,8
드레스,8
문구점,8
어물,8
실내인테리어,8
캠핑용품,8
미용원,8
태닝,8
음식점업(중식),8
"침구,수예",8
금은시계,8
피아노 교육,8
음료 과자,8
이발관,8
전기공사,8
피티,8
농산물(야채),8
힌식,8
김치 반찬,8
바둑,8
제분,8
숯불닭갈비,8
"고추,마늘",8
휴대폰수리,8
스크린골프장,8
화장품잡화,8
양품,8
도서대여,8
세무사업,8
커피 외,8
여성의류 잡화,8
물회,8
일반 미용업,8
냉난방기,8
헤어시술,8
안경테,8
즉석가공식품,8
커피류,8
음료 및 베이커리,8
미용제품,8
컴퓨터교육,8
소매점,8
쭈꾸미볶음,8
폴댄스,8
"참기름,들기름",8
컴퓨터및 주변기기,8
머리염색,8
제조업,8
피아노 교습,8
커피베이커리,8
컷트,8
커피및디저트,8
"커피,음료,디저트",8
사진 촬영,8
잡화소매,8
도소매(음식점),8
외국어교육,8
타로,8
채소 및 과일,8
갈치조림,8
"의약품,의료기기",8
미용용품,8
여가서비스,8
의약품및의료용품,7
육회연어,7
디저트 커피,7
양약의료기기,7
간식,7
"피자,치킨",7
수영강습,7
식음료및잡화,7
여관업,7
체인화편의점,7
"모자,가방",7
당구장 운영업,7
농산,7
소매(생화),7
중국음식점,7
"꽃,화분",7
소매업(커튼),7
과일 및 야채,7
금은방,7
음식(제과),7
음식 주류,7
소갈비,7
필라테스 요가,7
외과,7
침구수예,7
청소용품,7
밀크티,7
애견미용업,7
케이스,7
샤브,7
일반음식점(한식),7
"소매업(의류,잡화)",7
보건의료서비스,7
건강기능보조식품,7
절임식품,7
스포츠의류 등,7
의류 신발 가방,7
음료 커피,7
한식 일반 음식점,7
한식 면 요리 전문점,7
폐백,7
자재,7
의류및 신발,7
수공예,7
세무사,7
에어컨,7
천연비누,7
"신발, 가방",7
민박업,7
생활한복,7
음식료,7
커피 케이크,7
식탁 및 주방용품,7
아이스크림 과자,7
한식 수산물,7
화장품 잡화,7
유아용의류,7
한의의료서비스,7
운동지도,7
한식 등,7
식물성유지,7
베이커리카페,7
안경 콘텍트,7
커피외,7
회센타,7
고기구이,7
양복점,7
"젓갈, 반찬",7
"떡,방앗간",7
피자전문점,7
뜨개방,7
소매업(침구류),7
팥빙수,7
골뱅이,7
라면,7
곡식,7
문구 사무용품,7
종합소매업,7
종묘,7
"고추가루,기름",7
"스포츠의류, 스포츠용품",7
줄넘기교육,7
도소매(슈퍼마켓),7
고로케,7
열쇠 도장,7
LPG,7
숯불갈비,7
이발소,7
재활의학과,7
건어물 등,7
세무서비스,7
안경 및 콘텍트렌즈,7
도매및소매업(의류),7
숯불구이,7
미술교육서비스,7
코인노래방,7
석유,7
사시미,7
미꾸라지,7
액상차,7
음악교습소,7
과실및채소,7
모텔,7
치과서비스,7
의류 및 용품,7
이동통신기기,7
화초 및 식물 소매업,7
"의류,가방",7
주방잡화,7
문구 완구,7
"그릇,잡화",7
치과병원,7
휴대폰 악세사리,7
임산물,7
이자카야,7
의류 및 악세서리,7
"잡화, 생활용품",7
"야채, 청과",7
여성의류 및 잡화,7
식품류,7
도소매(아동복),7
"생활용품, 잡화",7
양곱창,7
구이김,7
맞춤양복,7
회 초밥,7
체력 단련시설 운영업,7
두발서비스,7
서비스업(미용실),7
체인화 편의점,7
일반이용업,7
의류 및 스포츠용품,7
오토바이 수리,7
두발미용서비스,7
수산업,7
도소매(도자기),7
발레학원,7
스포츠교육,7
베트남 쌀국수,7
스터디카페 이용권,7
목공예,7
피부샵,7
모터,7
도소매(과실),7
"침구류,수건",7
배추,7
"수산물,건어물",7
기능성 신발,7
악세사리잡화,7
의류 세탁,7
솥밥,7
커피 샌드위치,7
한방진료,7
수리,7
일반 음식,7
오징어,7
핸드폰악세사리,7
축구,7
의류도소매,7
스포츠 서비스,7
바지,7
교습소,7
한식국밥,7
음식점업(일반한식),7
음식(일반음식),7
수산물소매업,7
농특산물,7
미용네일,7
체육도장업,7
음악연습실,7
죽비빔밥,7
한식 족발,7
승복,7
모조장신구,7
탕,7
도소매(기타),7
"아이스크림, 과자, 음료",7
"식품, 비식품",7
모듬전,7
광고물제작,7
꽃식물,7
백숙,7
멕시코음식,7
고무제품,7
의류업,7
어학원,6
돼지곱창,6
김구이,6
조리반찬류,6
아동상담,6
식사,6
바둑교육,6
정육식당,6
식육식당,6
음식(반찬),6
전병,6
광고대행,6
"김,건어물",6
즉석판매제조가공,6
일반내의,6
조리 반찬류,6
기타건어물 (도소매),6
의류속옷,6
시계및귀금속,6
요양병원,6
"빵,커피",6
커피빵,6
휴대폰 수리,6
크레페,6
포장재,6
"한식, 분식",6
갈매기살,6
두발 미용 서비스,6
도소매업(야채),6
커피 브런치,6
일식 음식점,6
소매업(약국),6
소매업(정육점),6
소바,6
식육 양념육,6
"참기름,고추",6
한식 육류 요리 전문점,6
프랜차이즈,6
여행사업,6
한식 삼겹살,6
음식점업(휴게음식점),6
물티슈,6
조개전골,6
요가필라테스,6
부품,6
도매(축산물),6
종합미용업,6
냉동수산,6
도소매(반찬),6
식기류,6
갑각류,6
표구점,6
음식점업(치킨),6
여행업,6
신선 냉동 및 기타 수산물 소매업,6
스포츠서비스업,6
댄스교육,6
속옷의류,6
수산물(어패류),6
식품외,6
피부미용실,6
요양보호사교육,6
바둑학원,6
일본라멘,6
아채,6
댄스학원,6
인형뽑기,6
"참기름,고춧가루",6
소매(귀금속),6
윤활유,6
펌,6
음식업(한식점업),6
제조,6
"건어물, 젓갈",6
수영복,6
수영장,6
소매(철물),6
주니어의류,6
소매업(편의점),6
치킨닭강정,6
유리제품,6
"김밥, 분식",6
표구,6
메밀부침,6
서양음식점,6
남성정장,6
서양식음식,6
식육즉석판매,6
음료디저트,6
"도소매(식품,잡화)",6
태권도 학원,6
미곡상,6
육류 도매업,6
의약품및 의료용품,6
양약 한약,6
의류(아동복),6
생화 및 식물,6
순댓국,6
가공품,6
재활운동,6
된장,6
안경 등,6
철만물,6
보세의류,6
휴대폰 판매,6
기타건강식,6
음료식품잡화,6
소형가전,6
도매(외의),6
휴게음식점업,6
동남아음식,6
도소매업(식육),6
자동차 세차,6
"도배,장판",6
소매(인삼),6
의류.잡화,6
"아이스크림, 과자",6
전산소모품,6
퓨전요리,6
"안경,콘택트",6
소매업(악세서리),6
자동차 세차업,6
한식일반음식,6
소매(젓갈),6
도서 문구,6
의류신발악세사리,6
생필품 등,6
"슈퍼, 담배",6
즉석가공,6
식료품 소매업,6
"양약,의료기기",6
단체복,6
"커피,베이커리",6
눈썹,6
감자튀김,6
담배 식품 비식품,6
당구장운영업,6
머리고기,6
구두수선,6
생화 화분,6
의료서비스업,6
커피 음료 베이커리,6
소매(침구),6
생맥주,6
여성겉옷,6
소매업(액세서리),6
지업사,6
제조업(떡방앗간),6
보석,6
도라지,6
의류(여성복),6
생선도소매,6
도소매(침구류),6
빵 과자,6
휴대폰 및 악세사리,6
요거트 아이스크림,6
"이불,침구류",6
전류,6
기물잡화,6
육류한식,6
"커피, 샌드위치",6
양품점,6
화장품외,6
김밥 및 기타 간이 음식점업,6
농산물소매,6
오리요리,6
안주류,6
일반내과,6
검도관,6
한돈,6
편의점 물품,6
도소매(구두),6
화장품소매업,6
열쇠도장,6
언더웨어,6
"치킨,피자",6
동태찌개,6
젓갈건어물,6
"닭,계란",6
채소 과일,6
과자 음료,6
"속옷,양말",6
"꽃, 식물",6
필라테스 교육,6
오징어순대,6
건어물 및 젓갈류 소매업,6
호스,6
커트 펌 염색,6
피자파스타,6
여자옷,6
"액세서리,잡화",6
조미료,6
웨딩드레스,6
사류,6
귀금속 소매업,6
청국장,6
갈치,6
"가방,모자",6
도배 장판,6
전선케이블,6
차량정비,6
자동차유리,6
전자상거래업,6
곤드레밥,6
소매업(침구),6
도매(과일),6
광고물,6
일반철물,6
음식 한식,6
식품제조,6
손뜨게,6
가위,6
뷔페,6
음식점업(커피),6
서비스(일반미용업),6
양념류,6
건어,6
애견 미용,6
도소매(기성복),6
그릇류,6
양약 및 의료기기,6
참기름 고추,6
의상실,6
"만두,찐빵",6
신발소매,6
특산품,6
소매(속옷),6
"채소, 과실 및 뿌리작물",6
한식반찬,6
도매및소매업(슈퍼마켓),6
"참기름, 들기름",6
환자진료,6
체육도장,6
소머리곰탕,6
"내의,양말",6
자동차 부품,6
음식판매,6
"건어물,견과류",6
"이불,한복",6
커피  음료,6
안경및 콘택트렌즈,6
커피 및 음료 디저트,6
가구점,6
미용학원,6
속눈썹 왁싱,6
단추,6
자동차부분수리,6
스포츠 용품,6
카페음료,6
가죽공방,6
파충류,6
광어,6
"축산물,임산물",6
핸드폰 케이스,5
주먹밥,5
한식 칼국수,5
스포츠용품 및 의류,5
황기,5
마늘생강,5
네일 속눈썹,5
맞춤복점,5
음식 음료,5
등산장비,5
음식업(제과점),5
"의류,액세서리",5
체력단련장업,5
잔치국수,5
식품소매,5
대패삼겹,5
생화식물,5
전자상거래 소매업,5
수제청,5
샌드위치 커피,5
꽃게장,5
소매(의류잡화),5
네일 미용,5
가방 신발,5
한지공예,5
"인삼,홍삼",5
한식(국밥),5
악세사리 및 잡화,5
철물공구,5
머리,5
"일반과, 내과, 소아과",5
철물 등,5
"한우,한돈",5
애견수제간식,5
음식한식,5
양념,5
묵,5
"커피, 차",5
"한식, 반찬",5
죽세품,5
테니스,5
"의류, 잡화 등",5
휘발유 경유,5
컷펌,5
왕족발,5
간이 음식,5
기능성속옷,5
화장품 미용,5
인테리어 소품,5
"의류,악세사리",5
교육업,5
운동센터,5
두피케어,5
한약품,5
아시아음식,5
한방,5
컵밥,5
유통,5
젓갈 등,5
화장지,5
까페,5
방탈출카페,5
캔들,5
아웃도어,5
"피자, 치킨",5
도소매(속옷),5
"의류, 화장품",5
낙지요리,5
과자음료,5
고급한복지,5
주방기기,5
남녀의류,5
기타가공식품,5
화과자,5
참기름 들기름 고추가루,5
배터리,5
냉동 수산물,5
파마,5
한시,5
"화장품, 건강기능식품",5
"농약, 종자",5
피아노레슨,5
회 해산물,5
손뜨개,5
화장품 등,5
"의류, 소품",5
"참기름,고추가루",5
도매(야채),5
"커피, 빵",5
소매(두부),5
볼트 등,5
피자 파스타,5
치료,5
서비스(의류수선),5
여성복의류,5
"소고기, 돼지고기",5
산후조리원,5
대구탕,5
비니루,5
육가공,5
언어치료,5
초밥 회,5
사과,5
"모자,잡화",5
벨트,5
음식점업(한식일반음식점업),5
식육 도소매,5
의류(속옷),5
야키토리,5
음악미술학원,5
공산품외,5
소고기구이,5
"잡화, 의류",5
"네일, 피부미용",5
돼지,5
수제화,5
도소매(생선),5
소매(기타),5
식혜,5
"철물, 공구",5
초콜릿,5
전기자전거,5
실내장식,5
김치 절임식품,5
제조(떡),5
청과 야채,5
예술학원,5
오리 닭,5
양념육,5
주스,5
제분소,5
블랙박스,5
피부과의원,5
만화카페,5
"소매(귀금속,시계)",5
의류가방,5
도넛커피,5
전자,5
레이스,5
소매업(슈퍼),5
축산물도소매,5
"컷, 펌",5
잡화 및 악세사리,5
스포츠 서비스업,5
종합식품센타,5
수입의류,5
송풍기,5
애견유치원,5
잡화 담배,5
농산물 수산물,5
통신,5
서적 문구,5
가방 등,5
소매업(숙녀복),5
단미사료,5
청소,5
벌꿀,5
"참기름, 고추",5
"차,음료",5
"음료,디저트",5
만두전골,5
여성정장,5
"악세사리,잡화",5
샐러드 샌드위치,5
치과 의료 서비스,5
레고,5
삼겹,5
"젓갈,건어물",5
에그타르트,5
양말 잡화,5
소매(여성의류),5
식물 꽃,5
자동차관련용품,5
실내스크린골프연습장,5
햄버거 및 치킨,5
건어물외,5
가정용 세탁업,5
부침개,5
"참기름, 고춧가루",5
"순대,족발",5
음식물,5
다슬기,5
커튼침구,5
내의 속옷,5
등산복,5
돼지구이,5
그림,5
고기국수,5
"메이크업, 속눈썹",5
디저트 음료,5
반려동물 용품,5
자수제품,5
"식료품,잡화",5
건설자재,5
건재,5
신발가방,5
이불 침구류,5
"생활용품,잡화",5
의류외,5
소매(주방용품),5
부분정비,5
음료수,5
"죽, 비빔밥",5
도소매(견과류),5
종자,5
메밀전병,5
한식 음식,5
식료품잡화,5
자동차부분정비업,5
"커튼, 블라인드",5
소매업(속옷),5
보드게임방,5
미용 서비스업,5
커피샌드위치,5
"안경, 콘텍트렌즈",5
회집,5
김밥및분식,5
도소매(수산),5
"신발, 의류",5
"속옷, 의류",5
식육양념육,5
기타식품,5
음료 베이커리,5
"젓갈,반찬",5
소매(가방),5
도매(채소),5
노래연습장 운영업,5
문구 잡화,5
요거트아이스크림,5
사주,5
의류소품,5
자동차정비업,5
수입과일,5
일식음식,5
돌솥밥,5
아기용품,5
김밥등,5
소매(반찬가게),5
"제과,빵",5
"서적, 문구",5
기타미용업,5
화장품 의류,5
필라테스 레슨,5
앵글,5
도매(가방),5
도소매(악세서리),5
기타건어물,5
"편의점, 담배",5
선어도매,5
"농약,비료",5
"건어물,생선",5
기름 고추,5
새우,5
이불 커텐,5
한복원단,5
"내의, 잡화",5
"슈퍼마켓, 담배",5
김부각,5
"햄버거, 치킨",5
소매업(철물),5
닭구이,5
식료품 및 잡화,5
밀가루,5
모밀,5
중고상품,5
"떡,기름",5
의류신발양말,5
"요가, 필라테스",5
유니폼,5
소매(닭),5
자동차 용품,5
음식(카페),5
자수,5
헬스장이용권,5
소매잡화,5
편의물품,5
잡곡류,5
차 음료,5
증명사진,5
꽃 화분,5
"약초,농산물",5
탁주,5
가방 잡화,5
잡화의류,5
"마늘,고추",5
직물류,5
"소매(식품,잡화)",5
아동화,5
"두부, 묵",5
택배,5
휴대폰악세사리,5
휘발유경유,5
베어링,5
"의류,화장품",5
"의류, 가방",5
체형교정,5
웨딩,5
유부초밥,5
안경 콘택트렌즈 선글라스,5
과자 아이스크림,5
숙녀의류,5
"햄버거,치킨",5
의료기기 건강기능식품 화장품,5
음식점업(일식),5
자동차타이어,5
서양식 음식점,5
체력 단련,5
도매 및 소매업,5
특산물,5
도소매(화섬직),5
씨앗,5
일반소매업,5
소매(꽃),5
정장(남성),5
수제간식,5
통증의학과,5
쇼핑,5
종합,5
한식양식,5
네일아트업,5
"소,돼지",5
간판및광고물,5
분식및김밥,5
"소매(의류,신발)",5
옹기,5
문방구,5
서양식 음식,5
기타식료품,5
의류신발가방,5
소매(식품잡화),5
"장판,벽지",5
육아용품,5
안감,5
화장품판매,5
관상어,5
생삼겹살,5
"스포츠용품, 의류",5
인삼 홍삼,5
소매업(양약),5
귀금속 악세사리,5
와인,5
휴대폰악세서리,5
도소매(안경),5
떡.폐백,5
"건어물, 수산물",5
필라테스 강습,5
오리구이,5
"마늘, 생강",5
보쌈 족발,5
여자 겉옷,5
포케 샐러드,5
아이스크림외,5
베이커리 커피,5
영어회화,5
"휴대폰,악세사리",5
식육즉석판매가공,5
"양장지,양복지,기타직물류",5
음식주류,5
밧데리,5
명태조림,5
과일 밀키트,5
음악 교육,5
모밀국수,5
네일 서비스,5
이너웨어,5
초장,5
미역,5
휘발유 경유 등유,5
제조(두부),5
가죽,5
목재,5
밥,5
도소매(가공식품),5
음식업(분식),5
문구 등,5
의약품 의약외품 건강기능식품,5
빵과자,5
도소매(생화),4
네일미용서비스,4
요업제품식기,4
의약품소매,4
소매(숙녀복),4
운동서비스업,4
외과의원,4
음식점업(휴게음식),4
주꾸미,4
"주방용품,잡화",4
도매업(외의),4
정수기,4
자동차수리업,4
가죽공예,4
베이커리 및 음료,4
컴퓨터 판매 및 수리,4
음식(족발),4
"열쇠,도장",4
"생선, 수산물",4
기타 건어물,4
컴퓨터부품,4
석갈비,4
닭한마리,4
트램폴린,4
요가수업,4
안경콘텍트렌즈,4
진료서비스,4
컨설팅,4
"소매(과일,야채)",4
반찬 김치,4
그 외 기타 종합 소매업,4
훈제오리,4
염소고기,4
식품(한약재),4
감귤,4
요리학원,4
감자옹심이,4
"한식,주류",4
견과,4
생활용품잡화,4
소매(지물),4
가구 소매업,4
게임기,4
넥타이,4
테라피,4
샌드위치 샐러드,4
신발류,4
세탁편의점,4
제조업(김치),4
가구소매업,4
포장재료,4
헬스회원권,4
소매업(농약),4
약국 의료기기,4
건설,4
"스포츠의류,용품",4
한식분식,4
밸브,4
커피차,4
"금,은,시계",4
아이스크림 과자 음료,4
카페 커피,4
가정용 세탁물,4
"침구, 커텐",4
즉석김,4
CCTV,4
필라테스 운동,4
자동차 부분수리,4
한의 진료,4
일회용품,4
농약 비료,4
스포츠 의류 및 용품,4
가스기구,4
롤러스케이트,4
편의상품,4
의약품 건강식품,4
헬스장 이용권,4
식육도소매,4
"농산물, 건어물",4
꽃화분,4
즉석판매가공,4
"떡, 방앗간",4
야채곱창,4
"문구, 팬시",4
기름고추,4
"식잡,담배",4
꿀빵,4
수입상품,4
구제옷,4
의약품 의약외품 의료기기,4
종합소매,4
"의류, 전자상거래(의류)",4
한우구이,4
팥칼국수,4
줄넘기 교육,4
탕제,4
소주 맥주,4
"의류,스포츠의류,스포츠용품",4
경정비,4
편의점담배,4
"홍어,수산물",4
네일 미용업,4
제조업(방앗간),4
세탁 수선,4
아동도서,4
장식,4
"슈퍼,잡화",4
해동검도,4
분식점,4
도소매(란제리),4
스크린야구,4
찐빵 만두,4
샐러드 등,4
차량수리,4
한식 일반음식,4
삼겹살구이,4
"채소, 과실 및 뿌리작물 소매업",4
담배소매,4
"김치,반찬",4
패브릭,4
해물탕,4
인삼제품(홍삼),4
"활어,어패류",4
피자치킨,4
생선 해물,4
소매(악세사리),4
스포츠의류 안전용품,4
남여의류,4
기타수산물 (도소매),4
속눈썹연장 속눈썹펌,4
"빵,과자",4
"양말,속옷",4
개인레슨,4
술빵,4
직물제품,4
"문구,완구",4
패브릭소품,4
서비스미용,4
철학관,4
오리훈제,4
대패,4
모터사이클 수리,4
육전,4
헬스이용권,4
농구,4
금속제식기,4
의약품 의료기기 건강기능식품,4
문구 서적,4
한우 한돈 수입육,4
롤러스케이트장,4
두발 서비스,4
포목점,4
"건어물, 젓갈류",4
"농산물,채소",4
민물매운탕,4
안경소매업,4
가정용세탁,4
실내운전연습장,4
헤어 미용업,4
치과진료서비스,4
수제어묵,4
"한식,양식",4
샤브칼국수,4
꼬막,4
활어회 해산물,4
"과일,건어물",4
커피 주류,4
신발소매업,4
소매업(생화),4
"의류, 액세서리",4
안경및 렌즈,4
안경 소매업,4
도토리묵,4
"양장지, 양복지, 기타직물류",4
침대 가구,4
네일피부,4
홍게,4
음식료품제판,4
외국어,4
소매(한복),4
동물,4
체육교습업,4
게,4
"이불,커텐",4
김치 젓갈,4
화초및식물,4
기타소매,4
음식점업(일반음식),4
관엽식물,4
"커피, 베이커리",4
기름집,4
그릇 잡화,4
문구완구,4
가정용 가구,4
구움과자,4
뜨게실,4
퓨전한식,4
소매업(이불),4
야채.과일,4
속옷 양말,4
금속가공,4
한식(음식),4
"활어,선어",4
제조(도자기),4
컷트펌,4
오미자,4
특공무술,4
유아용 의류 소매업,4
써비스,4
교습,4
미용 네일,4
애완용동물 관련용품,4
더덕,4
메리야스 란제리,4
제조(떡방앗간),4
"건어물,수산물",4
일본식라멘,4
제조업(임가공제분),4
"두부,묵",4
패션,4
"떡,한과",4
안경테 안경렌즈 콘택트렌즈,4
"속옷,잡화",4
"건어물,농산물",4
여성의류 및 악세사리,4
음식(전),4
종합분식,4
세차 광택,4
방탈출,4
셔츠 및 블라우스,4
소매(통신기기),4
의류 스포츠의류 스포츠용품,4
케익,4
네일서비스업,4
샐러드샌드위치,4
"아이스크림,과자",4
한복이불,4
"모자,가방,잡화",4
한식(찜닭),4
외국인관광도시민박업,4
반건조생선,4
의류 용품,4
소 돼지고기,4
셔츠 및 블라우스 소매업,4
"커피,빵",4
한돈한우,4
소매(편의점),4
디자인,4
반찬류 등,4
"내의,잡화",4
주짓수 교육,4
핸드폰수리,4
일식회집,4
식료품및잡화,4
스포츠의류 및 스포츠용품,4
"네일,속눈썹",4
안경 선글라스 콘택트렌즈,4
가전제품 수리,4
무인카페,4
커피및 디저트,4
"생선,회",4
파티용품,4
휴대폰 액세서리,4
산업기계,4
소매업(기성화),4
육류요리,4
"금,은",4
공산품 등,4
도서 서적,4
한식 일식,4
셔츠,4
통신판매,4
태권도수련,4
"카페, 디저트",4
영어교육서비스,4
생화 관엽,4
"커피, 차, 디저트",4
"커튼,이불",4
김밥 등,4
국내외여행업,4
아트상품,4
목욕업,4
육류소매,4
디저트 및 음료,4
효소,4
해초류,4
"이불,잡화",4
"도매(축산물,임산물(일반))",4
커피판매,4
양말잡화,4
회(한식),4
절임류,4
공연,4
전동공구,4
한의,4
"젓갈류,절임류",4
소매(생활용품),4
화초 식물,4
"동물병원, 애견용품",4
겉옷,4
모사,4
도소매(식육판매업),4
음식(피자),4
전자저울,4
피부미용화장품,4
두발관리,4
소매(청과),4
감자,4
기타음료,4
한식 돼지고기,4
유제품,4
맛김,4
실용음악교육,4
고추 기름,4
이동통신,4
인삼홍삼,4
영어교습,4
도소매(문구),4
음식(일식),4
제과제빵학원,4
음식점업(제과점),4
혼수용품,4
호프집,4
서비스업(일반미용업),4
치과 의료,4
야채 및 과일,4
의류 도소매,4
축산물판매업,4
장애아동상담,4
레터링케이크,4
소매업(떡),4
웨딩드레스대여,4
"보쌈, 족발",4
특수음식,4
서비스(세탁업),4
반찬 등,4
통신기기 소매업,4
금속공예품,4
음식점(중식),4
"침구류, 잡화",4
한지,4
보드게임카페,4
"스포츠의류, 용품",4
한식 식육,4
양복제조,4
일반 한식,4
가금류,4
자전거 판매 및 수리,4
조미식품,4
도소매(내의),4
빵 제과,4
"생선,건어물",4
도소매(주방잡화),4
"분식,김밥",4
"농산물,약초",4
제약,4
문구용품 및 회화용품,4
곶감,4
곡물류,4
의류 신발 스포츠용품,4
"귀금속, 악세사리",4
수산물 도매,4
정신과,4
커피원두,4
미용시술,4
화장품건강기능식품,4
"문구, 잡화",4
의약품 건강기능식품 의료기기,4
"참기름, 고추가루",4
제과 및 음료,4
가공업,4
복싱체육관,4
전산용품,4
전구,4
세탁물보관,4
네일 화장품,4
반려동물,4
식육판매점,4
자동차썬팅,4
"화장품,건강기능식품",4
농약비료,4
젓갈 반찬,4
고추.참기름,4
"돼지고기, 소고기",4
의료용기기,4
치과 의료서비스,4
중국집,4
식품가공,4
펜션,4
엔진오일,4
지물포,4
참기름 고추가루,4
화훼 및 식물,4
간장,4
상인회,4
소매업(정육),4
가방및잡화,4
"화장품, 미용재료",4
"수산물,선어",4
애완동물 용품,4
커피등,4
분식김밥,4
와플 커피,4
"의류, 악세서리",4
스낵,4
완구류,4
장아찌,4
체인,4
서비스(옷수선),4
기타 의복 소매업,4
소파,4
피부미용 화장품,4
음료및 디저트,4
대리점가구,4
떡볶이 분식,4
식품 등,4
기구필라테스,4
"도장,열쇠",4
신발 소매,4
떡류 제조업,4
사주타로,4
일식횟집,4
"의약품,건강기능식품",4
체육,4
의류 신발 악세사리,4
애완동물 관련용품,4
텐동,4
커피전문,4
중국요리,4
도소매품,4
"식잡, 담배",4
"카페,디저트",4
배관,4
이불 커튼,4
화로구이,4
도매및소매업(여성의류),4
휴대폰 및 악세서리,4
베트남 음식,4
야채청과공산품,4
건어물 견과류,4
빵음료,4
세탁물중개업,4
과일즙,4
코다리조림,4
의류 소품,4
마른생선,4
도소매(슈퍼),4
언어심리상담,4
의류및스포츠용품,4
이불한복,4
"김치, 절임식품",4
헤어 서비스,4
"빵, 음료",4
헌식,4
빵집,4
악기레슨,4
운동화세탁,4
분식한식,4
금,4
과일(도소매),4
한식 일반음식점업,4
신선 냉동 및 기타 수산물 도매업,4
패류 소매업,4
"문구,교구",4
헤어컷트,4
스튜디오,4
"문구, 서적",4
한식일반,4
농산물도소매,4
수삼도매,4
바디케어,4
영어교습소,4
현수막,4
중기부품,4
가방의류,4
화장품 피부미용,4
레슨,4
미용기구,4
서양식음식점업,4
커피 도넛,4
찌개류,4
외국식 음식점,4
손세차,4
바레,4
빵제조,4
시계수리,4
"꽃,생화",4
한식 국밥,4
싱크대,4
성인의류,4
떡 방앗간,4
소매(원단),4
소매업(가구),4
손발톱관리,4
식료,4
탕류,4
Pc방,4
컴퓨터 주변장치,4
친환경제품,4
"회,초밥",4
"신선, 냉동 및 기타 수산물 소매업",4
자동차 배터리,4
곡물 등,4
"약초,건강식품",4
준보석,4
건어물 외,4
음식(일반음식점),4
소매업(일반가구),4
동태,4
금은보석,4
산업안전용품,4
한식(육류),4
우유,4
십원빵,4
의류 화장품,4
한식일식,4
공예재료,4
"안경, 콘택트",4
귀금속및시계,4
"식품,음료",4
"약국, 의료기기",4
참기름 외,4
주차장,4
헤어커트,4
한식 곱창,4
생활용품판매,4
"침구류,한복",4
가공,4
음식(국수),4
"채소,야채",4
중고폰,4
조기갈치,4
미용 염색,4
캐주얼의류,4
옷감,4
건강용품,4
"화장품, 피부미용",4
전자및지류,4
고깃집,4
상,4
뿌리채소,4
무인셀프빨래방,4
전기전자부품,4
중고물품,4
세탁중계업,4
헤어미용서비스,4
도매및소매업(식육판매업),4
소고기국밥,4
김밥 떡볶이,4
편의점물품,4
중국음식점업,4
의류양말,4
"청과, 채소",4
음식점업(양식),4
네일속눈썹,4
도소매(닭),4
야식,4
도소매(육류),4
자동차세차업,4
댄스스포츠,4
"야채, 채소",4
신발 및 잡화,4
의류 속옷,4
촬영,4
광고디자인,4
도소매(식료품),4
"약초,인삼,홍삼",4
쑥뜸,4
그릇 주방용품,4
내과 소아과,4
한식 해산물,4
미숫가루,4
권투,4
김치젓갈,4
보정속옷,4
의류및악세사리,4
숙녀화,4
"도소매(신발,고무신,일반신발)",4
체력 단련시설,4
애완용 동물 및 관련용품,4
일식당,4
안경 선글라스,4
스포츠용품 의류,4
"떡,기름,방앗간",4
개소주,4
화장품 건강식품,4
소품가구,4
레스토랑,4
의류악세서리,4
냉동생선,4
치과 진료,4
즉석떡볶이,4
다류,4
사무용기기,4
"한식,분식",4
"기름,고추가루",4
"카페트,커텐,천막",4
핸드폰판매,4
장소대여,4
노가리,4
메밀국수,4
사진업,4
배관자재 등,4
"도소매(공예품,잡화)",4
"건어물, 농산물",4
염색약,4
손칼국수,4
의약품및 의료기기,4
레코드,3
도소매(식자재),3
"피부관리, 화장품",3
닭요리 전문점,3
속옷및잠옷,3
치킨 한식,3
"한식,식육",3
인물사진촬영,3
한방 의료 서비스,3
게임,3
컷 펌,3
농산물외,3
"쌀,계란",3
"수산물,젓갈",3
문구 팬시,3
민물장어구이,3
간편조리세트,3
옷신발,3
의류 및 잡화류,3
금 은 시계,3
드레스대여,3
소매(고추),3
참기름외,3
떡류제조업,3
실내건축,3
직업소개소,3
시계 및 악세사리,3
구운김,3
일반음식점 한식,3
도소매(한복지),3
음식점(칼국수),3
도소매(음식),3
수산물 외,3
잡화점,3
귀금속 시계 악세사리,3
테이프,3
음료판매,3
"기름, 떡",3
의약품및의약외품,3
마라꼬치,3
도소매업(생선),3
고추마늘,3
한식육류요리전문점,3
안경및콘텍트렌즈,3
생활가구,3
생선 회,3
피아노 레슨,3
속눈썹영양제,3
속옷내의,3
농약 등,3
피부왁싱,3
수산물 회,3
화환,3
음식(커피전문점),3
도예공방,3
음료및디저트,3
전자제품수리,3
"차, 커피",3
꽈베기,3
블럭,3
국내외 여행업,3
보컬레슨,3
죽제품,3
부동산,3
"철물, 건재",3
"문구, 교구",3
도매(란제리),3
송이버섯,3
"떡,참기름",3
필라테스교육,3
생활용품 및 잡화,3
생화관엽,3
자동차전문정비,3
과자 및 음료,3
.,3
자동차광택,3
무인편의점,3
캔들방향제,3
"한식, 양식",3
철물 잡화,3
수입과자,3
"모자,가방,패션잡화",3
서비스(피부미용),3
농산물 등,3
산업용기기,3
"소매(의류,악세사리)",3
즉석판매제조가공(생선반건조),3
전파사,3
수산물판매,3
이유식,3
바다장어,3
욕탕업,3
장식용품,3
커텐 블라인드,3
수예용품,3
북카페,3
"철물,공구",3
강아지옷,3
토스트 등,3
테니스레슨,3
고시텔,3
두발컷,3
소매업(기타음식료품및일용잡화),3
보리빵,3
"치킨, 피자",3
모자 잡화,3
식품 음료,3
커피전문점 커피용품,3
한식디저트,3
네일화장품,3
"침구류, 커텐",3
우엉,3
부자재,3
"잡화,의류",3
빵류 과자류,3
도소매(의류부자재),3
야채소매,3
공연기획,3
음악교육 서비스,3
슈퍼 담배,3
태권도교습,3
"농약,농자재",3
음료및잡화,3
굿즈,3
"떡, 음료",3
헤어염색,3
자전거판매수리,3
인삼약초,3
수산물가공,3
김밥 및 기타 간이 음식,3
잡화판매,3
용접,3
"가방, 모자",3
기능성의류,3
독서,3
건강신발,3
"생화,식물",3
자동화기기,3
여성복 의류,3
볶음밥,3
농산물 가공식품,3
미술공방,3
"칼국수,만두",3
"약초, 농산물",3
생활용가구,3
활어 소매,3
농산품,3
식잡담배,3
가전제품 수리업,3
반찬전문점,3
비알콜음료,3
휴대폰대리점,3
"한식, 커피",3
생태탕,3
컴퓨터 부품,3
"농약,비료,종자",3
음식점업(제과점업),3
의류 및 속옷,3
"건어물, 잡곡",3
화장품 및 잡화,3
소매업(곡물),3
오란다,3
염색파마,3
일본식 라멘,3
식료품 및 일용잡화,3
사진촬영 인화,3
의류 및 신발 등,3
국밥류,3
닭 계란,3
장어덮밥,3
미용(네일),3
찜요리,3
홍삼액,3
죽집,3
안경 및 콘택트,3
자전거판매,3
중고전자제품,3
활복,3
녹즙,3
"의료기기, 보청기",3
헌옷,3
떡류제조,3
생활 잡화,3
컴퓨터및주변장치,3
두유,3
월남쌈,3
한식 양식,3
휴게음식업,3
소아청소년과의원,3
가구소매,3
의류제조및판매,3
필라테스운동,3
오리닭,3
"농산물,참기름",3
반찬 국,3
신경과,3
조리반찬류소매업,3
김밥및 분식,3
이륜자동차수리업,3
제과 제빵 음료,3
돼지 소,3
"소매(의류,신발,잡화)",3
커트 퍼머,3
두피,3
상담 서비스,3
식육(닭),3
복싱장,3
애완용동물및관련용품,3
콩,3
소매업(수산),3
배관 등,3
"활어, 어패류",3
정신건강의학과,3
"미용, 화장품 소매",3
잠옷,3
오디오,3
이불 한복,3
식음료품,3
한싣,3
의료기기 및 건강기능식품,3
강아지용품,3
청소업,3
잡화 악세사리,3
합성수지,3
광택,3
"문구, 사무용품",3
도소매(마트),3
소돼지닭오리,3
보건 의료,3
자동차서비스,3
즉석판매제조 가공업,3
유지류,3
생선 활어,3
우산,3
"외의,스포츠의류",3
컴퓨터기기,3
국악기,3
배달음식,3
침 한약,3
"빵, 커피",3
한의 의료 서비스,3
양약한약,3
도소매업(농약),3
신발 외,3
"화장품,생활용품",3
도매및소매업(식육),3
한,3
돼지부속,3
가공식품 외,3
태권도도장,3
제주기념품,3
건나물,3
닭백숙,3
건설업,3
컴퓨터 수리,3
편의점 담배 휴게음식,3
"떡, 참기름",3
볼트 너트,3
커피 디져트,3
양약 의료기기판매,3
육회비빔밥,3
과자점,3
유아 의류,3
"분식, 한식",3
농산물(채소),3
"모자, 잡화",3
한복소품,3
샐러드 포케,3
소매품목,3
"야채,잡화",3
의류 및 신발 가방,3
서비스(세탁),3
전종류,3
조개류,3
일상용품,3
속눈썹 연장,3
일반과 내과 소아과,3
화장품도소매,3
볼트너트,3
웨딩서비스,3
산후도우미,3
헬스 회원권,3
중식음식점,3
도소매(화섬직물),3
운동처방,3
건어물 식품,3
고급기성화,3
음식점(족발),3
의료치과,3
떡판매,3
임플란트,3
샷시,3
미용재료 화장품,3
"커피전문점, 커피용품",3
화초류,3
여행서비스,3
타이어판매,3
전기용기계장비,3
소매업(반찬가게),3
한식 치킨,3
기타 잡화,3
벽지 바닥재,3
설비,3
가방구두,3
"카페트,커텐,천막,지물",3
"세탁, 수선",3
속옷류,3
법복,3
미용업(헤어),3
수업,3
판매대행,3
기타음식료품및일용잡화담배,3
가방 / 신발 류,3
사진스튜디오,3
차돌박이,3
"디저트, 음료",3
"양장,양복지",3
생과자,3
"홍삼, 인삼",3
생과일쥬스,3
민속과자,3
생선활어,3
돼지김치구이,3
음료등,3
한식요리,3
의약품 외,3
"소매(양약,의료기기)",3
귀금속소매업,3
고등어,3
주방용품 그릇,3
벽지바닥재,3
남성 의류,3
"가구,인테리어",3
의료보건,3
pc방,3
"커피, 제과",3
"철물,건재",3
일회용기,3
광고물 제작,3
대추,3
천연염색,3
꽃화훼,3
음식및숙박업(한식점업),3
야채과일생선,3
일반음식(한식),3
"콩나물,두부",3
미술품,3
"마늘, 고추",3
실내운전연습,3
양악,3
슬링운동,3
"반찬, 젓갈",3
한식 반찬,3
"그릇, 잡화",3
간판 현수막,3
짜장,3
"농약,종자,비료,농자재",3
금은세공,3
배달,3
야채(도매),3
젖갈류,3
애완용 동물 및 관련용품 소매업,3
"건어물, 생선",3
뜨개,3
뼈다귀해장국,3
육류 요리,3
노래연습장운영업,3
철판,3
"종자,농약",3
"잡화, 가방",3
놀이시설,3
"디저트,음료",3
샌드위치 및 커피,3
"소매(야채,과일)",3
"미용업(손톱, 발톱)",3
"생닭, 오리",3
라탄,3
의류(여성),3
한식 일반음식점,3
미나리,3
한우한돈수입육,3
도소매(건강식품),3
"한우, 한돈",3
인테리어자재,3
제과 커피,3
핫도그 떡볶이,3
"두부, 묵류",3
시계 및 귀금속 소매,3
돈가츠,3
"귀금속,악세서리",3
공구 철물,3
섬유 원단,3
"고추, 참기름",3
유공압,3
축산물 정육,3
"내의,속옷",3
도배장판,3
"쌀, 과일",3
제조(참기름),3
생활용품 등,3
"약초,인삼제품",3
뜨개공방,3
"약국,의료기기",3
남녀 의류,3
무침회,3
"소매(신발,잡화)",3
"고급기성화,고급신발",3
속옷 및 잡화,3
당근,3
미싱수리,3
파,3
한의과 진료,3
소모품,3
채소야채,3
포장마차,3
"외의,스포츠용품",3
당구장 운영,3
아구찜 해물찜,3
내의잡화,3
한식(냉면),3
제조(방앗간),3
핸드폰 판매,3
예물,3
아이스크림 커피,3
일본음식,3
"속옷, 잡화",3
일식 음식점업,3
치킨 및 주류,3
발마사지,3
"필라테스, 요가",3
옥외광고,3
"한식,반찬",3
토산품,3
"채소,식자재",3
청과채소,3
"식료,잡화",3
찐빵만두,3
수입육,3
외국어 교육,3
촬영 서비스업,3
육류 음식점,3
한식 및 고기,3
제과 빵,3
도소매(계란),3
농약 종자 비료,3
커피음식,3
홍삼건강식품,3
돼지고기 구이,3
음식 및 호프,3
아이스크림 과자류,3
국수 돈가스,3
슈퍼마트,3
운동재활,3
교재,3
체인화음식점,3
닭.오리,3
한약 침 물리치료,3
커피 음료 빵,3
네일용품,3
자동차 타이어,3
튀김닭,3
한식수산물,3
한방차,3
소매(생닭),3
각종즙,3
서비스업(옷수선),3
식료잡화,3
도소매(내의류),3
선어소매,3
곱창볶음,3
커피 및 베이커리,3
의류및악세서리,3
붙임머리,3
음식점업(한식음식점업),3
재첩,3
피혁,3
"가방, 의류",3
소매(참기름),3
내의판매,3
과일주스,3
수산물 농산물,3
"오리,닭",3
쌀.잡곡,3
빵 과자 아이스크림,3
곱창막창,3
제조업(떡류),3
소매업(마트),3
휴게음식(커피),3
간이음식포장판매전문점,3
"도서, 문구",3
소품 및 악세사리,3
애견미용 애견호텔,3
생선건어물,3
도넛츠,3
즉석구이김,3
"식품,야채",3
도매(과실),3
돼지갈비 소갈비,3
생선소매,3
연쇄점,3
격투기,3
콩물국수,3
떡케익,3
방짜유기,3
화장품 판매,3
일본 음식,3
스프링,3
네일아트 화장품,3
전기관련,3
과일도소매,3
점핑피트니스,3
막창 삼겹살,3
치과의료업,3
자동차 경정비,3
추출가공업,3
"건어물, 견과류",3
"치킨,닭강정",3
애견간식,3
의류 신발 잡화,3
떡참기름,3
한식(칼국수),3
"속옷,의류",3
필라테스 운동 서비스,3
김밥 분식 한식,3
곡물도정,3
포장지,3
과채,3
참기름제조,3
"반찬,김치",3
"소매(액세서리,잡화)",3
소매(기타음식료품및일용잡화),3
기타 소매업,3
의류 남성복,3
"만두, 찐빵",3
커피 식음료,3
의류 잡화 악세사리,3
슈퍼마켓담배,3
모자가방,3
도매및소매(의류),3
운동 및 경기용품 소매업,3
아이스크림 등,3
뜨게방,3
소매의류,3
도소매(스포츠용품),3
"침구,커튼",3
제과업,3
독서실 운영,3
화문석,3
모찌,3
"옷, 잡화",3
"소매(악세사리,잡화)",3
먹태,3
소매(약국),3
타르트,3
운동 지도,3
편의품,3
안경및렌즈소매업,3
수영,3
재첩국,3
여성속옷,3
동물의료,3
빵 케익,3
베이커리 카페,3
옷세탁,3
식료품 공산품,3
금속공예,3
반려동물위탁,3
이 미용,3
식품 비식품 담배,3
아메리카노,3
소매(중국식품),3
아동미술교육,3
"의약품, 의약외품, 건강기능식품",3
"농약,종묘",3
"양말, 잡화",3
커피 원두,3
메밀묵,3
한방 의료,3
건어물류,3
기타 식료품 소매업,3
활어(생선회),3
환풍기,3
요양보호사교육원,3
과일소매,3
의료기기보청기,3
네일아트 속눈썹연장,3
간호학원,3
음식점(반찬),3
"커피,샌드위치",3
황태,3
조리식품,3
자동차밧데리,3
"활어,생선",3
중고가구,3
목공예품,3
육류 소매,3
생강,3
한복침구,3
휘발유경유등유,3
소매상품,3
소매업(식품),3
"회, 수산물",3
식육야채,3
음료제조,3
어묵 외,3
잡자재,3
맞춤한복,3
"야채,농산물",3
전기부품,3
음식점(휴게음식점),3
반찬젓갈,3
음료 및 커피,3
"이불, 침구류",3
순대곱창볶음,3
필라테스 회원권,3
꽃(생화),3
"비뇨기과, 피부과",3
일반중국음식,3
"고추, 마늘",3
의복 및 잡화,3
구이,3
"의류,이불",3
건강기능식품 화장품,3
상품,3
실내포차,3
파전,3
빵커피,3
구제,3
휴대폰 악세서리,3
커피 차 디저트,3
"도소매(식육,양념육)",3
"축산물,식육",3
치킨류,3
전통과자,3
소매(과자),3
한우소곱창,3
의류및용품,3
카페 커피용품,3
커피앤디져트,3
신선 냉동 및 기타 수산물,3
신발 의류 스포츠용품,3
화장품 외,3
등유,3
빵커피음료,3
소매업(인삼제품),3
"농약, 종자, 비료",3
기정떡,3
앞치마,3
"베이커리, 커피",3
고추방앗간,3
막걸리,3
상담서비스업,3
의류신발잡화,3
생화 꽃,3
각종수산물,3
옥돔,3
미용업 화장품,3
농산물 도소매,3
식육 및 부산물,3
체스,3
한식도시락,3
소매(김치),3
식육즉석,3
소매업(농산물),3
브리또,3
정육부산물,3
빨래,3
양약 의료용품,3
안경 렌즈 선글라스,3
"식육, 부산물",3
발교정구,3
"의류,신발,잡화",3
헤어미용실,3
육류판매,3
음식점(기타음식),3
세차광택,3
스터디 카페,3
커트 염색 펌,3
도매(기타건어물),3
오리불고기,3
세무,3
"농수산물, 식자재",3
복국,3
"잡화,액세서리",3
고무벨트,3
"음료, 커피",3
세탁물중개,3
돼지곰탕,3
농업용자재,3
통신기기 및 악세사리,3
"수산물, 활어",3
편의점 도소매,3
잡화식품,3
서비스(당구장),3
도소매(가전제품),3
디저트커피,3
커트 파마 염색,3
헤어디자인,3
분식 김밥,3
의류 및신발,3
소아청소년과 진료,3
운전학원,3
"소매(의류,화장품)",3
"과일,농산물",3
"잡화, 담배",3
주방생활용품,3
도소매(생닭),3
여성의복,3
셀프세차,3
임가공,3
즉석제조,3
소돼지고기,3
은제품,3
애견사료,3
스포츠의류 신발 용품,3
도소매(이불),3
가공식품 등,3
"치킨,호프",3
식품자동판매기영업,3
탕약,3
열대어,3
"한복,침구",3
"피부미용, 화장품",3
"건어물,잡화",3
치킨등,3
곡류가공품,3
목욕용품,3
보쌈족발,3
타이어 경정비,3
화랑,3
휴계음식,3
신선식품 및 가공품,3
커피 및 제과,3
만두국,3
음식점(닭강정),3
중문,3
"샌드위치, 샐러드",3
가정용 직물제품 소매업,3
"농,수산물",3
"가공식사, 음료, 주류",3
오리바베큐,3
비닐봉지,3
어학,3
베이커리커피,3
과실류 도매업,3
음식(일반한식),3
신발 의류,3
담배 식잡,3
퍼스널컬러,3
무연 경유,3
생닭도소매,3
오징어볶음,3
아로마오일,3
교정운동,3
침구용품,3
화장,3
기타 음식료품 위주,3
악세사리시계,3
인물 사진 및 행사용 영상 촬영업,3
들기름,3
도소매(스카프),3
"보석,시계",3
의류 패션 잡화,3
민박업 숙박공유업,3
"한식, 육류",3
웨딩촬영,3
파자,3
음식점업(간이음식점),3
소매업(가방),3
토스트 커피,3
강냉이,3
용접기,3
"도소매(잡화,의류)",3
"의류,속옷",3
볼링장운영,3
일식음식점업,3
공간,3
자동판매기운영업,3
활어 어패류,3
예술품 및 골동품,3
회 수산물,3
자동차 부분정비,3
네일케어,3
부대찌게,3
채소 건어물,3
공간대여업,3
간이양식,3
제유소,3
곱창전골,3
보신탕,3
수영장 운영업,3
치킨 닭강정,3
문구 교구,3
곱창 막창,3
디저트음료,3
자장면,3
전기전자,3
의류 숙녀복,3
등산용의류 및 신발,3
닭곰탕,3
소매(축산),3
볼링장운영업,3
지류,3
만두찐빵,3
식품 및 생필품,3
어묵류,3
자동차관련서비스,3
의료약품,3
식육류,3
한우전문점,3
바이올린교습,3
훠궈,3
농약종묘,3
의약품 약국,3
미술 교육,3
"과자,빵",3
한식 일반,3
와플커피,3
"장갑,안전용품",3
의류스포츠의류,3
"이불,커튼",3
조리반찬,3
도자기공방,3
"커피,차",3
자동차경정비,3
독서실운영,3
도소매(육류소매업),3
소매(정육점),3
젓갈반찬,3
편의점소매업,3
기타음식료및일용잡화,3
건강 보조식품 소매업,3
김치 및 반찬,3
"쌀,농산물",3
"생화, 분화",3
유과,3
채소 과실,3
가정의학과의원,3
피부미용업화장품,3
피부 왁싱,3
뼈해장국 감자탕,3
화훼류 및 식물,3
"미용,헤어",3
"음료, 베이커리",3
"회,수산물",3
"신선, 냉동 및 기타 수산물 도매업",3
"의료기기, 건강식품",3
육류도매업,3
간이음식점업,3
이륜자동차,3
기타식품류,3
"커튼,블라인드",3
민예공예품,3
제조업(떡집),3
제모,3
"의약품, 의약외품",3
닭판매,3
기타물품,3
"피자,파스타",3
견과류 건어물,3
용품,3
돼지 소고기,3
한식 김밥,3
생닭오리,3
"도소매(모자,잡화)",3
감자탕 해장국,3
피부마사지,3
소매(잡곡),3
순두부찌개,3
정수기 비데,3
명상,3
농축산식품,3
민예품,3
도자기 공방,3
렌트카,3
활선어,3
오리날개튀김,3
체력단련시설운영업,3
에어컨청소,3
기타건축자재,3
의약품 등,3
튀김류,3
의료용기구,3
"속옷,내의",3
자전거및용품,3
인삼 등,3
방아간,3
프렌차이즈,3
전통떡류,3
"곱창, 막창",3
전기매트,3
복싱교육,3
커피 및 비알콜음료,3
김치찜 김치찌개,3
호도과자,3
커피 샐러드,3
컷트 펌 염색,3
"장판, 벽지",3
필라테스 수업,3
"컴퓨터, 주변기기",3
하뇨,3
"이불, 커텐",3
꽃다발,3
안과의원,3
한식 고기,3
제과제빵 음료,3
이비인후과의원,3
두피미용,3
채소 과실 및 뿌리작물 소매업,3
애완동물,3
양약한약의료기기,3
"식품,주류,담배",3
스페인음식,3
"농산물, 축산물, 수산물, 가공식품",3
"양약,건강기능식품",3
전기제품,3
고추 마늘,3
비닐류,3
돼지고기 한식,3
축산물가공,3
가정식백반,3
"화장품, 생활용품",3
여성의류및 잡화,3
태권도 교육 서비스,3
고기구이류,3
속눈썹연장 펌,3
음료 빵,3
중식음식,3
"생화, 식물",3
무인사진관,3
산후조리,3
"주방용품,그릇",3
음식(횟집),3
캐릭터소품,3
석유류,3
의약품 의료용구 복지용구 의료기기,3
속눈썹미용,3
"가방,의류",3
"생선, 어패류",3
"커피, 카페",3
기타주점,3
건어물 및 기타,3
음식점업(족발),3
메밀부치기,3
한식족발,3
애견미용 애견용품,3
빵 케이크,3
가정의원,3
태권도 및 무술 교육기관,3
식잡 담배,3
즉석판매식품,3
일반식품,3
치킨점,3
숙박및음식점업(한식음식점업),3
액세서리 잡화,3
즉석섭취식품,3
모둠전,3
유통업,3
"생선,수산물",3
휘발유,3
"일식, 한식",3
"쌀, 곡물",3
그림액자,3
유기농식품,3
의류 모자,3
운동복,3
케이크 음료,3
일식라멘,3
건어물및젓갈,3
과일 건어물,3
제조업/도매업(축산물),3
커튼 및 블라인드,3
탁구용품,3
소매업(한복),3
"씨앗,농약",3
식품 외,3
마크,3
유리공예품,3
소매(농수산물),3
소매(도자기),3
한식백반,3
의료보건업,3
한우육회,3
샤브샤브칼국수,3
인물사진 및 행사용 영상 촬영업,3
"마늘,생강",3
"소매(슈퍼,담배)",3
샌드위치 음료,3
빵류 과자류 및 당류 소매업,3
도소매(식품잡화),3
커피 및 음료류,3
도소매(벨트),3
캐쥬얼의류,3
제화,3
의류 액세서리,3
수산물도매업,3
회장품,3
생선조림,3
아이스크림 및 과자류,3
한약제,3
발판게임,3
피부 관리,3
컴퓨터외,3
음식(곱창),3
명판,3
악세서리 잡화,3
"스포츠 의류, 용품",3
음식료품및일용잡화,3
사라다빵,3
과채소,3
축산물소매,3
"문구,사무용품",3
탕후루,3
"커튼,침구",3
"철물,농기구",3
실리콘,3
커피.디저트,3
시계 및 귀금속 소매업,3
"내의,스포츠의류",3
능이백숙,3
커피토스트,3
우렁쌈밥,3
"활어, 선어",3
남자용개인마춤양복,3
벽지 및 장판류,3
"커튼, 침구류",3
요가학원,3
소고기 및 돼지고기,3
각종생선,3
체력 단련장,3
검도장,3
바리스타교육,3
청과 및 야채,3
농약종자,3
판매,3
과일및채소,3
파이프,3
모자잡화,3
서비스업(미용,3
조리 반찬류 소매업,3
자전거 의류,3
한식(돼지고기),3
한식(곰장어),3
기타음식점,3
츄러스,3
장화,3
전기기기,3
"식육,정육",3
여성 옷,3
애견의류,3
오겹살,3
에스테틱,3
갤러리,3
떡가공,3
인삼건강식품,3
분식 및 김밥,3
찌게류,2
"일반식품,담배 소매업",2
"담배,식품,소매",2
"담배, 주류, 식품 등",2
"식음료, 생활잡화",2
"주류, 식품 등",2
"베이커리, 음료",2
셀러드,2
생활 소품,2
"소고기, 돼지고기, 탕류, 국류, 식사류, 주류 및 음료",2
외의 스포츠용품,2
국수류,2
"침구, 커튼",2
죽염,2
"빵, 케익, 음료",2
펌.커트.염색,2
"식품, 비식품, 담배 등",2
"헬스,PT",2
학습공간대여,2
중고 의류 잡화 생활용품,2
아이스크림.과자,2
원데이클래스,2
커트.펌.염색,2
"빵류, 음료류",2
편의점 판매상품(일반 소매),2
일식 회전초밥,2
"소매업(양약,의료기기)",2
"컴퓨터, 사무기기",2
안전화,2
도소매(조화),2
식육(부산물),2
식육 판매업,2
속눈썹연장속눈썹펌,2
꽈배기 도너츠,2
문화예술교육관련서비스,2
수제차,2
고기한식,2
체험형 오락시설,2
한약 건강기능식품,2
채소판매,2
"유모차, 카시트",2
가스렌지,2
침구이불,2
공간 임대,2
참치 연어,2
식품및 생활용품,2
네일제품,2
헤어 제품,2
의류 잡회,2
의류 셔츠 블라우스,2
식품잡화담배,2
식육 소매업,2
의류 악세사리 잡화,2
건축,2
"음,식료품",2
소아과 내과,2
밥류,2
컴퓨터 및 주변장치 등,2
샌드위치샐러드,2
자전거스포츠용품,2
전기조명자재,2
공예용품,2
소매업(수예품),2
스낵류,2
"시계,악세사리",2
시계 악세사리,2
드럼교육,2
목살,2
문구팬시용품,2
백골뱅이,2
과채음료,2
셔츠및블라우스,2
스포츠의류및신발,2
중식 음식,2
교정치료,2
소매(식잡),2
네일 왁싱,2
세탁및수선,2
돼지고기 전문점,2
전시,2
"도소매(축산물,식육)",2
의류수선서비스,2
볼링용품,2
실내운동,2
마른안주,2
여성보세의류,2
필라테스피티,2
흑염소요리전문점,2
기타 예술학원,2
교구,2
야채 및 청과,2
식품 및 비식품 일체,2
배드민턴 용품,2
치킨주류,2
떡강정,2
전 부침개,2
해산물음식점,2
중고휴대폰,2
"의류, 외의",2
서양식음식점,2
유도관,2
치킨외,2
김밥 한식,2
대리운전,2
속눈썹 메이크업,2
세무회계,2
복탕,2
"식품,음료,생활용품",2
보건의료 서비스,2
커피 토스트,2
건강원(즙),2
수제과자,2
소매업(젓갈),2
식물 화분,2
자전거 스포츠용품,2
각종 떡류,2
한식계절음식,2
"생닭,생오리",2
"소매(식육,양념육)",2
건어물견과류,2
남성양복,2
돈까스 스파게티,2
케이크 쿠키,2
등산의류및용품,2
동물 진료,2
사진촬영및처리,2
어류판매,2
대추빵,2
가구도소매,2
"두부,콩나물",2
아귀,2
커리,2
개인교습,2
보일러 온수기 가스레인지,2
과일외,2
신발및의류,2
등공예,2
토탈공예,2
멕시칸 남미음식,2
두발이미용,2
미용 두발,2
"반찬, 김치",2
문구 생활용품,2
오징어회,2
방충망,2
향초,2
정육 도소매,2
생화 및 화분,2
곱도리탕,2
수산물 한식,2
문구 화방,2
제과커피,2
제주흑돼지,2
어린이놀이시설,2
휴대전화,2
샴푸 린스,2
예체능교육,2
두발염색,2
아이스크림등,2
맞춤의류,2
탁구레슨,2
가구 침대,2
철물 전기재료,2
정육 양념육,2
골프용품 골프채,2
삼겹살 외,2
안경.서비스,2
"안경, 보청기",2
침구 의류,2
돈육 우육,2
셀프빨래,2
이미용서비스,2
닭발편육,2
금형,2
편의점 담배 소매업,2
자동차 수리업,2
음식호프,2
이불수예,2
"어묵, 두부",2
유공압부품,2
휴대폰 통신기기,2
스포츠용품  의류,2
홍삼및 홍삼제품,2
통신기기판매,2
고추참기름,2
미용기술,2
종이공예,2
한식 소고기,2
내의소매업,2
기름고추가루,2
한우국밥,2
파스타 피자,2
시설이용료,2
생화 의류,2
"신발,스포츠용품",2
전복죽,2
"스포츠 의류, 스포츠 용품",2
식품식자재,2
두발이용업,2
신발 의류 가방,2
연탄구이,2
개인서비스업,2
방탈출 카페,2
한식 샤브샤브,2
음싯,2
한식주류,2
네일 속눈썹 왁싱,2
"비닐,잡화",2
"의류, 스포츠의류 및 용품",2
주류외,2
편의점 판매 품목,2
가상체험체육시설,2
체력단련 서비스,2
휴대폰 케이스,2
어린이도서,2
문구식품,2
수학,2
이발서비스,2
식품종합소매업,2
원단 부자재,2
의류(숙녀복),2
한과류,2
버섯류,2
피아노음악,2
의류정장,2
의류및 잡화,2
과일 야채 밀키트,2
커피 빙수,2
"과일,야채,공산품",2
도소매(타올),2
파스타 피자 스테이크,2
소 돼지 닭,2
호두 커피,2
캘리그라피,2
수제만두,2
한익,2
반려동물 진료,2
한약 건강식품,2
"제과, 빵",2
주방용품 및 잡화,2
"의류,소품",2
수산물 및 건어물,2
돈가스 김밥,2
치킨커피,2
어린이실내놀이터,2
도소매업(과일),2
식육전자상거래,2
충전소,2
침구류및의류,2
치과재료,2
화덕피자,2
식품 과일 야채,2
버블티,2
"식료, 잡화",2
도소매(냉동수산물),2
"폰케이스, 휴대폰악세사리",2
"생선, 해물",2
음식업(중식),2
작업복 등,2
편의점 등,2
볼링공 및 볼링용품,2
음료 샌드위치,2
초밥 참치,2
"홍어, 조기",2
"그릇,주방용품",2
핫바,2
"커피, 브런치",2
옷가게,2
스크린 골프장,2
체력단련서비스,2
흑염소진액,2
한식(부대찌개),2
실내골프연습,2
"정육, 양념육",2
빙과,2
만두 김밥,2
재활운동서비스,2
객실,2
피부미용 메이크업,2
커트 펌,2
커트염색펌,2
화장품비누 및 방향제,2
헤어관리,2
도시락 반찬,2
머리미용,2
식품.잡화,2
제조업(곡물제분업),2
그릇생활용품,2
어린이수영장,2
전자담배소매,2
여자겉옷,2
각종 채소류,2
문구 및 잡화,2
커튼 외,2
애완동물 미용,2
킹크랩,2
꽈배기 도넛,2
태권도지도,2
짜장 짬뽕,2
커피 및 차,2
수입고기,2
의류 잡화 악세서리,2
문구사무용품잡화,2
생과일,2
커피 아이스크림,2
"인삼,꿀",2
"소매(안경,콘택트렌즈)",2
고추등,2
돼지 소 닭,2
에일,2
빵케이크,2
태권도 수업,2
"스포츠의류,신발",2
양말등,2
회전초밥,2
사진촬영 및 인화,2
"철물,수도,설비",2
도소매(주방기구),2
체육단련,2
분식 만두,2
"채소,과실",2
커피 등 차류,2
수제돈까스,2
식용란,2
정관장 홍삼,2
소아과의원,2
햄버거치킨피자,2
음료 및 제과,2
커피 및 빵류,2
소매(아동복),2
즉석제조가공업,2
침구 등,2
갑오징어,2
"소매업(기성화,구두)",2
"순대, 족발",2
한우암소,2
두피 탈모 관리,2
커피음료베이커리,2
도넛꽈배기,2
식 음료,2
수산물건어물,2
파스타 등,2
게임장,2
담배 잡화,2
생맥주 전문점,2
클라이밍,2
이불 및 잡화,2
휘발유  경유,2
침구류커튼,2
떡 참기름 들기름,2
소매업(기타일반소매),2
산곰장어,2
채소 청과,2
커피점,2
산약초,2
"도소매(스카프,잡화)",2
소매(커텐),2
"속옷,양말등",2
일반음식(중식),2
짬뽕 짜장면,2
"킥복싱, 무에타이",2
"빵류, 과자류 및 당류 소매업",2
화분 식물,2
여행서비스업,2
운동수업,2
기타 음식,2
회초밥,2
미용 피부,2
"의류,신발,용품",2
여성토탈,2
안마의자,2
옷 의류,2
한식 면 요리,2
닭발 닭날개,2
매운돼지갈비찜,2
원단부자재,2
일반의류,2
김밥 및 떡볶이 등,2
여자용겉옷소매업,2
체력,2
약재 및 건강식품,2
"소매(시계,귀금속)",2
반려용품,2
"애견미용,애견용품",2
헬스이용,2
오리전문점,2
"한식, 일식",2
화장품등,2
의류신발세탁,2
핫도그 커피,2
즉석제조가공,2
활어수산물,2
음식점업(한식육류요리전문점),2
태권도체육관,2
피부맛사지,2
음료 담배,2
편의정,2
"반찬,한식",2
토목공사,2
의류악세사리신발,2
지압침대,2
떡 디저트,2
잡화 음료,2
캐리커쳐,2
네일속눈썹피부,2
꽈배기도넛,2
도소매(정육점),2
식료품 및 생필품,2
안경 및 콘택트 렌즈,2
스포츠교육서비스,2
"채소, 수산물",2
식품종합,2
의약품 의료기기 건강기능성식품,2
오리로스,2
유아동 의류,2
조제건강식품,2
옷의류,2
공구및철물,2
"과일,청과",2
커피케이크,2
가죽소품,2
김밥및간이음식,2
모유육아상담,2
생막창,2
표고버섯,2
"국밥,한식",2
식빵 잼,2
스터디카페운영,2
교육사업,2
보건의료업,2
"신발, 가방, 스포츠용품",2
한약제제,2
의류및 악세사리,2
비닐장판,2
농수산품,2
음식점(김밥),2
풍선,2
커피 과일,2
정육고기,2
칼국수 수제비,2
악세사리 및 장신구,2
속옷 의류 잡화,2
일본식라면,2
꼬지전문점,2
생뢀용품,2
자동차 종합 수리,2
"빵,제과",2
"전기재료,철물",2
자동차 전문 수리업,2
편의점 품목,2
"현수막, 간판",2
자동차광택 자동차용품,2
케이크 디저트,2
빈티지의류,2
쑥뜸방,2
커피 스콘,2
그릇냄비,2
도매및소매업(식육즉석판매가공업),2
"청과, 과일",2
본죽,2
기타 가공식품,2
꽃차,2
네일재료,2
곡물 견과류,2
주류 담배 식품,2
채소(버섯),2
"커튼,인테리어",2
"농,수,축산물",2
가방및기타가죽제품,2
"식육,축산물",2
중식 한식,2
일반음식 및 음료,2
돼지삼겹살,2
만화대여,2
필라테스학원,2
음식점(곱창),2
도가니탕,2
"빵,건어물",2
발달상담,2
"수의업, 애견용품",2
모터사이클,2
의약품 건강기능식품 의약외품 의료기기,2
실내체육시설,2
문구용품 및 회화용품 소매업,2
여자의류,2
필라테스요가,2
음식및주류,2
일반병원,2
브런치 카페,2
피부 속눈썹,2
편의식품,2
식품 및 생활용품,2
전기용품 및 조명장치,2
전자담배기기,2
일식 참치회,2
미역국,2
도소매(전자부품),2
"의료기기, 건강기능식품",2
그릇주방용품,2
식음료외,2
파부관리,2
금은귀금속,2
양고기 전문점,2
유기농,2
헤어 미용실,2
메이크업 속눈섭,2
김치류 반찬류,2
식료품 잡화 등,2
한약 양약,2
커피 디저트 주류,2
셀프스튜디오,2
의료기기 건강기능식품,2
핸드메이드소품,2
화장품네일,2
태국 음식,2
건어물 농수산물,2
건어물 수산물 농산물,2
칡냉면,2
계란 쌀,2
제빵류,2
"식자재, 양곡",2
수영복 수영용품,2
수의업 애견용품,2
해물뚝배기,2
칼국수만두,2
세탁 서비스,2
양대창,2
꽈배기 등,2
일반 소매품,2
음식점(부대찌개),2
식육즉석가공품,2
침구류 커튼,2
오돌뼈,2
커피 음료 디저트 등,2
과일등,2
"안경,선글라스",2
"치킨,생닭",2
소매업(의류및잡화),2
문구용품 사무용품,2
민어,2
홍삼 홍삼제품 및 기타,2
덮밥 찌개,2
즉석조리식품(부대찌개),2
"도매및소매업(의류,스포츠용품)",2
전선케이블 등,2
세무대리,2
타일 위생도기,2
치과의원 의료보호,2
흑염소고기,2
댄스교습,2
킥보드,2
의류제조,2
돼지고기 육류,2
견과류 등,2
식료품 소매,2
소매(침구류),2
제조업(가공식품),2
"인쇄,복사",2
"튀김, 분식",2
마늘빵,2
음식(제과점업),2
의유,2
식품및 잡화,2
수산물류,2
"내의, 화장품",2
수입용품,2
아동복 스포츠용품,2
여자용 겉옷 소매,2
"식육, 잡화",2
중국식자재,2
염소,2
"의약품, 의료용구, 복지용구, 의료기",2
펌프모터,2
음식업(치킨),2
한식 백반,2
선어 생물및냉동,2
중고품,2
애견 용품,2
의료행위,2
치킨 닭발,2
개량한복,2
국수 수육,2
수의사업,2
농축산,2
실내암벽,2
한식 및 고기구이,2
중국어 교육,2
의료 보건업,2
기념품 등,2
음식업(휴게음식점),2
소갈비찜,2
축산품,2
체력단련시설업,2
대중사우나,2
"이불,침구",2
식품집화,2
곡물제분업,2
신발/가방,2
침치료 한약,2
소고기 돼지고기 수입육,2
한식 일반 음식,2
대게킹크랩랍스타,2
소매업(서적),2
"음식료품,잡화",2
과일판매,2
꽃소매,2
제과 커피 음료,2
활어도소매,2
"떡, 고춧가루",2
환자 진료,2
화장품 미용재료,2
우동 덮밥,2
침구류 및 한복,2
공구 및 철물,2
"한식,족발",2
도소매업(통신기기),2
"김,미역",2
탕재,2
반찬 도시락,2
스포츠 교육,2
경미한공사(인테리어),2
악세사리및잡화,2
"미용업, 화장품",2
곡물차,2
한복.이불,2
마늘양파,2
외의 등산용의류 스포츠의류,2
외의 스포츠의류,2
개인피티,2
샌드위치커피,2
태닝샵,2
속독,2
커피와 디저트,2
"분식, 떡볶이",2
비알콜 음료점업,2
"빵류, 과자류 및 당류",2
"내의, 스포츠의류",2
과자외,2
음식점업(음식),2
"한복, 이불",2
"휴대폰, 액세서리",2
꽃생화,2
문구외,2
치아,2
"소품, 잡화",2
음악피아노,2
한우 갈비,2
소매업(육류),2
소매(양곡),2
멕시코 타코,2
참기름 등,2
식자재 잡화,2
일본가정식,2
생활용품 소매,2
음식(양식),2
야채농산물,2
김치절임식품조림류신선편의식품즉석조리식품간편조리세트,2
상품종합소매업,2
의료기기 판매,2
주방용구,2
의류 바지,2
렌즈 안경,2
곰탕갈비탕,2
마취통증의학,2
식품 주류,2
타이어소매,2
생선구이백반,2
한식 추어탕,2
국종류,2
안경 콘택트 보청기,2
베이커피,2
"반찬, 분식",2
아동청소년상담,2
자동차용 연료,2
가죽 제품,2
개소주및뱀탕,2
"축산물,정육",2
헤어 펌,2
차량용 무연 경유,2
"네일, 속눈썹",2
"안경,  콘택트",2
음식료품 담배,2
도소매(우산),2
야채과일건어물,2
한의서비스,2
바리스타학원,2
커피 외 음료,2
해물파전,2
치과 의원,2
혼합음료,2
"식품업,건강식품",2
열쇠 철물,2
떡볶이 오뎅,2
"시계, 악세사리",2
기타 음식료품 위주 종합 소매업,2
휴게음식(카페),2
원두커피,2
도소매(커튼),2
쌀집,2
카페 베이커리,2
보습학원,2
통증의학,2
필라테스 수업 제공,2
기타 기술 및 직업 훈련학원,2
"커피, 음료, 원두",2
김 건어물,2
아귀찜,2
한의원진료,2
화장품 비누 및 방향제,2
봉제인형,2
"잡화,마트",2
"식품, 공산품",2
농산물 및 공산품,2
담배및공산품,2
생활용품 식료품 등,2
건어물 튀김 주류,2
자전거용품,2
층간소음방지매트,2
"건설, 인테리어",2
남여 의류,2
채소과실,2
테니스용품,2
한식 생선,2
잡화 화장품,2
속눈썹펌 왁싱,2
식사와 주류,2
"두부,어묵",2
분식집,2
카오디오,2
자동차외형복원,2
아시아요리,2
목기,2
나전칠기,2
"신발, 의류 등",2
"신선,냉동 및 기타수산물",2
귀금속류,2
도매,2
"액세서리, 잡화",2
"홍삼,인삼",2
한식부페,2
기성화 소매,2
홍삼류,2
생삼겹,2
통신업,2
회오리감자,2
이탈리아 음식,2
기타 스포츠 교육기관,2
낙곱새,2
"족발,수육",2
전자상거래 소매,2
측량기,2
양갱,2
"고춧가루,참기름",2
식육외,2
잡화 의류,2
소돼지닭,2
양약 의료기기 판매업,2
생활체육,2
공산품 및 식품,2
반지,2
"잡화, 화장품",2
소맥분,2
참기름 소매,2
과자 빵류,2
"외의, 잡화",2
육류고기,2
"과자류,잡화",2
공간 대여,2
"미용,미용용품",2
참기름 고춧가루,2
"미용업, 헤어",2
생선 어패류,2
간이주점,2
한식(전),2
가방수선,2
남자의류,2
직업소개,2
"건어물, 김",2
기원,2
옷 신발 가방,2
주방용품 및 생활용품,2
휴지,2
조명장치,2
커피 음료 주류,2
활어 대게,2
헤어숍,2
침구 잡화,2
"활어,대게",2
꽃나무,2
애견미용 용품,2
반찬 한식,2
무인커피전문점,2
손톱,2
일식돈카츠,2
공산물,2
가루,2
"도소매(신발,스포츠용품)",2
"생닭,통닭",2
축산물 식육,2
"주단,포목",2
화섬직물,2
컴퓨터 및 주변장치 소매업,2
도시락류 제조업,2
변호사업,2
의복액세서리,2
두발커트,2
패스트푸드 햄버거,2
현미누룽지,2
커피 디저트 샌드위치,2
속눈썹연장펌,2
후라이드치킨,2
기타일반소매,2
카패,2
LED조명,2
농기구부품,2
주방기계,2
복어요리,2
물고기,2
꽃생화식물,2
커튼 및 침구용품,2
노래서비스,2
한식및 육류,2
"고무신,운동화",2
프린트인쇄,2
"악세사리, 의류",2
목재가구,2
약국(양약),2
운수업,2
위생관리용역업,2
자동차전문정비업,2
청소용역,2
해산물 한식,2
육절기,2
의류원단,2
참기름들기름,2
양복지,2
상의,2
법무사업,2
서적임대,2
소금빵,2
세차 광택 유리막코팅,2
게임 및 음식,2
미용화장품,2
축구교육,2
한식 음식업,2
닭똥집,2
"꽃, 화훼",2
셔츠 및 내의,2
"음료,잡화",2
소매업(식육판매),2
축구농구 등,2
그릇 생활용품,2
두부 순두부,2
강습,2
빵쿠키,2
철물 수리,2
샌드위치 전문점,2
"전병, 부치기",2
주단 포목,2
"커튼,원단",2
모직물,2
"인삼,홍삼제품",2
튀김떡볶이,2
육류 구이,2
척추운동,2
인삼식품,2
골뱅이소면,2
낙지볶음,2
"국수,김밥",2
반찬 김치 젓갈,2
"야채,건어물",2
꽈배기(빵류),2
가정용품수리,2
도소매(쌀),2
쌀곡물,2
수산물 젓갈,2
통증관리,2
소형엔진,2
뻥튀기 옛날과자,2
한식등,2
철물류,2
축산물 농산물,2
돼지육류,2
"한식,치킨",2
취미미술,2
피씨,2
수산물홍어,2
의료서비스 제공,2
순대 족발,2
커피 및 음료 베이커리,2
용접기자재,2
밸트,2
벽지.바닥재,2
"스포츠의류,스포츠용품",2
"소매(과일,채소)",2
기타음식료품및잡화,2
누비,2
바지락,2
선구,2
아동복 의류,2
"이불, 수예",2
도서 및 문구,2
유기,2
실내복,2
불교용품 서적,2
소매업(스포츠용품),2
"전기,철물",2
고추 깨,2
"곡물, 식자재",2
정신과의원,2
침구 커튼,2
"디저트, 커피",2
건강식품액화처리,2
미용업헤어,2
사시미 초밥,2
반려동물미용업,2
돈까스 파스타,2
스포츠시설 운영업,2
카페디저트,2
토스트 음료,2
채소 과실 뿌리작물,2
소매업(건강식품),2
피규어,2
소매(식품),2
"채소,농산물",2
"농약,종자,농자재",2
음료 제과,2
소고기 돼지고기 양고기,2
"과자,떡류",2
반찬소매,2
행버거,2
족발 순대,2
애견용품애견미용,2
세탁의류,2
음료및과자,2
소시지,2
고기 냉면,2
통조림,2
식품점,2
소매업(인삼),2
옷수선서비스,2
"스크린골프,골프용품",2
수산물도매,2
한식감자탕,2
무용발레,2
피부미용 및 화장품,2
기술서비스,2
펜싱,2
한식(대게),2
퀼트재료,2
주얼리샵,2
"네일, 메이크업",2
남자용개인맞춤양복,2
택배서비스,2
즉석제조판매,2
피티샵,2
의류(내의류),2
청과 등,2
동물미용 애견용품,2
야구용품,2
약 의료기기,2
치킨피자호프,2
솜사탕,2
헤어컷 펌,2
재활용품,2
도소매(양곡),2
시계.귀금속,2
캔디류,2
과일채소건어물,2
과일 야채 수산물,2
면류 등,2
"두부, 콩나물",2
곡물가공업,2
건강기능식품외,2
바느질,2
소매업(양말),2
기타건어물(도소매),2
"도소매(화장품,의류)",2
댄스교습소,2
몸빼의류,2
소매(식품및잡화),2
일반 미용,2
헬스 피티,2
기타 중고 상품 소매업,2
휴대폰판매업,2
공구철물,2
공산,2
원단 의류부자재,2
일반생활용품,2
프랜차이즈 치킨전문점,2
"일반가구, 대리점가구",2
증명사진 여권사진 가족사진,2
소고기및돼지고기,2
"한식, 일반 음식점업",2
돼지요리,2
복사 제본,2
네일 메이크업,2
떡 참기름,2
커피 소품,2
안경 및 안경렌즈,2
사진촬영및제작,2
새우젓젓갈,2
한식 외,2
"의료기기, 화장품",2
"의류,신발,가방",2
잉어빵,2
아동스포츠의류,2
생활소품,2
채소.두부,2
"농산물(배추, 무)",2
근채류,2
시계소매,2
건물위생관리업,2
각종식품,2
음식업(간이음식),2
"소매(우산,양산)",2
건강기능식품판매,2
"농산물,야채",2
"샌드위치, 샐러드, 커피 음식점업",2
전통한과,2
과실채소,2
"커피, 와플",2
한약 및 한약제제,2
대중음식,2
"빙수,음료",2
"화장품, 비누 및 방향제",2
종합상품,2
동물의료서비스,2
"인삼,건재",2
아이스크림과자,2
생활용품외,2
중국어교습,2
술 안주,2
육류 야채,2
교육서비스 태권도,2
악기 교육,2
사탕,2
양장지 양복지 기타직물류,2
인테리어공사,2
바이올린학원,2
전기철물,2
"수예품,침구류",2
피아노 학원,2
치킨 음식점,2
의류 도소매업,2
떡볶이 튀김,2
게임제공,2
이불 외,2
"건강기능식품, 잡화, 식품, 화장품",2
도너스,2
주문가구,2
"신선,냉동 및 기타 수산물",2
장갑잡화,2
한식(횟집),2
소매업(란제리),2
참기름 농산물,2
자동차정비서비스,2
하훼,2
염색약 파마약,2
댄스레슨,2
인쇄 복사 문구,2
아이스크림 과자 음료 완구 문구,2
이불잡화,2
유아용의류소매업,2
가죽가방,2
한복 제조,2
과채류,2
채소외,2
산닭,2
의복 액세서리 및 모조 장신구 소매업,2
"도소매(침구류,잡화)",2
중고핸드폰,2
즉석판매제조가공업(떡류),2
"기능성신발, 잡화",2
한복 맞춤 대여,2
한식육류요리,2
스포츠의류 및 신발 용품,2
"신발, 가방, 잡화",2
이불커텐,2
가전제품및잡화,2
소매(커튼),2
수산물횟집,2
수도부속,2
섬유원단,2
의류 양말,2
퀼트용품,2
양장지양복,2
번데기,2
공예품 등,2
포토,2
낚지볶음,2
"복사, 인쇄",2
자수공예,2
"김,튀각",2
주방용품외,2
파이,2
잉크충전,2
과일야채건어물밀키트,2
자전거외,2
양약 조제,2
자동차중고부품,2
안경안경렌즈콘택트렌즈,2
과자 빵,2
여성의류및잡화,2
체력단련시설 운영업,2
한식아구찜,2
아이스크림 과자 문구,2
빵케익음료,2
네일메이크업,2
소고기돼지고기닭고기,2
숙박대실,2
마늘 등,2
중도매인,2
"소매(화장품,잡화)",2
도소매 의류,2
의류(외의),2
콩국,2
식육 판매,2
도매(기타수산물),2
잡화 소매,2
"마늘,생강,야채",2
똥집,2
카츠,2
홍어회,2
전통떡,2
여성복 소매,2
"육회, 연어",2
"농산물, 참기름",2
채소 버섯,2
피트니스센터,2
해산물요리,2
김치찌개 등,2
사격장,2
아동복 여성복,2
네일 및 화장품,2
소매(어묵),2
낙지비빔밥,2
사다리,2
"세탁,수선",2
화초 등,2
"속눈썹,네일",2
자동차부품판매,2
운동강습,2
콩국수,2
칼국수 김밥,2
피씨방 휴게음식점,2
피부관리체형관리,2
가정용 직물제품,2
일반세탁업,2
커피음료 디저트,2
튀각,2
음식점업(한식점업),2
도소매업(육류),2
계란 등,2
식품 잡화류,2
장식소품,2
누룽지통닭,2
식용유및조미식품,2
두부외,2
전자제품 및 가전제품,2
용기,2
"스포츠용품,의류,신발",2
의복 액세서리 및 모조 장신구 소매,2
"의료기, 건강식품",2
서예도구,2
청과 과일,2
요양보호사 교육,2
한의진료서비스,2
"이불, 커튼",2
양곡 농산물,2
두피탈모관리,2
생선 소매업,2
신발.의류,2
소매(구두),2
농수축산물및 가공식품,2
낙지전골,2
왁싱속눈썹,2
의료용기구소매업,2
농기계부품,2
과자 담배 주류 식품 등,2
"빵류, 과자류",2
도소매(어묵),2
돼지갈비찜,2
운동화 세탁,2
빵과 음료,2
안경 시계,2
김밥토스트,2
소매(수산),2
유아도서,2
분식 호떡,2
아이스크림 과자 음료 문구 완구,2
신품 타이어,2
축산물 판매,2
도정,2
"통신기기, 악세사리",2
문방사우,2
"외의, 스포츠용품",2
"토스트, 커피",2
숯불김,2
한식(고기),2
차량부품,2
정관장,2
자동차튜닝,2
초밥류,2
택배업,2
제육,2
의약품 및 건강식품,2
돼지부산물,2
"귀금속, 시계 소매",2
"빵, 과자류",2
운동 교육,2
"커트,펌,염색",2
"안경,보청기",2
"열쇠, 철물",2
"돼지,소",2
쥬얼리 소품,2
시계 금,2
농산물 소매,2
물닭갈비,2
미용(헤어),2
기타 식품,2
민물,2
빙과류,2
"포목,이불",2
동물용품,2
가방외,2
"문구, 인쇄",2
자동판매기 운영업,2
골프장비,2
염색방,2
압착식용유,2
농수산물 건어물,2
이불베게,2
"멸치, 건어물",2
야채과일등,2
마트 식육,2
떡볶이 외 분식,2
속옷 잠옷,2
죽전문점,2
"건어물,젓갈류",2
양약 한약 의료기기,2
기타간이음식점업,2
꽃 화훼,2
도매 및 소매업(식육),2
"운동화, 스포츠의류",2
의류 제조,2
스포츠의류밎용품,2
피부용품,2
서비스 화장품,2
한지공예품,2
안경 보청기,2
한식점업 식육,2
아이스크림음료,2
육류고기요리,2
음식 분식,2
통신기기 휴대폰,2
한식회,2
식품 생활용품,2
"한식, 국수",2
"고추가루, 참기름",2
도매및소매업(가정용직물제품소매업),2
건강 기능식품,2
철학원,2
커피 호두과자,2
홍삼 건강기능식품,2
회초장,2
"도소매(도자기),제조업(도자기)",2
문구 소매,2
시술,2
골프연습 및 레슨,2
한의약,2
김밥 우동,2
한의학,2
식음료 잡화,2
농산물 및 잡화,2
돼지머리,2
"피자,햄버거,샌드위치",2
"문구, 완구",2
과일야채생선,2
기타교습,2
팥빙수 단팥죽,2
태권도줄넘기,2
생필품 및 잡화,2
포장마차 관리 거리가게,2
치킨닭발,2
국수외,2
"생화, 관엽",2
"타올,잡화",2
각종반찬,2
"보청기,의료기기",2
종교용품,2
스포츠신발,2
빵 과자 음료,2
"김,멸치",2
"참기름,고추,들기름",2
"채소, 과실, 뿌리작물",2
도소매(식육부산물),2
"의류, 스포츠의류용품",2
채소 외,2
경인쇄,2
주방용품 잡화,2
자수용품,2
"화장품,건강식품",2
붕장어,2
"한식,김밥",2
"커튼,브라인드",2
건어뭏,2
"전자부품,음향기기",2
음식점업(기타음식),2
안경테콘택트렌즈,2
주정이외의 주류,2
"가방, 가죽제품",2
유아동의류,2
발달심리상담,2
교정,2
가방및 잡화,2
화장품 방향제,2
화장품비누,2
골프채,2
평생교육원,2
욱류,2
내의 잡화,2
광고 인쇄,2
담배잡화,2
가구 도소매,2
"제과,커피",2
아동심리상담,2
의류 및 소품,2
한식 부대찌개,2
"잡화,화장품",2
태국음식점,2
예능교육,2
"소매업(귀금속,시계)",2
고추/기름,2
인삼담배,2
음식업(일식),2
한의학 치료,2
커페,2
제조소매,2
"소매(의약품),도소매(의료용구,의료기기)",2
"밤,대추",2
자동차 전문정비업,2
"의류,신발,모자",2
동물판매업,2
인쇄광고,2
제과빵,2
체육서비스,2
의약품 의료용품 의료기기,2
커피 수제음료,2
생화조화,2
속눈썹증모 연장,2
치킨 맥주,2
학생복 체육복,2
함박,2
"건어물,식품잡화",2
남성옷,2
원두,2
"악세사리,시계",2
농기구수선,2
식품등,2
가정용철물,2
고춧가루 등,2
한식/족발,2
사료간식,2
케잌,2
뼈감자탕,2
복사 인쇄,2
메기탕,2
"활어, 수산물",2
한식육류소매업,2
"의류, 스포츠의류, 용품",2
화장품 피부관리,2
반찬 야채,2
즉석어묵,2
"야채,생선",2
영양탕,2
"금,시계",2
돈까스 등,2
소매업(생닭),2
"꽈배기, 도넛, 고로케",2
간이음식 등,2
자동차종합수리,2
신선 냉동 수산물,2
한식 안주류 주류,2
장난감대여,2
공산품 농수산물,2
문구팬시,2
헬스피티,2
한식 김치찌개,2
"벽지, 장판, 커텐",2
기타수선,2
단란주점,2
음식 카페음료제조 및 북카페,2
도소매업(생닭),2
도소매(과실및채소),2
기름 고춧가루,2
"복사, 제본",2
스트레칭,2
전 빈대떡,2
음료 잡화,2
헬스장 운영,2
과일 청과,2
손톱관리,2
소매(비닐봉투),2
"쌀, 채소",2
"속옷, 양말",2
"식자재, 농산물",2
수산물 어패류,2
"참기름,농산물",2
식당재료,2
잡화담배,2
인터넷PC방,2
스포츠의류신발,2
로프,2
아크릴,2
"식품,공산품",2
"귀금속,액세서리",2
농산물(고추),2
두부및묵류,2
의류(기성복),2
"소, 돼지고기",2
"회, 초밥",2
건어물잡곡,2
소매업(공예품),2
"시계,액세서리",2
공갈빵,2
이불 침구,2
그릇소매,2
건어물 젓갈류,2
김치 즉석판매제조,2
아동발달상담,2
"과일,생선",2
도소매(인삼제품),2
"야채, 쌀",2
"약초,홍삼",2
즉석두부제조,2
애완용 동물 관련용품,2
빵 및 과자,2
김치제조,2
고래고기,2
도소매(악세사리),2
치킨업,2
연어육회,2
치킨전문,2
소매업(한과),2
용접기 등,2
음료 간식,2
건어물 젓갈,2
타이어 자동차정비,2
식품 잡화 담배,2
가구제작,2
개인서비스,2
철물등,2
소매업(활어),2
소매 (야채),2
"침구류,커튼",2
타일 위생기,2
광고 대행업,2
이륜자동차수리,2
통신기기악세사리,2
아이스크림과자식음료,2
컴퓨터 교육,2
수산물 건어물,2
만두 분식,2
네일 피부 메이크업,2
한방통닭,2
계측기,2
케익 커피,2
"인삼제품,홍삼제품",2
"가방,소품",2
"두부, 어묵",2
"회, 해산물",2
미용기기,2
간판 및 광고물 제작,2
꽃도소매,2
"도소매업(야채,건어물)",2
"잡화, 식품",2
임대,2
한옥숙박,2
문구용품 등,2
삼,2
한식(장어),2
김밥 및 간이 음식,2
소매(육류),2
치킨 등,2
생과일주스,2
곡물 쌀,2
한의치료서비스,2
화장품건강식품,2
남성의류 및 잡화,2
육류 및 한식,2
애견용품 애견미용,2
즉석식품판매,2
기능식품,2
썬팅블랙박스네비게이션,2
의류대여,2
해산물육류,2
침대소파식탁,2
인삼 홍삼 제품,2
"공구, 잡화",2
자동차전문수리업,2
"대게, 킹크랩",2
경유 휘발유,2
가방 신발 잡화,2
피아노 수업,2
브런치 커피,2
목공,2
"씨앗,농약,농자재",2
심리치료,2
커피음료판매,2
의약품 의약부외품,2
원두 커피,2
커피 또는 카페,2
닭찜,2
정육판매,2
음악학원(피아노),2
열쇠 등,2
시계 쥬얼리,2
식품기계,2
개량복 생활복 법복,2
친환경생활용품,2
명함,2
우동 돈까스,2
견직물,2
서비스업(미용),2
"의류, 악세서리, 잡화",2
음식점(일반음식점),2
과일 외,2
"옷, 소품",2
"벽지, 비닐장판",2
도매 및 소매업(정육점),2
도소매(시계),2
화장품 도소매,2
해산물 육류,2
양식 와인,2
"기성화,신발",2
"곱창,막창",2
음식점(커피),2
자동차 썬팅,2
복싱체육도장,2
네일 피부,2
한식 면요리,2
의약품 의료용기구,2
교육 학원,2
바베큐치킨,2
호떡 음료,2
분식 한식,2
신발 스포츠용품,2
언어상담,2
규카츠,2
소매(떡류),2
도소매(인테리어소품),2
자영업,2
참기름고추가루,2
"한식, 닭갈비",2
한식(회),2
가방 의류,2
모터수리,2
헤어용품,2
"메리야스,잡화",2
내의 소매업,2
안경보청기,2
"헤어, 미용",2
뜨개질,2
광어우럭,2
반찬판매,2
식품 생필품,2
이용소,2
음삭,2
종이,2
카폐,2
식품및잡화담배,2
스크린야구장,2
국수김밥,2
커피음료 및 디저트,2
화분,2
자동차부분수리업,2
음식품잡화,2
녹두전,2
소곱창전골,2
체육교육,2
"양약, 의료용 기구",2
떡 즉석제조,2
"잡화, 기념품",2
"식육, 축산물",2
핸드폰 악세서리,2
복지리,2
양약 건강기능식품,2
기타음식점업,2
"신발,옷",2
양봉,2
"외의, 스포츠의류",2
핸드폰악세서리,2
한약및 한약제재,2
숙년복,2
"철물, 전기재료",2
스포츠 아웃도어,2
퓨전짬뽕,2
약초인삼,2
화초 및 산식물,2
손발톱 관리,2
주얼리 악세사리,2
두루치기,2
속옷 잡화,2
국밥족발,2
두발 시술,2
요양원,2
문구교구,2
커피 차 음료,2
베이커리음료,2
가정용세탁업,2
"인쇄, 복사",2
"가구, 인테리어",2
"이불,수예",2
기타농산물,2
"수산물, 대게",2
고사리,2
가정생활용품,2
일식음식점,2
소주방,2
"이불, 침구",2
도매및소매,2
이벤트,2
당구용품,2
스포츠시설운영업,2
골동품,2
"아동복, 잡화",2
콤푸레샤,2
풍기인견,2
"한식,고기류",2
고무신발 및 일반신발,2
수산물 조개,2
"화초, 식물",2
커피제조,2
의약품도소매,2
공예 잡화,2
화장품 염색약,2
도매및소매업,2
아동미술,2
커피 수제차,2
한식 배달,2
바레 운동,2
피부미용 체형관리,2
음료 및 디저트류,2
갈비살,2
"도소매(신발,고급기성화,고급신발)",2
문구및잡화,2
찹쌀꽈배기,2
메밀전,2
서비스(대중탕),2
"스포츠의류, 잡화",2
한약국,2
"의약품, 의료용품",2
제분업,2
즉석사진,2
김치반찬,2
인삼(수삼),2
"귀금속,잡화",2
한식치킨,2
수선업,2
"케이크, 커피",2
명태,2
두부 및 유사식품,2
"기름,고추",2
솜,2
점술,2
케이크디저트,2
자세교정,2
촌닭,2
유도 주짓수,2
건어물 과일,2
의료기기 보청기,2
컷트 펌,2
명태찜,2
한약양약,2
컴퓨터 수리 판매,2
낚시,2
미용 화장품,2
두발이용,2
남녀용 겉옷 밑 셔츠 도매업,2
"한식, 일반음식",2
"도소매(침구,커튼)",2
쿠킹클래스,2
아동심리,2
자짱,2
조림 찌개,2
감귤류,2
"식품,채소",2
소품샵,2
보일러수리,2
스포츠레져용품,2
의류 및 스포츠 용품,2
농산물약초,2
"농산물,일용잡화",2
"커텐, 블라인드",2
"렌즈,안경",2
"슈퍼,담배",2
"소매업(화장품,잡화)",2
소매업(꽃집),2
"모종, 꽃",2
"농약,종자,비료",2
단팥빵,2
채소 소매,2
식품판매,2
소매업(남성의류),2
"호프, 치킨",2
"과실, 채소",2
소매업(악세사리),2
"과일,잡화",2
곱창구이,2
식품유통,2
소매(숙녀의류),2
장의용품,2
애견샵,2
커피 마카롱,2
페스트푸드,2
상담 교육,2
커피디저트류,2
소매업(과실),2
한방서비스,2
안경류,2
마샬아츠,2
발레교습,2
동물병원 애견용품,2
"귀금속, 악세서리",2
귀금속(소매업),2
산낙지,2
네일업,2
게임방,2
구두가방,2
비즈공예,2
족발순대국밥,2
의류신발용품,2
커튼블라인드침구,2
태닝로션,2
아이스크림 음료 과자,2
선어중개,2
"한복,이불,커튼",2
한복 이불,2
아동소품,2
액세서리잡화,2
신발 등,2
활어 갑각류,2
도소매업(신발),2
헤어(미용),2
떡기름,2
"보청기, 의료기기",2
한복 대여,2
이미용재료,2
의류/스포츠용품,2
키링,2
인쇄소,2
"소매(귀금속,액세서리)",2
"과일, 건어물",2
도매(기성복),2
소형가전제품,2
도소매(귀금속),2
한식 순대,2
피부비뇨기과,2
악세서리 등,2
닭요리전문점,2
족발 및 보쌈,2
실내스포츠,2
헬스 사우나,2
"화장품, 향수",2
빵제과,2
메밀면,2
네일아트재료,2
휴대폰케이스 및 악세사리,2
의약품의약외품,2
분식치킨,2
복싱레슨,2
분식업,2
사진재료,2
삼겹살한식,2
소매(가정용품),2
남녀용 겉옷 및 셔츠도매업,2
"꽃,모종",2
부품가공,2
용접봉,2
떡 제조업,2
한의원 진료,2
신발 스포츠레저용품,2
냉동수산물(생선),2
마늘고추,2
육류 도소매,2
"간판,현수막",2
"꽃, 화분",2
"한식, 족발",2
"기름, 고춧가루",2
"기물,잡화",2
고추가루 등,2
운동레슨,2
도소매업(잡화),2
"의류, 잡화, 화장품",2
일본어,2
커피 음료 및 디저트,2
안경테안경렌즈콘택트렌즈,2
빵 및 음료,2
한식 전,2
여성의류판매,2
미술교육업,2
도소매업(슈퍼마켓),2
휠타,2
미술 교습소,2
종합식품센터,2
"커텐, 이불",2
신선식품,2
내의잡화스포츠용품,2
"고추,참깨",2
복사서비스,2
의복 소매업,2
인물 사진 촬영,2
미술재료,2
한식 안주류 및 주류,2
한방의료서비스 및 한약,2
담배 주류 일반상품,2
요가  필라테스,2
칼국수 등,2
도기제품,2
"참기름,고추가루등",2
수입품목,2
도매및상품중개업(외의),2
"채소, 과일, 뿌리작물",2
마대,2
"제조업,도소매(도자기)",2
음식점업(피자),2
의류잡화악세서리,2
김밥떡볶이,2
"화장품,기타잡화",2
도매(농산물),2
"한과,강정",2
소매업(즉석판매제조가공업),2
김류,2
"생선,어패류",2
순대족발,2
의류신발패션잡화,2
명찰,2
"도서,문구",2
체력단력 시설 운영업,2
악세서리 및 잡화,2
"활어, 한식",2
헤어컷트펌,2
옷 신발,2
낙지전문점,2
"인삼제품,수삼",2
도매및소매업(야채),2
도매및소매업(잡화),2
법무사,2
음식료품 및 담배,2
주류 음식,2
체육업,2
국수 수제비,2
가방 및 잡화,2
치칸,2
탕국,2
소매업(식잡),2
"철물,전기",2
모직,2
도예,2
활어 및 수산물,2
면원단,2
"제과, 음료",2
소매업(생활잡화),2
소매(식육판매),2
"소매업(그릇,주방용품)",2
내의양말,2
"간판, 현수막",2
외국음식점,2
김치 제조,2
재활용의류,2
인삼홍삼제품,2
"커텐, 잡화",2
돈축산물,2
골프용품스포츠용품,2
철물 안전용품,2
생필품 및 식품,2
"컴퓨터,주변기기",2
장애상담,2
의류스포츠용품신발등산용품안전화가방악세사리,2
축구학원,2
한식 호프,2
과일 및 수산물,2
골뱅이등,2
한신,2
양약 기타의료기기,2
일본음식점,2
요가강습,2
"김치, 반찬류",2
피부미용관리,2
조림,2
한식찜닭,2
체력 단련 서비스,2
남성의복,2
담배 식품잡화,2
화장품서비스,2
카페 잡화,2
기타 식료품,2
도소매(침구),2
내복,2
야채(도소매),2
비철금속,2
음료식품,2
과일청과,2
닭부산물,2
"건어물, 식품잡화",2
채소 고추,2
배즙,2
아동서적,2
도소매업(채소),2
"통닭,생닭",2
커피 및 과자류,2
한식(순두부),2
순대 순대국,2
종이접기,2
세차서비스,2
"벽지,장판지",2
음식(쭈꾸미),2
메이크업 서비스,2
일식 한식,2
떡고추가루,2
순대국 순두부,2
모타,2
도소매(통신기기),2
치킨프렌차이즈,2
악세사리 소매,2
커피주스,2
된장찌개,2
안경 소매,2
국수 만두,2
커피 꽃,2
가공식품 및 잡화,2
"농산물, 기름",2
커튼 블라인드 침구,2
답례품,2
토기,2
"잡화,담배",2
약품소매,2
족발 한식,2
가스설비,2
"소매(생선,어패류)",2
과실및채소도매업,2
"카페,음료",2
반찬류 소매업,2
떡 한과,2
수리업,2
야채및잡화,2
소도매업(수산물),2
생선(활어),2
개인의원,2
네일 서비스업,2
스크린 골프,2
오징어요리,2
공산품음식료품,2
베이커리 음료,2
파크골프,2
양액비료,2
제과 음료,2
과일 채소 등,2
친환경 농축수산물 및 가공식품,2
홍삼 홍삼제품,2
딸기,2
축산물 소매,2
혼수전문점,2
손뜨개재료,2
"식육,농수산물",2
토탈의류,2
도소매(한약재),2
음식점업(치킨전문점),2
"도소매(쌀,잡곡)",2
인공암벽장업,2
도소매업(가구),2
"관엽,생화",2
"식품,농산물",2
부각류,2
스포츠 의류용품,2
"공예,잡화",2
컴퓨터 등,2
소양구이,2
"화분,생화",2
닭칼국수,2
생화 분화,2
소 돼지 도소매,2
"김밥,분식",2
스마트폰 수리,2
피자 스파게티,2
속눈썹 영양제,2
소,2
커피 디저트 브런치,2
예단,2
양약 의료용 기구 소매업,2
영양제,2
고기류 한식,2
뷰티 서비스업,2
휴대폰 도소매,2
"양말,내의",2
공산품잡화,2
슈퍼잡화,2
한식 순대국,2
커,2
인쇄출판,2
심리상담센터,2
여성의류 신발,2
음악교육서비스업,2
안경콘텍트,2
스포츠시설 운영,2
편의점 담배소매업,2
네일교육,2
소매(기타수산물),2
국수 김밥,2
"과일,채소류",2
이불커튼,2
신발판매,2
"생선,해물",2
자동차내외장관리,2
광고대행업,2
면티,2
소매(양약(조제)),2
"식품,반찬",2
"간판,광고물",2
서비스업(사진촬영업),2
스포츠웨어,2
"소매(한복,침구)",2
우산 양산,2
소매(어패류),2
"건강식품,잡화",2
스포츠레져,2
베트남식,2
체력단력장업,2
숯불치킨,2
보세옷,2
의류 및 시계,2
커피 음료 등,2
식료품(슈퍼마켓),2
금방,2
바구니,2
"농산물, 한약재",2
서비스(피부관리),2
중고전자,2
코인노래연습장,2
접착제,2
핸드메이드 소품,2
"커피,브런치",2
식잡화,2
음숙(한식),2
간판제조,2
휴게음식(디저트),2
"철물,안전용품",2
남성셔츠,2
제과 전자상거래,2
편의점품목,2
의류아동복,2
간고등어,2
"커텐,이불",2
여성의류소매,2
"핫도그, 떡볶이",2
중식 마라탕,2
파크골프 용품,2
닭강정 치킨,2
돈까스 커피,2
기타 음식료품,2
예체능 교육,2
가구침대,2
소.돼지,2
의약품 의료용품 건강기능식품,2
소매업(가발),2
주짓수 수업,2
골프연습장 운영업,2
한식 식육판매,2
커피 및 기타음료,2
맛사지,2
컷 염색 펌,2
빵.케이크.음료,2
소매(옷),2
"피자, 양식",2
소매업(기름),2
농산물 과일,2
연탄,2
빙수커피,2
"외의, 스포츠의류 및 용품",2
소매업(공방),2
"김치, 반찬",2
"육류,고기요리",2
서비스 미용실,2
"등산용품,스포츠의류,용품",2
커피 맥주,2
찜닭닭도리탕,2
"헬스장 이용권, PT",2
수,2
김밥.분식,2
"농산물,건어물",2
수산물(선어),2
화섬지,2
난방장치,2
도소매(식육 및 부산물),2
"제조,소매(떡)",2
도소매(홍삼),2
"양말,메리야스",2
"전기재료, 조명",2
종묘씨앗,2
수산가공식품,2
"도소매(과일, 야채)",2
전문의약품 및 일반의약품,2
가전용품,2
화장품 담배,2
"화장품, 미용",2
실용음악,2
도소매(스포츠의류),2
한식(해장국),2
커트 염색 파마,2
가방및가죽제품,2
"도자기,그릇",2
이태리음식,2
스시 사시미,2
"커피, 쿠키",2
"메리야스,양말",2
커튼및천막,2
"헬스, PT",2
삼겹살 목살 갈비본살,2
영어강의,2
식료품 및 생활필수품 소매,2
"샌드위치,음료",2
푸딩,2
두부 등,2
기타의복소매업,2
개고기,2
"메리야스,란제리",2
소매업(조명기구),2
옛날통닭,2
냉동기,2
유압기기,2
"식잡,주류",2
식품 잡화 건어물,2
"방앗간,떡",2
"건어물,땅콩",2
"한식, 순대국",2
"등산장비, 운동용품",2
"햄버거, 커피",2
의류(소매),2
일식초밥,2
오므라이스,2
떡(방앗간),2
"도소매(의류,신발)",2
철물 및 잡화,2
미용멉,2
"금,은,보석",2
"식품,젓갈",2
종합의류,2
"미용,화장품",2
커피스낵치즈글라스류,2
"의복,스포츠의류",2
캡슐토이,2
헤어컷펌염색,2
탄탄면,2
"화장품,피부관리",2
줄눈시공,2
이륜차수리,2
한식(한우),2
과일 및 농산물,2
의류신발가방집기,2
가공두부,2
헬스케어,2
특수부위,2
"수예,이불",2
스포츠 의류 용품,2
신사복,2
판매대리,2
부산어묵,2
한식(닭고기),2
컴퓨터 및 주변기기외,2
지물류,2
주방용품(도소매),2
"침구류,의류",2
밥상,2
"도소매(의류,스포츠의류)",2
김밥전문점,2
도소매(가방),2
이불 수예,2
음식점업(양식음식점업),2
추출가공,2
내의 의류,2
음식류,2
반찬음식,2
"한우,돼지고기",2
간판및광고,2
임가공식품냉동,2
"김,옥수수",2
소매(서적),2
변압기,2
선지국,2
콤프레샤,2
잡화(편의점),2
선지해장국,2
축산물 한우 한돈,2
연마지석,2
튀긴닭,2
도소매업(휴대폰),2
"도매및소매업(채소,과실및뿌리작물소매업)",2
신발 및 의류,2
"한식, 삼겹살",2
"편의점(식음료, 담배, 생활용품)",2
식음료 등,2
의루,2
양념돼지갈비,2
의료진료,2
"가공식품, 공산품, 식품, 주류, 담배",2
"건어물, 농산물, 수산물",2
체육복,2
커피(카페),2
한옥체험 전자상거래,2
식.음료 및 담배,2
양말 및 스타킹,2
"식품,비식품",2
"반찬류, 채소, 과실 및 뿌리작물 등",2
도시민박,2
"주류, 담배, 일반상품 등",2
서비스(두발미용업),2
스마트폰 악세사리,2
음식(일반),2
연마석,2
"속옷,란제리",2
도소매(축산물판매),2
한복제조,2
서양음식점업,2
"지물, 실내장식",2
두부식품,2
"인삼,인삼제품",2
수육국밥,2
"도서,음료",2
기타주류,2
"식잡,야채",2
축산식품,2
서적및인쇄물,2
"농산물, 잡화",2
수산물(도소매),2
"반찬,젓갈",2
대게요리,2
식음료 및 공산품,2
"신선, 냉동",2
음식(찻집),2
한옥체험업 전자상거래,2
"의약품, 건강기능식품, 의료기기",2
보건업 및 사회복지서비스업,2
농약 비료 종묘,2
"침구,수예,카펫트,잡화",2
뭉티기,2
족발 순대국밥,2
"문구,서적",2
"실,단추",2
카인테리어,2
자동차시트,2
음식점업(기타음식점업(간이음식점)),2
"피부미용,화장품",2
악기연주,2
트랜스,2
커피재료,2
메밀,2
건어물 김,2
식품및생활용품,2
음식(김밥),2
"의류, 신발, 가방",2
생필품잡화,2
건멸치,2
소매(그릇),2
"젓갈,김치",2
순대/순대국밥,2
"음식, 주류",2
음식점업/한식,2
커피.음료,2
"닭발, 통닭",2
"아동복, 여성복",2
화섬,2
페백음식,2
카서비스,2
구이 김,2
청소장비,2
수신물,2
소매(견과류),2
냉동수산물외,2
도매및소매업(건어물),2
가오리무침,2
생선 해산물,2
의복부착물,2
정미,2
식용유업,2
육류도소매,2
"야채,마늘",2
숙녀복(의류),2
"화장품, 액세서리",2
화공약품,2
과일및야채,2
의류및패션잡화,2
"어패류, 수산물",2
캐주얼,2
스포츠 교육기관,2
"남성정장,여성정장,잡화, 남녀용 겉옷 도매업, 잡화, 의류 잡화 대여",2
요가 수업,2
염색서비스,2
"제조음료, 커피",2
휴대폰악세사리판매,2
배터리 전지,2
"특산품, 잡화",2
농수산물 도소매,2
강아지,2
정신건강,2
"안경,선글라스,콘택트렌즈",2
"식품, 생활용품",2
음.식료품,2
교육 및 상담,2
"꽃집,꽃배달",2
기타소매품,2
간이 음식 포장 판매 전문점,2
쑥뜸 좌훈,2
식탁,2
기타 가공식품 도매업,2
요리주점,2
소매업(참기름),2
액세서리 모조장신구,2
"구두,핸드백",2
칼,2
"농,축,수산물",2
소매(포목),2
스포츠용품(골프용품),2
"채소,곡물",2
"의류,잡화,액세서리",2
음숙,2
이동음식점업,2
과실 채소,2
"속옷, 내의류",2
"들기름,참기름",2
"생화,관엽",2
여성 신발,2
"양약, 의료용기구",2
세차용품,2
"기름, 고추방아",2
애견미용실,2
커튼.블라인드,2
감자탕 뼈해장국,2
가공식품 및 신선식품,2
충무김밥,2
교육학원,2
즉석김밥,2
"의약품, 건강기능식품, 의료용품",2
"담배,일반상품 및 편의점 상품 등",2
야채/과일,2
빵 베이커리,2
생활용품 식품,2
부대찌개밀키트,2
"야채, 청과, 건어물",2
"슈퍼마켓,담배",2
알탕,2
옥외광고업,2
한약 침,2
청과 채소,2
헤어 미용 서비스,2
고기뷔페,2
남녀 의류 및 신발,2
도소매(죽),2
안경소매,2
"야채,식품",2
골프장,2
일반공구,2
"고추,잡곡",2
서적문구,2
"젓갈,생선",2
생선요리,2
정육 고기,2
음식점(양식),2
침구수예커튼,2
동물사료,2
한우돈육,2
혼수품,2
"네일, 피부관리",2
"수산물, 농산물",2
"도소매(의류,가방,잡화)",2
이불외,2
"야채,과일 등",2
전자수리,2
그릇 칠기,2
"우산, 양산",2
"도소매(화장품,잡화)",2
음식(건강원),2
내의및잡화,2
운동화,2
한복의류,2
도매및소매업(육류소매업),2
악세서리잡화,2
서비스(이용업),2
"과자,건어물",2
유도 교육,2
한식 및 주류,2
"육회,연어",2
나주곰탕,2
줌바,2
아이스크림 과자 음료수,2
일식돈까스,2
과일 도소매,2
생면,2
"등유,경유",2
음식점업(칼국수),2
수산물일체,2
도시락/김밥/음료/주류/스낵/담배 등,2
김밥 및 분식류,2
강아지미용,2
속눈썹 펌,2
"메밀전병, 메밀부치기",2
"피부관리,화장품",2
사과파이,2
김밥 국수,2
위류,2
"농약,비료,농자재",2
"치킨,닭발",2
도소매(식육부산물전문판매업),2
도소매(달걀),2
반찬(김치),2
좌훈,2
의류스포츠용품,2
"속옷,실내복",2
"식육,부산물",2
두부 및 묵류,2
"찐빵, 만두",2
여상의류,2
내의 등,2
음료소매업,2
"의류, 속옷",2
인도음식,2
마켓,2
용접재료,2
돼지족발,2
담배 음료,2
화장품 네일,2
침구류/이불,2
의류 운동용품,2
안경테 렌즈,2
"여성의류, 잡화",2
도매(양말),2
엿,2
"커피 및 음료, 디저트",2
"한식,국수",2
피자 및 양식,2
재활서비스,2
활어 해산물,2
"주류, 식품, 음료, 담배",2
"식품 및 비식품, 담배 등",2
"육류, 고기요리",2
족발(한식),2
식품 및 공산품,2
칼갈이,2
동물전시업,2
자동차배터리,2
야채 농산물,2
철물종합공구,2
반찬 소매업,2
"음료,빵",2
발레용품,2
돼지 고기,2
음식접업,2
"떡,빵",2
곡류가공,2
한의용품,2
속옷및양말,2
골프용품판매,2
"편의점,담배",2
향어회,2
육류 고기요리,2
새우젓및젓갈류,2
담배 주류 등,2
오락실,2
부대찌개 삼겹살,2
예술품,2
"양말, 속옷, 잡화",2
닭  오리,2
벽지 및 장판,2
등산의류용품,2
"참기름,떡",2
수입여성,2
즉석제조판매(부대찌개),2
"독서실 시간,기간권",2
건어물(도소매),2
남성복 의류,2
커튼 침구,2
통신기,2
침구 및 커튼,2
"디저트,커피",2
문구 완구 잡화,2
"화장품,건강보조식품",2
전제제품,2
음식점업(만두),2
음식(돈까스),2
네일관리,2
소품잡화,2
도소매(면직물),2
참기름등,2
다슬기수제비,2
스포츠의류 외,2
야채 건어물,2
"새우젓, 젓갈",2
헤어서비스업,2
"쌀,잡곡,곡물",2
"도소매(소품,가구)",2
건어물 해조류,2
"생화, 화분",2
공산품 식품,2
식료품 잡화,2
과일도시락,2
한우곰탕,2
손질장어,2
제탕원,2
가방 및 악세사리,2
악세사리 외,2
"마늘,야채",2
도서판매,2
여성의류 소매,2
커텐원단,2
홍어회무침,2
반찬김치,2
베이킹,2
도소매(종합식품),2
"떡, 농수산물",2
돈부산물,2
작명,2
음식점(한식점업),2
안경의류,2
"만두,족발",2
"화장품, 피부관리",2
커피등음료,2
"수산물,활어",2
양갈비화로구이,2
공산품청과야채,2
일본식돈까스,2
언어심리치료,2
의류 악세사리 신발,2
부침전,2
도매업(셔츠및내의),2
"회원권,PT",2
검도교육,2
"커피, 전통차",2
"안경테,안경렌즈,콘택트렌즈",2
생화.화분,2
아이스크링,2
자전거외스포츠용품,2
"토스트, 음료",2
패션의류,2
"문구류, 소품류",2
제과  커피,2
피아노교육서비스,2
"식품,잡화,담배",2
"문구,완구,과자,아이스크림",2
어묵 김밥,2
대구뽈찜,2
농약 종자 농자재 비료,2
음식점(카페),2
실내운전연습실,2
"농약,씨앗",2
"스포츠용품,신발",2
"칼국수,한식",2
"부침,전병",2
소매업(축산),2
잉크,2
분식(칼국수),2
"활어, 생선",2
만물,2
"소매(문구,잡화)",2
꽃판매,2
"김치, 젓갈",2
한복장신구,2
음료잡화,2
제화점,2
복싱도장,2
도소매업(화장품),2
문신,2
식육.양념육,2
"죽,비빔밥",2
"농산물,임산물,청과",2
가정용 및 장식용 도자기,2
"도소매(소품,잡화)",2
식품 등 기타 소매상품,2
골프 레슨,2
휴대폰및악세사리,2
한약재료,2
"소매(벽지,장판)",2
어탕국수,2
사회및개인서비스(일반미용업),2
"공방, 소품",2
정육도소매,2
구두 신발,2
수산물 도매업,2
PC,2
마트 담배,2
바이크,2
독도새우,2
"견과류, 건어물",2
수삼인삼,2
"닭강정,치킨",2
모터감속기,2
김밥외,2
스크린 골프 연습장,2
네일숍,2
"생화,분화",2
남자용 겉옷,2
무인빨래방,2
삼겹살등,2
돼지고기류,2
농구교실,2
인도음식점,2
휴게음식점(커피),2
김밥간이분식,1
"유아동 의류, 신발, 악세사리류 등등",1
금.은.시계,1
의약품 및 건식,1
음식점업(한식,1
"철판냉면구이,철판오징어구이",1
꼬지,1
"커피 및 음료, 도소매 악세사리 및 소품",1
"헬스, 요가, 필라테스, 스피닝, PT 회원권",1
"떡볶이,순대,튀김,어묵",1
음악연습실대여,1
애견미용 용품소매,1
내분비내과,1
일식 음십점업,1
닭곰탕 후라이드 양념 치킨 찜닭 닭칼국수 호프,1
뼈구이,1
온라인게임,1
커피분식,1
쌀빵,1
도소매(애견용품) 잡화(의류),1
소매(홈패션커텐),1
자전거도소매(자전거수리),1
의료기 판매 및 임대,1
"차류, 다구류 외",1
"조화꽃, 잡화",1
부대찌개 음식점,1
서비스업(토탈공예),1
"소매(양말,잡화)",1
꽃신 및 잡화,1
포크아트,1
"컴퓨터as,휴대폰,통신기기",1
"건어물(멸치,다시마,김,오징어 등)",1
"화장품, 건강식품 소매업",1
"소매(고무신,일반신발)",1
댄스 의류,1
"다류,농산물,잡화,전자상거래업",1
제조업(건강식품),1
쌀기계,1
"음료,식품,담배,주류,과자류",1
헉원,1
"버거, 치킨",1
네일관련용품,1
즉석판매전자상거래,1
서비스(사진관),1
"서비스(미용업),소매업(화장품)",1
담배양곡정육수산과일야채,1
"양장, 의류",1
메밀막국수 소머리국밥,1
속옷(도소매),1
돈까스집,1
"도소매(의류), 소매(잡화)",1
천막부자재,1
"의류, 기타 의복",1
꽈배기&츄러스,1
맞춤운동,1
음식업(간이음식점),1
"꽃,조화",1
피팅유,1
현수막/인쇄물/광고물제작/철물공사,1
컴퓨터부품 소모품,1
홍차,1
음식(흑염소),1
어패류(해물),1
"아동한복,모자,스카프",1
건강기능식품류,1
"휴게음식,떡케잌",1
"천막,로프,안전망",1
가방(도소매),1
"기타음식료(고추, 참기름 등)",1
소매업(수산물소매업),1
"카페(커피,음료)",1
"비누,화장품",1
한방각과진료,1
"식육,식육가공판매",1
사진촬영  인화,1
커피 티 디저트,1
내의류(잡화),1
"남성복, 잡화",1
"타이어, 카센타",1
화장품 가공식품 등,1
"소매(의류,아동복)",1
아크릴 합성수지,1
도소매(식당),1
꽃게새우,1
스포츠의류  용품,1
"속눈썹,뷰티샵",1
조화/ 소품,1
"건강기능식품,  인삼식품제조",1
즉석두부류,1
전복해장국,1
"소매업(문구, 교구)",1
"시계,귀금속(소매)",1
"족발, 순대 제조",1
"잡곡, 의류",1
한방 의료서비스,1
"서비스(사진촬영업,앨범사진촬영업)",1
튀긴 음식,1
"낚시,총포",1
"삼겹살,소갈비살",1
"한식,양념육",1
"철물, 안전보호구",1
제조(도자기)도매및소매업(무역(잡화))소매(도자기),1
"소매(속옷,란제리)",1
네비게이션및블랙박스,1
도소매(전자제품) 가전외,1
양념집전문,1
"소매업(상,목기,죽제품,생활용품기타)",1
"커튼,침구등",1
"신선,냉동 및 수산물",1
"안주,주류",1
과일  채소 커피 생과일음료 계란빵,1
음식점(추어탕),1
핸드메이드 패브릭소품,1
목기.병풍,1
음식점업(튀김),1
소매(양약조제),1
"소매(생활자기,도자기)제조업,도매(도자기)소매(전?",1
"국,밥",1
기타식사용가공처리조리식품제조업,1
"슈퍼,식품잡화",1
숙녀복 임부복,1
기계자수,1
"소매업(의류,양말,스타킹)",1
"샌드위치,샐러드,커피",1
"건재, 철물, 안전용품",1
과일 수산물,1
놋그릇,1
소매(주단),1
소매업(내의 셔츠),1
침 부항 추나 한약,1
의료기기및 보청기,1
기타 의류,1
도매 및 소매업(수산물),1
커피숖,1
등산의류 스포츠용품,1
법복(의류),1
찜질팩,1
"젓갈류, 김치, 수산물",1
"곰장어, 해산물, 음식점업(한식)",1
"사진,꽃",1
생선회 킹크랩,1
커튼담배이불,1
"커피,수제청",1
"소금포대,비닐봉지",1
"소매(꽃,식물)",1
"견과류,강정",1
"소매(신발,가방)",1
사무기구,1
"도소매(신발,의류)",1
"소매업(생선,어패류)",1
두부도소매,1
도소매(문구류),1
냉삼겹,1
"방앗간 , 떡",1
인터넷케이블,1
"잡화, 의류수선",1
커텐지,1
"원단,실",1
"우표, 화폐",1
"명판,인쇄",1
"도매및소매업(전자상거래, 잡화), 제조(중가공식품)",1
인쇄판매,1
"열쇠,철물",1
냉동부품,1
"소매(슈퍼,식잡)",1
"축산물, 식육판매업",1
소형건설기계제조,1
도소매(식용유),1
"인테리어소품, 잡화",1
두부어묵,1
도자공예품,1
"떡, 떡류",1
건설업(실내인테리어),1
의류모자,1
"집수리,인테리어공사",1
리본악세서리,1
국밥한식,1
열대어 및 수족관 용품 외,1
향토음식,1
"도소매(생활소품,침구류)",1
"캔디, 과자류",1
도소매(미용재료),1
음식(빈대떡),1
네일재료 및 화장품,1
야채 및 건어물 젓갈류,1
"도소매(이동통신악세사리,컴퓨터)",1
"도소매(스포츠의류,용품)",1
"철물, 건설자재",1
조명전기재료,1
"수산물, 냉동수산물",1
"신발, 슈퍼마켓",1
산약초즙,1
아시아 식품 소매,1
"한식,즉석반찬",1
"슈퍼,생활잡화",1
"그릇,솥",1
마루메꿈제,1
"김치,젓갈류",1
기타서비스업(세탁편의점),1
"소매(생화,관엽)",1
도매및소매업(건강기능식품일반판매),1
간판 광고디자인,1
채소 및 젓갈,1
"잡화,생화",1
음숙(횟집),1
"야채,부식",1
컴퓨터기기수리,1
일반음식점업(닭갈비),1
제품 디자인 등,1
아동 악세사리,1
철구조물,1
만물전자기기,1
의류 잡화 인테리어소품,1
제조업(모조장신구),1
한복수선,1
한국 전통기념품 인테리어 섬유소품,1
"소매(화장품),도소매(건강보조식품, 전자상거래),서비",1
관광기념품 및 캐릭터상품,1
간이식품,1
스텐레스,1
소매업(소파및가구),1
"식품(꿀,건강즙)",1
청소용역 잡자재,1
소매업(점핑클레이),1
"그릇, 인테리어 소품",1
소매업(내의류(속옷)및잡화),1
주류 안주류 포차,1
고무바퀴,1
"서비스,제조업(스튜디오,앨범)",1
"운반구,바퀴",1
"짜장,탕수육",1
"제조,도소매(도자기),도매및소매업(소품,잡화)",1
"표구,아크릴",1
"안경,부동산임대",1
소매(농수축산물),1
소매 (의류),1
"폐백,떡",1
"도,소매(건강식품)",1
인삼 수삼,1
한식(튀김류),1
축산물판매업(식육),1
란제리 메리야스,1
"소매(채소,건어물)",1
"소매(열쇠,도장)",1
휴대폰잡화 휴대폰케이스 인쇄디자인,1
아이스크림 문구,1
미용(헤어)서비스,1
주스전문점,1
"소매(커튼,이불)",1
"소매업(의류,잡화,화장품)",1
소매업(셔츠및내의),1
아동용 의류,1
"떡,고추,기름",1
음식점업(기타외국식음식점업),1
"소매(소품,잡화)",1
패브릭 소품,1
소매업(조리반찬튀김젓갈),1
"서비스도소매(공방,원단및부자재)",1
철물 인테리어,1
건강식품(즙),1
홍게를 이용한 기능성 장류,1
"도소매업(신발,의류,침구)",1
무인 셀프 빨래방,1
의류 및 스포츠의류 용품,1
"음식점업(치킨)제조업(치킨,식육,계육(식육즉석판매가",1
침구 커튼 소품,1
건어물젖갈,1
"타월,우산",1
"소매(잡화,악세사리)",1
"소매(속옷,내의)",1
액세서리 잡화 전자상거래,1
"어묵,핫바",1
식료품 등 생활용품,1
도자기 기념품,1
패션잡화모자가방,1
농산물/건강식품,1
"기타수산물, 견과류",1
스포츠 의류 잡화,1
매니큐어,1
서비스(앨범제작),1
목욕장,1
기름 고추가루,1
"가금류, 식품",1
"소매,서비스(수도설비,모터수리및판매,보일러,가전재?",1
한복 외,1
튀긴치킨,1
젓갈 김치,1
과??일,1
각종생활용품,1
"반찬류(김치,각종 마른반찬)",1
"잡화,인형및침구",1
도소매업(가전제품),1
마트(의류신발가방수입품),1
"도소매(잡화), 그릇",1
"명함, 인장",1
"소매(야채,건어물)",1
"슈퍼(야채,닭,생선)",1
채소 방앗간,1
"도소매(육류,축산물), 제조업(식육포장처리업)",1
음식점업(태국음식),1
도소매농산물,1
"침구수예점, 사류",1
음식업(건강원),1
"들깨,참기름",1
"소매(인삼,수삼)",1
"양식,한식",1
비데,1
"컴퓨터 및 주변장치, 가전제품",1
한식 횟집,1
컴퓨터 수리 및 컴퓨터 주변기기 도소매,1
"가방,악세사리",1
모자가방소품,1
"주방용품,화장품",1
양말 양품잡화,1
도매소매(슈퍼마켓),1
반찬(한식),1
농산물(과일),1
"타일,도기",1
수공예(손뜨개),1
"모자,",1
식육소매,1
"참기름,고추가루 등",1
음식(차),1
건강기능식품친환경농산물,1
화초 모종,1
"정육, 한우, 한돈",1
"단추,잡화",1
"육류,고기",1
귀사운석,1
"도너츠,음료",1
"제과점,빵,커피",1
"과일, 담배",1
"일용잡화, 수산물",1
안경 및렌즈 소매업,1
주방용기식기,1
"잡곡,고추,기름",1
"수삼,약초,건어물",1
"대구,아귀",1
식료품소매업,1
식육담배,1
"(슈퍼마켓)생필품,식료품",1
콘베어,1
전통공예품,1
소매(빵),1
"화장품,비누,소금",1
"털실,수예",1
열쇠소매,1
소매(구운김),1
의복소매업,1
"소매(의류,침구류)",1
기타도소매,1
수예품(뜨개용품),1
참기름 제조,1
식빵 제과,1
음식(순대국왕족발),1
장식용그릇,1
"수산물,농산물",1
버라인드 커텐,1
수산물(오징어회),1
북카페 서적임대 서적신문잡지소매업,1
버섯칼국수,1
"소매업(모자,가발)",1
도매및소매업(식육판매),1
"유아용품,아동의류,스포츠의류,스포츠용품",1
"제조업(소스, 양념)",1
"청과, 견과류",1
"음식점,반찬류",1
"애견용품, 간식",1
식육즉석가공식품,1
철물 열쇠 전기재품 생활용품,1
"소매(생활용품,건강기능식품)",1
"한식(회, 회덮밥, 도시락, 물회)",1
건과,1
원단 직물,1
"소매업(의류),도소매(애완동물및관련용품소매업)",1
튀김빵류,1
도소매(애완용품),1
"청소용품, 잡화",1
"음식,제과,잡화",1
"기능성속옷, 잡화",1
"그릇, 기물",1
소매(악세서리),1
슈퍼(소매),1
목기공예품,1
"소매(인테리어,가구)",1
"도소매(가전제품,잡화)",1
"서비스,소매업(사진관)",1
반찬제조,1
잡화 토탈,1
"청과물,과일",1
"도소매(기타수산,건어물)",1
"도소매업(식자재,농수산물가공)",1
닭강정치킨,1
축산물.건강원,1
"꽃,애완용간식,사료",1
도소매업(수산물가공식품),1
레코드 전축판,1
"도소매(컴퓨터,전산소품)",1
"컴퓨터,가전,사무기기",1
층간소음매트 애견매트,1
"공방, 석고,방향제,문구",1
"포목,원단",1
한식(백숙),1
여성캐주얼,1
"소매업(의류,전자상거래 소매업)",1
커튼 소품,1
"반찬,채소",1
"도소매(축산물),서비스(기타임가공)",1
과메기 건어물 수산물,1
"야구용품, 스포츠용품",1
수예품 침구,1
"소매업(문구,완구)",1
"도소매(메리야스,잡화)",1
"미용재료,네일아트",1
"제빵,음료",1
신발옷,1
음식점업(햄버거),1
미용재료잡화,1
"휴대폰, 전자담배 소매업",1
"건강식품, 의료기기",1
비만관리,1
"인테리어(벽지,장판등)",1
서비스(이용),1
"소매,음식점업",1
가전제품 잡화 스포츠용품 전자상거래업,1
"실,이불",1
벽지 장판 마루,1
"고춧가루,참기름등",1
수에,1
온열기,1
"소매업(양말,속옷)",1
양말류,1
"제조(도자기등),소매(도자)",1
음반 레코드,1
엽서,1
소매업(십자수),1
사회및개인서비스업(일반이용업),1
"인테리어,설비,방수",1
"소매(잡화,의류)",1
"소매업(인삼,농산물)",1
"도매및소매업(생선,젓갈,어패류)",1
"잡화, 한약재",1
"도소매(도자기,분재,야생화)소매(전자상거래소매업)",1
써비스(미용),1
음식점업(후렌차이즈(체인화음식점)),1
서비스업(의류수선),1
칠기,1
"도소매(농작물, 수산물)",1
커피 및  베이커리,1
축산물임가공업 양념계육,1
쌀생무잡화,1
"컴퓨터 및 주변기기, 네트웍장비 등",1
악세사리소품,1
소매(기타) 젓갈,1
서비스(보드게임카페),1
도소매(육계),1
한식업점,1
"음식점(돼지고기,껍데기)",1
돌게,1
도매및소매업(과일),1
외의 의복악세사리,1
도소매(통신기기 전화기),1
"일반한복지,직물",1
"배추,무,파",1
"소매(모조장신구,귀금속)",1
마요네즈 케찹 식용유 쌀 야채,1
분식 국수 호떡,1
소매(전자상거래업(가죽제품))도매및소매업(무역업(가,1
수예.잡화,1
뜨게질실,1
제조(도자기)도소매(공예잡화),1
휴대폰부속,1
청과(도매),1
소매(일용잡화),1
음식점회,1
"커튼, 블라인드, 수예",1
부품 등,1
음식점업(과일음료),1
축산물부산물축산물가공,1
즉석구이김 및 건어물,1
"철물,건재,안전장구",1
"서비스(수리,A/S)",1
한약조재 및 소매,1
"건전지,전기재료",1
한식면요리,1
수세미,1
"고추,기름,쌀,잡곡",1
시품잡화,1
"화장품,기타",1
두부 및 만두,1
소매업(가정용직물제품),1
공예품 잡화 커튼,1
건물용역,1
애완용품 소매업,1
"한식, 김밥",1
의류/잡화(아동복),1
"제조,도소매(도자기)",1
"소매업(아트상품,공예품,액자)",1
마술관람,1
공예서비스,1
합성플라스틱,1
"도소매(야채,청과)",1
화장품속옷,1
타올 기념품,1
의복및가정용품수리업,1
식잡소매,1
"현수막, 상패",1
고추방아간,1
"서비스(일반미용업),소매(화장품)",1
"건강식품, 인삼",1
아웃도어 용품 의류 스포츠 용품,1
인장(도장),1
수입니트,1
도소매(전자기기),1
방송장비,1
추출가용,1
캐스터,1
의류 및 양잡화,1
의류및패션상품,1
"개인서비스업(피부,메이크업)도매및소매업(화장품,",1
"휴게음식(커피,음료)",1
"야채,공산품",1
"소매(쌀,곡물)",1
내의류속옷,1
안마업,1
"양말,속옷,잡화",1
"건강식품, 화장품",1
"양은,플라스틱",1
"휴게음식점(음식, 커피)",1
"소매(의류,란제리)",1
굴꼬막,1
구조용 파이프 제작 및 판매,1
"일반가구,사무용가구",1
소매업(고공품및돗자리),1
음식(전 튀김),1
"철물, 전기",1
산업용고무제품,1
전기침구,1
"장어,미꾸라지즙",1
도매및소매업(의류)서비스업(의류수선),1
"음반,음향기기소매",1
사과청과,1
"농약,종자,사료",1
"건강식품,인삼",1
벽지소매,1
한과/건어물,1
공예품 애완용품 교육,1
해산물(한식),1
소매(의류(여성외의)),1
가방신발,1
"소매(꽃게,활어)",1
"기름,고추방앗간",1
"가공식품,반찬,국 제조 가공업",1
"초콜릿, 기념품",1
옻칠공예품,1
식품 청과 잡화,1
즉석판매제조(제사음식),1
셔츠및기타의복,1
"홍삼, 홍삼제품",1
"건강식품, 건강기능식품",1
송이크림찰떡,1
장류및조미료,1
전가자재 등,1
"한약재, 한약재식품",1
수산물 활어회 생선 게종류 젓갈 갑각류 해산물 등등,1
"빵류,과자류 및 당류소매업",1
바이크용품,1
주류 및 안주류,1
"휴게음식점, 전자상거래,도자기공방",1
카인테리어 도소매,1
"선어,젓갈",1
종묘비료,1
"건어물,과자",1
식품.야채.잡화,1
농산물자재,1
두부묵,1
"침구류,커튼블라인드",1
"도소매(야채, 과일)",1
"도소매(팬시,잡화)",1
"수산,냉동수산",1
"그릇,가정용품,사무용품",1
생수,1
양념육류 분쇄가공육제품,1
"철물,건자재",1
"도소매(등신의류,등산화,안전용품)",1
"게임용품, 잡화 등",1
배추김치,1
육수티백,1
"슈퍼마켓,부품,수입과자",1
"고추,참깨,농산물",1
향어 바다회 장어구이,1
인터넷 PC방,1
"다류,식품전자상거래",1
"건어물, 서비스 : 중개(멸치)",1
"소매(숙녀복,선글라스,스포츠의류)",1
김젓갈,1
"슈퍼, 담배 소매업",1
수입유아용품,1
"소매(양말,내의)",1
소매(육류소매업),1
수제강정,1
마늘 외,1
"음식료품,잡화,담배",1
"서비스업(네일아트, 피부미용), 소매업(화장품)",1
"직물,침구류",1
문어 새우,1
"침구,잡곡",1
얼음/소금,1
무용복 댄스복,1
"동지죽, 바지락칼국수",1
프라스틱,1
"음식점(삼겹살,닭볶음탕)",1
위생용도기,1
감자탕순대국,1
음식(음료),1
음식점(전),1
지물 바닥재 외,1
"스터디카페,공간임대",1
도매 및 소매업(청과),1
떡/전자상거래,1
의류및화장품,1
"화장품,네일",1
"도소매(일용잡화,수입일용잡화)",1
수리 및 기타 개인서비스,1
"도소매업(채소,과실뿌리작물,식료품소매업)",1
소매업(식육판매업),1
"소매업(안경),도매업(안경테외)",1
장판 및 벽지류,1
"도소매(생닭,오리)",1
"커피, 생화",1
"소매(의류,신발, 잡화)",1
"도매및소매업(식자재납품,농,수산물)",1
"닭, 치킨",1
이불 및 침구류,1
"의류, 섬유",1
정원수 관엽수,1
"도소매(농산물,기타수산물)",1
냉동 및 기타수산물,1
냉장고,1
식육 생닭,1
"액세서리,옷",1
음식점업(커피외기타음식),1
교육프로그램,1
한의의료,1
"정육,야채.청과",1
"식자재,장류,잡화",1
식육 치킨,1
커피 화초 및 식물 소매업 및 건강기능식품,1
장어전문점,1
"화초,꽃도매",1
"소매업(농약,비료)",1
퓨전덮밥,1
음식업(제과),1
서비스업(에어로빅),1
"내의,옷",1
커피 특산품,1
"주류,음식",1
식.잡,1
방앗간(고추),1
의약품 소매업 일반의약품,1
천막카펫커튼,1
"소매업(약초,농산물)",1
"소매,음식업(닭,치킨)",1
식자재 건어물,1
"도소매(두부,묵)",1
"가전,전자,잡화",1
소매업(등산장비),1
"돼지고기,소고기등식육",1
기타주방용구,1
"수건,가정용품",1
유아동의류 아동용품,1
홍삼 인삼,1
모든젓갈류 및 건어물,1
서예,1
의류(법복),1
"샌드위치,수제청",1
"즉석가공식품(반찬,김치)",1
소매(면직물),1
다류및잡화,1
"복사,제본",1
연마제품,1
"묵,두부류",1
"소매(시계,액세서리)",1
포장재 등,1
"소매(축산물,건어물)",1
"사업서비스업(일반사진촬영,사진처리업)",1
"예식장업, 한식점업",1
선짓국,1
"축산물,한식",1
피부태닝,1
커튼및침구,1
농산특산물,1
제수용,1
"화장지,위생용품",1
돼지고기 김치짐,1
"도소매(비료,농자재)",1
"커피,한식",1
"생선,닭,닭부산물",1
"식품, 잡화, 농수산물",1
소방기구,1
음식점업(서양음식점),1
중고피아노,1
"화장품,옷외",1
"생선,홍어무침",1
"소매업(홍삼,홍삼제품및기타)",1
도소매(화초 및 산식물),1
도매및소매업(안경전문점),1
"포케, 샐러드",1
담배 등,1
잡곡 반찬,1
"쌀,잡곡,한과",1
기타수산물(건어물 및 젓갈류 도매업),1
"닭발, 치킨",1
"제조업,떡",1
부식 공산품,1
"생선,해물,건어물",1
"고기, 주류",1
"문구,전자상거래",1
음식료및일용잡화,1
도소매(화초및산식물소매업),1
약초 외,1
고춧가루 참기름,1
채소 과실 소매업,1
"아동의류,스포츠의류,스포츠용품",1
"가전,음향기기 등",1
"한식, 수산물",1
종이류,1
"건어물,식자재,조미김",1
"돼지고기, 소고기 등 육류",1
팟타이,1
화섬 면직물 혼방직물,1
"의료기기,양약",1
고등어 조개 등,1
"도소매(건어물, 농산물)",1
도소매(수산물) 기타건어물,1
"누룽지,잡화",1
영상음향제작,1
"피규어, 모형물",1
한약재 농산물,1
"족발,수육,국밥",1
"식품,잡화유통,마트",1
"도매및소매업(슈퍼마켓,수입주류도소매,수입식품도소?",1
비닐제품,1
"식품(젓갈,반찬)",1
중국가공품,1
"호떡,과일",1
장갑일체,1
"도소매(약과,건어물)",1
"의류,잡화,운동용품",1
"슈퍼마켓,과일,야채",1
"소매업,제조업(수산물,야채,즉석판매제조가공업)",1
쌀농산물,1
소매업(홍삼제품등),1
양념곱창,1
임농산물 수입한약재 등,1
"기름,된장,고추",1
건재약초,1
일본음식점업,1
닭 닭고기,1
"열쇠,과일",1
"오리백숙,삼겹살",1
"미역, 김, 다시마",1
"소매업(속옷,양말)",1
"주방,가전",1
"대게, 활어",1
"소매(곡물,두부)",1
서비스업(미용실) 도소매업(가발),1
"건어물,종묘",1
"의류, 잡화, 스포츠용품",1
소매(의약품 및 의료용품),1
한과 강정 과자,1
홍게간장,1
즉석반찬가공업,1
"도소매(건어물,농산물(벼),누룽지및쌀가공품)",1
묘종씨앗,1
"액세서리, 천연석, 실버, 부자재",1
생활잡화및농산물소매,1
쌀 소금,1
약초식품대추밤,1
"소매업(스포츠용품,여성의류)",1
농산물 식품,1
산오징어,1
음식점업(한식 음식점업),1
스포츠의용품,1
간장및식품,1
여성스포츠의류,1
종합소매업(의복),1
"김치,채소,건어물",1
"두부,참기름등",1
"명상수련, 요가",1
도소매업(건강보조식품),1
마대소금,1
찹쌀호떡,1
침구류 타올,1
소매업(포장반찬),1
"제조업,소매,부동산(임가공착유및유사처리,떡,담배,임",1
도소매(녹음기 가전제품),1
기카음식료품 및 일용잡화,1
망개떡,1
"속옹,의류",1
"도소매(닭,오리)",1
감자튀김 음료,1
전병전문,1
엽록소,1
도매및소매(반찬전문점),1
식료품 과일,1
"고추,잡곡,야채,과일,건어물",1
아동복및 여성복 기타잡화,1
도소매업(시계및귀금속),1
두부 및 묵 기타,1
"채소,생선",1
"떡류,방앗간",1
"채소,젓갈",1
피자 커피 음료일체,1
"문구, 판촉물",1
음식(소매)분식,1
도소매(완구),1
"생선,해산물",1
참기름 식용유,1
"식품,일반잡화",1
국 등,1
의복 엑세서리 교육서비스,1
가죽의류,1
"도매및소매업(떡볶이스프), 음식점업(한식)",1
엔진톱 및 휘니샤,1
기타서적및신문,1
"지갑, 벨트, 악세사리",1
추출가공식품(건강원)농산물,1
"도매및소매업(전자상거래소매업,기타음.식료품위",1
신선 냉동 및 기타,1
속옷잡화,1
도소매(벽지 및 장판류),1
소방안전,1
의류및건어물,1
서비스업(볼링장운영)도매및소매업(볼링용품),1
"슈퍼,식자재",1
"자전거, 농기구",1
축산물 도매 및 소매,1
설렁탕 도가니탕 수육,1
"음료, 다과",1
한우  닭 돼지 수입육,1
오리닭꼬치,1
와인바,1
"농약,종자,농자재,비료",1
계기계측기,1
"휴대폰, 중고폰 판매",1
"식육품,가정용품",1
"떡,직석",1
"도소매(장갑,잡화)",1
닭집(생닭),1
생화(꽃),1
음식점업(고기),1
어묵류핫바,1
"축산물, 임산물",1
천막자재 및 천막,1
"도소매(식육부산물,양념육)",1
"소매(안경,콘택트)",1
"도소매(시계,장신구)",1
도소매업(마트),1
"커피, 케익",1
건ㅁ어물,1
"소매업(도자, 요업제품), 소매업(가정욕직물제품 및 ?",1
한복/이불,1
생선매운탕,1
"가방,악세서리",1
소/돼지/닭/오리/양고기,1
여성속옷 남성속옷 양말 잠옷류,1
"여성 의류, 코트",1
정육자재 선물세트,1
허브 및 아로마,1
과일도매,1
벽지인테리어,1
"중도매인,과일",1
"옷,식품",1
건고추 한과 견과류,1
"도소매(외의,셔츠및내의)",1
털실 모자 가방,1
"의류,수건",1
잡화 여성의류,1
"떡, 참기름, 곡류가공품",1
"꽃게, 쭈꾸미 ,새우",1
"도소매(식자재,농축산물)",1
소매(중고가전),1
기타목재품,1
"패류 도소매 , 꽃게 , 새우 , 쭈꾸미",1
"누룽지,김",1
소내장 추어탕,1
"도소매(지물,바닥재)",1
식육(정육점),1
"장갑, 일용잡화",1
"일반한복지, 한복",1
"고춧가루, 농산물",1
수리취떡,1
"도소매(농수산물, 곡물)",1
고사음식,1
건어물 식재료,1
"육류,양념육,포장육",1
참기름 가공유,1
"한과,젖갈",1
인쇄종이등,1
전통식품 등,1
야채잡화,1
"침구류, 타올",1
"침구,한복",1
"꿀빵,꽈배기",1
생활용품잡화 의류,1
"소매업(철물,청소용품)",1
"소매(내의,양말)",1
애견용품판매,1
"육지동물고기가공, 포장육, 식품",1
잡화마트,1
밀키드,1
"홍게,대게,문어",1
음식점(제과점),1
"닭,닭갈비",1
"젓갈,채소",1
"내의, 스포츠용품",1
구두신발 의류,1
"악세사리,생활소품",1
가공계육(치킨배달전문점),1
체육시설공사,1
"음식점업(꽈베기,핫도그,붕어빵)",1
기타음식료품(떡류),1
"소매(스카프,넥타이)",1
참기름가공,1
육류유통,1
컴퓨터전자기기,1
"도소매업(액세서리,화장품)",1
야채청과정육공산,1
악기부품,1
"도소매(생활용품,액자)",1
"양약, 한약, 의료기기판매",1
네일미용실,1
"음식,구이류",1
도장명찰,1
"도소매(공구, 철물)",1
제조임가공제분소매음식료제판,1
스포츠경기 용품,1
"술빵, 도너츠",1
"생닭,생선",1
서비스(스크린골프),1
반려동물미용및용품판매,1
쌀 참기름,1
미용품,1
블랙아트,1
서비스업(여행사업),1
생선 외,1
"소매(의료기기,의료용품,의약품)",1
수산물 활어,1
소매(젓갈류),1
육묘,1
"운동화, 이불빨래",1
"도매(외의,액세서리)",1
"가죽상품,가죽공방",1
"수산물, 야채",1
"제조업(화장비누제조업),도소매업(무역업,화장품,비누",1
"소매업(신발,잡화)",1
"견과류, 건어물, 약초",1
"도매업,냉동수산물",1
속옷 가정용품,1
"간장,젓갈",1
제조업(곡물 제분업),1
"김치만두국,칼국수",1
"두부,곡류",1
"화장품,의류",1
햄버거 외,1
"곡물가공,식용유지(참기름,들기름)",1
썬팅 블랙박스 코팅,1
육류집단급식소,1
"떡볶이,닭발",1
신발(운동화 고무신 등),1
"음반 및 테이프, CD, 담배 등",1
"야채,건채류",1
생선 수산물,1
"들깨,참깨,고추",1
농약비료종자,1
도소매(한약),1
강정외 식품,1
"족발,한식,요식",1
도소매업(견과류)제조업(즉석판매제조가공업(견과류?,1
"파스타,토스트",1
옷걸이생활잡화,1
건어물(거리가게),1
음식점(어묵),1
"축산, 임산물, 식육",1
도소매업(일반가구),1
으믹,1
"택배,미곡",1
"농약,종묘,비료,담배",1
장식미술,1
소매(양약외),1
"곡물,양념",1
도소매(기타 식음료품),1
"잡곡,방앗간",1
"휴게음식,카스테라",1
"레스,바느질",1
"참기름, 들기름, 고추, 참깨",1
"장신구, 소품",1
"캐스터, 바퀴",1
"서비스업(네일아트),도매및소매업(음향기기및영상기기",1
황돼지갈비,1
"가구, 커튼, 침구용품",1
"가전제품수리,식당비품",1
음식점업한식,1
"도소매(의류),도매및상품중개업(스포츠의류)",1
"소매업(고추,잡곡)",1
생선굴비,1
건고추 마늘 소채류,1
"바다생선,조개",1
도매업(채소및과일),1
전자자재,1
건어물(잡화),1
서비스(세탁중개업),1
"가정용가구, 사무용가구",1
수족관 관상어 조경용품,1
"도소매(생활그릇,잡화)",1
캠핑용품 및 패션잡화,1
채과 과실,1
복어탕,1
악세사리 관광상품 생활소품,1
건조묵,1
떡 제조 및 판매,1
한식바베큐,1
메밀전 메밀전병,1
"도소매(의류,악세사리)",1
"음식, 부리또",1
"소매(젓갈,건어물)",1
침구류 솜,1
"농수산물, 잡화 및 차류",1
"일식,수산물판매",1
한약도매,1
간이음식(분식),1
혼수,1
도소매(바디용품),1
애완용 관련용품,1
한과 즉석판매제조,1
"도소매(의복,액세서리및 모조장신구)",1
농산물 수산물 가공식품,1
"제분,건강원",1
주방식품,1
"농약종자비료상토, 농자재",1
"음,식료품, 종합소매업",1
"육류소매업,양념육",1
"의류, 잡화, 스포츠용품 도소매",1
소 돼지 닭 오리,1
"공방,공예",1
"농산물(과일,야채)",1
"농산물,밀키트,수산물",1
소매업(부산어묵),1
기타수산물패류,1
"도소매(인테리어소품,조화)",1
"소매업(식잡,담배)",1
분싣,1
유음료,1
닭 부산물,1
"식품업,두부,묵류",1
"가방,모자,잡화",1
패션잡화판매,1
배선자재,1
"도매 및 소매업(도자기, 전자상거래), 제조업(도자기)",1
자수실,1
식품류 및 야채,1
잡화  화장품,1
"안경,콘텍트,보청기",1
"벽지,비닐",1
일반과,1
"잡화, 초콜릿, 과자",1
베트남식자재,1
대파제육,1
사진촬영 및 앨범제작,1
소매업(인테리어),1
제조(곡물가공),1
소매업(도자기제품),1
찹쌀순대,1
반찬제조판매,1
잡화(속옷),1
어묵고로케,1
"소매업(공예품),서비스업",1
죽등,1
"건어물, 식품",1
"내의, 의류, 사주타로",1
"제조및도소매업(참기름,농산물등)",1
도매 및 소매업(식육판매업),1
"건설업,건설,도소매(인테리어,일반건축,벽지및장판)",1
서비스업(이용업),1
소매업(식잡.담배),1
제조업 떡,1
"개소주및뱀탕,호박즙",1
"가방,의류,패션잡화",1
침출차액상차,1
"도소매(소형가전,일상잡화,의료기기)",1
어패류활어,1
"문어,생선",1
"백반,돼지고기",1
"컴퓨터,생활용품,기타상거래",1
"소금,젓갈,건어물,농산물",1
"건강원,한약재농산물",1
"두부,연두부,순두부",1
"생강,농산물",1
소매업(사인물),1
속옷판매,1
모조장신구/악세사리/시계 및 귀금속,1
"속옷,타올",1
커튼인테리어,1
"도소매(농산물(약초),건강기능식품)",1
"양장지,양복지,기타의류",1
"떡케이크,쌀디저트",1
"수산,회,일식",1
과자및꿀,1
"소매업(양약,건강기능식품,통신판매)",1
"식품, 잡화, 야채",1
제조업(도자기)소매업(도자기),1
"농산물,즉석식품(반찬)",1
음식점(기타),1
파티용품 인쇄물,1
도자기 수공예품,1
건강원식육,1
음료소매업 등,1
차량광택,1
절임식품 반찬,1
"시계,금,은,화훼",1
"서비스도소매(자동차정비,자동차타이어)",1
소매제조(떡집),1
"가방, 이불",1
문어 전복외 각종수산물,1
"만두,야채",1
"목재,석재,철물",1
"의류, 운동용품",1
잡화(우산 가방등),1
"음식료품, 농수산물",1
생태체험교육,1
식자재  공산품  일회용포장용기 등,1
도소매(애완용동물및관련용품),1
종묘.농약,1
"종합식품,채소 및 식육",1
양은그릇,1
연미복,1
"의류,내의,잡화",1
전 나물,1
민예공품,1
음료 및 기타,1
액세서리및잡화,1
"그릇, 기타잡화",1
수산물전자상거래,1
"선어(생물, 반건조), 생선",1
오븐구이 치킨,1
한복주단,1
"생닭, 닭튀김",1
"도매및소매업(의류,내의,스포츠의류)",1
비료농약,1
"소매업(농약,",1
멀티샵,1
화원 꽃,1
"조경, 생화",1
도소매업(소분판매업(젓갈류)),1
소매업(가공업),1
소매업(인삼건강식품),1
"도소매업(스포츠의류,운동용품)",1
의류잡화악세사리,1
"소매업(원단,부재료,공방,수예점)",1
소매(곡물가공식품),1
교정침대,1
"어묵,떡볶이,순대",1
생닭 꽃게,1
소매업(아이스크림),1
우동 소바 덮밥 오코노미야끼 메로턱살숯불구이,1
음식(아이스크림),1
사회및개인서비(일반미용업),1
"호떡, 옥수수",1
"생활잡화, 신발",1
먹거리,1
매트 상품종합도매 생활용가구도매,1
소매(잡화(구두)),1
"도소매(농수산,식품,잡화)",1
"과일, 쌀, 잡곡",1
침대 등,1
"내의,모자",1
"홍삼,꿀",1
차 다기류 외,1
섬유 잡화,1
"철물,청소도구",1
메리야쓰 등,1
"식품, 반찬",1
"한우부산물(곱창,막창)",1
농자재히앗,1
의류신발식품그릇,1
떡볶이김밥,1
소매업(즉석판매제조업),1
"반찬류,건어물",1
재조업(제분),1
축산식육,1
"한식, 반찬류",1
"도소매(의료용품,약)",1
소매 (수산),1
도매업(식육판매),1
주방용품및식탁,1
"자동차 용품, 시트카바",1
주방용품및잡화,1
"고추, 참기름 등",1
"홍삼및홍삼제품,꿀,비누등",1
도소매건어물,1
닭오리계란,1
"삼겹살, 한식",1
공예물,1
"도,소매업(대리점가구)도매(무역업)",1
"두부,두부류",1
"도매및소매업(일용잡화,식자재유통,의약외품,통신?",1
각종 의약품,1
"소매업(고철, 폐지, 고물)",1
"소매업(문구,잡화)",1
두부수산물,1
계량기,1
책.소매업,1
"더덕,약초",1
소매(식품업),1
"일반음식,수산물",1
인화,1
맞춤양장판매 및 수선,1
소매(고춧가루),1
소매업(구제의류),1
"도소매(해산물,기타)",1
미숫가루 곡물,1
"한식,수산물",1
"내의류, 양말, 잡화",1
"활어,초밥",1
"마트,농수산물",1
도소매(스폰지),1
"쌀,수산",1
"동식물성유지,기타",1
휴대폰 수리 및 판매,1
여성의류(도매),1
식품  곡물 청과야채 축산물 수산물 담배,1
"도소매(참기름,들기름)",1
음식점(휴게음식),1
자동차 제어기기류,1
커피샌드위치디저트,1
손뜨개및보석십자수,1
시계잡화,1
즉석판매가공건어물,1
"만두, 도너츠",1
계란쌀,1
"열쇠,도장,문구",1
"미용실,미용재료",1
친환경농산물,1
패션잡화 장류 요구르트,1
대게.킹크랩,1
야채 (소매),1
소매(생과자),1
음식점(냉면전문점),1
이불및온수매트,1
현수막 인쇄물 간판,1
음식(베트남),1
"서점,문구,교재,교구",1
시계 악세서리 소매업,1
완구 교재 팬시,1
"소매(가구,공예품)",1
어묵 식자재,1
"수산물, 한식",1
"소매(곡물,생선)",1
"신발,의류,스포츠용품",1
콩나물 두부 묵 청국장,1
도소매(생선류),1
의료용,1
"축산물, 양념육",1
소매업(즉석식품판매),1
육계판매,1
테라리움,1
서적 외,1
순어,1
어패류 회,1
음식(한과/기름(식품)/떡갈비),1
"도소매(가방,액세서리,잡화)",1
PC 외,1
"건어물, 일용잡화",1
전자상거래 소매 여자 겉옷 제조,1
"고추, 들기름외",1
열수축튜브,1
즉석판매제조 및 가공업,1
"음식,닭갈비",1
향초비누원료,1
속옷/의류잡화,1
이벤트용품,1
"도소매(소품,의류)",1
도소매(공예장식),1
주방씽크,1
"소매업(양념육류,야채)",1
도매(식료품),1
디스플레이용품,1
"반찬외, 한식",1
동남아 음식점,1
서비스업(메이크업),1
"침구,주단",1
"과일, 조미료, 야채 등",1
"잡화(의류,신발,가방)",1
"철물,임대",1
"골프의류, 용품",1
떡종류,1
간이음식 칼국수 수제비,1
어묵 호떡 떡복기,1
모직물 잡화,1
소매업(화장품 및 잡화) 서비스업(미용실),1
옹심이,1
악기 교습,1
서비스(염색),1
"건강식품, 건강기능식품, 화장품 외",1
밤 대추 호두,1
부식(반찬),1
"풍선, 꽃, 이벤트용품",1
녹축수산물(채소),1
통닭핫바모듬전,1
머플러,1
"소매업(청과,야채)",1
튀김떡복이,1
도매및소매업(청과),1
과실과채소,1
어묵판매,1
청과물중개,1
농수산물 김치,1
"농수산물, 꽃",1
참기름 들기름 고추,1
제조업(즉석),1
"어패류,냉동수산물",1
"커튼 및 천막, 카페트",1
그룻,1
"기물,생활용품",1
음식(폐백이바지),1
"의류,속옷,악세사리",1
도소매(농림산물),1
도매(식육가공),1
도매및소매업(야채판매),1
"수산물, 도시락류",1
두부 참기름  들기름,1
"소매업(닭, 오리)",1
기타전기제품,1
소매업(안경 및 렌즈 소매업),1
식료품 음식 등,1
"생화,화분",1
지갑벨트,1
농축기,1
종묘소매,1
패션 잡화,1
"농약,종묘,비료",1
종합주방용품,1
식물 도소매업,1
"전자상거래 건어물, 음식점",1
"소매업(화장품,일반식품)서비스업(피부미용)",1
유리화병 인조모음 등,1
의류 스포츠웨어,1
의류용품장비,1
야채.쌀,1
"농,수산",1
"조화,잡화",1
"의류,신발(도소매)",1
"피아노, 악기",1
음식(휴게음식점),1
썬팅스팀세차,1
조립 컴퓨터,1
"도매 및 소매업(신선,냉동 및 기타 수산물 소매업)",1
"즉섹제조가공식품,통신판매업 도소매",1
"건어물, 식자재",1
"화장품,잡화,남성용품,기타",1
"고공품및돗자리,어망,모조장",1
광어 우럭,1
도소매업(정육),1
생선(회),1
"떡류, 빵류",1
"고추가루,판매,방앗간",1
건어물식품잡화,1
"굴비, 건어물",1
가죽 및 가죽제품,1
제조(건강식품),1
카페 소매,1
식품슈퍼,1
식품제조가공,1
"도소매(토탈패션잡화),소매(전자상거래업)",1
도소매(해산물 가공건어물),1
소매(모자및잡화),1
공예.잡화,1
"네일, 피부",1
향수 방향제,1
일식 참치 참치회,1
농수축산물유통및판매공산품,1
"소매(안경,패션잡화,선글라스)",1
공산품및식자재,1
"소매(악세사리,의류)",1
"수입품, 잡화",1
"도소매(기타건어물,기타수산물)",1
도소매(서점),1
"견과,건나물,땅콩 등",1
도로,1
주방용품및,1
소매업(건강음료),1
가로동자재,1
소매업(즉석조리식품),1
"소매(가발,액세서리,자수용품)",1
"도소매업(자동차용품,의류,액세서리)",1
"의료기기,운동기구,일용잡화,안전용품(소방용품)",1
떡 음료 한과,1
가정용품 잡화,1
식품(개소주),1
"서비스업(세탁중개업),소매업(담배)",1
"채소,과일,생선",1
음식점(노가리),1
도소매(위생닭),1
도소매업(타올),1
타이어수리,1
"곡물, 유지작물",1
도매 및 소매업(의류 소매업),1
신발/의류/잡화,1
식품수산잡화,1
주방용품 및 가전제품,1
김밥 분식 식사등,1
커튼 수예 침구,1
민물장어 바다장어 산꼼장어,1
"클레이,블록",1
식품및관련잡화,1
음식점(빵),1
고급기성복,1
"경미한공사,지물,장식",1
조기 문어,1
"도소매(스포츠용품,의류)",1
도소매(야채 식품 젓갈류),1
"화장품,식품대리,식음료",1
"직물류,양장지",1
게임용구,1
가방모자,1
"이불,커텐,수예,내의 등",1
반찬/김치/젓갈,1
캔들.방향제,1
"채소,건어물",1
냄비그릇종류,1
한식(수산),1
"소매(식료,잡화)",1
"곡물,기름",1
"소매(홈패션,리싸이클)",1
도서문구카페,1
이불및한복,1
"의류수선,리폼",1
물류보관창고,1
가전제품및전기수리업,1
"석회, 시멘트",1
창호공사,1
"엽전,도시락,물품 배송",1
"섬유, 의복, 가죽제품",1
"고추, 깨, 참기름",1
의류 및  잡화,1
조리학원,1
스포츠교육(점핑),1
한식해물요리,1
음식업(쌀국수),1
"도소매(공예품,D.I.Y)",1
"마크, 휘장",1
고춧가루 외 양념류,1
"순대국,소머리국밥",1
도소매(판촉물),1
화장품/비닐,1
당귀  백작약 등,1
한약 한약초 농산물 식품,1
포장재료 등,1
"한식,농,임산물",1
건물관리용품,1
농수축산물 및 전자상거래 소매업,1
호스 등,1
"곡물,참기름",1
주얼리 악세사리잡화,1
"도소매업(농약,비료,사료)",1
의류/잡화/가구및소품인테리어,1
꽃(조화),1
"국,반찬",1
부품/광택,1
"미용, 소매업(화장품)",1
"도소매(이불, 원단)",1
식육곤충 사육 및 판매,1
"서비스업(피부,손톱,발톱미용),도소매업(화장품)",1
영광굴비,1
의류 및 골프웨어,1
"기타가공품, 즉석섭취식품",1
"일반음식(배달)홀없고배달만한다,",1
"백반,음식",1
"농산물,제조가공업",1
탈취제 외,1
소매(두부묵),1
인삼견과류,1
"꽈배기,핫도그",1
"일반가구, 상품종합 도매업",1
"카페,잡화",1
안치과,1
"컴퓨터및주변기기,인테리어,가구",1
"서적, 신문",1
반찬 및 젓갈류,1
민물장어기름,1
도소매업(셔츠및외의도매업),1
"식잡, 초장,배추",1
"서적,문구용품",1
"제과, 음료, 커피",1
"소매(쓰레기규격봉투,담배)",1
도소매양곡,1
"가구,의료기기",1
발가락교정구,1
소모품비,1
"김밥,떡볶이,분식",1
"신발,잡화소매업",1
노트북컴퓨터,1
음식점업(샐러드바),1
"식잡, 슈퍼",1
콘택트 렌즈,1
미니어처,1
플라워상품,1
병풍,1
"스시,사시미,한우물회",1
참깨,1
소매업(조미김),1
국내산육우 국내산 돈육,1
"차례상,제사상,모듬전,반찬",1
외의 및  골프웨어,1
소매업(보청기판매),1
도소매((방앗간),1
도소매(의료용구 생활용품),1
"도소매(가정용기기),미용재료",1
기름(방앗간),1
야채 및 해물,1
잡화 양장 메리야쓰,1
회대게,1
치과 의료업,1
가구 등,1
"홍삼,한약품",1
일실,1
양식(부리또),1
"커피, 후식",1
"일반음식점업(한식),제조업(두부)",1
"작업복, 안전화, 잡자재, 외의",1
렌즈안경점,1
농산물(한약재),1
즉석제조가공(젓갈반찬),1
농약관수자재,1
"갤러리 전시대관, 사진촬영, 기획, 인쇄",1
도소매업(잡화) 화장품,1
포목.한복,1
애완제품,1
"두부,생선",1
신발잡화소매,1
경주빵,1
"건재,약초",1
"농산물건재,약초",1
한식 반찬류,1
"식자재,두부,묵류",1
"의류,신발,스포츠의류",1
"창호공사,실내인테리어,누수,설비,방수,도장공사,건축,아케이드,실내내장",1
"도매업(유공압기기부품외)소매(전기부품및스위치,유공",1
수중펌프,1
"참기름, 들기름, 건고추",1
양말 속옷 내의,1
"기타음식료품및일용잡화식잡,담배",1
천연가죽,1
"도소매(도자기),제조(도자기)",1
"꽃게,쭈꾸미,활어",1
안경판매,1
도소매(장식소품),1
"반찬류, 김치",1
"야채,건어물,생선",1
"소매(수산물,젓갈)",1
식료 및 잡화,1
"카페, 샌드위치",1
도소매(약국),1
자동차 세차 및 광택,1
"화장품, 비누,방향제,네일",1
정육(도소매),1
자석,1
의료기침대 외,1
"제빵, 제과",1
"마늘, 들기름, 새우젓",1
"비주거용건물임대업(점포,자기땅)화장품",1
"식용유,담배",1
"소매업(가전제품,가구)",1
커텐 원단 침구류,1
서비스(미용사),1
제조두부소매묵된장등,1
서비스(사진인화),1
도소매(셔츠및내의),1
쌀가게,1
제조업(고추방앗간),1
핸드메이드소품 등 기타,1
수산물 꽃게,1
"대게,수산",1
"소매(청과,생선)",1
"커피재료, 식잡",1
"다시마,김",1
"참깨, 들깨",1
"펌프 ,환풍기",1
"건어물,오뎅",1
영상,1
일반의약품 건강기능식품,1
블록교육,1
"벽지,커텐,담배,위생관리용역",1
서비스업(국외국내여행업),1
음식(다방),1
유아복 출산,1
전튀김,1
"문어,선어",1
생활가구도소매,1
"꽃(인조),액세서리",1
커텐 및 소품,1
"도소매업(슈퍼,생활용품)",1
포장처리업,1
도매및소매업(편의점),1
단순가공품,1
마늘 기름,1
"스포츠의류, 신발",1
우산 모자 타올 기타,1
"양장,양복지,이불",1
퓨전일식,1
"참기름,방앗간",1
"생선,조개",1
도매 및 소매업(기타 식료품 소매업),1
"PC방,휴게음식점",1
"홍삼탕기, 인삼, 홍삼",1
지류 포장지,1
"소품,조명",1
도소매(기타해산물),1
"담배, 음료수 등",1
가방.잡화,1
건강 보조용 액화식품,1
가방및일용잡화,1
"건어물,통신판매업(건어물)",1
등산으류,1
정육점(돼지고기),1
"송풍기,환풍기",1
지물도소매,1
나무용품,1
"비료,농약",1
"도소매(전자상거래), 제조업(의류)",1
음식점(쌀국수),1
할어,1
산후조리업,1
일식(돈부리 덮밥),1
브러쉬등,1
조립제품,1
"의류,간식",1
육류 도매,1
보쉬,1
양약 의료기기 건강보조식품,1
"두부,김",1
주단포목,1
"컴퓨터복사기,사무기기",1
휴대폰액세세리,1
금속재가구,1
"마늘, 두부, 나물류 등",1
"의류,잡화(스포츠)",1
도소매(생활용품),1
"젖갈,반찬",1
"컴퓨터,전자제품,사무기기,통신기기",1
"활어,수산물",1
소매업(기름집),1
"소매(어류,젓갈류)",1
식자재 및 잡화 외,1
"도매및소매업(농,축,수산물),도매(무역),도매및",1
마트식잡,1
종합슈퍼,1
농축산물가공,1
"견과류,모종",1
"식용유,기름",1
식육업,1
도소매업(식육판매업),1
"재봉실, 바늘",1
서비스업(가상체험 체육시설업),1
직물도매,1
족발 곱창,1
미싱기,1
농산물청과과일,1
"식품,차,잡화",1
"도소매(생닭, 오리)",1
"고추장,막장",1
"수족관, 관상어",1
"도소매(잡화, 욕실용품)",1
통신기기전자제품,1
"종교용품,청과",1
의류/신발/잡화,1
"전기,통신자재",1
모발,1
대관령황태,1
참깨 고춧 인삼 등 농산물 도소매,1
미싱부자재,1
"산채, 버섯",1
"이용,메이크업",1
"소고기,돼지고기,닭,오리",1
즉석제조(두부류),1
"표구 제품, 간판 및 광고",1
"소품,의류등",1
의류신발양말의류,1
면(국수),1
"공산품일체,채소,간장,된장",1
"도소매(산나물,채소)",1
"김치류,마른반찬",1
"농약,사료판매,농자재,종자",1
소매(일반가구),1
육내장류,1
"과자,음료",1
씨앗모종,1
원예자재용품,1
"한식,만두",1
합성수지도소매,1
포장비닐,1
"내의류,타올",1
"열쇠, 과일",1
만두 및 분식,1
난방자재,1
새우멍게,1
종합판촉물,1
"액세서리, 가방",1
이불주단,1
"도매및소매업(식품,잡화)",1
"소매업(일반가구),도매(무역(가구))",1
소매(스포츠 의류),1
포목침구,1
서비스(세탁소),1
바구니 잡화,1
식육유지류,1
종자 모종 비료 농약 농자재 등,1
"도소매(화장품),도소매(액세서리)",1
자수정,1
돗자리,1
육류(도소매),1
커튼 블라인드 소품가구 인테리어,1
평생교욱직업학원,1
도매및소매업(기타의복소매업),1
"식품, 잡화, 수입식품",1
"약초,산나물,농산물",1
"소매(건어물,건과(밤,대추))",1
다슬기해장국,1
가전제품 에어컨설치,1
"여성의류, 속옷",1
가공식품 도매,1
옷수선및리폼,1
"수산물, 반찬",1
공삼품장류,1
"스포츠의류,여성의류",1
천막자재,1
"농산물,염장류",1
골프 연습장 운영업,1
"판촉,광고,인쇄",1
"도소매(가공식품,기타음료식품)",1
"소매(기타일용잡화, 담배)",1
호두빵,1
공예부자재,1
"고기,한우살치살",1
"가구,  인테리어",1
철물 및 전동공구,1
소 돼지 부산물,1
대게 및 수산물,1
가발전문점,1
도매(계란),1
전자제품 카메라,1
소매업(일반한복지),1
육회 육사시미 연어회 문어숙회,1
녹음테이프,1
"미용재료, 미용기구",1
쇠고기 돼지고기,1
"도소매(화장품),소매업(의류)",1
"속눈썹, 피부, 왁싱",1
신발스포츠의류,1
신사정장,1
"실,명찰",1
"임가공제분, 떡",1
소매업(의약품및의약외품),1
야채(나물),1
"도매 및 소매업(화장품 및 화장용품, 전자상거래 소매",1
"한식,떡갈비",1
"사진,액자",1
기타일반잡화,1
수삼소매,1
"식품, 생활용품, 의류",1
"녹용,건강식품",1
삼계탕 백숙 백반,1
의류공예,1
"농산물,가공품 등",1
"도소매(고추,농산물)",1
"식품,잡화류",1
빵 도너츠,1
가전제품악세사리,1
"농산물,과일",1
"양약, 동물의약품",1
소매업(홍삼),1
"오픈마켓, 공간임대, 상담",1
제과점 빵집,1
"도소매(야채,공산품)",1
"도소매업(양약,의료용기구)",1
돼지감자,1
"광고물, 휘장류",1
가전제품(선풍기외),1
동관단자,1
전기조명제료,1
도소매(일반가구),1
반찬(부식),1
"도소매업(의류,가방,잡화)",1
에어컨정수기,1
"떡, 폐백",1
커텐침구류,1
"인테리어(시공,소품판매)",1
"도소매업(상품중개,의류및)",1
"속눈썹,미용재료",1
벽시계 및 인테리어소품,1
"식재료,과일,젓갈",1
"농약,비료,농기계,농자재,종자",1
"커피,다류",1
"스포츠용품 및 스포츠의류, 신발",1
"의약품, 의료용구 등",1
소매(식유),1
참조기 갈치,1
"소매(생화,잡화)",1
"스포츠(필라테스, 요가 등)",1
식빵 외 기타,1
음식점(김치찌개),1
차 꿀 도소매업,1
호두과자 재료,1
"채소, 과수",1
참기르,1
도매및소매업(축산물),1
도소매(강아지용품),1
커피 및 타르트,1
마제소바,1
도소매(인테리,1
음식점(경양식),1
전기장비 등,1
농기계및부품,1
생선회도매,1
야채 채소,1
"내의,여성위생상품판매,의류",1
섬유 등,1
"참기름, 젓갈",1
양념류(도.소매),1
한식 식품,1
"가방,식품",1
"음식점업(돈가스,떡갈비,소시지)",1
음료까페,1
인테리어 용품,1
"이.미용기구,화장품",1
소매침구,1
"CCTV,컴퓨터",1
식품도소매,1
와플 밀크티,1
가방판매점,1
참기름. 고추가루,1
"소매업(전자상거래,주방용품)",1
전기자재 재료,1
"의료기기 판매, 전자상거래, 건물소독",1
도소매(기타음식료품및일용잡화),1
"주먹밥, 분식",1
"전기,전자및부품",1
침구한복,1
고급운동기구,1
"혼수,폐백",1
식잡채소즉석판매음식,1
도소매(옷수선),1
"음료, 샌드위치",1
"가발,미용재료",1
식품 및 의류,1
바이크 자켓 부츠 헬맷 장갑 등,1
커튼침구소품,1
플라스틱류,1
실내체육,1
"등산용품,스포츠용품",1
"횟집,활어",1
계측기기등,1
"커피, 샐러드",1
생필품 및 간편식,1
소매업(뜨게방),1
"양말, 내의",1
"한식, 잡화, 인삼",1
"도,소매업(의료기기)",1
"반찬,견과류",1
보호구,1
킴자반,1
"한과, 도라지청",1
"서비스(미용,네일)",1
수도설비,1
식육(소매),1
"고춧가루, 채소",1
어학원 교재,1
침대 소파,1
도소매업(가구소매업),1
"안경,. 렌즈",1
청소기,1
"사무용가구,교구,가구류",1
"소매(사무용가구),도매(사무용가구)",1
소매업(김치류),1
카메라외,1
소매(자전거),1
일반한식 생선,1
"유지류, 농수산물",1
임가공(방앗간),1
"도소매(농수산물,잡화),소매(전자상거래업)",1
식물및 꽃,1
리본,1
즉석판매제조가고멉,1
떡류 즉석판매제조가공,1
"벽지,이불",1
"소매업(의류,스포츠의류,스포츠용품)",1
"도소매업(두부,콩나물)",1
도소매(유아의류및용품),1
도매 및 소매(청과),1
"소매(조화,리본)",1
"소매,건설업(씽크대,도배,장판)",1
"여성의류,잡화",1
"문구,팬시등",1
선반,1
"식품,운동기구",1
"화장품,소품",1
"미용,목욕탕,세탁소등",1
"악세사리, 통신기기",1
"플라스틱조립(기타임가공), 화장품잡화",1
활어 선어 어패류,1
"세탁업, 코인세탁",1
"만두,전",1
국밥(수육),1
"한식, 백반",1
조경직업훈련교육,1
"속옷,아동내의",1
도장등,1
소매업(기타식료품(반찬류)),1
분식(음식점),1
"도소매(조화,소품)",1
서비스(자동차부분정비업),1
호두과자 및 음료,1
소매업(즉석식품),1
소매(핸드폰),1
육류(돼지 소),1
커튼 도소매,1
일반음식(호프),1
"곡물,잡곡,쌀",1
"소매업(농수산물,기타식료품)",1
헬스용품,1
생선가게,1
소매업(뻥튀기),1
그릇(마트),1
도소매업(가정용가구도매업),1
상업인쇄,1
소매업(홍삼제품),1
"소매업(장갑,비닐,잡화)",1
"전자제품,선풍기,냉장고등",1
수산물가공품,1
라면 칼국수,1
도소매건어물식품,1
속옷(내의류 란제리),1
"초벌삼겹, 떡갈비",1
"소매(의류,스포츠용품)",1
신발 의류 액세서리,1
"도소매(도배,장판)",1
의류 및 등산용품,1
서비스(네일),1
생선조미김,1
"닭발,족발",1
"도소매(주방용품,기타섬유및직물)",1
"까운,잡화",1
도매및소매업(주방기구소매업),1
"서비스(미용실,헤어샵)",1
핸드메이드제작판매,1
"슈퍼도소매(식품,잡화)",1
"약초, 견과류, 가루",1
"도소매업(의류,스포츠의류)",1
밸브 등,1
"소매(밤,대추,견과류)",1
한약 약국영양제 등,1
"소매(양약),소매업(의료기기판매,건강기능식품)",1
음식(회),1
소매(과실),1
소매(기타음식료품일용잡화),1
소매업(잡곡),1
뜨개제품,1
"폐백,제사음식",1
"소매업(두부,묵)",1
소매업(플라워샵),1
식자재(과일),1
한식(순대),1
이불등침구류,1
"카메라,소형가전외",1
한우 돼지고기 수입육 닭,1
"야채,과일,계란",1
"원단,커텐",1
왕갈비,1
한식밎생선회,1
옷리폼,1
청과소매,1
축전지,1
즉석 옥수수면,1
"도소매,서비스(고물,공구,공구수리)",1
"도소매(커튼,이불),도소매(가구),도소매(전자상거래업",1
잡화 가방,1
"소매업(악세서리대행판매),제조업(귀금속및관련제품",1
소매업(약국)소매(기타의료기기),1
유기농산물,1
"소매(전자,식탁,주방용품)",1
낚시카페,1
내의 담배,1
"도소매(선물용품, 잡화)",1
돈가스 우동,1
인삼건강기능식품,1
"소매(곡물,고추)",1
"낙지,해산물",1
"도소매업(의류,타올)",1
건어물등,1
생선해산물,1
"과실,채소",1
"김치, 절임 및 기타식품류",1
고추가루 잡곡,1
소매업(철물점),1
의류안전용품,1
"통신기기,가전제품",1
"가구,가구장식",1
도매(섬유),1
"참기름, 고추, 기타",1
"도소매(액세서리,양품)",1
오란다 깨강정,1
청과 농수산물 온라인판매,1
유공압기기,1
기타음식(분식),1
"통신기기, 가전제품",1
음식점(피자),1
성인/아동 잠옷,1
아동복(도소매),1
도소매(아동의류),1
"소매(금은방,시계)",1
의류내의,1
소매(수산물 생선),1
"서비스업(손톱미용전문),서비스업(일반미용업),서비스",1
염색 탈모 샴푸 두피영양,1
화장품 및 네일아트,1
"음향영상기기,전자상거래업,이벤트및기획",1
즉석판매 만두,1
"제조업,도매및소매업(도자기)",1
젓갈 밑반찬,1
"곡물, 기름",1
방습제 포장재료 화장지,1
도소매(식품및일용잡화),1
도소매(양품),1
"도소매(쌀,계란)",1
통신단말기,1
디지털카메라 및 전자제품,1
광어등,1
서비스(가정용기기수리),1
"소품,생활그릇,잡화",1
"소매(건어물,닭고기)",1
"소매(고무신발및일반신발,운동화등)",1
"잡화(도자기,액자,기타), 화훼",1
"농산물, 소금 등",1
가방 악세사리 잡화,1
"젖갈,김치",1
컴퓨터 주변기기 외,1
인삼 추출가공식품,1
해조류가공,1
"신발,운동화",1
편의즴,1
도소매(김치),1
"작물재배업, 곡물",1
"음식업(분식,만두)",1
"소매업(견과,강정)",1
커튼포목,1
"초밥,사시미",1
"안경테,잡화",1
축산물(닭고기),1
"의류, 모자",1
"카페,도소매(농산물,가공식품,커피)",1
"운동경기용품, 신발",1
가공식품 및 건강식품,1
서점문구,1
음식제조판매,1
김 멸치,1
참기름 고추 마늘,1
"주방용품, 잡화",1
식용유 고추,1
"도소매(생활용품,잡화)",1
순대.부산물,1
도소매(활어),1
"한식,생선소매업",1
소매업(만물잡화),1
"네일아트, 속눈썹",1
"도소매(의료기기,화장품) 도매 및 소매업(건강기능식?",1
건어물 및 가공식료품,1
시장,1
상업용 사진촬영 및 사진처리,1
약재료,1
매트리스침대토퍼베개,1
"음식,반찬",1
공예잡화,1
원액,1
악세사리귀금속,1
"건과, 건어물",1
"도소매(토산품,의류)",1
"식품제조,농산물,약초",1
침구류판매,1
"수입의류,잡화",1
활어해산물,1
의류밑 용품 가방 신발,1
"컴퓨터및주변기기, 가전제품",1
"떡류,음료",1
"전기, 철물재료",1
화장품 세제,1
과일 및 각종 즙,1
"농,수산물제조",1
식육(고기),1
도매및소매업(셔츠및블라우스소매업)소매업(전자상거?,1
"생선, 건강원 제조",1
정육 외 부산물,1
건어물 과일 외,1
"건강기능식품, 식품, 잡화",1
양궁장,1
"스카프, 가방",1
"한복,포목",1
선어 수산물,1
"남성,숙녀복",1
"한약, 건강식품",1
알루미늄배트,1
"베이커리,카페",1
음식점(돈까스),1
"잡화, 속옷",1
여성의류 스포츠의류,1
멸치 오징어,1
"통발,어망",1
정리수납,1
이벤트상품,1
"제조업,소매업(반찬)",1
문구 전산 팬시,1
"도매및소매업(의류,신발,가방,악세서리)",1
참기름 고춧가루외,1
일반음식(경양식),1
순대 및 만두,1
"네일,피부,메이크업",1
"방앗간, 떡",1
퀄트,1
"고추, 깨",1
"김,혼합음료",1
"가방, 의류, 우산, 지갑",1
"커피,식자재",1
"문구,주방용품",1
"커텐,홈패션",1
"도소매(인테리어소품,잡화)",1
가래떡외,1
도소매(의류및신발),1
뜨개질 소품 옷,1
"소매(모자, 양말, 잡화)",1
일식품잡화,1
"닭,건어물",1
"제조업(김치,족발)",1
가방 및 피혁 제품,1
"두부, 떡",1
"도소매,제조업(예술품)",1
통신기기 중고가전제품및통신장비,1
"마카롱, 그릇",1
"음식(회,초밥)",1
카드기,1
반찬  즉석제조식품,1
"미용업, 헤어제품",1
일용잡화 담배,1
분식  및 한식,1
주방욕식기,1
커텐 이불,1
소반,1
"커튼, 홈패션",1
쌀.소금,1
TV 냉장고 외,1
"슈퍼마켓, 담배 소매업",1
도매 및 소매업(식육 즉석판매 가공업),1
공산품판매,1
"사진, 팬시용품",1
"채소류,젓갈류",1
소매(뜨개방),1
"식육 도,소매",1
식육(도소매),1
"부식,잡화",1
조미김 생김,1
어패류 도매,1
"소매(모자,악세사리,잡화)",1
"잡화, 생필품, 포장재료",1
한식(생고기),1
양말 및 잡화,1
"가방, 구두",1
수입그릇 일용잡화류,1
"즉석,가공어묵",1
"건어물, 추어탕",1
농업작물소매,1
안감 및 심지,1
내의류 양말,1
"잡화, 농수산물",1
내장,1
"생선,가자미,문어,새우",1
"곶감,감식초",1
"등산,스포츠의류용품",1
양복 종교복,1
화장품등등,1
소매업(의약품),1
내의 및 메리야스,1
국기사,1
가전생활용품,1
소매업(지물),1
"요리기구,반찬",1
김밥 및 간이음식,1
스포츠요가,1
"수산물 도매, 소매",1
속옷 란제리 스포츠의류,1
주출가공,1
"인테리어소품, 생화",1
문구용품 및 소매업,1
헤어미용재료,1
"한복대여,맞춤풍기인견,아동한복",1
"생선, 해산물",1
"양식, 리빙용품",1
잡화 호스 박킹,1
"종묘,농약,농자재",1
양식 서비스업,1
"도소매(육류소매업,야채)",1
"축산물,부산물",1
수산물농산물,1
"식자재,공산품",1
정육(육류),1
바닷장어,1
도매외(채소외),1
아웃도어의류 기능성의류 등산화 워킹화 트레킹화 캠핑용품,1
"주방기물, 의류잡화",1
"음식(만두,찐빵)",1
"김치류, 반찬류",1
"일반신발,스포츠용품및의류",1
"의류(속옷, 양말)",1
이불 침구 소품,1
한식，분식,1
"소매업(전기제품,생활용품)",1
도소매(기타건어물 기타수산물),1
"소매업(슈퍼마켓,식품,잡화)",1
캘리그라피소품,1
화장품 신발,1
양파 채소류,1
기타유통업,1
초콜릿 및 특산물,1
오토바이수리업,1
장어(일식),1
"소매(잡화,생활용품)",1
잡화물,1
수산물(생어),1
"회,생선",1
블록,1
수선 및 세탁,1
"식잡,정육",1
식품(홍삼),1
이벤트대행,1
"수입식품,잡화",1
"음식(호프,치킨)",1
"도소매(철물,건축재료,농자재,안전용품",1
유공압배관자재,1
"도소매(커튼,침구)",1
건어물생선,1
"떡방앗간,떡류",1
소매(유아의류),1
소매(과일야채),1
건강식품(약초),1
어패류도소매,1
수예 및 커텐,1
음식업(떡류(즉석판매제조가공업)),1
"수삼, 인삼",1
"의류,패션잡화",1
수산물 곡물 공산품 (도매),1
닭갈비 한식,1
비닐포장자재,1
안경 렌즈 선글라스 콘택트렌즈,1
기타악기,1
"농기구,생활도구",1
의류(스포츠용품),1
"커텐, 원단",1
"피부,발톱,화장,분장",1
가구그릇,1
채소버섯류,1
"내의류,양말",1
"특산품, 감귤초콜릿 과자류",1
생닭 오리,1
일반신발판매,1
퀄트제품,1
"커텐,카페트",1
과일농산물,1
소매업(화장품,1
"생선,돼지",1
한우 돈육 수입육,1
"분식,한식",1
고추참깨,1
"식육,부산물,축산물",1
죽산업,1
"이불,주단",1
"쇠고기,돼지고기",1
"어묵,식품",1
"양장지,한복지",1
"동물약품,사류",1
청과(과실),1
"가공식품,식자재 등",1
떡제조판매,1
"그린고이골프웨어,스포츠의류",1
속옷 화장품,1
돈육/부산물,1
"도소매(버섯, 다류)",1
멸치북어미역,1
"고추,참기름등",1
"고추,채소,마늘",1
건강원 즙종류,1
"육류, 양념육",1
소매(닭고기),1
"유리제품, 액자, 거울, 유리샷시",1
"장뇌,더덕",1
음식 고기 판매,1
식육생닭,1
제조소매(두부),1
남여용 겉옷 및 셔츠도매업,1
시계및악세서리,1
한과즉석판매,1
"담배,고추",1
"빨래방, 농산물",1
수예퀼트,1
"도소매업(건어물,식잡화)",1
인장업,1
"소매업(화장품,악세사리)",1
도소매(칠보공예),1
그레이틱철물,1
음식점업(호프),1
"도소매(라디오및전축,잡화)",1
도소매(식유 고추),1
산물,1
"농수산물,유니시티",1
슈퍼(마트),1
"안경,임대",1
"인삼, 홍삼",1
"소금,젖갈",1
도소매(유과),1
전자기기및잡화,1
"벽지, 장판, 비닐류",1
도매(수산업),1
"캠핑, 아웃도어",1
"소매(인삼,견과)",1
"도소매(우산,장갑)",1
뜨게용실,1
"가구, 커튼 및 침구용품",1
소매업(유아복),1
"즉석판매제조가공(고추,참기름)",1
"대게, 수산물도소매,상품도매업 등",1
도소매(음식점업),1
인삼제조,1
내연기관용품,1
소매업(기타섬유),1
"소매업(김치,반찬)",1
"소고기,돼지고기,닭고기",1
곱창 족발,1
털실수예,1
"도소매(사무용가구,인테리어가구)",1
"소금, 신발",1
"계란,빵류",1
"전화기,선풍기,밥통",1
생화소매,1
가졍용품,1
"고추,기름,마늘",1
인삼 등 뿌리작물류,1
"돈, 우육",1
"철기계,공구",1
"타올, 상패, 판촉물",1
"소매(의류, 명찰)",1
철물등등,1
"소매(담배,지물)",1
도매및소매업(육류도매업),1
"떡, 고추기름 등",1
도소매(닭오리계란),1
"소매(선물,잡화,여성의류)",1
서비스(자동차정비),1
소매(굴비),1
"의류,잡화,바구니",1
벨트 베아링 기계부품,1
"도매 및 소매업(가구,흙,돌,침대,사무용가구)",1
휴대폰 보호필름,1
"바지락칼국수, 팥죽",1
머리손질,1
인테리어소품 주방소품,1
"의류, 정장(여성)",1
냠녀용 겉옷 소매업,1
서비스(체력단련),1
서비스(양약),1
제조업(조미김 즉석구이),1
"도소매(잡화,기타음식료품)",1
수산물 활어 냉동,1
"라면, 캔",1
도소매(미용기구),1
문구 꽃 식물,1
도소매(실사자재통신판매) 인쇄물,1
소매(기름),1
건산채류,1
"아동복,스포츠의류",1
"도소매(쌀,곡물)",1
이술수선,1
상품중개업(의류),1
서비스(피부미용업)소매업(화장품),1
"음식점업(제과,제빵)",1
"음식(순대,족발)",1
사무기기 등,1
"자수,수예품",1
"제조,떡류",1
음식업(중국음식점),1
베이커리카폐,1
"소매(건어물, 즉석김구이)",1
도소매(전자부품 음향기기),1
소매업(통신기기),1
교적,1
"농산물, 기념품",1
"반찬, 탕수육,돈까스,육개장,사골육수",1
강정 견과류 차류,1
"참기름, 깨, 고추가루",1
침구 잡화 양발,1
기타 직물류,1
"공방,강사",1
수제오란다,1
채소및과실,1
"서비스/도소매(번역중개,보청기,청각보조기기)",1
"소매(손뜨개,잡화)",1
이바지음식,1
소매(반찬류),1
에폭시(인쇄제조),1
"밤,대추,약과",1
"소매(의류,신발,가방)",1
"인쇄,복사,도장",1
컴퓨터 수리업,1
"이유식, 분말식품",1
서비스업(피부,1
"노트,연필,문구류",1
"도소매,서비스업(문구,사무기,잡화,인쇄)",1
"가구,인테리어공사,전자상거래(가구)",1
도서 임대,1
생선선어,1
"전,튀김판매",1
그릇(도소매),1
"소매업(과일,건어물,김)",1
"도소매업(수산물,어패류)",1
일반음식점(곱창),1
반찬종류,1
도소매업(사료),1
각종생필품,1
도소매업(농축수산물),1
"장류,양곡외",1
의류.속옷,1
잡곡물,1
커텐이불,1
소매업(기타),1
의류 신발 모자 가방 액서사리등,1
전시용품,1
전기전자제품,1
생선/건어물,1
"지물,타일",1
"서비스(스쿼시,헬스)도매및소매업(운동용품)",1
이탈리아요리,1
"도소매(화병,잡화)",1
"염장류, 젓갈",1
"신선식품, 과일",1
맞춤복,1
"측정기,공구",1
"도소매업(신선,냉동 및 기타 수산물 )",1
음식점(등갈비),1
애완동물 및 관련용품,1
"닭강정, 후라이드, 생닭",1
악세사리 문구류 네일팁,1
"도소매(비닐포장재료,청소용품)",1
만인철물,1
식품잡화수산물,1
"두부, 묵류가공",1
"고매(고추, 젓갈)",1
양품잠,1
"외의,화장품외판소매",1
의약춤,1
의류 및 신발용품,1
"침구류(이불,한복)",1
"소매(건강식품,음료품배달소매)",1
도소매(기타 건어물 및 젓갈류 도매업),1
"채소,식료품",1
"순대, 순대국",1
"액상차,건강식품",1
소매(곡류),1
"도소매(채소), 진고추",1
압력밥솥,1
"가방,모자,악세서리,잡화",1
"분수,조명자재",1
"귀금속, 시계, 액세서리",1
사탕과자,1
도소매(미용품),1
"베이글, 샌드위치",1
소매(액자),1
"소매, 식품, 건어물",1
"축산물판매업, 식육판매업",1
"급식도구,잡화",1
"패류,선어",1
"대게, 휴게음식",1
과실(도소매),1
"도소매(시계,잡화)",1
캔들디퓨저,1
"커튼및천막, 카페트, 스포츠의류용품",1
소고기 돼지고기 닭고기 오리,1
"도소매(식육판매),소매(양념육)",1
양은,1
소매업(남성캐주얼),1
제조업(떡외),1
"도소매업(모자,양산,우산.타올)",1
수산농산,1
셔츠 등,1
"소매(양약,한약,담배)",1
닭(축산물),1
"잡화,농산물",1
"도매및소매업(건강기능식품,식품,잡화,화장품)",1
"외의,팬시,잡화,문구",1
기타식사류 가공조리음식제조 반찬류,1
인견개량한복,1
장생도라지,1
멸치젓,1
소매의약품의료기기판매업잡화,1
도소매(커피),1
고무단열재,1
공산품외야채청과(슈퍼마켓),1
도소매(곡류),1
"화섬직,면",1
"잡화,가발",1
"소매(내의), 도매(셔츠 및 내의)",1
"소매업(견과류,밤,대추)",1
체중관리,1
"철물,전기,열쇠",1
"마늘,생강,양파",1
도매업(생선),1
식품 및 한약재 도소매,1
"잡화,수입상품",1
"수퍼, 농축산물외",1
치킨족발,1
호두과자 식혜외건과류,1
"고추,땅콩,참깨,마늘",1
"도배,장판,비닐",1
"제조업도소매업(고추,들깨,참깨)",1
커튼 원단 블라인드,1
"소매(야채, 잡화)",1
"내의류,속옷",1
"지갑,잡화",1
"식료,잡화,농산물",1
건어물한과견과,1
"대추, 인삼",1
"과자,곡류가공품",1
생율 피밤 땅콩 잣 호두 대추 (도소매),1
돈카츠 외,1
"농약,비료,종자,자재",1
외의 소매업,1
"마늘, 고춧가루",1
"매트,목기",1
"이불,원단",1
"도소매(활어,수산물)",1
소매업/스포츠용품및의류,1
"미곡,소금",1
"피부미용, 체형관리, 화장품",1
도소매(휴대폰),1
"튀김, 전",1
음식식당,1
앙파마늘,1
"채소, 과실류",1
우엉 계란 농산물,1
장판 벽지 기타지류,1
"젓갈류,건어물",1
"대게,활어,회,킹크랩",1
두부(제조가공업),1
식품추출가공,1
"견과류,선식",1
"식육, 소매",1
"속옷, 스포츠용품",1
"기타음식료품 종합소매업,육전",1
공구류,1
"잡화, 마트",1
조미어포류,1
소매(전기철물),1
가공착유,1
유모차,1
"족발,보쌈,한식",1
간이분식,1
"미용,염색",1
"회,물회,일식",1
"기타,젓갈류,김,조미김",1
"농산물재배,음식점",1
"두부,수프",1
방앗간(참깨 고추 참기름),1
양곡 잡과 수산,1
"주방용품,커피용품,잡화",1
즉석식품 제조판매,1
제과(빵),1
금형부품,1
경기용품소매업,1
간이음식(통닭),1
한식점업축산물,1
정육(축산물),1
건어물잡화,1
"즉석식품, 건어물",1
닭튀김 / 정육,1
소품.잡화,1
전자제품 및 가전용품,1
도소매(축산물) 건어물,1
소매업(식료품),1
공구제조및소매,1
식품(가공식품),1
음식점(떡볶이),1
뻥튀기(과자류),1
음식및숙박(한식) 김치찌개 오리요리 등,1
"쌀,기름,떡방아",1
"커피,국산차,떡",1
곰탕 갈비탕 육개장 등,1
"전자제품 판매, 수리",1
"농산물 도,소매",1
생활자기.식품,1
커텐및부자재,1
중고가방,1
전동기기,1
음식/커피,1
"의류,화장품,건강기능식품",1
"빙수,커피",1
생화 화분 난,1
건강약재,1
음식(프렌차이즈음식점),1
"음식,술",1
삼베주머니 광목주머니,1
식육고기,1
속옷외,1
"도소매업(화장품,미용프랜차이즈,미용재료,전자상거래",1
문어 갈치,1
"소매,내의",1
냉동 수산부 5호,1
"소매(생활용품,조화)",1
"액자, 감사패",1
"한식, 활어회",1
"소매(기름,고춧가루)",1
조립소프트웨어,1
예술공방,1
도소매(수예),1
조미김참기름들기름,1
"족발,순대국",1
"참기름,들기름,곡물",1
"그릇, 주방기물",1
즉석판매가공업,1
잡곡 쌀,1
우.돈육 도.소매,1
"도소매(농수산물,계란)",1
"식혜,떡",1
"육류소매업(한우, 한돈)",1
"여성복,스포츠의류",1
"건어물,인삼",1
소매(핸드백),1
"기물,설비",1
"해산물,수산물",1
기름(들깨),1
"침구,커텐,소품",1
"홍삼음료,한약재",1
"소매(잡화,액세사리)",1
식자재슈퍼,1
애완용동물,1
란제리 속옷,1
"슈퍼마켓,잡화,문구",1
"도소매(수예점,잡화)",1
"옛날간식(뻥튀기,한과)",1
"생활용품및잡화,식품",1
"음식점업(돈까스,치킨)",1
생선중계,1
양말메리야스,1
스포츠의류 및 잡화,1
"중고로스타, 중고가구",1
털실 수예 부자재,1
한과 조청 과자 강정 임산물,1
도소매업(내의류),1
"도소매(타울,잡화등)",1
"유아용 의류, 용품",1
"도소매(화장품,담배)",1
"기름, 고추",1
족발식당,1
쌀디저트,1
"전통공예, 불교용품",1
음식점(닭발),1
커피 및 음식,1
정육(돼지고기),1
"농수산물, 기타건어물",1
한복/한복맞춤,1
외의스포츠용품,1
"소매업(고추가루,건고추)",1
"도소매업(스포츠의류,스포츠용품)",1
반찬과일,1
시계.액세서리,1
떡 즉석판매제조,1
프렌차이즈음식,1
도소매(스포츠웨어),1
"제조,판매(두부류)",1
음식점업(우동),1
"교재, 잡화",1
"젓갈,게장",1
닭고기 등,1
음식점(핫도그),1
"소매(한복,이불)",1
일반음삭,1
"봉투,비닐,다슬기",1
"오디오, 가전제품수리",1
"튀김류,한식",1
"오징어순대,튀김",1
"커피,즉석판매제조가공업",1
커튼 블라인드 소품 부자재,1
담배 및 나물,1
"어묵, 족발",1
수산/ 축산가공품,1
"수도,전기,공구,철물",1
의료기기 및 한의용품,1
의약품(약국),1
"제조업(기름집,곡물제분업)",1
키조개삼합,1
"음료,빙수,떡",1
커피 및 쥬스,1
"반찬,생선구이",1
도소매(식육즉석판매가공),1
한식(즉석판매제조가공),1
"소매(과자및떡,빵)",1
식품/잡화 도소매,1
기름 쌀 잡곡,1
임가공(식품),1
의약품 및 의약외품 건강기능식품,1
건강기기 및 운동기구 가전,1
기타소품,1
"김,죽,즉석식품",1
수입,1
일반가구 및 인테리어제품,1
"담배, 편의품",1
슈퍼(식자재),1
"소매(신발,의류)",1
수선세탁,1
도소매(기타해산물 건어물),1
도매및소매업(육류판매업),1
식품(두부),1
"잡곡,약초",1
건어물젓갈류,1
"한복,한복대여",1
기타식품일용잡화,1
소매(일용잡화및기타가정용품),1
"생활용품,슈퍼",1
"의료용기기, 건강기능식품, 화장품",1
"향토음식점(녹두전, 막국수, 장칼국수",1
"떡,식혜",1
"비닐, 포장재",1
"건강원,한약재,임산물,농산물,수입식품",1
음식점업(커피숍)제조업(과자),1
"쌀, 과일 등",1
나물 국,1
"버섯,인삼",1
식료 및 일용잡화,1
"피자,핸버거,샌드위치및유사음식점업",1
도소매(참기름),1
음식점업(통닭),1
소매(가방및기타가죽제품),1
일반음식점업(양갈비),1
"도매및소매업(농산물,수산물,건어물및젓갈류,과일)",1
기타 외국음식,1
각종 환,1
"소, 돼지, 닭고기",1
"인삼,마",1
"장류,어육류",1
농수산물건조,1
김치젖갈류,1
출장음식행사용품,1
서비스(헤어),1
제조국반찬,1
양약 및 의료용품,1
"음식,일식,회",1
"소매업(건어물,식품잡화)",1
"화장품,잡화,의류",1
"도소매업(참기름,고추)",1
소매업(의류)도매및소매업(건강기능식품),1
참기름고추,1
닭(도소매),1
장갑 일회용그릇,1
식육한식,1
한식 닭요리,1
"농산물,방앗간",1
혼수소품,1
일용집화기타,1
소소매(기타),1
의류(숙녀),1
미장원,1
"타올,기념품",1
"이불,커텐외",1
"청과,채소",1
문구.청소용품,1
"전자제품,전자상거래업",1
"축산물판매업,농산물유통판매업",1
"인견,단추",1
"의류,등산용품",1
"팥죽,분식",1
유아용품 도소매,1
컴퓨터 주변기기 외 소모품,1
도소매(양초 잡화),1
악세사리 부자재,1
"이바지 음식, 떡",1
신생아용품,1
이불 홈패션,1
"칼국수, 보리밥",1
한식(동태탕),1
떡갈비 제조,1
"이불, 스포츠",1
"인삼, 버섯",1
"도소매(철물,생활용품)",1
기타 식료품 소매업(마트),1
과일잡화,1
소매(구이김),1
"활어, 대게, 문어",1
소.돼지고기류,1
"도소매(커튼,블라인드,침구류)",1
"황태,젓갈",1
"묵, 국수",1
"소매업(기타음식료품,일용잡화)",1
음식(한식)소매업(과자),1
슈퍼마켓 1차식품 공산품,1
"도소매(축산물,식육판매)",1
외의도매,1
"담배,주류",1
"소매업(도자기,그릇)",1
가자미,1
"의류, 가방, 악세사리",1
족욕기,1
화장품 건강식품 의류,1
즉석판매 제조,1
"대추,견과류",1
"한식,육우,식육",1
"가방,액세서리",1
고추외,1
밀크티 및 음료,1
"화장품,피부비만관리",1
"참깨, 참기름",1
신발의류스포츠의류용품,1
도소매(포장재료),1
헤러,1
"건어물, 가공식품",1
"농수산물,건강기능식품",1
컴퓨터 및 기타,1
돈육류,1
한의 진료 및 치료,1
"계란,계육",1
광고간판,1
소매(양곡 야채),1
선어판매,1
소매(찌개류),1
"수산물(선어,홍어전문)",1
"유니폼,안전용품",1
"농자재,농약",1
"커튼, 침구, 부자재",1
건어물/농축수 임산물,1
"당근,양파,채소",1
의류 스포츠,1
음식점(육회),1
"생선,활어,건어물",1
"소매업(여성의류,스포츠의류)",1
"이불,수예품,잡화",1
철물 자판,1
컴퓨터잉크충전,1
"한식,일반음식",1
"채소, 과일, 수산물",1
"도소매업(과자,잡화)",1
"젓갈류, 반찬류",1
잡회,1
"고롯게,꽈배기",1
서예용품,1
기계수리/야채줄단기/육절기외식품기계,1
"쌀,곡식",1
"선물용품판매,공방용품,예술강사",1
"등산용의류, 안전용품",1
마트(식품),1
도소매(한의업관련용품),1
음식업(양식),1
개소주 과일즙 홍삼,1
농산물  씨앗  종묘,1
"엿기름,생강",1
"건어물,과실",1
"양약,한약",1
"피부 미용, 화장품 도소매",1
건명태,1
"그릇, 주방용품",1
"건어물,채소",1
"주단,한복,침구",1
"여자용 겉옷, 전자상거래(여성의류)",1
"소매(양약,한약,의료용품)",1
해초,1
기타 섬유 직물 및 의복액세서리 소매업,1
스포츠용품(자전거),1
"의류, 디퓨저 등",1
과자류식용유지류,1
일반내의양말,1
"소매업(두부,기타 식료품,콩나물)",1
의류식품,1
"한식, 대게 도소매업",1
"옷, 수입잡화",1
공산품일체,1
무용실용음악,1
"옷수선, 건강기능식품",1
"카메라,필름",1
"두부,만두",1
고등어갈치,1
"중탕,엑기스",1
밤 대추,1
"통신판매, 음식점, 등",1
인형옷제작,1
도소매(미술재료 등),1
"국수,두부",1
일반가구외,1
"소매(반찬,김치)",1
"일식, 연어",1
의약품및건강기능식품,1
소금임공감미료,1
"제조업,소매업(덕,곡물,고추가루)",1
빵(제과점업),1
음식점업 홍어,1
주방용기류,1
수산물 포장판매,1
"한식(국,반찬)",1
소매(건어물외),1
란제리(속옷),1
등뼈감자탕,1
"털실,카페트,잡화",1
"두부,콩물",1
LPG 가스판매,1
채소(농산물),1
떡도정,1
"부대찌개,돈가스",1
즉석판매제조업(육회김밥),1
"밀키트,고추가루,사과즙",1
도소매(건어물 한과),1
"소매(농, 축, 수, 임산물(일반))",1
즉석제조과자,1
식기등의주방용품,1
"건어물,수산물가공품",1
"도소매업(의류,레저,스포츠용품)",1
"pc조립, 부품판매",1
"두부, 음식",1
소매 (즉석김),1
"소매(인삼,영지)",1
"가공식품,수산물",1
"한과,야채,견과류,건어물",1
도매(포장지),1
도소매(넥타이),1
육류 및 가공식품,1
"소매업(커튼및천막,카페트,임대)",1
그릇가게,1
"쌀,농산물,젓갈류,화훼류",1
양복양장지,1
커피와 음료,1
"공구,전기재료",1
익육,1
꽃(도소매),1
도소매(고춧가루 농수산물),1
"참기름,들기름농산,고추가루",1
도소매업(기타건어물),1
가저용의류,1
잡화.주류,1
산채,1
"양약, 동물약품, 한약",1
우산우의양산,1
"도소매(잡화,사진기,전자제품)",1
소매(포장자재),1
야채 잡화류,1
김 전분,1
"신발,양말등",1
소매업(일반내의),1
양곡고추참깨,1
문구 스포츠용품 전산용품 청소용품 생활용품 식음료,1
"선풍기, 환풍기",1
커튼 및 침구용품 도매업,1
코인육수 등,1
"공구, 철물",1
쌀빵떡,1
초코파이,1
도소매(반찬가게),1
농축산물 등,1
아동내의류,1
도소매업(젓갈),1
"소매업(미숫가루),도소매업(농산물)",1
"스낵,강정",1
도소매업(인삼),1
식품 공산품 생활용품,1
"수예,커튼,이불",1
농산물(쌀),1
도소매(식품및 잡화),1
"악세서리,쥬얼리",1
"가정용게임기기,컴퓨터",1
소매업(컴퓨터및주변기기),1
건강기능식품소매업,1
"식품, 잡화, 술, 담배",1
홈소품,1
식탁및주방용품 냄비 보온병 전기주전자 외,1
인삼건강제품,1
"열쇠,도장,스포츠용품",1
음식(즉석판매제조가공업),1
이동식소품(은제품)매대,1
도소매(제빵),1
음식업(기타음식),1
전자제품 외 수리,1
(제조) 참기름,1
"유지보수,복사기",1
소매(수산업),1
"소매(야채,인삼)",1
"음식점업(일반음식),제조업(떡류)",1
"반찬류(게장,홍어),김치",1
건어물 쌀 소금,1
제조업(제유소),1
"계육,양념닭갈비",1
"도소매업(화장품),도소매업(구두부속품)",1
"슈퍼,일용잡화",1
"양약, 의약품",1
"아채, 잡화",1
서비스(보일러수리),1
"수공예품, 공방",1
"커피,디저트,기념품",1
음식(한식(순대국)),1
식당재료(식품업),1
휴게음식 꽈배기,1
지업,1
건어물청과,1
"치킨, 생닭 소매업",1
"주방용품,생활용품",1
"순대국밥,콩나물국밥",1
축산도.소매,1
"감귤,생선",1
도소매(식품 및 일용잡화),1
"수입잡화,화장품,소품",1
"소매(커튼,침구류,기타)",1
농특산물도소매,1
와이셔츠남방지,1
회 초밥 포장 판매 전문점,1
"네일,메이크업",1
건어 농산물,1
의약품 및 기타상품,1
패션과국제결혼업,1
한약제조,1
"벨트,공구",1
도소매(주방기기),1
"도소매(이불,수예)",1
고무신발 및 일반운동화,1
치과 보건업,1
신발및잡화,1
"인삼, 홍삼, 꽈배기",1
"휴게음식(커피,버블티)",1
즉석판매제조업(미트파이),1
"모자,토시,악세사리",1
"곡물,잡화",1
"식품, 건강식품",1
"커피, 수제청 제조판매",1
"도소매(채소,야채)",1
"도매(식탁및주방용품,주방잡화)",1
도매및소매업(통신기기소매업),1
도소매(전자상거래),1
"도너츠,제빵",1
"손글씨, 캘리그라피, 공예 및 교육",1
"제과점, 간이음식점 등",1
"야채,꽃",1
음식점(순대),1
"제조,도매(두부)",1
젓갈류소매업,1
"과일, 생화",1
"떡볶이,순대,어묵",1
도소매(면직물 솜),1
"한식, 보리밥",1
"표구,간판",1
목공(공방),1
gkstlr,1
식품류추출가공,1
"젓갈, 수산물",1
"도소매업(즉석가공,기름)",1
"소매업(의류,소품,잡화)",1
죽&비빔밥,1
"튀밥, 미숫가루",1
사진처리업,1
"도소매 및 제조(식용유지류, 채소)",1
내열도자기,1
"악세사리, 장신구",1
순대국 곱창,1
"두부,반찬",1
"의료기기, 식품",1
음식(족발 순대),1
그릇 및 잡화,1
여행투어,1
위스키,1
"컴퓨터 주변기기, 전산 소모품",1
근린서비스,1
방앗간(떡),1
"제사식, 반찬",1
소매업마트,1
"참깨, 고추",1
"속옷,악세서리",1
일반음식점업(음식점업),1
도매및소매업(의류및악세서리),1
가정용품 소매,1
일식점,1
"생활잡화, 그릇",1
도매(매듭),1
모형 완구,1
"옻칠,나전칠기",1
핸드메이드 소품 문구류,1
중국식찜닭,1
농수산잡곡,1
"바닥재, 커튼",1
소매(유아용의류),1
축산물(식육),1
음식 및 숙박,1
전기온돌 판넬,1
"도소매(이미용기구,잡화)",1
한식(오리고기),1
수예품 십자수,1
"소매(쌀,과일)",1
음식(순대국밥),1
"소매업(침구,포목)",1
소매(기타섬유),1
"음식, 디저트",1
도소매(굴비),1
"가구, 인테리어용품",1
결혼정보,1
"농수산물, 식품류",1
도소매(양말외잡화),1
제사음식 전자상거래,1
광목,1
광학기기,1
기계제작장비,1
"명함,인쇄",1
한복원단(도소매),1
돼지고기한식,1
나무젓가락,1
도매 및 소매업(스포츠의류),1
한복지 나염지 금백,1
전동휠체어,1
과일(도매),1
의류/신발,1
미용(피부관리),1
"빵류, 만두",1
"잡화(양말,모자 등)",1
"약조제,판매",1
도소매업(건어물),1
소매(건어물견과류)),1
음식점업(간이음식),1
"방앗간,통신판매",1
유가공품,1
사진촬영및이벤트,1
시계 및 가전용품,1
"도소매업(슈퍼마켓,식품,잡화류도소매)",1
"회,대게",1
"인삼빵,약과",1
"한식,야채소매",1
수입 구제,1
"미용실,화장품",1
"전자상거래 소매업, SNS마켓",1
농산물곡물,1
"약초,나물,버섯,발효액기스",1
"스포츠의류,운동화",1
소매(인삼제품),1
"식품,음료,라면",1
"호스,배관재",1
애완용품및의류,1
소매업(기타섬유및의복액세서리),1
삼겹살코다리,1
"기타잡화, 농산물",1
"그림, 액자",1
민어횟집,1
"제조(도장,명함,인쇄프린트)",1
문구사무용품식음료,1
내의(여성속옷),1
음식및숙박업(한식),1
세탁수거업,1
"한식,순대",1
"도소매(문구,잡화)",1
잡화류,1
"냉동수산물,수산물",1
"그릇류,잡화",1
"타올,판촉물",1
의류골프웨어,1
"도소매(도자기전자상거래업),제조업(도자기)",1
"문구, 디자인",1
서비스(사진촬영),1
"방아간, 제조",1
소매(캐주얼의류),1
된장 고추장 건어물 조미건어물,1
"참기름외,음료배달소매",1
소방자재,1
"일반음식,국밥",1
철강,1
"떡, 고추, 기름",1
"전선,조명,전자자재",1
견면류생면류,1
"제조,소매(도자기)",1
"소메(액세서리,잡화)",1
"지물포, 장판",1
경양식음식,1
식자재및농수축산물,1
아동 잡화 아동 의류,1
한복제조업,1
소매(제과점),1
"유암,유니트 및 밸브",1
농수산물가공품스낵식품휴게음식,1
"비닐,포장자재",1
소매(화원),1
벽지 및 장판지,1
"피부미용, 서비스",1
기타 산업용 농산물,1
"소매(즉석반찬,김치)",1
"소매업(농약)소매(농자재,종자,종묘,비료)",1
"농수산,가공식품,건강식품 외",1
"도소매(휴대폰,호출기)",1
"도자기, 전자상거래업",1
이불 담요 잡화 외의,1
도자기 공예,1
도소매(인테리어),1
포장자재서비스,1
타투,1
화장품 비누,1
간이음식(파스타),1
의류/잡화,1
쌀 및 잡곡류,1
도소매(수입도자기),1
소매업(화랑),1
외의의류,1
커피 및 원두,1
건강식품즉석제조가공,1
공예품 외,1
음식업(떡),1
"풍선, 잡화",1
"가죽공예품,내의,전자상거래업",1
"악세사리,잡화,모자",1
화분 식물 꽃,1
커텐지물,1
잡화(모자),1
음식점업(한식육류전문점),1
예초기 및 엔진톱,1
생활용품 담배,1
"두부,식품",1
컴퓨터 및 모니터 외,1
"여성의류,스포츠용품",1
"양말,담배",1
농축수산물및 식품및 잡화,1
식육 정육,1
도소매(건과류),1
"외의,여성의류",1
도소매(꽃조화),1
건강기능식품 및 한약,1
"소매(과일,식료)",1
소매(시계),1
"반찬류, 의류 등",1
"철망,휀스자재",1
순대떡볶이,1
전녹두전,1
"벽지, 비닐장판 소매",1
포장판매,1
"소금,감미료,장류",1
포장어묵,1
"냉동수산물, 농산물, 수산물",1
일반음식 덮밥,1
"소매업(양말,잡화,손수건)",1
"청과, 건어물",1
"소품, 디퓨저, 조화",1
연마제,1
불교제품,1
"도소매(가축약품,애견용품)",1
"제조,도매(도자기)",1
"소매업(액세서리,잡화)",1
"공구,산업용품",1
"한식, 소스류",1
"디자인,인쇄",1
"의류,소모품",1
만두 족발 도너츠,1
"의류판매, 전자상거래",1
도소매(기타 건어물),1
"농산물,수산물,건어물",1
"미용, 머리핀",1
"헤어커트,파마",1
동물약국,1
"도장, 시계, 열쇠",1
컴퓨터용품,1
안전복잡업복,1
뻥과자,1
"소매업(도자기,전자상거래 소매업)",1
원단류,1
"소매(고무신,운동화)",1
도소매(시계및귀금속),1
돗자리 카페트,1
"건어물, 즉석판매",1
"소매업(생화,분화)",1
원목상,1
"농약, 농자재, 비료",1
운동화가죽신발등산용품,1
서미스업(일반미용업),1
보청기.안경,1
가구 및 리모델링,1
가구커튼,1
"벽지, 장판, 지류",1
피부관리 왁싱 속눈썹,1
"등산, 스포츠 의류",1
수산물일절,1
기타 주점업,1
김 멸치 오징어,1
소매업(지물포),1
속옷 양말 의류,1
사진용품,1
"체인, 로프부속품선구품",1
야채(소매),1
"의료기기, 살균소독수, 화장품",1
"전자기기,음향기기",1
"손톱미용, 피부미용",1
축제품,1
"의류(스포츠, 골프)",1
건강관리,1
소매(전류),1
수입가공식품,1
과자떡빵,1
가전外,1
"소매(안경),도매및소매업(보청기)",1
"스카프, 악세사리",1
가방제작,1
골프 스포츠웨어,1
카페(음료),1
"도소매(도자기,생활자기)",1
도소매업(액상차외),1
"마대,장갑",1
건강기능식품액화처리,1
체인음식점,1
"서적, 커피원두, 커피기계 등",1
장류외식품,1
꽃상여등,1
목재소품,1
"무,배추",1
"공예,공예품,천가방(소매업)",1
해산물 건채,1
쌀국수 및 각종요리,1
"건강식품,이유식",1
기타기기,1
소매정육점,1
음식점(닭도리탕),1
커피전문점 및  문구소매,1
도매(철물),1
"잡화, 숙녀복",1
오징어순대 튀김류,1
"식육,육류",1
소스류,1
수입품잡화,1
"문구,광고",1
"식자재,농산물",1
의류(유아복),1
"떡,참기름,고추",1
"휴대폰,담배",1
조미료 외 식품,1
"도소매(농수산물,식품)",1
"반찬 도, 소매",1
다이어트댄스,1
가방 악세사리,1
수산물 도 소매업,1
의류신발잡화판매,1
한식(순대국),1
"이자까야, 일식",1
실병풍,1
"닭,두치",1
멸치 미역 외  등,1
생고기 곱창,1
"써비스(국내외여행알선업) 도매업(플라스틱류,기타무?",1
김 멸치 다시마등 건어물,1
"떡,기름,고추",1
원단외부자재 도서,1
음식점(갈비탕),1
서비스(이발소),1
전자제품소매,1
서비스업(열쇠수리및복사등),1
"칼국수, 고기",1
어묵 건어물,1
당절임 빵류,1
소매업(꽃),1
"음식,족발",1
소프트아이스크림,1
한식및육류,1
캔들 석고 비누,1
"담배, 슈퍼",1
도소매업(휴대폰)소매업(휴대폰악세사리),1
커튼 블라인드 침구류,1
"소매(침구,수예,커튼)",1
"방앗간,기름",1
소매(화장품 및 잡화),1
전자제품 가전제품,1
도소매(참기름곡물),1
고추기름제조,1
기타 의료용품 건강기구,1
소매(장식품),1
"소매(그릇,잡화)",1
도소매(만두),1
"전산소모품,사무용기기",1
일반한복,1
부대찌개포장판매,1
"도소매(가전제품,기타가정용기기)",1
"가전,전기,조명",1
반찬 및 김치류,1
"뿌리공예,가방,악세사리",1
"대게, 전복",1
커피및 음료  위스키,1
"정육,돈육",1
콩나물 등,1
"철만물,욕실자재",1
청과일,1
"건어물, 식육",1
"수산,식품",1
회테크아웃,1
생화기념품,1
건강기능식품 화장품 잡화,1
"도소매(닭,오리판매)",1
"가구,쇼파",1
국악기 국악의상 무용의상 무용소품 한복소품 악기소품,1
수제쿠키,1
소매업(고급기성화),1
전자상거래(의류),1
음식료품 종합 소매업,1
음식(도넛츠),1
야채판매,1
"소매(김,과자)",1
악세사리  잡화,1
도소매(민물고기),1
곡물제분(방앗간),1
소매업(홍삼및홍삼제품),1
전(부침개),1
음식점(제과),1
운동보호대,1
비건음식,1
제조업(즉석판매제조),1
소매(기타잡화),1
배관설비,1
"음식(중국음식점),소매(차류,주류)",1
잡화 스카프,1
동식물,1
"수산,회",1
안경.콘텍트렌즈,1
막국수.전병,1
포장필름,1
소매(홍어무침),1
도소매 및 상품중개업(면직물 전자상거래),1
"도소매(마늘,철물)",1
"건어물, 약초, 건강기능식품",1
도매및소매업(채소),1
"도소매(침구,수예,잡화)",1
수선업(의류),1
도소매(의류잡화),1
두부 제조,1
내의및잡화류,1
"도배지,벽지",1
"소매(한복,포목,전통복식재현및소품판매)",1
"소매(일반, 사무용가구)",1
소매(남성복),1
음식업(찜닭),1
"휴대폰 악세사리, 컴퓨터 주변기기",1
소매업(건어물외),1
"생선, 얼음",1
해물 수산물,1
수입 냉동육 국내산돈,1
"순대,오뎅,김밥",1
"음식업(과일즙,홍삼즙)",1
의류(빈티지),1
"도소매(식품잡화,해산물기타)",1
"도매,소매(축산물,식육,담배)",1
"도소매업(수산물도매업,기타산업용농산물및산동?",1
소매업(액세사리및기타),1
털실 소매업,1
커피믹스,1
기름 곡물,1
작업복 숙려복,1
멸치 김 오징어,1
부엌가구외 목공내장,1
"농산물(도라지,더덕)",1
"즉석두부,묵",1
녹두빈대떡,1
"건강보조식품, 건어물",1
"크림설기떡,음료,커피",1
시트지,1
"서비스(쇼파수리,천갈이)",1
분식(김밥),1
"도소매(가방,잡화,의류)",1
"아이스크림, 휴게음식점",1
도소매업(모자),1
건강식품(인삼),1
"도매.소매업(채소, 과일)",1
산업용바퀴,1
재수용품,1
"음반,전자상거래",1
"양약,의료용기구",1
동해안해수산물,1
"침구류,잡화,장의용품",1
대게고로케,1
곡물 제분업,1
"카페, 기타 통신 판매업",1
레이스 망사 액세서리 부자재,1
"제조소매업(식용류,농산물)",1
"닭,도리",1
"야채, 닭",1
"닭갈비, 닭내쟝",1
"정육,농산물",1
열쇠 및 수리,1
소매업(속옷내의),1
액상차 약초,1
소매업(벽지),1
"제조업(도자기,판매업,소매업)",1
조기 갈치,1
참기름 잡곡,1
건어물 및 식자재,1
"호프,소주",1
"반찬,전",1
"소매업(퀼트,수예)",1
"조화, 조경&파티용품,크리스마스용품",1
"한식,돈까스",1
종합도소매,1
"소매업(즉석판매,강정)",1
소매업(떡집),1
"도매(스타킹,양말)",1
"애견간식,용품",1
도소매업(화섬직 주단실크 란제리 침구 수예),1
신선 및 냉동 기타 수산물,1
원단한복 포목,1
"생화, 분재",1
양장지 화섬지,1
곡류계란,1
화장품 및 소품,1
소매(전기재료),1
제과제빵도구,1
"귀금속소매, 악세사리",1
민댕이,1
음악영상물,1
"비료,사료판매",1
주방용품 냄비 후라이팬,1
"지물,도매",1
오리생닭,1
"사진, 영상",1
소매(홍삼제품),1
신방,1
기름 식용유,1
허브제품,1
통신·폰판매,1
패소,1
소매업잡화,1
식품식재료,1
"도소매업(잡화,장갑)",1
태권도 줄넘기 인성교육,1
전문의약품 일반의약품 의료기기,1
김치 조림류 즉석섭취식품,1
의류 가방 신발,1
"고추,약초",1
"레코드,녹음테이프",1
"김치, 젓갈류",1
"커트,염색",1
칼국수 두부두루치기 수육,1
"커피,토스트,음료",1
김치 및 절임식품,1
식품축출가공원,1
"김, 농산물",1
"니트, 바지",1
"쌀국수, 탕수육",1
"양곡, 사료",1
"제조(떡방앗간),소매(담배)",1
"도소매(판촉물,잡화,생활용품)",1
"매점,담배",1
소매(얼음),1
한우한돈수입양념육,1
"가방,제화,잡화",1
도소매(참기름 참깨 고추),1
음식(카페(휴게음식)),1
참기름.고추가루,1
의류  신발  등산용품,1
속옷.양말,1
음료식료품,1
소매(꽃게),1
배추 무,1
"홍삼,건강식",1
"홈패션, 가방",1
"농산물,곡물",1
생선소매업,1
한약(탕제),1
호박 염소 약초,1
커피 베이커리 과일,1
필라테스 운영업,1
"철물, 목재",1
농축수임산물,1
"떡 제조, 떡 도소매",1
생활용품잡화담배,1
"즉성판매제조가공(즙), 농산물 소매",1
단순임가공,1
잡화(악세서리),1
"돼지고기(갈비, 삼겹)",1
"의류, 기타소품",1
식잡화류,1
제조(한과),1
소매(식용유),1
"의류,화장품,잡화",1
제과 빵집(빵),1
"바퀴, 운반기구",1
"여성의류, 잡화, 스포츠웨어",1
"축산물,임산물(일반),식육부산물,식육",1
참기름고추가루기타가공류,1
일반내과 등,1
생크림케이크,1
"수선, 의류",1
즉석판매제조가공(떡),1
도매(셔츠),1
"의류, 스카프",1
"핸드폰케이스,악세사리",1
"아채,할인마트",1
"소매(식잡,슈퍼마켓)",1
생닭튀김닭,1
"두부,식료품,간자,이불",1
"의복,홈패션",1
기계동력장치,1
"냉면, 만두, 국밥",1
도매(생화),1
"고추,기름방앗간",1
요거트 아이스크림 및 음료,1
"수예, 소품",1
의류(천연염색),1
바이올린,1
황태곰국바다장어,1
"과실,기타식료품",1
"애완용품 소매, 장묘",1
소매(화섬직),1
건어물(소매),1
"식품,음료,커피잡화, 자동판매기",1
도소매(벽지및마루덮개),1
미용(남성컷트전문점),1
"도소매(의류,원사),소매(의류부자재)",1
"식잡,채소",1
"청국장,새우탕,김치두부전골",1
수입상품 및 잡화,1
옷 가방 악세사리,1
"커튼, 침구용품",1
라면스넥,1
소매(연탄),1
그릇등,1
"바디케어, 화장품",1
방앗긴,1
"도소매(가발,액세서리)",1
"소매(귀금속,건강식품)",1
소매(목욕용품),1
아이스박스,1
초코릿,1
미곡 잡곡,1
건어물 미역 다시마 멸치 김 건어물 기타,1
도소매(합성수지),1
"얼음,단고기",1
도소매(잡곡),1
선지국밥,1
한식(커피),1
"도소매(생화,분재)",1
소매(패류),1
돈가스 초밥,1
"농산물,임산물",1
내의소매,1
"소매업(신발,구두등)",1
"팬시, 잡화",1
"패션잡화, 악세서리",1
"액세서리,의류,잡화",1
귀금속악세사리,1
"강정, 방충망",1
"도소매(다류,식잡,쌀,밀가루,커피및차)",1
치즈 강정,1
소매(수입과자),1
"도소매(실내장식, 기타직물류)",1
"기타건어물(도소매), 인쇄업",1
헬스장운영,1
헤어(미용업),1
"타올, 우산",1
"액세서리,귀금속",1
설렁탕 갈비탕 육개장,1
"악세사리, 가방, 전자상거래(악세사리",1
청과.식료품,1
"실,원단,부자재",1
"도소매업(식품,잡화)",1
도소매(한복점),1
한식(삼겹살),1
서적 및 잡지류,1
세제,1
과일류도매,1
떡방아간(제조업),1
금속가공업,1
일회용품 등,1
도소매업(스포츠의류및용품),1
재생용 재료,1
"도소매(케이스,잡화)",1
"새우젓,마른김",1
"청량음료,담배",1
수입코너,1
"곡물,가축사료",1
"식료품,임가공",1
음식점(개소주),1
도매업(문구),1
서비스/일반미용실,1
"도소매업(양곡,잡곡,계란)",1
"도소매(의류, 잡화)",1
"화원,꽃",1
호두과자.커피,1
"도소매(축산물,즉석돈까스,수산물)",1
생닭.계란,1
"탕, 찜",1
"공구,철만물",1
야채 과일 생선,1
가방 및 모자,1
앞치마(잡화),1
고추 약초,1
"식료품, 식품자재",1
제과점업잡화,1
"떡,기름,고추가루",1
마늛,1
공구 외,1
"약품,양약",1
"젓갈,맛김",1
"제과점업(빵, 케이크)",1
생활자기,1
주제차,1
"통신, 방송장비 및 부품",1
도배용지판매,1
"김치,부침",1
가구공예품,1
이불수선,1
농축산물 및 가공식품 세제 잡화류,1
배추 열무 알타리무,1
홍어 생선,1
"한식,호프",1
커텐 인타,1
"야채, 과일, 계란, 생선, 건어물",1
"전기, 조명",1
"쌀, 야채, 농수산물",1
"고추가루,고추,수입고추",1
의류 미싱,1
가공류,1
깨,1
구이김 등,1
"음식, 카레, 돈가스",1
"닭, 오리, 계란",1
계량한복 전통,1
"떡,농산물",1
"소,돼지고기",1
"도소매(식자재,농수산물,공판품)",1
오징어 갈치,1
양파즙,1
교육서비스(미술),1
"귀금속,악세사리",1
"잡화, 온열가전",1
"야채,과일,생활용품",1
제조업(순대)도매및소매업(식육부산물),1
슈퍼마켓건어물,1
일회품및 잡화,1
두부 제조업,1
도매및소매업(이불),1
제과제빵기구,1
도소매(농산물수탁판매),1
건어물(기타),1
쌀.기타곡물,1
귀금속판매및수리,1
도소매(의,1
채소 소매업,1
"운동복,체육시설물외",1
양말 및 란제리,1
농업용 기계,1
"도소매(의류,액세사리,잡화)",1
"회,어류판매",1
식육일반음식,1
가공육,1
내의류잡화,1
"고추, 청과",1
식품유지류,1
아시아식품,1
"귀금속,시계소매",1
"오리고기,닭",1
오리숯불바베큐,1
"김밥,돈까스 등",1
잡화 슈퍼,1
통신기기 수리,1
수산물회,1
음식 횟집,1
"수산물도매,패류소매",1
"도소매(외의,아동복)",1
"마늘, 양파",1
"인삼,약초,건강식품",1
음식점업(돈까스),1
"농자재, 철물",1
상품종합중개업,1
"커텐,버티칼",1
스포츠화,1
도매및소매업(시계및귀금속소매업),1
"전선케이블전기,조명",1
"철물,농약",1
공연용품,1
식품 잡화점,1
생물,1
"도매,상품중개업",1
"명찰, 도장",1
"귀금속, 쥬얼리",1
제조참기름들기름농산물,1
"의류, 신발, 악세사리 소품 등",1
"LPG가스, 고압가스",1
"주방조리도구, 원목소품",1
수예 실,1
음식점업(음식점업),1
"식,잡",1
"소매(이불,한복)",1
"도소매(고추,기름)",1
수선품,1
"반찬류,젓갈류",1
제과(꽈배기),1
"양말,타이즈,잡화",1
골프웨어 및 골프용품,1
소매업(고추 참기름),1
도소매(고추 마늘),1
"소매(농수산물,야채등)",1
"소매업,도매(벽지,장판지)",1
"양곡,잡곡,고추",1
"소매업(종묘,씨앗)",1
누비가방,1
"시계, 귀금속 소매",1
니트,1
음식업(일반음식점),1
"음,식료품 및 일용잡화",1
축산물(한우),1
"철물,체인",1
"젓갈, 김치, 차, 분말",1
"통조림,건어물",1
"도소매(식육,순대)",1
"한약,식물추출물",1
한식 소곱창,1
"닭, 오리, 계란, 상계",1
소매/화장품,1
어물점,1
"의료기기, 잡화, 건강기능식품",1
어묵 만두,1
"생화,생활용품",1
담배 식품 잡화,1
도소매(수예품),1
밤.대추,1
한식과 양식의 음식,1
식잡 소매,1
가구 가정용,1
"참기름,들기름,고추가루",1
"고추,마늘,미곡",1
소매(화장품및잡화),1
건강제조음료,1
가정용품(그릇소매),1
생활식품과담배,1
농축수산물 (도소매),1
닭한마리 칼국수,1
"그릇,주방기기",1
침구 및 잡화,1
"지류,포장",1
"밤,은행",1
"의류소매,가공식품,기타신선식품",1
"커피, 호두과자",1
"한복, 원단",1
쌀 잡곡 곡물류,1
죽염류,1
"이불, 기타직물류",1
의류 잡화 14k쥬얼리,1
즉석판매제조(빵),1
"국수,만두피",1
"의류,악세사리,잡화",1
건어물 새우젓,1
"액세서리,가방",1
"전, 묵",1
도203소매(셔츠및내의),1
휴게음식점(튀김),1
"정원수,묘목,화분",1
"소매업(주단,한복)",1
조명자재,1
"장판,벽지,인테리어 등",1
천막제작설치행사용품,1
추어탕 미역국,1
꽃 과일 한봐,1
식육 부산물,1
"임,농산물/무역",1
"소매업(금,은,시계)",1
"안경원,악세서리",1
음식점업(제과),1
잡화 식료품,1
버섯요리,1
어패류수산물,1
"철물,낫,호미",1
"신선,냉동식품",1
"포목, 원단",1
즉석과자,1
기타건어물 농산물 (도매),1
"의류,안전용품,안전화",1
옥수수 아이스크림,1
"커텐및카바,도배,장판,기타",1
"마트,담배",1
"반찬류,김밥,일반음식점",1
"의류,여성복",1
휴게음식점(꽈배기),1
"도라지,더덕,약초",1
시계외,1
"약,건강식품",1
"채소,담배소매",1
"커텐류, 원단",1
"미곡,사료",1
"도소매(전자제품,카메라,잡화)",1
관악기,1
소매업(기타직물류),1
소매(수예),1
소매업(수예점),1
"과자,소금",1
의류판매및수선,1
"즉석판매제조가공업(두부류,묵류)",1
"소금,고추",1
다코야키,1
"농산,기타잡화",1
소매(뜨개),1
"시계,금,은",1
"소매업(슈퍼마켓,담배)",1
"개고기,얼음",1
쌀 및 곡류일체,1
비닐 제조,1
"안경, 스포츠고글",1
가스고압가스주방기구,1
음식(어묵)소매업(전자상거래업),1
조개류 해산물 문어 냉동수산물 대게,1
나물류 채소,1
수입물품,1
"캔, 음료수, 생수, 잡화",1
"김치,농산물조림(반찬)",1
"도매시장중매인,생선",1
"반찬, 즉석조리식품",1
"돈가스, 분식류",1
기타(어묵),1
인삼식품류,1
"소매(시계,내의)",1
"건어물,식품",1
타일시공,1
"가방,신발,의류",1
"소매(구두,액세서리)",1
"반찬, 국",1
소 돼지 양녕육,1
골프스포츠의류,1
농수산물 과자,1
"철물,사기화분",1
비트즙,1
"고추장,된장,간장",1
음식(스시),1
(제조업)참기름,1
"의료기기,건강식품",1
"도라지,뿌리채소",1
소매 (귀금속),1
금형 및 금속가공업,1
"냉동식품,마스크",1
"신선어류, 냉동어류",1
스카프가방,1
"스포츠용품, 신발",1
"식잡(두부, 나물, 고추장 등)",1
도매 및 소매업(반찬),1
"젓갈,수산물",1
피자 스시,1
의류 악세서리 잡화,1
커튼.홈패션,1
생칼국수,1
과실류도매업,1
"젓갈, 꿀, 인삼",1
"도소매(쌀,잡곡,외농산물)",1
속옷전문점,1
"산란계,육계",1
"킥보드, 어린이자전거",1
고등어 갈치 등 기타수산물,1
"청과,건과",1
김치 수산물,1
식재료 잡화,1
음악악기레슨,1
"한식(국밥, 족발)",1
"불교용품, 농산물",1
약용식물,1
금은,1
녹차다도구,1
"수산물, 선어",1
도소매업(기성복),1
철물건재,1
"금, 은, 보석시계",1
농산물(시금치등등),1
홈패션수선,1
가방 수선,1
"우드슬랩, 쇼파",1
"폐백, 떡",1
"주방제품,잡화 외",1
패류(조개),1
음식(오뎅),1
"도소매(한복,속옷)",1
음식료및잡화,1
식품 인삼가공,1
"안주,찌게",1
"반찬,건어물,야채,식품",1
"청소도구,매트등",1
"수선,의류",1
"식,잡,양식,농산물",1
"귀금속, 담배",1
"건삼,홍삼",1
어묵판매유통,1
"도소매업(외의,잡화및악세사리)",1
"잡화,식품,마트",1
농작물,1
인삼.대추,1
"의류, 액세서리, 신발",1
포장,1
쌀/잡곡/기름,1
"화장품, 담배 소매업",1
이륜차수리업,1
각종떡전문,1
씨앗외,1
디톡스,1
"한의원,보약",1
"설탕,조미료외",1
즉석판매제조가공(강정),1
기타 의복 소매업 스포츠용품,1
미술재료 문구용품 사무용품 잡화,1
"도소매,제조업(농산물)",1
"중고의류, 잡화",1
씽크,1
속기,1
건강식품가공,1
음식점업(분식류),1
갈치 고등어,1
"두부,칼국수",1
"수예품, 캔버스제품",1
"고추, 쌀, 기름",1
의류건강식품,1
"샐러드,디저트",1
소매/수산물,1
매운잡채,1
음식점업(간이음식점업),1
"밥, 만두",1
"반미,쌀국수",1
"돈육,우육",1
전열기,1
"고추가루, 냉동마늘",1
오토바이수리및판매,1
"수산물, 낙지",1
막창 및 육류,1
그릇 식판 액자,1
철물및안전용품,1
수입생활품,1
"한식,옹심이",1
떡 및 곡물,1
한식(한우 양갈비 오리),1
"꽃, 화초 및 식물 소매업",1
계란도소매,1
"악세서리,준보석",1
신발유통,1
"남녀용 겉옷 및 셔츠, 그 외",1
홈패션 원단,1
"제조업(참기름,고춧가루)",1
홍어아구,1
"회, 조개구이",1
슈퍼(그릇의류등),1
"돗자리,우산등",1
"보정속옷, 신발, 쌀 , 화장품",1
"헤어컷팅, 염색",1
악세사리소매,1
"털실, 수예품",1
컴퓨터관련,1
스포츠용품 등,1
뻥튀기 강정,1
"도소매(식육,생선,채소)",1
음식점업(커피전문점),1
일회용잡화,1
"내의, 수산물",1
도소매(식육고기),1
도소매(양초),1
도매(의류/내의),1
"조미료,통조림",1
"두부, 순두부 등",1
"농산물,잡곡",1
"가방,향수,화장품",1
"광고,인쇄",1
도시락식육,1
베아링,1
클램프 등,1
사주카페,1
명함 현수막 실사 스티커 카탈로그 복사 인쇄,1
도소매야채,1
냉난방장치,1
제조떡,1
"도소매(화장품,주방용품)",1
그외 기타 의복액세서리 제조업,1
즉석판매 가공식품,1
마트(공산품),1
전기조명 등,1
"김치, 채소(반찬)",1
해물짬뽕,1
"소매업(슈퍼,할인점)",1
채소(도소매),1
도소매(금은시계),1
"문구,사무용품,생활용품",1
소매(스포츠의류신발용품),1
음식 도넛 찐빵,1
"소매(의류),서비스(의류임대)",1
"기름,쌀,잡곡",1
"도자기,제조",1
건강맛사지,1
스테이크연어,1
육류(정육점),1
오리 음식,1
도소매(소금),1
소매업(인테리어소품),1
"공예,실",1
"담배,전대",1
농산물(미곡),1
"도소매(벽지,바닥재)",1
도매업(청과),1
"도소매(과일,채소)",1
"소매업(기타섬유,직물)",1
"생선,닭",1
전통생활용품,1
수입육 국내산돈육 양념육,1
도소매(의류)서비스업(공방),1
"도소매(미용재료,화장품,잡화)",1
"목재,철물",1
전기용품 및 조명장치 소매업,1
홈페브릭,1
"과일, 잡화 및 액세서리",1
어묵잡화,1
"농산물,청과,쌀",1
"판촉물, 식료품",1
"악세사리,장신구,시계,귀금속",1
"견과류,호도",1
"도소매(완구,전자상거래업)",1
화섬지(직물),1
"영광굴비, 보리굴비, 건강식품",1
즉석구이 김,1
"커트,퍼머",1
"과자,라면,음료",1
스티로폼,1
"잡화, 식료품",1
반찬 즉석판매제조가공,1
"토산품,잡화",1
"고추,기름,잡곡,김치",1
기타수리서비스,1
"임,농산물",1
"잡화(가공식품, 버섯), 음식",1
"가방,모자,악세사리",1
음식점업(아이스크림),1
"교육서비스(피아노, 성악)",1
삼천포상회,1
"인삼제품,한약",1
광고기획,1
생활용품슈퍼마켓,1
수산물(새우),1
분식음식,1
"떡,참기름,들기름",1
생선어물,1
의류/신발/패션잡화,1
식육포장처리 및 육가공,1
전기재료안경,1
소매업(곡물류),1
골프의류 및 용품,1
"떡, 기름",1
소매(꿀),1
직물포,1
바게트 샌드위치,1
한과 땅콩,1
"소매,서비스(화장품,피부관리)",1
"의류, 가방및잡화",1
"과일,견과류",1
"피자, 떡볶이, 치킨",1
컴퓨터수리및게임,1
음식점(갈매기살),1
"도소매(축산물, 식육 및 부산물)",1
"수산물, 어패류",1
낙지전복 기타수산,1
전통시장,1
진공포장기,1
도매및소매(식육),1
"액세서리, 귀금속",1
"소세지, 건어물",1
의상실/의류,1
기타기물잡화(생활잡화 소쿠리 등),1
"잡화, 벨트",1
"정육, 육류 도매업",1
식자재 당면 (소매),1
중국식품(향신료),1
"페인트, 봉투,잡화",1
진열장,1
농산물(사과),1
임가공제본,1
"꽃, 도자기",1
남성 캐주얼,1
"송이,약초",1
음식(커피),1
분식(호떡),1
"화랑,식품잡화",1
외의(의류),1
강황엿,1
통밀빵,1
"농자재,종묘",1
"자동차관련용품(썬팅,네비,스피커)",1
커피/음료,1
"고추가루,떡,기름",1
식품(채소),1
제조업(식육),1
"채소,계란",1
금속,1
"절임식품, 젓갈류",1
곡물가공,1
"화초,야채",1
도매(양곡농산물),1
섬유잡화,1
포장재 잡화,1
의류(스포츠용품,1
철물보일러,1
프랜차이즈 음식점,1
도소매(농임산물),1
기타 건어물 수산물 (도소매),1
족발순대,1
"부동산업,담배",1
차칸,1
의복액세서리 및 장신구,1
"화장품, 네일아트",1
"야채,청과,수산물",1
맛김제조,1
"피자, 파스타 외",1
블럭대여,1
"철물,설비",1
식뮥및부산물,1
"수산물,굴비",1
"도매,소매(정육점)",1
캘리교육,1
인테리어소품 조경용품,1
"건강식품,약초",1
"즉석제조(고춧가루,기름),소매업(곡물)",1
"한식, 도소매업",1
즉석식품제조(만두),1
"수입음식,수입상품,잡화",1
"화장품,모자,잡화",1
깐마늘 수입냉동마늘 생강,1
"한식, 식육즉석판매가공업",1
간식류,1
피부미용마사지,1
소매업(식탁및주방용품),1
각종엔진판매수리,1
소고기 돼지고기 닭고기,1
"가전제품,전기수리",1
"조화, 잡화",1
취미용품,1
제조건강식품,1
가정용품세탁,1
"도소매(양채,양파)",1
"농약, 농자재",1
한우한돈전문,1
"마트(생필품, 농산물)",1
배드민턴채,1
건재 및 접착제,1
보리밥 국밥,1
서비스(탁구),1
"의류,잡화,양말",1
기성복(여성의류),1
"슈퍼마켓, 건강기능식품",1
"의복,양복",1
찌짐,1
"식료품,소금,장류",1
빙수외,1
"벽난로,필름난방,온수기,가스보일러",1
도매(수산물),1
"모자, 머플러",1
소매(홈패션),1
건강돌흙침대,1
악세서리 의류 생활용품 도소매업,1
"슈퍼(소맥분,담배소매)",1
도소매업(수산물노점),1
소매(기타음식료품),1
소매(잣),1
보석류반지목걸이,1
과실 및 수산물,1
등산 의류 및 용품,1
"소매(어묵,젓갈류)",1
소매(밑반찬),1
"소매(가방,잡화)",1
육회 등,1
농산물건조기,1
"수산, 생선회",1
"육가공,식품,잡화",1
김밥  및  간이음식,1
건어물 및 관련 잡화,1
"제조/소매(식용유,농산물,방앗간)",1
엑세서리,1
음식(갈비),1
미숫가루 및 각종 즙,1
"도매 및 소매업(농산물,농산물가공,견과류,볶음견과류",1
축산물(돈육),1
건어물 식품잡화,1
"한과류,오란다등",1
"수산,일식,횟",1
잡곡/쌀,1
공산품과일,1
카페(보드),1
"젓갈,김,감태",1
"휴대폰, 통신방송장비 및 부품 도매",1
분식 상추튀김,1
"도소매(일반내의,양말)",1
유원지매점,1
휴개음식점,1
"잡화,생활용품",1
식품가공품소매,1
포장지 봉투,1
기름/쌀/고춧가루/잡곡 외,1
젓갈류 외,1
농산물 참기름,1
선물용품,1
"어망, 마대",1
보석류,1
숙녀봅,1
음식가공식품,1
"소매(기타음식료품및일용잡화,농수산물)",1
농산물.잡화,1
화초커피,1
"생필품,청과",1
"소매(시계,금,은)",1
포장기자재,1
"정육,정육가공",1
천연화장품 등,1
"소매업(장신구,머리핀)",1
소매업(과자),1
"반찬,밀키트,샐러드",1
맞춤양복 정장 셔츠 예복 유니폼,1
구두 및 운동화,1
"컴퓨터, 계측기, 전자기기",1
깻잎,1
음식점업(제과점업)도매및소매업(전자상거래소매?,1
"커피, 의류",1
"도소매(커피,차,음료)",1
"명찰,마크",1
도소매업(악세서리),1
"청과,농산물",1
음료케익빵,1
떡등제조,1
"통신, 휴대폰",1
생면류,1
와인 안주,1
"수예품, 혼수용품",1
소매(건강식품),1
"우산,양산,제조 도매",1
가전제품 및 전기수리,1
"홍어,냉동수산물",1
"일회용품, 잡화",1
"벽지,장판,지물",1
체형관리 등,1
도소매(영샘약외잡화),1
"화초, 식물 등",1
중국 음식점업,1
"닭강정,도너츠",1
박물관 운영 외,1
서비스(금은세공),1
"포목, 주단",1
도소매(전자제품),1
"건축자재 소매업, 안전용품 소매업",1
"소매(액세서리,시계)",1
마이크,1
"냉동, 전자, 수리",1
"의류, 신발, 가방, 스카프 액세사리",1
한방 찻집,1
스터디카페(공간임대),1
"채소,과실 및 뿌리작물",1
"간고등어,농산물가공식품",1
"대게, 수산물, 건어물, 젓갈류 소매",1
소매(한복원단),1
"한복, 주단",1
"도소매업(화장품,건강기능식품),서비스업(미용업(피부",1
스카프 의류잡화,1
"떡방아간,담배",1
컴수리,1
정보통신,1
"사진촬영, 인화",1
"기름, 농수산물",1
채소건고추,1
고추가루기름,1
수구레국밥,1
"도소매(외의,기성복)",1
도소매업(농수산물),1
"가공식품,농산물,곡류",1
"소매업(잡화,액세서리)",1
수선집,1
축산(식육),1
"주방용품, 주방세제 등",1
닭.계란,1
은 액세서리,1
농수산물(냉동수산물),1
"씽크대, 가구 제조",1
슈퍼소매,1
"종묘,농약",1
"도소매(생선,어폐류)",1
"건어물,식품,잡화",1
"빵, 케？",1
한복부속,1
"농산물(마늘, 생강)",1
"건어물,식자재",1
등뼈식당,1
두주,1
장신구  시계수리  악세사리,1
"건어물, 김, 젓갈",1
도매업(곡물),1
임농산물 건강기능식품,1
참깨 식용유 고추 농산물,1
"그흣, 주방용품",1
"환,약초",1
염색미용,1
도매및소매업(과실및채소),1
"의료기기,농산물",1
서비스(옷수리),1
닭류,1
독서실(공간임대),1
도소매업(식품잡화),1
농식품제조판매,1
"마른건어물, 마른고추",1
굴 가리비 오만둥이 홍합살,1
통골뱅이,1
"꽃상품,화분",1
커피 돈까스,1
소매(쌀),1
도소매(멀티의류),1
"과일, 버섯",1
"다슬기탕, 추어탕",1
멸치 미역 다시마 김 등,1
"해장국,치킨",1
꽈배기 중국음식,1
영상편집,1
"미용업(화장,분장)",1
"여성의류,스포츠의류",1
분식칼국수외,1
"지물포(도배,장판)",1
여성복(잡화),1
한우 수입 한돈,1
닭강정족발,1
"곡물, 고추",1
유통업(잡화),1
"소매(귀금속및시계,장신구)",1
아구탕,1
국내 및 국외 여행사업,1
"악재, 임농산물",1
"의류,숙녀복",1
도매및소매업(기타중고상품소매업),1
"족발,양념육",1
목제가공,1
유산소트레이닝,1
"식품, 중고휴대폰",1
"반찬, 젓갈류 제조, 건어물소매",1
"철물, 건자재",1
"옷수선,잡화(장갑,봉투)",1
서비스업(사진인화),1
"식음료,잡화",1
원단침구,1
"도소매(의류,모자,잡화))",1
"의복,수선",1
귀금속/시계,1
"고철, 폐품",1
치과기공소(제조업),1
도소매(도료),1
"기타,도서",1
모터펌프,1
"도소매(향,향도구),제조업(전통향등)",1
"전자,전기",1
유아용의류소매,1
분식 등,1
"한식, 수산물판매",1
건어물소매,1
멸치 미역 김 다시마 새우 오징어 등,1
"외의, 스포츠용품의류",1
침구소매,1
"음식및소매업(분식,식품)",1
"비료,종자",1
의류 및 악세사리 등,1
"참기름,들기름,고춧가루",1
음식점(커피및주류),1
사진촬영 사진인화 영상촬영 영상편집,1
"천막,호스",1
"배추,양파",1
"샌드위치,쿠키",1
"산양삼,임산물",1
"철물, 커피",1
"소매(농수산물, 야채)",1
뜨개 제품,1
"브런치,스테이크,피자,파스타",1
"불낙전골,전복해물찜",1
"신발,화장품,가방",1
"곡물,과자",1
"침구및한벅,양장지,양복지,포목",1
실내건축공사,1
"악세사리,기능성속옷",1
매듭,1
한식(한과),1
"화장품, 의류 및 잡회",1
정보통신공업사,1
생활용품 및 식품,1
민물장어(한식),1
"도소매(의류,무역)",1
"시계, 잡화",1
서양식요리,1
한식(설렁탕),1
도소매(의료용가구소매업),1
"악세사리,가방,의류",1
수제떡갈비,1
"비누, 세제 제조",1
전기전자 자재 판매업,1
메추리알,1
의류잡화주얼리,1
야채외,1
"소매업(중국식품,담배)",1
수예재화,1
전사지,1
"한식,감자탕",1
복어회,1
"산업용제품,경첩,손잡이",1
"통닭,치킨",1
커튼외,1
한복점,1
기념품점,1
돈가스 냉모밀,1
소매업(의류및패션잡화),1
커피.식료,1
"미용재료, 잡화",1
"통태탕, 삼겹살",1
의류기성복,1
민속품,1
"화장품소매,미용교육",1
"한약,인삼제품",1
대창,1
식품소매업,1
"조리 반찬류, 채소, 곡류",1
"약초,인삼",1
"지물,잡화",1
"소매업(벽지,마루덮개 및 장판류 소매업)",1
제조(반찬),1
"민물생선, 계란",1
자동차제어부품,1
"한과, 폐백",1
인견제품,1
엽서 및 인테리어 소품,1
"한식,샤브샤브",1
중국요리판매,1
"복숭아, 사과",1
"소매(의약품,조제)소매업(의료기기판매)",1
채소및 냉동식품 귱산품,1
문구류 등,1
전기차 충전기,1
"직물, 안감",1
"각종잡화, 내의",1
임가공제분(떡방앗간),1
"도매및소매업(생선,젓갈)",1
"소매(가방,패션잡화)",1
기타음료(건강식품),1
"아구찜, 꼬막비빔밥",1
암가공제분,1
수산물 활어회,1
"도매및소매업(액세서리장식소품,전자상거래소매업",1
생선및해물,1
"천연화장품, 비누",1
소매(명찰),1
"미용, 공예",1
"한복, 한복지",1
식품 생활용품 외,1
서비스업(일반이용업),1
나무,1
도매및소매업(통신기기소매),1
"컴퓨터,컴퓨터주변기기,CCTV,핸드폰",1
페인트플라스틱,1
인삼제품 꿀,1
"고추, 잡곡",1
신발지물,1
문방구 및 야시장 운영,1
"미용,네일아트",1
"쑥뜸, 식품, 잡화",1
잡화(생활용품),1
옥매트,1
"서적,잡지 및 신문",1
철물 현관매트 청소용품,1
한식외,1
시계/귀금속,1
"서비스(칼,도마,잡화등수리)",1
의료보조기구,1
"캐릭터, 펜시용품",1
"벽지, 지물",1
스킨스쿠버 장비,1
"다류식품,음료",1
"냉동,냉장식품",1
"간판제작,시공",1
헤어 컷트 펌 염색,1
소매업(시계 및 악세사리),1
"수선, 양품",1
"젓갈,새우젓",1
"약초,수삼",1
비누향수,1
인도음식 네팔음식 식품,1
"소매업(떡갈비,식품,잡화)",1
피부관리/왁싱,1
레저스포츠의류용퓸,1
"전,이바지",1
"캔들,소품",1
잡화 도소매,1
건강보조용액화식품,1
"막창, 삼겹살",1
"악세사리, 쥬얼리",1
"잡화및식기류,스포츠용품",1
"안전용품, 소방기구, 장난감제조",1
"기타음식료품,일용잡화",1
"기타 목재가구 제조, 생활용가구도매,",1
축산도소매,1
홍게라면,1
"반찬, 식료품",1
"도매및소매업(건어물,새우,미역(거리가게))",1
"의류, 소품, 잡화",1
타이어 외,1
"시계,잡화",1
"손뜨개,십자수",1
여성복/남성복/일용잡화,1
종합여행사,1
"아이스크림, 기념품",1
식품/홍삼,1
"의류,전자상거래",1
"휴대폰, 악세서리",1
동 식물성 유지 식용유,1
"침구,한복지",1
전단,1
컴퓨터 및 주변기기 등,1
"전기재료,전자재료",1
도소매업(휴대폰등통신기기),1
"식육,도소매",1
"디지털도어락, 열쇠",1
건강식품 즉석제조,1
기타직물제품(타올),1
"와플, 커피",1
"커피,제과",1
도매/문구,1
"아이스크림, 스낵, 음료",1
"브라인드, 커텐",1
"조개탕, 모듬전",1
돈정육,1
"작업복,안전용품등",1
"모자,양산",1
"미역줄기,다시마",1
"소매(잡화,농수산물)",1
쌀 등,1
"리본, 포장, 보자기",1
오토바이부품 멫 악세서리,1
건어물 수산물 가공식품,1
실내 체육업,1
중화식,1
"등산 스포츠 용품, 캠핑용품",1
"안전용품,작업복",1
대추 곶감,1
지압,1
식잡주류,1
배관자재 외,1
돼지고기 수입소고기,1
"서비스(냉동, 냉장설비)",1
"커피, 제과점",1
"전기조명, 전기자재",1
스포츠 용품 의류,1
홍삼및홍삼제품,1
유아복 악세서리,1
"즉석판매제조, 가공업",1
야채채소,1
란제리 속옷 양말,1
통신판매업,1
"금은,보석,시계",1
"한복,원단(도소매)",1
김치 조림류 즉석섭취식품 즉석조리식품,1
"왁싱, 반영구",1
순대외,1
"수산물, 건어물 치 젓갈류",1
"악세사리,  생활잡화",1
"스포츠위류, 용품",1
"한복,의류 임대업",1
섬유및직물,1
"도소매업(내의,유아용의류)",1
"식잡,청과",1
전자서비스,1
일식(회),1
"도장, 열쇠, 악세서리",1
"액자, 거울",1
백숙 및 찌개류,1
"기름집,방앗간",1
주류 담배 잡화 식품,1
"피자, 햄버거, 샌드위치 등",1
"LED조명, 조명기구 등",1
애완용 동물 및 관련 용품,1
"해물, 조리 반찬류",1
"농, 수산물",1
공구.냉난방기,1
재활용센타/가전/가구,1
도소매(한복),1
"쌀, 잡곡, 야채 등",1
"신발, 기성화",1
스마트폰 휴대폰 악세사리 충전지 케이스 등,1
애완동물 의류 및 소품,1
여성 란제리 남성속옷,1
전기전자제품수리,1
각종간식류,1
셔츠 브라우스 가방,1
"유리제품, 기타 건축자재",1
돼지고기등,1
"잡화, 건강기능식품",1
"소매(약초,홍삼)",1
소스,1
비비탄사격장및양궁장,1
컴퓨터 및 소모품,1
마른고기,1
"모시떡,통신판매,양념젓갈",1
이불침구,1
"기념품,관광민예품 및 장식용품",1
수족관용품 쌀화환,1
"민물고기, 즉석판매제조가공업",1
옷제작,1
족발 도너츠 만두,1
"도배, 장판",1
"반찬, 전자상거래(반찬)",1
"소매(일용잡화), 소매(담배)",1
야채쌀,1
"도소매(가방,잡화,기타)",1
소매업(털실),1
이불여성의류,1
"음식(한식),도매(쭈꾸미)",1
소매(커튼지),1
"홍삼,약초",1
미디어콘텐츠창작,1
도소매(생활용품 통신판매업),1
순대 및 소머리국밥,1
귀금속악세서리,1
도소매(와이어로프),1
양장지한복지,1
카메라 및 관련 액세서리,1
"철물점,전기재료",1
"생화,조화",1
음식점업(닭강정),1
건강빵,1
"중고 LP,CD",1
곡물 및 유지작물 도매업(양곡),1
중국식품 과자류,1
음식가공판매,1
기타가정용품,1
정육업,1
"담배,잡화,경마예상지,상품권판매",1
"새우젓,전자상거래",1
참기름 곡물,1
"과일도시락, 과일소포장",1
고데기,1
"약국, 의약품, 당뇨병소모성재료 등",1
삼겹말이,1
문구 완구 당류 식품류 아이스크림,1
"도소매(휴대폰,케이스)",1
서비스업(청소대행),1
주방용기기및용품외,1
양초,1
도소매(액세서리 및 잡화),1
소매(보청기),1
루산물,1
이동통신기기 및 잡화,1
공구 및 로프,1
VR게임방,1
소매업외(문구외),1
닭강정튀김,1
일잔음식,1
"한약, 의약품",1
냉장고수리판매,1
"네일,서비스",1
전통상,1
"세탁,의류수선",1
탕요리전문점,1
애완동물 및 애완용품판매 애견미용,1
만두제조,1
임가공제분업,1
실내 장식,1
건물청소,1
전기조명도소매,1
서비스이용업,1
스펀지,1
"가위, 칼판매및수리",1
"음식점업(족발,보쌈)",1
소매(귀금속시계),1
서비스(판매대리),1
음식료소매,1
유리시공,1
"채소, 식품",1
부채,1
"도소매(화장품),서비스(피부관리)",1
"원단,직물류",1
등공예 소품,1
영상음향방송통신,1
한과 부각,1
퓨전,1
"수산물, 식품잡화",1
타올 린넨 앞치마 외,1
"가구, 인테리어, 커튼, 침대",1
건어물 및 젓갈류 도매,1
"도소매(농수산물,건어물)",1
"치킨닭강정,새우강정",1
"백삼,홍삼",1
"과실,식품잡화",1
식품 식자재 및 잡화,1
의료써비스,1
"과자,빵류,디저트",1
한의원치료,1
에어공구,1
소매업(구두재료),1
"네일, 화장, 화장품, 미용교육",1
수산 건어물,1
커피류 디저트류,1
사철탕,1
목판제책,1
"쌀,잡곡,농산물",1
소매(가전제품),1
훼브릭 소품,1
도소매(내의도매업셔츠외의도매업),1
도소매및상품중개업(외의),1
"소매업(시계,안경)",1
메밀막국수,1
도소매(장신구),1
도매(의류및잡화),1
"미용재료, 커피",1
"폰케이스,휴대폰악세서리",1
한우암소구이,1
"커튼, 침구",1
"건어물, 야채",1
"건강기능식품,약초",1
셔츠 및 기타 의복,1
음식(어묵),1
미용업 미용,1
건강서비스,1
"생활잡화,건강기능식품",1
남성 및 여성복,1
음식점(떡갈비),1
"골프연습장, 골프용품",1
농임수산물,1
비즈악세사리,1
인삼 생약,1
"컴퓨터, 휴대폰",1
"가스시설시공, 철물",1
"선식,장류,조청",1
소매(만두두부),1
패브릭외,1
스포츠및여가서비스업(체력단련시설운영업),1
"침구류,원단,커튼",1
"도소매(통신기기,전선케이블)",1
소매(청과물),1
전기용 기계 장비 및 관련 기자재 외,1
"원두, 드립백, 커피",1
"스타킹,양말",1
"식육,식육포장처리제조",1
해물 소매,1
도매(지갑),1
"도소매(철물,생활용품,각종잡화) 서비스",1
섬유 및 원단 등,1
"나전칠기,목공예품",1
세탁 세탁소,1
도매(의복부착물),1
"일반음식,분식",1
삶은나물,1
소매업(자전거),1
어린이 소형테마파크,1
핸드메이드 커스텀 제품,1
도소매(인견직물),1
레픽스 및 교정기,1
점술업,1
"농약, 씨앗, 모종",1
도소매(농수산물유통및판매),1
홍삼등 인삼제품,1
"악세사리, 의류및핸드폰",1
"반찬, 생선",1
식자재(생선),1
원단 도소매,1
의류.소매,1
"화장품,의류,잡화",1
흑돼지탕수육,1
소매(귀금속악세사리),1
"젓갈,액젓,식품업",1
"조경시설, 토목공사, 상하수도",1
한식/고기,1
"도매(식품,건어물,기타)",1
소매(금은방),1
음식(한식)-족발,1
인삼류,1
"양념육, 식육",1
서비스(네일케어),1
"커튼, 벽지",1
"제조업(도자기,토산품)도매및소매업(도자기,토산품",1
베이컨류,1
속옷 메리야스,1
서비스업(헬스클럽),1
의류스포츠,1
식육 닭,1
즉석반찬제조,1
"도소매(시계,액세서리)",1
"실내건축,지물",1
서비스 업,1
건강보조식품 화장품 및 화장용품 등,1
"김치,제조",1
장식용품 제조,1
서비스(실내암벽장),1
음식료품 및 담배소매,1
"일반철물, 공구",1
"과자,떡제조",1
개인트레이닝,1
도매(잡화),1
보석십자수,1
"식품잡화, 농수산물",1
인쇄 현수막,1
철물 전기용품,1
"제조업(즉석판매,가공업)",1
도소매(정산구),1
"공예품,잡화",1
"의류, 잡화, 농산물, 화초",1
라면 커피,1
홍게맛장소스,1
도소매(계육),1
양말신발,1
체조및과일도소매,1
주방용가구,1
"잡화(양말, 스카프)",1
참기름 일반양념,1
어패류및수산물,1
정보통신업(뮤비방),1
냉동꽃게 젓갈류,1
"안경,  전자담배 기계",1
홍삼음료,1
아이스크림 기타 식품,1
의류신발도매,1
소매업(주방용품),1
"시계,귀금속,잡화",1
"도소매(산동물(오리,닭))",1
닥트자재,1
"직물,원단",1
"소매(생필품,잡화)",1
꽃 제작 및 판매,1
"축전지, 배터리",1
소매업(일용잡화),1
식료 잡화,1
노래장,1
기계제작 모터,1
스테인레스,1
"소매업(뜨개질,털실)",1
기타음식료및잡화,1
"두발,미용",1
독서실(스터디카페),1
문구용품 및 인테리어 용품,1
커피 및 파류 도매업,1
소매(수예용품),1
"조개류, 문어 등",1
캘리그라피 디자인,1
"생선,야채",1
"생화, 조화",1
고추가루 외,1
식료품일용잡화의약외품,1
"피부관리, 마사지",1
한약재중탕,1
"휴대폰, 호출기",1
묘목 성목,1
"의류,잡화(도소매)",1
"도소매(야채외),소매(담배)",1
"참들기름, 고춧가루",1
채소소매업,1
홍삼 및 꿀,1
"소매(쌀,잡곡)",1
"재료 판매(인형, 모자 등)",1
도소매업(식품),1
국수 기름 계란,1
"식자재,집단급식소식품판매",1
홍삼음료 인삼,1
"꽃, 중고가전",1
"한복,한복지",1
"생선,반찬류",1
도소매(화성직물),1
토탈의류소매,1
음식료품및잡화,1
단추구멍인타,1
주방,1
여자개인용마춤양장,1
"차와맥주,안주",1
"금, 은",1
여성용품,1
소매농산물,1
"준보석,귀금속",1
철거건자재,1
"양장지,옷감,원단",1
소매(일반소매업),1
"부치기,전병",1
"소매,서비스(빵,떡류,클래스)",1
의류수선 서비스업,1
슈퍼마켓 식품 음료 잡화,1
"전업사, 전기자재, 생활용품",1
절삭공구,1
자전거판매 및정비,1
도매및상품중개업(공동구매및중개알선),1
제조(방앗간)도소매(농산물임가공),1
"한복침구류,수예점",1
한우 국내산돼지고기,1
잡화(신발깔창),1
민뭏장어,1
어패,1
"수선,수예",1
"간판제작,인쇄물",1
페인트유리,1
"학생복, 의류",1
"재첩, 미꾸라지, 문어 등",1
"중식,식자재,로봇개발(소프트웨어)",1
고기류(한식),1
"도소매업(농산물,수산물,축산물)",1
식용유지,1
"계란,쌀",1
"홍어무침,젓갈류",1
"기름, 농산물",1
주방용품 및 가정용 유리,1
"철물,주물화구",1
한식두루치기,1
"소매업(종합식품센타,식품소분업),소매(빵)",1
의류(한복),1
약초 및 농산물,1
신선수산,1
"한식,김치찜",1
기타 작물류,1
"조미김,수산물가공식품",1
"한식,일반음식점",1
통닭/요리,1
일반미용업 미용용품,1
"청과,쌀",1
분식 칼국수 만두,1
양품잡화,1
끈,1
"도소매업(축산물,정육)",1
여성용 의류 가방 신발,1
"소매업(의류,신발,가방)",1
치킨전문체인점,1
"치킨, 햄버거",1
"벽지, 바닥재",1
휴게 음식,1
"배추,무",1
"대추, 농산물",1
"도소매(이용,미용기구)",1
흑염소(가공식품),1
"소매업(기타섬유,의복신발및가죽제품)",1
컴퓨터수리및판매,1
"소품, 악세사리",1
셔츠및기타의복소매업,1
"애견, 용품",1
"소매업,도매업(스포츠용품,의류)",1
홍차 디저트 커피,1
"의약품,건강기능식품,동물의약품",1
모자 벨트 스카프,1
분장미용,1
도매 및 소매업(가구) 도매 및 소매,1
"농산물,누릉지",1
"도장,미장,페인트",1
"소매업(귀금속,액세서리,모조장신구)",1
"수족관,관상용물고기",1
여성의류소매업,1
"의류및신체보조장신구, 잡화",1
속눈썹 손톱깎이,1
컴퓨터 프린터 전산유지보수,1
새우젓 양념젓갈,1
"소매(속옷,잡화)",1
"한복, 천",1
즉석식품가공,1
일반사진촬영,1
육류외,1
"음식점업(식사,음료)",1
흑염소중탕,1
정육및부산물,1
도소매(가정용품) 잡화,1
전통찻집,1
고추농산물,1
"떡,제유",1
"모종,씨앗",1
고사리도매,1
아트상품판매,1
"일식, 닭봉",1
한약 건재,1
"소매업(아이스크림,과자,강아지과자)",1
식품 음료 잡화,1
"한우, 한돈, 가공육",1
전자철판 강의실,1
"도매(의류, 신발 등)",1
멸치 진미채 등,1
생선 전복,1
튀김 외 골뱅이,1
"피부미용, 화장분장미용업",1
여성복 토탈,1
생활용품 및 그릇,1
"가전제품 및 부품,화장품,기타잡화",1
소매(시계)수리업(시계수리),1
"골프웨어, 골프용품",1
지갑 등,1
"쌀,잡곡,농수산물",1
"식기,그릇",1
음식(즉석가공식품(김)),1
"소매업(화장품,음식료품)",1
"도소매(메리야스,양말)",1
문구류 외,1
소독,1
빙잇간,1
가발 등,1
"가정용기기,기구",1
휴게음식점(패스트푸드),1
"초콜릿, 가공음료 소매",1
과일. 야채,1
기타식료품소매업,1
"한식,전자상거래",1
기름방,1
건어불,1
식기류(생활잡화),1
기타중고품,1
"서비스(네일),쥬얼리",1
음향,1
전기가전,1
주류 음료 식료품 수입과자 초콜릿,1
"쌀,김치",1
소매업(휴대폰판매)서비스업(컴퓨터수리),1
화섬지 기타직물류,1
제조업(도자기),1
악세사리 휴대폰케이스,1
"담배,한지",1
활어 조개류,1
도소매(한과),1
한약 침  한방의료행위,1
제분.기름,1
소매(준보석),1
소매업(시계 및 귀금속),1
화장품 가방,1
호두과자 커피,1
"미용,미용재료",1
"금,보석,광고",1
약탕재,1
종이백 약봉투 인쇄물,1
이용(미용),1
도예체험,1
닭요리 주류,1
"도소매업(수산물,식자재)",1
의류양말신발,1
사골,1
"미술관, 박물관, 전시관",1
부산물 소매,1
"도소매(기타건어물,기타수산건어물)",1
"보일러,펌프,배관자재",1
동울병원,1
"기름,쌀",1
식자재공산품,1
동남아채소,1
피부미용(발마사지),1
스포츠 의류 등산용품 신발용품,1
파스타양식,1
치킨(닭강정),1
이용실,1
카페*요거트),1
카스테라(빵),1
"사료,양곡",1
밥상 (식상),1
반찬식료품 및 국,1
"생선,새우젓",1
"식품,잡화,집단급식소,식품판매",1
"옷,악세사리",1
준금속,1
돼지고기 수육 및 국밥,1
건미역외,1
등산복 기능성 의류,1
인쇄 등,1
커튼 원단,1
"운동화,신발",1
"도소매(잡화,구두,의류)",1
"인삼,홍삼제품,식품",1
식재료및생활용품,1
"소매업(의류,전자상거래)",1
"자동차부분수리,자동차타이어",1
"미싱,부속",1
"소머리국밥,순대국,순대",1
일반음식 커피,1
"식료품,공산품",1
전기전자 도매 및 수리업,1
"액세서리, 장신구",1
채소장류및엿,1
"잡화(수입상품,건강식품)",1
"농약,양곡,종자,기타일반소매",1
"농약,상품대리",1
"숙녀복,신발",1
"고추, 식용유 제조",1
한방치료(자침),1
"신발,잡화,의류",1
어린이서적,1
"소매(안경), 도소매(의류, 잡화), 소매업(전자상거래?",1
"소매업(커튼,홈패션)",1
"카페, 제과",1
전골,1
"속눈썹,네일아트",1
감태 등,1
의약품의료용구복지용구의료기기,1
국수(건면),1
액세사리 잡화,1
시계 장신구,1
일용 잡화,1
댜채,1
화훼판매,1
"생활용품(수세미,행주등)",1
"채소, 나물",1
"정육(한우, 한돈)",1
숙빅 및 음식점업,1
두무,1
숙녀복의류,1
장경숙,1
"소매업(의류,액세서리,신발)",1
퍈의점,1
신선냉동및기타수산물도매업,1
"방앗간,종합식품센터",1
"채소류, 향신작물류 도매업",1
"네일, 속눈썹, 피부",1
"한과, 식품잡화",1
"당근,마늘",1
"벨트, 잡화",1
반찬식품업,1
"잡화,공예품",1
"털실,단추",1
교복 학생복,1
"담배, 도서대여",1
일본식우동,1
과일및 채소,1
"수산물, 맛김",1
기타섬유의복신발및가죽제품,1
"도매및소매업(과일,채소)",1
"소매(음료,잡화)",1
"과일,야채,생선",1
돼지갈비후라이드,1
"도소매업(관엽,생화)",1
소매(수예품),1
"소매업(화장품,담배)",1
반찬분식,1
스포츠용품 외,1
"도소매(침구및관련제품,화섬직(커튼))",1
식잡정육점,1
사진형상촬영 및 기타,1
"농약,비료등",1
밸리댄스,1
소매업(가전),1
"식품잡화,일반잡화",1
"침구류,이불류",1
커튼 버디칼 브라인드 롤스크린,1
돼지고기와 소고기와 막창,1
식자재 채소,1
미용기기 등,1
"채소,약초",1
"제조,도소매업(참기름)",1
농산물외식품,1
떡고추기름,1
"양복지, 양장지",1
소매업(식육(정육점)),1
식품건어물조미건어물,1
곡물.잡곡,1
두부 순두부 콩물 묵류,1
조미김제조가공업,1
"된장,고추장",1
"청과, 야채, 수산물",1
"가전, 잡화 등",1
도소매(애견용품),1
"땅콩, 곡물 등",1
"도소매(관엽,생화)",1
도소매(젓갈류),1
"즉석가공식품,떡",1
건어물(농산물),1
전복죽아롱사태도가니탕,1
금은보석시계,1
"식품,생필품",1
음식/주류,1
섬유원단 및 섬유제품소매,1
잡화(신발),1
"네임,명찰",1
"도소매(모자,잡화,무역)",1
"이불, 혼수용품",1
"실,레이스,홈패션",1
"커피, 매점",1
섭(자연산홍합)국,1
가정용 세탁물 공급업,1
철물 및 안전용품,1
"원예,묘목,잡화",1
기타 교육지원 서비스업,1
"의류,악세서리,스포츠용품",1
의류(잡화),1
닭튀김,1
"포장재료, 친환경포장지",1
간이슈퍼,1
"슈퍼, 채소, 수산물, 담배",1
커탠 등,1
"컴퓨터, 주변장치 등",1
실버쥬얼리,1
"인삼,농산물",1
제품,1
다방음료판매,1
"김밥,오뎅",1
"기름,생닭,오리",1
"레고대여,블럭방",1
금시계,1
"커피,식잡",1
상회,1
커피외잡화,1
과일.채소,1
"과일, 수산물, 채소",1
"수산물, 어육가공품",1
"남성정장, 예복, 혼주복, 단체복",1
"악세사리,보석,시계",1
"젓갈, 건어물",1
철물.잡화,1
"태국요리, 도시락, 인테리어소품",1
자유만물상회,1
안감 심지,1
"김치,홍어",1
"건강기능식품,전자상거래(건강기능식품)",1
"기름류,조미식품",1
"귀금속, 화장품",1
"소매(스포츠의류,용품)",1
"제조업(방앗간(고추,깨등))",1
"등산장비,운동용품",1
건어물 전자상거래,1
육류 제조업,1
"음반,MP3",1
건강 보조식품 소매업 외,1
"식품,, 건어물, 과일",1
"중도매인,건어물",1
도매(곡물),1
양장지자치,1
소매업(음식),1
"굴비,건어물",1
"고추,농산물",1
도소매서적,1
"제조(인쇄),도소매(현수막,타올)",1
소매(전기용품),1
"도소매업(비료,농약)",1
"식품,생활용품외",1
"전기공사, 자재, 조명",1
소매(곶감),1
"전복,문어",1
중방용품,1
제조업(어묵),1
비닐등,1
일반철물일체,1
샤브 월남쌈,1
농산물판매,1
신선 닭 오리  가공식품,1
돼지껍질,1
"건어물,청과",1
"도,소매/서적",1
비닐 잡화,1
기타건어물 수산물,1
"한복,수선,맞춤",1
"소매(담배,건어물)",1
가방수선 옷수선 원단수선,1
미곡(쌀.보리),1
도매및소매업(농수산물),1
축산믈,1
"잡화,음료,타조알",1
도소매(모직물),1
"곡물제분,고추",1
"방앗간,고추,마늘,참깨",1
생활숙박,1
"기름,착유",1
임가공제분(서비스),1
"두부,전자상거래",1
쌍화탕,1
과실및 채소,1
"김밥,분식류",1
농산물 유통업,1
"소매(활어,조개류)",1
"기계공구, 철만물",1
생선.지짐이,1
구두 핸드백,1
"도매(축산물),소매(식육및부산물)",1
도소매(야채 등),1
플라스틱,1
생선 담배,1
약과,1
도매(내의),1
낚시도구,1
"소매(액세서리,화장품)",1
"등산용품, 안전용품",1
수산(낙지 생선),1
도소매(꽃집),1
"소매업(빵류,과자류 및 당류 소매업)",1
양말 모자 잡화,1
중국식당,1
"수산물,얼음",1
"향초, 잡화",1
도매업(내의),1
수제누룽지,1
칫솔,1
"임가공제분,양곡류",1
"방앗간, 기타식료품",1
체육시설운영,1
"순대,고기부산물",1
어류도소매업,1
도매 및 상품중개업(상품대리),1
"쌀엿,고추장",1
"떡, 담배",1
"축산물,  농수산물",1
건채류,1
"모자,타올",1
"카페, 와플",1
"국수, 밀키트",1
세탁소 중개업,1
"냉동,수산물",1
"도소매(잡화,액세서리)",1
"수산물, 꼬막",1
"수제청 홍삼,도라지,더덕제조농산물가공",1
식품 라면 도소매,1
게임용품,1
"화장품, 패션잡화",1
"떡류, 한과",1
"곡물, 농산물",1
보세,1
"방앗간,떡제조",1
도매(비닐도매),1
한식 및 족발,1
"담배,과일",1
도소매(원단),1
여름의류,1
"선어,수산물중개",1
각종야채,1
"컴퓨터도소매,수리",1
양초 향 염주,1
"악세서리,잡화",1
도소매업(내의),1
떡볶이순대김밥,1
수제쿠키 수제청 음료,1
제환 제분,1
조립식 앵글 외,1
쌀 잡곡 고추 깨,1
"소매업(슈퍼마켓,잡화)",1
외의및셔츠(작업복),1
양봉(꿀),1
"속옷,수영복",1
설비 일체,1
쇼파천커튼,1
"제조(식용유지),도소매(조미식품)",1
추출가공업식품즉석판매,1
냉동고 등,1
귀금속엑사사리,1
"도소매(견과류, 기타건어물)",1
"도소매업(야채,청과)",1
"도매(식품,잡화)",1
한약 식품,1
고무신발및일반신발,1
꽈리고추닭볶음,1
여성의류 숙녀복,1
"컴퓨터, 체크기",1
둥물병원,1
"야채,담배",1
"신발, 가방, 모자, 토탈",1
음악테이프,1
"소매(청과,야채,생선)",1
"파스타,호떡",1
"소매(미용재료,화장품,잡화)",1
의복악세서리 및 모조장신품 도매업,1
식육판매 한우,1
부대,1
전자부품 음향장비 영상장비 네트워크 장비 및 커넥터 케이블,1
"의복가방,신발",1
콩나물 숙주,1
민물고기외,1
"건어물,축산",1
"담배,화장품",1
"미용실, 잡화",1
임가공도정,1
"건어물, 카세테라",1
"의류,가방,스카프",1
과일담배,1
생닭 생오리,1
농식품,1
"휴게음식,점포(자기땅)",1
"농약,비료,종묘",1
양약 한약 기타의료기기,1
"곡물, 곡분 및 가축 사료 소매업",1
직물제품 소매,1
미용(종합),1
애완동물 관리,1
"작업복,안전화등",1
커텐 침구 블라인드,1
"도소매(패션,잡화)",1
새우젓갈류,1
커피 팥빙수 음료 찐빵 만두,1
축산물(부산물),1
시계 모조장신구,1
"의류수선, 선물",1
"바둑,전기장판",1
"인삼, 잡화, 김",1
장비,1
일잡,1
"컴퓨터, 통신기기",1
식품(도소매),1
"커튼, 원단 도소매",1
"양약,의료기기판매",1
해산물(소매),1
배추야채,1
농약.종묘,1
음식(기타음식점업),1
의류공예품카폐,1
조리복,1
"농산물,수산물등",1
구두 수리,1
"도매및소매업(예술품위탁판매,아트상품판매)제조업(도",1
일반조명기구,1
소매(옥제품),1
"더덕,장외,곤드레",1
"신발,벨트",1
바둑기원,1
캥거루고기 수입식품 등,1
"완구,교재",1
닭 오리 계란,1
"닭, 식육",1
철물농자재,1
도매(식육),1
액세서리 및 준보석,1
불교서적,1
도매및소매업(의약품및의료용품소매업),1
"국악기,불교용품",1
"소매(일반신발,고무신발, 운동화등)",1
"애완용품, 애견미용",1
시계금은,1
"일잡, 청량음료 소매업",1
"사무용품, 생활용품",1
한약 등,1
소매업/의류,1
"담뱃잎, 농수산물, 잡화",1
"야채,김구이 등",1
"호수,비닐류",1
소매업(양곡),1
통신기기 등,1
분식 주류,1
"뜨게실,단추",1
상품종합도매업,1
"농약,씨앗,농자재",1
"이,미용",1
"수도,전기",1
두부과일,1
"돼지고기,닭고기,소고기",1
"볼트,너트",1
"특산품, 농수산물",1
예술.스포츠 및 여가관련 서비스,1
"멸치,미역,김 등 건어물",1
의류 수영복 비키니,1
"금은세공,악세사리",1
"속옷,기타(타올)",1
"스포츠의류,외의",1
일반서적,1
"라면,튀김류",1
포토사진,1
소매(조명기구),1
"약초, 잡곡",1
전자상거래(공예품)공방,1
귀금속(소매),1
"두부,닭",1
소매(기타건어물),1
"아동실내시설,아동의류,완구",1
"강정, 과자류",1
도소매(앞치마),1
음식점업(생맥주전문점),1
"숯, 번개탄",1
잡화(의류부자재),1
"타올, 판촉물",1
"농산물,임산물,수산물",1
"가죽공예,잡화및기타",1
"도소매(스포츠의류,잡화)",1
속독학원,1
"TV,모니터",1
시계(귀금속),1
"건어물,젓갈류도매",1
소매업(사무용가구) 도매(사무용가구),1
드로잉카페,1
즉석판매제조(푸딩소매),1
화장품 및 방향제,1
"식당, 잡화, 음료",1
"식혜,호떡",1
면타월외,1
"커튼, 원단",1
고추가루(방앗간),1
일반슈퍼,1
생선회(한식),1
한약조제및한약재,1
퀄트(수공예),1
"사무용기기, 전자제품",1
쿠키 케이크,1
"순대, 식육부산물",1
수입상품소매업,1
농수산물(해초류),1
원피스 잠옷 블라우스,1
"수삼,대추",1
소매업(상회),1
"중고가전,철거공사,인테리어",1
가전제품수리 및 판매,1
등산화,1
"도매(면직),소매(솜)",1
활어 및 선어,1
"채소, 과일, 잡화",1
"반찬즉석가공식품,젓갈류",1
알탕 돼지 두루치기,1
철물 제조,1
액세서리 부자재,1
"수예품, 침구류",1
커튼 직물 양장지,1
농약분무기,1
"채소, 젓갈",1
"출판, 복사",1
홈패브릭커튼,1
부식 야채,1
"생선(고등어, 옥돔)",1
T전문,1
해산물 (도소매),1
"한식,닭강정",1
"등산의류,신발",1
"컴퓨터, 중고가전",1
"벽지,비닐장판,기타",1
주단/한복,1
벽지및장판 소매,1
"금,은,시계,등",1
"의류, 자동차배터리",1
측량업,1
생활잡화의류도소매,1
"고기,생선",1
도소매(내의도매업),1
"제조업(축산물일반가공) 도매 및 소매업(축산물,식육?",1
"과일, 쌀, 야채",1
닭강정 와플,1
홈인테리어,1
커피 등 알콜음료,1
"쌀,약초",1
여성읠,1
음식 기타음식,1
교구자료,1
"소매(손두부),제조(손두부)",1
한식낙지,1
식품쌀,1
개인편의점,1
밤대추곶감건어물,1
턱시도,1
온열매트,1
사무용품문구잡화외,1
"인테리어필름, 몰딩",1
인삼제품인,1
"약재,채소",1
의료기기 전자기기 화장품 잡화,1
"제과점업, 전자상거래(디저트) 등",1
"건축자재, 환경자재 등 상품 도소매",1
"스포츠용품, 기념품",1
"제빵,초청",1
일시식,1
"인삼, 약초,기타음식료품 및 일용잡화",1
네일 아트,1
음식점(과자),1
중고옷,1
"커튼,침구류,수건",1
네일  서비스,1
제조간판,1
열쇠복제,1
구제의류 및 앨범,1
산업디자인3D프린터출력,1
"식자재,야채",1
양은냄비외,1
가정용전자기기,1
장식귀걸이목걸이반지머리핀,1
"도소매(이불,잡화)",1
방앗간(기름집),1
공업용히타,1
중고서적,1
"도소매업(식잡,소매업)",1
헬스물품,1
여성옷 제조,1
약초 약재,1
수제차및커피음료,1
"식품, 소분판매업",1
참기름 들기름 고추가루 참깨 들깨,1
"의류, 까운사",1
서비스업(당구장업),1
남자양복,1
민예 보자기,1
"공산품,식품",1
무역업,1
"생화,분재,한지",1
국내산활어,1
"마늘,오뎅",1
쫀드기,1
서비스업 및 도소매,1
"양식,피자",1
"커피, 원두",1
"여성의류,악세사리",1
"소매(의류,신발,액세서리)",1
"천연석,비즈악세사리",1
와이어컷팅,1
수산물 및 가공식품,1
골프연습장 이용권,1
장난감대형(놀이시설),1
속눈썹피부,1
도소매(건어물 젓갈류),1
"오징어한판떡볶이, 치킨",1
"생활용품(해외직구),열쇠,배관보수",1
행사대행출장밴드,1
"여성복, 잡화",1
"건강기능식품, 화장품 등",1
서비스(중고위탁판매),1
외의 의류,1
도소매(축산물(식육포장처리업)),1
휴대폰잡화,1
"방앗간,떡,고추가루,참기름",1
강아지 의류 용품,1
소매업(기타지,1
"종이꽃, 전자상거래(종이꽃), 공방",1
가정용품 수리,1
밀면. 만두,1
식용란수집판매,1
제조업(즉석판매제조가공),1
홈파티음식,1
"농산물, 전자상거래(감자, 당근)",1
소매업건어물곡물,1
"제조/소매(떡,고추가루,기름)",1
열기기부품,1
간판 및 광고물 제조업,1
"아동복,악세사리",1
"소매(의류,잉어빵)",1
"공예,액세서리",1
"김밥,면류",1
"농,축산물",1
생활용품도소매,1
인삼 및 약초,1
"어패류,해산물",1
"양말, 스타킹",1
"청과물, 농산물",1
"수산물, 슈퍼마켓",1
"채소,계란,쌀,김치",1
"도소매(침구,한복,메리야스)",1
"부산물, 식육",1
닭도리,1
도소매(농수산물가공식품),1
휴게음식점 외,1
"츄러스, 커피, 샌드위치",1
도소매업(철물),1
오이 상추,1
잡화(장갑),1
전기용품 등,1
"옷, 종합도매",1
"사진, 동영상촬영",1
"한식,해물",1
"씨앗,묘종",1
도매(정육),1
"쌀,식료품",1
홈쇼핑,1
소급,1
우육 돈육,1
농산물특산품제조,1
"그릇,철물,잡화",1
누비원단,1
한방차 및 커피,1
육가공기식품기계,1
"스포츠용품,의류,레져용품",1
중고 골프채 판매,1
음반음악영상물제작,1
"의류, 의류부자재",1
"고추,들깨,참깨",1
식자재도매,1
제품디자인,1
차량용 가스 충전,1
"건삼,인삼차",1
"커튼,블라인드,침구류",1
"서비스,소매업(미용업,화장품)",1
식물및화초,1
"모자,의류",1
즉석판매제조가공(생선),1
걸설,1
자판음식,1
"커피, 건어물, 김치",1
농수산물 및 젓갈,1
중식품,1
기타임가공,1
"미용업(손톱, 발톱) 서비스",1
혼수판매점,1
"도소매(문구,일용잡화)",1
헤어악세서리,1
소매(화훼),1
"소매업(양장지,양복지)",1
"서비스(실내용사격장,야구장)",1
"낚시장비, 체육용품",1
움삭,1
"전기재료,조명기구",1
"굿즈,기념품",1
"한식(꽈배기, 핫도그, 팥도나스)",1
참기름.농산물,1
참기름  들기름 제조,1
"흑염소, 개소주",1
임가공제품,1
"건강식품가공,판매",1
생활형 숙박,1
곡물 및 유지작물 도매업,1
"도소매(건어물,식부자재)",1
포장자재 및 잡화,1
통신기기소매,1
"꽃,화원",1
음식점(건강원),1
돌게 멍게,1
"휴대폰,통신판매",1
복,1
주차장 운영,1
일반의약품 등,1
수예침구,1
의류(내복),1
"한약, 건강식품, 농산물",1
"철물,  건재, 가구",1
각종떡류,1
가죽가방 헤어악세서리,1
포토시그니처,1
"소매(지금지은,귀금속)",1
김밥(분식),1
"기름, 고추가루",1
"금은시계,악세사리",1
"중국식품,잡화",1
"가전제품, 과학기자재",1
의복악세사리 등,1
"야채, 농산물",1
"시계,도장,귀금속",1
통신기기 안테나,1
"자동차정비, 타이어",1
한과과자,1
"공산, 야채, 청과, 과일",1
"현수막,명함,인쇄",1
오돌구이,1
누수탐지하수구싱크대변기막힘,1
"농산물, 잡곡",1
"잡화, 건어물",1
기름/고추,1
"가정용,사무용가구",1
"메밀, 갈비탕",1
"축산,임산물",1
"기타섬유,직물및의복액세서리소매,시계및귀금속소매업",1
각종 생선및 조개 갑각류,1
전통주 판매  및 시음,1
풍기인삼,1
"소품,공예품,화초",1
"떡볶이,튀김",1
토스트외 음료,1
댄스강의,1
화장품 비누 및 방향제 소매업,1
김치 및 반찬류,1
"공예품, 관광기념품",1
농산물수산물건어물,1
"약세사리,잡화",1
"금,은,액세서리",1
"온도계,압력계",1
"인쇄, 디자인",1
소매업(과실)도매업(과실),1
"휴대폰,모자",1
"한과,약과",1
잡화(악세사리),1
"한식,커피",1
"침구,잡화",1
"도,소매(오리,닭)",1
"가전, 광학기기",1
"도소매(타올,선물세트)",1
서비스(사회)(세탁소),1
한식(염소요리),1
"칼국수, 김치",1
전기 및 전자부품,1
"보석,귀금속",1
도매업(산업용재)소매업(안전용품),1
가방 토탈,1
직물 가공 표면 처리 방과 후 강사,1
건강기능식품  가공식품 곡류,1
의약품 동물의약품 의약외품,1
곡물제분업/임가공제분,1
의류(주니어),1
"뱀장어, 산곰장어",1
전파사도소매,1
"조기,박대",1
두부 묵류,1
"식육(닭, 오리)",1
수산물중개업,1
신발.스포츠용품,1
컴퓨터 가전,1
잡곡야체,1
"의류,스포츠의류,용품,레저용품",1
"담배,쌀,꽃",1
반찬가계,1
"농산물,과일,핫도그",1
커튼 블라인드 카펫,1
"네일아트,화장품",1
"꽃,화초,생화",1
소비용품수리서(자전거수리업),1
"사진, 이미지촬영",1
골프 용품,1
의류(도소매),1
"여행컨설팅,상품종합도매,전자상거래 소",1
소매업 안경,1
"방향제, 캔들, 잡화",1
침구.이불,1
"모종,농약",1
도소매(숙녀복),1
막국수 등 한식,1
점핑운동 및 건강기능식품소매,1
"기계, 설비, 조경",1
"족발, 보쌈, 순대국",1
조경,1
도소매(신발 모자 타올 손수건),1
떡제조(오메기떡),1
"활어, 수산물 등",1
심리상담소,1
양복임가공,1
"이불,한복판매",1
일반음식점(중국음식),1
피자 튀김,1
내과진료서비스,1
음식(순대),1
철물자재,1
"돼지,축산물",1
기타위생기부속,1
미용 외,1
화장품 및 화장용품 기타,1
세계과자점,1
스포츠용픔,1
"서비스업(피부미용),소매업(화장품)",1
"양품,의류,소품",1
"소매(여성속옷,화장품)",1
선어등,1
과일 및 음료,1
식자재 기름 마늘 고추 참기름,1
"김밥,라면,보리밥",1
"꽃집, 꽃배달",1
"스포츠의류, 체력단련장업",1
"브런치, 공방",1
"화장품, 왁스",1
"제조업(함석,스텐)",1
참기름. 고추기름,1
"도소매(의류, 만물잡화)",1
사격,1
"도소매업(건어물,수산물)",1
"면,무지",1
선어물건어물,1
"과실,야채",1
일반이용원,1
"도소매업(화장품,생활잡화)",1
육류 즉석식품가공업,1
초계국수,1
"벽지, 장판 외",1
"소매(원목가구,일반가구)",1
"주얼리,귀금속",1
사무용OA기기,1
서비스업(국외여행업),1
종교물품,1
"레이스, 자수원단, 의류",1
"우동, 불고기",1
채소(배추 무 양념 등),1
도소매업(외의),1
철물.건재,1
포장제,1
"소매(화장품,잡화,미용재료)",1
슈퍼과일,1
"잡화,패션잡회",1
"실내인테리어,커튼",1
육류및 도매업,1
"전기자재,생활용품",1
곡분류,1
철물공구 및 전기용품 수도설비,1
도소매업(신발 소매업),1
"장어, 꼼장어",1
"한복,의류",1
쌀 및 잡곡 등,1
"도소매업(의류,운동및경기용품)",1
"명태강정,명태회무침등",1
금은방(귀금속),1
달걀잡곡오리,1
"농산물,식품잡화",1
식육축산가공,1
담배소매업,1
갈비 삼겹살,1
"신선, 냉동 및 기타수산물",1
수입류,1
"채소류, 서류 및 항신작물류 도매업",1
"의류,악세서리",1
"죽,팥죽",1
무에타이 및 킥복싱,1
도장 구두,1
"꽃게, 생선",1
네일아트미용업,1
인화 현상,1
"계란, 쌀 등",1
"김,다시마",1
"도소매(농산물,청과)",1
"식잡,담배(소매)",1
도소매업(식자재),1
"곡물, 곡분",1
"빵, 케이크 제조",1
외의 도소매,1
합성고무,1
천마,1
서비스(미용업피부),1
"음식료, 잡화",1
"과일, 야채, 수산물",1
싱크대가구,1
건강원(과채음료),1
"포목,의류",1
"농산물(고추, 들깨)",1
도매(김),1
"정육,수산,잡곡",1
농임산물 건버섯류,1
"화장품,세제,가구",1
"도소매(식품,음료수)",1
"조개, 고기",1
"한식,소매(김치,두부)",1
신용카드조회기,1
"의류, 액세서리, 통신기기소매업, 전",1
"도소매(식육, 식육부산물)",1
도소매(메리야쓰),1
"14k,18k,쥬얼리",1
"양곡, 식자재, 계란",1
"도소매(수산물,농산물,조미료,건어물,수산물가공)",1
쌀 기타곡물 소맥분 (도매),1
"소매업(의류), 제조(의류)",1
가정용품칼,1
내수면양식어업,1
골프 의류 용품,1
"수퍼,담배",1
"도매(의류),소매(외의)",1
"닭, 오리 도매업",1
"도소매(농산물,수입식품)",1
애견미용 애견호텔 애견용품 소매,1
닭 축산물 농산물,1
"화장품, 염색약, 잡화",1
"마늘,생강,청각",1
포장용필름,1
"소매(슈퍼마켓,담배)",1
"요거트 아이스크림, 그릭 요거트",1
"수입잡화,전자상거래",1
"농수산물(이동식판매), 계란",1
"화장품, 생활용품 소매",1
농산물임산물,1
"두부, 식품잡화",1
"주방기물,잡화",1
"식품, 떡",1
(교육서비스)공방,1
"가구, 소품",1
교육서비스(교습소),1
도소매(메리야스),1
고구마빵류 외 간식,1
"즉석판매제조(어묵, 떡갈비)",1
"도소매(식자재,생활용품)",1
의류(의자제),1
김밥 및 기타 간이음식,1
떡.김치,1
주얼리 패션잡화,1
"어묵,두부",1
"약, 의료기기",1
보신원,1
"정육,잡화",1
"쥬얼리, 잡화",1
"빵,만두",1
생선(해물),1
"식품,참기름",1
한식 국수,1
체인화,1
"제과점, 커피",1
사진 인화 액자,1
김치 외 반찬,1
"고추가루, 참기름 제조업",1
"식품,건어물",1
"소매업(불교용품,국악기)",1
"축산물, 부산물, 음료(즙)",1
"도소매업(내의,잡화)",1
화성직,1
"생화,농수산물",1
의류 이불,1
우표,1
도매(생닭),1
"정미,기타음식료품및일용잡화",1
"전기재료,잡화",1
"즉석제조업(떡방앗간,기름,고추)",1
장화및신발,1
"선어,활어",1
어폐류,1
한복포목,1
"문구,사무",1
"제조업(떡류),도소매(곡물,떡류)",1
휴대폰 악세사리 케이스,1
"실, 컴퓨터, 의류부자재",1
"수선,맞춤",1
선식.인삼,1
식용유 조미료 통조림 장류,1
비닐과 포장용자재,1
"조미료,공산품",1
단추 및 의류부자재,1
"건어물, 농수산물, 식자재, 잡화",1
"야채, 청과, 수산물",1
"귀금속, 액세서리",1
블루베리 아로니아,1
서적및잡지류소매업(서점)문구용품소매업,1
"드론,R/C카,피규어",1
"고추,마늘,깨",1
잡화일체,1
"음식업(분식,족발)",1
기타 수산물,1
"마른김, 다시마, 멸치",1
"소매업(가방,잡화)",1
"흑염소, 비주거용 건물 임대업",1
종이상자,1
즉석 판매 제조가공,1
분식 및 김밥전문점,1
약국(의약품),1
"철물,만물",1
"도매업(식자재,과실)",1
시계 금은 장신구,1
커튼 제작,1
여성잡화,1
"미용, 화장품",1
가정용품생활용품,1
"채소,고추가루",1
"교재, 교구 ,완구",1
"복권,도장",1
"음향장비,행사기획제작",1
윈도우틴트,1
도소매업(활어),1
고가구.공예,1
야채고추,1
"우유류, 유제품",1
우.돈,1
"건어물,기름,김",1
소매업(김치),1
양봉기구,1
"참기름,쌀",1
간편음식,1
두부.묵,1
전통공예품 창작예술품 문화재목기복원 봉안함 외,1
즉석요리,1
"수건, 가방",1
소매업(식육즉석판매가공업),1
"양말, 계란, 뻥튀기 등",1
가정용전기수도용품,1
민송공예품,1
소매(유제품및담배),1
금.은.보석.시계,1
"농산물,차",1
공구용접봉,1
"도소매(의류,피혁,잡화)",1
"일식, 돈가스",1
전산회계,1
"보일러, 난방기자재",1
"수예,뜨개실",1
자동차외형복원외,1
"비닐, 마대, 끈",1
신선수산물,1
도소매업(상품중개(생선)),1
야채(시금치 등),1
샌드위치 및 돈가스,1
전구 등,1
입시보습학원,1
쌀상회,1
야채 소매업,1
소매업(기타의료기기),1
"장신구,시계",1
문구 사무용품 학용품,1
"금,시계,도장,소매",1
"기타수산물,기타",1
테이프 등,1
고추집,1
일반천막,1
곡물 가공 잡화,1
음료 식료품,1
안전용구,1
의류(란제리),1
"미역, 멸치, 다시마",1
도소매(반찬류),1
소매업(수입잡화),1
음식점업(한식)도매및소매업(수산물),1
의류 모자 기타,1
주방용품 및 가정용잡화,1
"업소그릇, 생활용품",1
직물 화섬지,1
등산복 여성의류,1
튀김등,1
야채 과일 생선 건어물,1
신발.잡화,1
의류 스포츠용퓸,1
서비스(공방),1
"과일,도매",1
가정용그릇,1
"농산,수산",1
"도소매(식료,잡화)",1
축산부산물,1
소수레국밥,1
도소203매(외의),1
주방가전제품,1
통조림식품,1
"철물, 건축자재",1
"금,귀금속,시계",1
"즉석식품,분식,제과",1
"담배,서적",1
"기름,방앗간",1
"수도,  보일러부속",1
수산물중계,1
"슈퍼마켓,식육,담배",1
선어.수산물,1
"장류, 잡화",1
한복 속옷,1
음식점업/치킨,1
"그릇,얼음",1
의료기판매,1
"덮밥, 라멘",1
"가정의학과, 통증의학과",1
"꽃, 생화",1
"이불, 잡화, 화장품",1
덮밥류,1
전당포,1
"목공,커피",1
백숙 대패삼겹살,1
"철물,잡화",1
"마늘, 나물류",1
커피 귀금속,1
"천막,잡화",1
임대업,1
농수산묿,1
한식(솥밥),1
"미곡,잡곡",1
"고추방앗간,쌀,잡곡",1
가정용품수리업,1
"일회용품,잡화",1
미꾸라지 메기 장어 잉어,1
"야채 청과, 생선",1
"음식,생선,주물럭",1
한복속옷,1
주방소품,1
소매업(전자상거래업(잡화),1
도자기 소매,1
영상제작 등,1
"커텐, 침구류",1
"소매업(모자, 잡화)",1
"절임,젓갈",1
"그릇, 주방용품잡화,가전제춤",1
돼지닭구이,1
"떡, 만두",1
전통차카페,1
잡화(기타 식료품 소매업),1
"종묘, 꽃",1
자동차수리 등,1
아동한복,1
도소매(꽃),1
"육류,양념육",1
작물재배,1
조개(한식),1
가전가구,1
자동차수리부품,1
쪽파 열무 배추 상추 무 등,1
이발원,1
도소매(농산물(야채)),1
"설렁탕,곤드레밥",1
농축산수산품,1
수산물낙지,1
"젓갈, 야채, 건어물, 간장, 된장",1
부동산중개,1
여성의류  맞춤제좁판매,1
"수선, 옷, 스카프",1
흑염소증탕,1
"야채, 과일, 생선",1
"소매업(약국,동물의약품,의료기기)",1
"육절기, 육절기수리",1
"과일,과메기",1
"소매, 슈퍼",1
약재중탕,1
"선풍기, 난로, 담요 등 소형전자제품",1
육류 양념육,1
"한약,농산물",1
"도매 및 소매업(건어물,멸치,수산물)",1
"전복,해삼,활어",1
양말내의,1
기타 외국식 음식점업,1
"지물,커텐,카펫",1
"소매(식품,잡화,의류)",1
액젓류,1
가전제품판매,1
유아아동복,1
"커튼및침구,전자상거래",1
한식생닭,1
보청기 배터리,1
소매업(골프용품),1
등산 스포츠의류,1
일식집,1
철물 잡화 벽지,1
새우꽃게,1
의류 토탈 잡화,1
"인삼,인삼제품,약초",1
"피부과, 비뇨기과",1
"떡방앗간,과자류",1
"홈패션, 한복제조, 잡화, 옷수선",1
기타 음.식료품 위주 종합소매업,1
음식점업 한식해산물,1
"볼트, 너트, 공구",1
도소매업(건강식품),1
"아동한복, 메리야스",1
"한식, 피자",1
소매(수퍼),1
"고추,잡곡,기름",1
"금, 은, 귀금속",1
"이벤트용품,소품",1
"참기름,들기름,잡곡",1
제문소,1
치킨음식,1
"농산물,한약재고철",1
김자탕,1
"소매업(고추 참깨,들깨)",1
"속옷,의류,잡화",1
"소매(압착식용유,식품)",1
"과실, 잡화",1
"곡물, 약초",1
떡방아곡물,1
"갈비찜,동태탕",1
주물,1
식료품소매,1
"식기세척기,세제,주방기기",1
핸드메이드제품,1
생선중매인,1
"김밥, 국수",1
용기화분,1
대추즙,1
"인삼제품,벌꿀",1
육류 식육포장처리엄,1
"곡물,농업,농상품중개업",1
스포츠의류운동화,1
"땅콩, 설탕, 건어물",1
바둑 교육,1
도매(의류부자재),1
"침구, 소품, 전자상거래업",1
일반 음식점(고기류),1
식탁및 주방용품,1
"꽃,답례품",1
도소매(약),1
"주방용품및가전제품,의료기기",1
"수산,건어물",1
음식점업(휴게음식점(밥버거)),1
"베어링,연마봉",1
"매듭,공예",1
핫바 어묵 튀김 순대 떡볶이,1
"식품잡화,수산물",1
"기능성속옷, 의류",1
서비스소매업,1
육가공품,1
생활용섬유,1
휴대폰및악세서리,1
수입식품 식품잡화,1
빵 카스테라,1
생선 수산물도매,1
"금,은시계",1
액세서리 등,1
"카페, 골동품",1
"화장품(도소매,잡화)",1
소고기 미나리 버섯 쌀,1
양념장 등,1
음반악기국악기,1
야채기타,1
기타(숙박업),1
"커튼,침구류",1
소매업(애완동물판매),1
귀금속/액세서리,1
"한복, 잡화",1
"약초,황기,대추",1
쌀 잡곡 곡류,1
"슈퍼마켓,식자재",1
요식,1
컴퓨터시설관리업,1
도자기제조,1
참기름(곡물),1
염색커트펌,1
가죽모피,1
"잡화,농산물,식품,수산물",1
"소매(일반내의,양말)",1
음식점업(간이,1
"의류,신발도소매",1
압축타올,1
음식점업(닭발),1
콤프 및 공구,1
"상자,박스",1
등산의류 및 스포츠용품 및 안전장비용품 및 등산화,1
"제조(식용유),도소매(고춧가루,농산물)",1
"고무호스, 철물",1
양말  스타킹  잡화,1
"귀금속, 통신, 악세서리",1
숙박및음식/한식음식점업,1
"조림류, 즉석조리식품",1
"도자기,전자상거래 소매업",1
"일식,중식",1
방수자재 및 건축자재,1
도소매(소방자재등),1
"상담치료,수강",1
A/S,1
소매(모조장신구),1
이불혼수,1
전시관운영,1
해물칼국수,1
"도소매(식품종합도매, 곡물)",1
잡화 생활용품(마트),1
"안경,콘텍트랜즈",1
"음식점업(한식,치킨)",1
"소매업(뻥튀기, 생과자)",1
식판매,1
"퍽지,비닐장판,기타지",1
쌀 계란,1
돌김,1
"일반미용업,소매(두발제품)",1
"마트,생필품",1
기타서비스,1
쑥굴레,1
도소매(축산물외),1
유니폼 린넨류 현수막 판촉물,1
술집,1
"수산물, 잡화",1
"가구,조명,소품",1
소고기 돼지고기 야채 청과,1
"뜨개,털실",1
"카페,타코야끼",1
꽃새우 문어,1
중고의류소매,1
육류 가공식품 등,1
벽지비닐장판,1
사진 인화 및 촬영  사진앨범제작,1
주니어스포츠의류,1
"도소매업(안경,콘택트)",1
"의류, 벽지",1
농산물 참기름 고추,1
남성맞춤,1
쌀잡곡마늘,1
소매(신발잡화),1
"완구, 블럭",1
농산물 과일 수산물 공산품 식품 잡화,1
일반한식담배,1
"의료기기,건강기능식품,이미용기구",1
"도매및소매업(도자기,전자상거래소매업)",1
"고기, 주류, 정육점",1
"도소매(화장품,농산물,건강식품,수산물,잡화)",1
"닭고기, 계란",1
계양엔진,1
농업기계및공구,1
"철물, 농기구",1
서비스업의류수선,1
전복장,1
"원목, PVC, 문틀",1
"의류,식품,잡화",1
가전제푼,1
"체형,체력측정",1
핸드메이드 제품,1
"도소매(농산물, 복권)",1
"농산물,특산물",1
"시계, 악세서리",1
"인삼,밤,대추",1
편백찜,1
건강식품 화장품외,1
수리서비스,1
남녀용 의복 및 의류 악세사리,1
"양곡,쌀",1
"바이올린, 첼로",1
"농산물, 임산물 외",1
"커텐,침구류",1
야채 과일 등,1
서비스업(종합미용),1
"장류, 식품잡화",1
도자기 갤러리,1
"제과점,식잡",1
속옷악세사리,1
"기름,고추(제조),고추기름",1
베어링기계부품,1
서비스(세탁물수거대리),1
한식(콩나물국밥),1
"약,즙",1
남성의류 캐쥬얼 남녀공용옷,1
휴게음식점(아이스크림),1
전기조명기구,1
장묘,1
즉석가공 판매업(탕제),1
깁밥 칼국수,1
인삼제품(기타),1
임대여관,1
일반움식,1
"야채, 식품",1
한식(부대찌게),1
"한약재,건강기능식품,인삼",1
의류 전자상거래,1
즉석사진촬영,1
보건서비스업,1
"인삼,수삼",1
"어패류, 회",1
"소매(침구,커튼)",1
"제조,도소매(의류)",1
언어치료 놀이치료 심리상담,1
소매업(신발및의류),1
도장손뜨개방,1
"축산물,임산물(일반).생닭",1
작물,1
의료기기 외,1
갈치조기,1
"의류 , 신발, 잡화",1
"한식(짜글이, 삼겹살)",1
"샌드위치, 토스트, 카페",1
통돼지김치찌개,1
의류. 스포츠,1
"주방기구, 잡화",1
"국수,건강식품",1
"도소매(축산물,식육,식육부산물,임산물(일반))",1
홍두깨손칼국수,1
"외의,등산장비",1
명태 오징어 갑오징어,1
모피 가죽,1
떡볶이 떡국떡,1
옷의류판매,1
기타(철물점),1
의류 과자,1
일반품목,1
참기름  고추,1
"김치류, 반찬 제조",1
"농수산물, 채소",1
"소매(애견,애견사료)",1
"어패류,기타수산물",1
막창삼겹,1
"식용성기름, 농산물",1
"철물, 인테리어",1
"한과, 건어물",1
"수산,축산,식자재",1
안경 소매판매,1
한복 포목,1
갈비한식,1
남성기성복,1
한돈구이,1
음식(삼겹살),1
타월 우산,1
떡볶이 & 튀김,1
"스포츠용품, 기구",1
"낙지, 전복",1
문구 화방미술용품,1
용접기및부품,1
"휴게음식,한식디저트",1
"소매업(마트,생활가전)",1
"축산물,임산물,식육",1
슈퍼 마켓,1
활어류,1
쌀/잡곡/야채,1
슈퍼 식품,1
새우스테이크,1
반건조(건어물),1
돼지두루치기,1
"목공예품, 가구",1
"케이크, 빵",1
예술품 및 골동품소매업,1
조명용품,1
이동복,1
"벽지,장판(인테리어)",1
"약초(도라지, 대추)",1
의류 및 옷수선,1
"식품, 음식",1
농산물 과일 야채,1
"땅콩, 건어물",1
컴퓨터수리및 판매,1
"공예, 공예교육",1
도매 및 소매업(전자상거래),1
화장품미용재료,1
"민속품, 야생화",1
"공예, 패션, 소품",1
"전, 빈대떡",1
제과 꽈배기,1
빰뽕,1
커피음료 및 원두,1
자전거수리,1
가구수리,1
"양발,의류,신발",1
"이탈리안음식, 파스타",1
액자제조,1
"그림, 도자기 등",1
악기 소매,1
잡화 문구,1
"휴대폰케이스, 생활잡화, 자동차부품",1
외의류,1
기계제작,1
"조형연구소(화가, 공방)",1
과메기 야채,1
신발수리,1
"LED조명,휴대폰,컴퓨터및주변장치",1
"의류,전기용품,식품,잡화,침구류",1
"네일, 속눈썹관리",1
"지업사, 합성수지",1
경미한공사(창호),1
"기성화, 잡화",1
"복권, 슈퍼마켓",1
"토스트, 떡볶이",1
의료 치과의원,1
"두부제조, 판매, 일반음식점",1
"바지락술찜, 음식",1
목칠공예품 및 옻칠공예가구 제조,1
도매(식육및부산물),1
"넥타이,와이셔츠",1
"닭,야채",1
"서비스(피부미용업),도소매(화장품)",1
"돈까스, 우동",1
커피 및 제조음료,1
"타올, 기념품",1
기타생활용품,1
"침구류, 한복지",1
주차,1
참게장,1
비비탄사격장,1
만두전문점,1
일용잡화 및 의류,1
아디다스 제품 신발 의류 용품,1
"인쇄, 간판",1
파스타 화덕피자 스테이크 샐러드,1
"잡화,전자담배",1
"악세사리, 화장품",1
"도매및소매업(화장품,비누)",1
"소매,소매업(양약,의료기기)",1
"떡,참기름,곡류가공,재래한식간장",1
음식및숙박업(일본음식점업),1
도소매(포장재),1
"수산물(신선,냉동)",1
소매어(건어물),1
소매업(남여의류),1
"반찬, 기름",1
이불(도소매),1
도매 및 소매업(가구 소매업),1
화장품 건강식품외,1
고추/참깨,1
자동제어반(전기자재),1
요가 수업 지도,1
신경외과의원,1
과자 및 생필품,1
"피자, 햄버거",1
베이킹 공방,1
"안경, 콘택",1
수산물(홍어),1
"약초, 꿀, 가공식품",1
공구잡화,1
"커피점문점,서적, 신문 및 잡지류",1
"즉석판매제조, 가공업(떡류)",1
"벽지, 비닐장판, 기타지류",1
"벽지, 비닐, 장판, 경미한공사",1
"소고기,돼지, 닭",1
"가구, 의류",1
"가방,캐리어",1
"휴대폰,주변기기",1
"일반음식, 치킨",1
"음식점업(피자,파스타)",1
"우럭매운탕, 회",1
소매업(안경원),1
"도소매(시계,잡화,악세사리)",1
"도소매(귀금속,악세사리,총신기기)",1
의료기기 전기제품,1
제조업(식용유),1
체험공방,1
"김치찌개, 보쌈",1
"제주흑돈안심스테이크, 날치알 파스타",1
영상제작,1
"샌드위치,브런치",1
"음향기기, 컴퓨터 주변기기",1
"미용, 이발",1
"판매대리(의류, 스포츠용품)",1
여행가방 등,1
혼수용품 잡화,1
"조경자재,안전장구",1
"소매업(전기재료,전기제품수리)",1
해물생선요리,1
도소매(나물류),1
생활잡화 편의점,1
소매업(약초및약초다림),1
흙.돌침대,1
잡화소매업,1
"모자,머플러,기타",1
경양식(돈까스),1
종합식품소매업,1
"건어물, 젓갈, 나물",1
"소매업(식품,잡화)",1
"의류 도소매, 제조",1
"인삼제품, 꿀",1
활어회 생선회,1
"소매(지물,도매,벽지)",1
소매(씽크),1
"도소매제조업(참기름,고추)",1
찜닭외,1
"소매업(철물점,가정용품)",1
"절연제, 합성수지",1
"해외,국내여행사",1
구제품의류,1
이벤트업,1
"그림, 만화",1
"아동복판매, 전자상거래(아동복)",1
"채소, 밤, 제수용품",1
"옷, 모자",1
"고추가루, 기름",1
그릇 도자기,1
서비스업(피부미용업),1
소매(완구),1
프랜차이즈(햄버거),1
서비스업(의복수선),1
"채소, 과일 등",1
소매업(기타지류),1
"순대국,곱창",1
"내과, 소아과",1
"드레스, 양재, 공예재료",1
도배지,1
음식(커피숍),1
"수입소품, 의류, 잡화",1
골프존 스크린골프장,1
기계부품가공,1
가죽 의류,1
소매업(유리제품),1
소매전기,1
"벽지, 장판, 인테리어",1
벽지.장판,1
공구수리,1
밤유통 및 가공,1
막창고기류,1
"소매업(동물판매,애견용품)",1
음식(일반음식점업),1
"한식, 오뎅",1
"잠옷, 속옷",1
우산 양산 우의,1
"제조,판매업(즉석두부)",1
양푼이갈비찜,1
주방욤품,1
제조업(곡물제분),1
파티용품 외,1
안마의자외,1
한우모츠나베,1
박스 인쇄물,1
"도소매(조명,CCTV)",1
아로마테라피 방향제,1
라볶기 김밥,1
"족발, 수육",1
제조업(기름),1
소매업(문구),1
자동제어기기,1
"장갑,잡화",1
목욕관리,1
"고등어, 갈치, 오징어",1
유부초밥 및 면류,1
"휴대폰,액세서리",1
천막안전망안전용품잡자재외,1
알마늄철골,1
"공구,용접기",1
"건어물,식재료",1
"식육,간이음식점",1
의료기기 및 임농산물,1
"맞춤,수선",1
도소매(카메라),1
"빵,도너츠",1
식육즉석식품,1
"도소매,제조업(수산물, 회)",1
생활용가구도매업 등,1
"소매업(반찬, 전자상거래업)",1
"의류 소매업, 전자상거래업",1
의류전자상거래업,1
"농산물,꽃,도자기",1
반찬(전집),1
소매제조(국수),1
참숯김,1
"잡곡, 곡물",1
순대 호떡 떡볶이 튀김 음료,1
한우 구이 전문점,1
한식농산물,1
"닭발편육,닭발가공품",1
소매업(내의류및제품홍보관),1
"소매업(액세서리, 시계)",1
도소매(슬리퍼),1
"휘발유, 등유, 경유",1
음식(커피제과),1
기타 식음료,1
치킨(통닭),1
도매및소매업(수산물소매업),1
"관상어,조화,잡화",1
"식품,청과,주류",1
레시피 균배양 배합비 등 무형재산권 중개업,1
"청과,야채,쌀",1
이동음식점업(누룽지음식),1
생활용 가구,1
일회용기 등,1
애완용 동물 및 관련 용품 소매업,1
"의류수선, 팬매",1
관광민예품 및 선물용품,1
카페베이커리,1
"잡화,식품",1
"간장,식품,잡화",1
"한식(피자,치킨)",1
"내의, 일용잡화",1
장갑및생활용품,1
"양말, 속옷 잡화",1
"반려동물용품(애견, 애묘)",1
주단.이불,1
"악세사리, 빵류과자류",1
"명주, 외의 외",1
부추,1
원단/직물,1
"수산물, 민물장어",1
"식품제조, 가공업",1
도매및소매업(쌀),1
분필소분판매업,1
아동복여성복,1
조형물제작교육,1
"식재료,축산",1
고추 야채,1
"커피,",1
도매및소매업(침구류소매업),1
"가방, 신발, 악세사리 등",1
도소매(마늘),1
"고기, 차돌박이 구이",1
"꽃차체험, 다기 소매",1
건강식품옷수선,1
"소매(서적,문구)",1
수산물(회),1
오징어무침회,1
소매업(의류소매),1
사주 상담,1
"채소, 뿌리작물",1
한식(곱창),1
"고기, 채소",1
"냉장고수리, 열쇠수리, 도장",1
탁주 약주 한식,1
"소매(농산물소매, 찐옥수수)",1
"비닐, 비닐하우스 설치 등",1
"훼브릭 홈패션, 체험",1
"타코야끼, 음료",1
"식자재,슈퍼마켓,문구용품,생필품",1
소매가공식품,1
도소매(식육판매점),1
"스카프, 마스크, 액세사리",1
임가공착유및유사처리,1
이불 섬유,1
젓갈 소매,1
"천연조미제품,고추가루",1
"도매,소매(속옷)",1
수산물(문어),1
"돈가스, 우동",1
조개류 해산물 냉동수산물,1
"농,임산물",1
"튀김, 애완용품",1
음악서비스,1
"채소, 계란",1
기타 가정용품 소매업,1
수산물 꼼장어,1
"대파, 잔파",1
"서예,서각 체험 판매",1
"이불, 가구",1
"사진관, 도장",1
"철물, 안전용품 등",1
과자류(떡류),1
"도장, 습식방수, 석공사업",1
어패류(성굴),1
분식(냉면),1
"원단, 섬유",1
한식점업식육,1
운동시설제공,1
"수산물, 농산물, 등",1
행거옷걸이,1
"나물,야채류",1
반건조생선 먹갈치 참조기 병어,1
제조기름,1
화훼자재잡화,1
"이불, 한복",1
요식업식기,1
가정용직물제품(커튼),1
"조개,문어",1
소매업(의류종합판매),1
"음식,족발,한식",1
"빵류, 과자류, 당류, 초콜릿 소매업",1
한방제품,1
아이디어상품,1
"도소매업(건강기능식품판매,의료기기판매)",1
도매및소매업(주방용품),1
"공예, 수공예, 장식용품",1
여자용 겉옷 소매업 등,1
모자 담배,1
"채과, 과실, 및 뿌리작물 소매업",1
기타식료품 소매업(야채),1
생활용품 일용잡화,1
"가방, 소품",1
"대추,영지버섯",1
마늘고추가루,1
꽈배기 제조,1
굴비 및 수산물,1
"씨앗,잡화",1
음식점업(서양식음식점업),1
식육식품가공,1
도소매(셔츠 및 내의),1
소매(게임기),1
양말.메리야스잡화,1
"도소매업(건어포류,조미김)",1
"도매및소매업(의류,전자상거래소매업)",1
"의류,도소매",1
수공예 제품 및 재료,1
미용상품,1
"소매업(실,단추,안감)",1
"채소류(배추, 무우)",1
신변잡화,1
식판,1
고춧가루분쇄,1
잡화(실내화),1
"속옷, 내의",1
"명태,밤",1
동물 보호,1
"건어물,과일",1
"여성의류, 신발, 가방, 모자, 잡화",1
시장관리,1
"약초,건강기능식품",1
"한복,침구류",1
여성의휴,1
한복및장의용품,1
"도매(축산물) 도,소매(순대) 소매(곡물,식육,채소)",1
"소매(식용유,농산물)",1
"의류,각종잡화",1
반찬 젓갈류,1
뿌리식품,1
도소매(상품대리의류),1
즉석참기름,1
인삼물외,1
"외의,의류",1
"차, 음료류 전문점",1
"모찌, 아이스크림",1
"종묘,씨앗,농약",1
전기.철물.공구,1
양약/의료기기,1
"장류, 견과류",1
도서(서점),1
"아웃도어,스포츠의류",1
"농산물,종합식품",1
티셔츠,1
수제아이스크림,1
명란,1
"식품, 잡화, 콩나물",1
죽 보리밥,1
전자상거래소매업,1
구제의류 및 잡화,1
"귀금속, 시계, 잡화",1
"기타음식, 칼, 가위 소매업",1
"반찬, 젖갈",1
캐주얼화,1
"건어물 및 젓갈류,김치 절임식품제조",1
"어업, 소매",1
"캠핑, 글램핑웨어, 안전용품",1
"동동수산물 도소매, 생선 소매",1
간단 안주류와 생맥주,1
"단추,부속",1
"생닭,생오리,치킨",1
가오리찜,1
"커피용품,커피전문점",1
"기타가공식품,곡물",1
콩나물 미꾸라지 당근,1
"사과,감귤(청과)",1
"옷걸이, 행거 및 기타잡화",1
공산품(어묵),1
제조가공업,1
"즉석찬매제조가공, 식품",1
"천, 원단",1
음식(닭강정),1
식자재 및 잡화,1
소매업(가죽제품),1
중고가전수리,1
그릇외,1
금형 외,1
한식(밀면),1
도소매업(상품대리),1
수산물(건조),1
"중고폰, 중고기기, 통신장비수리업",1
송이가공제품,1
오이 등 채소류,1
"떡방앗간,기름집,농산물",1
"채소, 과일 및 뿌리작물 소매업",1
야채 과일등,1
"물회,섭국",1
"과일,야채 등",1
도소매업(정육점),1
"제조업(식품즉석판매,솜사탕,탕후루)",1
"청국장,떡류",1
"리빙제품, 잡화,전자상거래(이불)",1
즉석판매제조(부대찌개),1
"식육, 담배 소매",1
"가방,지갑",1
초밥집,1
감주,1
소매업(아동복),1
"건어물, 견과류, 일용잡화",1
도소매(어패류),1
농수산식품,1
"의류제조, 소품, 부자재생산 등",1
이동식음식점,1
찹쌀,1
"파스타, 커피",1
"한식, 식자재",1
구두의류,1
"의료기기장비,의료소모품",1
겁창,1
농수산축산공산품,1
"도소매(종자,농약,비료)",1
민물생선,1
"시계수리, 시계소매",1
농약비료 등,1
유부 초밥,1
축산물 육류,1
주류 죽 전 제사음식,1
도소매(해산물 기타),1
"오징어 버터구이, 수산물 등",1
통닭집,1
"숙녀복, 잡화",1
생선(일반),1
"견과,곶감,과자,약과",1
한식뷔폐,1
"소매업(채소,과일,수산물)",1
유리도자기,1
옷수선부자재,1
"찰옥수수,농산물",1
음식점통닭,1
인쇄용지,1
안경재료,1
"훈제오리, 농축산물",1
쌀 잡곡 마늘 생강,1
여성보세의류 및 악세사리,1
"건어물, 홍어",1
전기자제,1
소매업(중국식품),1
제조업  빵류,1
전자기기 음향시설,1
"잡화,스카프",1
음식점(초밥),1
"도소매(안경,화장품,잡화)",1
"반찬,분식",1
"식료품,농산물",1
돼지고기구이 등,1
구움과자 쿠키 수제청,1
서비스 피부미용,1
"고사리,버섯",1
의료기기(건강용품),1
"쌀,콩",1
양말 열쇠고리 모자 슬리퍼 가방 장신구,1
"쌀,계란,봉투등",1
"가죽제품, 잡화",1
"미나리,쪽파(채소)",1
깐메추리알,1
정미소,1
이용업화장품잡화,1
각종전,1
"한복, 주단, 포목",1
치킨탕수육,1
면 OX포드 인견,1
"마늘, 양파 외",1
냉동 및 기타 수산물,1
현악기,1
면직물 양장지 양복지,1
"비닐, 잡화",1
"식자재, 김치",1
밤대추인삼,1
커텐및천막,1
어탕,1
상품대리(나이키),1
맞춤복 수선,1
"쌀,곡물",1
"지업사,장판,벽지",1
액세서리전자수리,1
탁구 탁구용품,1
"가전, 잡화",1
가구소품,1
도소매(과일,1
냉동품수산물,1
가방 외,1
"파충류, 애완동물",1
"커피, 음식",1
"식육,한식",1
"양장지,양복지,의류",1
건고추 깨,1
식육 수산물,1
어육제품,1
관엽수,1
"해조류, 어패류, 기타수산물",1
"안경렌즈, 안경테 제조",1
"제조업,소매업(떡,기름)",1
"체형관리,피부미용",1
"건어물,전자상거래(멸치, 김, 건어물",1
캐주얼웨어,1
"참치회,음식",1
"주단,.이불",1
"고추, 기름, 마늘",1
도매 및 소매(과실 및 채소 소매업),1
수산물(도소매) ㆍ 조개 바지락 굴 홍합등,1
각종엑기스,1
농산물 양곡 곡물,1
식료품등,1
스포츠 내의,1
대파도소매,1
"농수산물(양파, 파, 무)",1
건강생활용품,1
우산/기타,1
사무용 가구 가정용 소품가구,1
"생화, 꽃",1
나물 외,1
"음반,DVD게임및CD",1
젓갈류외,1
해물장칼국수,1
민물중탕,1
"수산물,꽃게장류",1
"자동판매기 , 반려동물상품",1
도소매 식육,1
"인삼,대추",1
"도매및소매업(계란,야채)",1
고등어 삼치 전갱이,1
"시계,보석",1
아동속옷,1
"면,만두피",1
"한복, 침구류",1
"담배,편의점일잡",1
"분식, 김밥",1
"농산물,더덕,도라지,건어물",1
"소매업(액세서리,전자상거래)",1
"빙떡,정식",1
종합식자재,1
"대추,꾸지뽕열매,두릅나무순",1
헤나재료,1
도매(채소(일반)),1
"잡화, 가전",1
"시계, 귀금속수리",1
문어 전복,1
요거트아이스트림,1
"해물, 생선",1
"초밥, 회",1
가구  커튼,1
"면류,식품",1
옷수선 소품제작,1
두부묵오뎅콩나물,1
"음료,꽃",1
도매(침구류),1
제면,1
"금, 시계",1
전복솥밥,1
"농산물, 산나물",1
돈/부산물,1
건강음료류,1
어패류(도소매),1
냉동수산물(일반),1
생선(수산물),1
돼지고기 등,1
계란등 식료품,1
악세사리&잡화,1
즉석요리반찬,1
전선 등,1
"라면, 스넥",1
"잡화,식료품",1
"주방용품, 화장품",1
"건어물, 절임류",1
"소고기수육, 돼지국밥",1
여성의류 남성재킷 등,1
다시마가공,1
선어중계,1
"침구,이불",1
"소매업(슈퍼,생활용품)",1
샌드과자,1
화장품및생활용품,1
"크림치즈,제과류",1
건어물조미건어물,1
김밥 및 음료,1
"액세서리,스카프,화장품",1
"이조가구, 돌침대",1
"김밥, 우동",1
아채 두부,1
홍삼 및홈삼제품,1
"겉옷,셔츠,블라우스,바지",1
"아동복, 의류,전자상거래(아동복)",1
무우,1
한약 건강식품 농산물,1
"곡식,식혜",1
"애견용품, 애견미용",1
"이불,소품",1
한식(돈가스),1
생선(홍어),1
"빵, 카페",1
"빵, 계란, 농수산물",1
"토스트, 빙수, 커피",1
소매업(식자재),1
"스포츠용품,  스포츠의류",1
손뜨게방,1
"스포츠의류,신발용품",1
"의료기,건강기능식품",1
여성의류 악세사리 신발,1
"네트워크제품,임대",1
"열쇠,타올",1
과채료음료,1
도매 담배,1
식육식육부산물,1
전자게임장,1
도매및소매(전자상거래),1
중고상품 냉동수리,1
"적석판매제조, 가공업",1
도매및소매업(중고의류),1
야채 생선 과일,1
"절임,양념류",1
식잡(축산),1
가정용기기,1
파지고철,1
"김밥,한식",1
여성캐주얼의류,1
대구막창,1
의휴,1
족욕카페,1
홍어(소매),1
간호조무사교육,1
침구 수예품 잡화,1
식자재종합,1
"우산, 잡화",1
"새우젓, 생선",1
곡물도정업,1
"청과, 생선 등",1
"도소매(농수산물,가공식품)",1
미용재료 및 인테리어,1
김치곰탕,1
제기,1
채고과일,1
엽전 도시락,1
"콘택트렌즈,안경",1
떡기름고추가루,1
생활용 가구도매업,1
"귀금속,장식구",1
슈퍼마캣,1
도소매(농특산물),1
소매업(비닐봉투),1
"옷수선,자수",1
"음식점,분식",1
"건축자재,잡화",1
작업복 및 단체복,1
"젓갈, 김치",1
"모피소품,의류부자재",1
"마대,망외",1
생물(생선),1
"원단, 옷",1
치약 등 소매업,1
"어묵,분식",1
"소매업(슈퍼마켓, 육류)",1
가전제품 부속,1
막회,1
"의료기기,건강식품,농산물,전기용품",1
금악세사리,1
생활용품 및 잡화(이불),1
공산품담배주류,1
폐백제조,1
"주방용품,잡화,농수산물,기타가공식품",1
한식(한정식),1
팬시용품 스터디카페,1
"편의점, 치킨",1
양,1
무드등,1
"야채류, 건나물류",1
"패션잡화,양말",1
"그릇, 소품",1
활어 직매,1
"썬팅, 자동차용품",1
"과자,커피",1
"더덕,도라지등",1
식육포장,1
생선및건어물,1
"빵류,과자류 및 당류 소매업",1
음식(생선회),1
"유리,창호",1
음식및숙박업(분식),1
"과자류, 뻥튀기",1
"커튼,블라인드,직물",1
그릇 청소도구,1
퀼트공방,1
"커텐,침구",1
"버섯, 고추",1
"두부, 두부 제조업",1
도계육,1
제과점(음식),1
"농산물(무, 단배추)",1
"일잡, 담배",1
선어소도매,1
"작업복, 기성복, 안전화 등",1
초등학생,1
젓갈절임,1
"추출음료과,채음료액상차농산물",1
"식육판매업(소, 돼지)",1
채소버섯,1
어패류(조개),1
한복 수선,1
혼수주단,1
건어물 및 젓갈,1
제과점(빵),1
보약,1
중탕제조,1
"콩나물, 두부, 고사리 외",1
"농산물,수산물,식품잡화",1
전자상거래업(소형가전),1
"꽃, 다육",1
화초및 식물,1
"농산물, 양곡",1
"의류,양말,모자",1
"축산물, 농산물 등",1
능금,1
"도소매(슈퍼,식자재)",1
"식육, 농산물, 수산물",1
고사리.도라지,1
"닭발, 불닭",1
"커피,원두,디저트",1
"타올, 세제류",1
페류,1
"생선구이, 반건조생선",1
전통 죽 등,1
"수산물, 가공식품 도매",1
생선(선어),1
"참깨,들깨,팥 등 양곡류",1
가방 및 기타,1
신발가방잡화,1
즉석식품판매 및 제조(제과류),1
농산물(고사리외),1
생활용품(가정기물),1
남도음식,1
면직물 화섬지,1
"콩나물, 나물류",1
"마늘, 참기름 등",1
"명태, 오징어 외",1
"닭고기, 오리",1
채소  청과,1
"냉동,수산",1
"붕장어, 생선",1
도소매(일반가구)제조(가구),1
"도매및소매업(과일,야채)",1
화장품 생활용품 등,1
"과일, 식잡, 수산물, 건어물",1
화과자 술빵 호두정과,1
"도소매(조화,각종잡화)",1
도매(사무용가구),1
김치 젓갈 반찬,1
공예품잡화,1
카페분식,1
애완동물 관련 용품,1
기타(건어물),1
도소매(과일 및 채소),1
"젓갈 ,된장",1
"족발, 국밥",1
농산물일체,1
슈퍼마켓 담배 축산 야채,1
"식품잡화,식육",1
채소류 등,1
탕약재,1
"소매업(묘목,모종)",1
농산물 외,1
"메리야스,속옷",1
농산물 및 임산물(밤),1
그릇(식기),1
"한복대여 및 수선, 악세사리",1
"생선, 젓갈",1
제분제유,1
전력기기,1
"농수산,잡화,건어물",1
"수예품,침구,잡화",1
고추 참기름,1
사케동,1
"쿠션, 방석",1
스리랑카음식,1
"여자용 겉옷, 전자상거래(여성복)",1
약재류,1
염소중탕,1
POP광고,1
"모터,펌프",1
"커텐,침구류,인테리어",1
"농산물,통신판매",1
"비닐외, 유아용 의류 소매 등",1
한식 및 축산물,1
임산물 등,1
식품잡화농산물,1
근린생활서비스,1
도소매(인쇄물),1
라면 자동판매기,1
잡화(면직물),1
생선 과일 기념품,1
"중고풍(가전), 냉난방기, 사무용품, 업소용비품",1
"비닐,일회용품",1
왁싱화장품판매,1
"김,감주",1
"휴게음식, 커피",1
커스텀 상품,1
"보석,액세서리",1
"건어물,구이김,젓갈,기타수산물(일반)",1
해산물과일,1
건오징어,1
기타해산물,1
"전자 ,TV",1
"청과물(과일, 야채)",1
튀김요리 외,1
"속옷,의류,양말",1
"뜨개실,털실,뜨개용품",1
축산기자재,1
"천연화장품, 천연비누 외",1
식잡빵류육류담배,1
"침구,의류수입용",1
"도,소매",1
이불홈패션,1
"소매(기름,고추)",1
"청국장,두부,계란",1
액젓,1
도소매업(화장품및방향제소매업),1
"악기, 음향",1
콘텐츠기획,1
각종식료품,1
수예침장,1
"인삼,홍삼,약초,녹용,녹각",1
"기념품, 토산품",1
"만두, 도넛츠",1
"커피, 음료 판매",1
"문구, 일용잡화",1
"수산물, 젓갈, 건어물",1
"도소매(수산물, 건어물)",1
"과실및채소절임식품제조,반찬",1
디저트류,1
"돼지고기(삼겹,특수부위)",1
"창호공사, 인테리어",1
"농산물,임산물,약초",1
물미역,1
"솜,침구류,캠퍼스제공",1
문어닭강정,1
떡방앗간(제조업),1
농약 비료 종자 농자재,1
김치 및 기타 식품류 제조,1
유과류,1
"양장지,양복지,기타직",1
수산물 홍어,1
"견과류, 땅콩, 건어물외",1
"소매(주방용품,잡화)",1
"미용업, 반영구 화장",1
직물원단,1
콩보리,1
"비닐, 잡화류",1
실 단추,1
"전기재료, 조명기구",1
"가스,석유",1
"양념육류, 분쇄가공육제품",1
소매업(타올),1
곡물제조,1
양복(양복점),1
분말조미료,1
건어물및젖갈류,1
"삭자재, 양곡, 농산물, 수산물 등",1
"고추,양곡",1
고게,1
운반기기 등,1
"도매 및 소매업(즉석판매제조 가공업, 자동차용품)",1
"아이스크림, 와플",1
시계 액세서리,1
"회, 음식(한식)",1
"건어물 및 젓갈류, 멸치 등",1
액세서리소매,1
세탁옷,1
잡화슈퍼,1
낙지볶음(한식),1
식육 담배,1
"교과서, 도서, 기타",1
연근,1
"중고가전제품 소매업,가전제품수리업",1
"식육판매업, 식육부산물판매업",1
"식육,식품",1
"내의, 식잡",1
"도매및소매업(의료기기,위탁판매(농수산물,주방생활",1
"잡곡,쌀",1
"철물, 출장서비스(철물관련 서비스)",1
"벽지, 커텐",1
전기재료 조명 외 도소매,1
귀금속 재생재료수집및판매,1
"캔들,석고방향제,디퓨져",1
건작,1
"농약, 종자 및 묘목",1
"소매(의류, 전자상거래)",1
인삼홈삼,1
파닭,1
"야채(배추,무)",1
"주방용품, 중고품",1
"악세서리, 잡화, 우산",1
분식재료,1
"수산물, 생선도소매",1
"신발, 의복 및 잡화",1
한옥체험관,1
"면직물, 원단",1
식용유 및 고추가루,1
어육튀김,1
면티셔츠,1
"패딩, 의류",1
바디케어관리용품,1
곡물/채소,1
야채(부추),1
커튼벽지장판,1
식유,1
"소매업(정육점),제조업(한과)",1
"화장품,국수",1
"식자재(어묵, 장류 등)",1
인삼 벌꿀 기타등,1
칼국수(한식),1
"빵, 샌드위치",1
"철만물,공구",1
"PC방,  휴게음식",1
"금,은,보석,시계",1
칼국수 분식,1
"양말,의류",1
"준보석,잡화",1
명란젓,1
"배추,무,양배추",1
"제면, 소맥분",1
"식품,햄",1
농산물 고추 기름,1
도매(소금인공감미료장류),1
"채소류, 콩나물",1
"국산 및 수입 수산물, 계란소매",1
신발 및 채소,1
화장품및잡화,1
속옥,1
"지물, 잡화",1
"채소, 청과물",1
쏘가리,1
짬뽕순두부,1
음식점업(터키케밥),1
"일식,수산물",1
플라스틱주방용품,1
족발 포장족발,1
일회용품 및 잡화 외,1
소매 여성의류,1
식자재/잡화,1
"약재,탕재",1
돌잔치등행사및꽃다발판매,1
스키야키 샤브샤브,1
니트(편물),1
활어생선,1
"전기, 자동화부품",1
"닭갈비,찌개",1
"커튼, 이불",1
"식품,생활용품",1
"식품잡화, 수산물",1
나전칠기 공예품,1
소형가전 등,1
소매(내의류),1
족발 순댓국 뼈해장국,1
"신발,스포츠용품,임대",1
도소매(스포츠의류및용품),1
중고가전수리업 주방용품,1
"아웃도어신발, 의류, 용품",1
봉제,1
"건어물, 냉동식품",1
도매 및 소매업(여자용 겉옷 소매업),1
냉동면류,1
"도소매업(화장품,청소용품)",1
"액세서리, 잡화, 귀금속",1
머리고기 외,1
도소매업(식육판매),1
곡분,1
"음반,잡화",1
가정용 냉난방기,1
"소매(담배,식품음료,전자상거래업)",1
간단먹거리,1
"채소, 두부",1
"갈비탕, 전",1
"슈퍼,마트",1
빵류 과자류 당류,1
"제과류, 커피음료",1
기타음식료 및 잡화,1
"커텐,장판",1
곡류 가공품,1
식품간장,1
식욕,1
도소매(그릇),1
"식품잡화, 건어물",1
소매(기성화),1
"생선,냉동식품",1
한식(식당),1
"미곡(쌀, 잡곡)",1
수산물(해조류),1
"건어물, 채소",1
유압부품,1
닭등,1
산업용청소기,1
LP가스,1
거리어묵,1
풋살장 대여,1
"농산물, 불교용품",1
시계 외,1
단미사료 및 애견용품 사료,1
속옷메리야스,1
"스크린골프, 골프용품 판매",1
쌀참깨,1
"차,아로마",1
"농산물, 한약품",1
"안경, 콘텍트",1
드럼교습,1
"레이스,부속",1
"농.수.축,일용화, 건어물, 고추가루",1
이불 내의,1
동물판매,1
고기전문점,1
"오이,",1
메이크업 등,1
굿즈상품,1
제조업(두부가공),1
발레교습소,1
제과점업(디저트),1
포장식품,1
카메라외 생활소품,1
헹니,1
침구원단,1
"일반이용업,화장품",1
"야채, 뿌리",1
음식점(초장),1
"스포츠용품, 잡화",1
보세원단의류,1
"족발,보쌈,냉면",1
"도소매(은,액세서리)",1
"명패,문구",1
"생화, 관엽식물",1
제과 제빵 커피 음료,1
"농산물, 임산물, 청과",1
지퍼 고무,1
샐러드 버거  커피,1
원단 양장지 양복지,1
한식베트남음식,1
"혼수용품, 공예품, 한지,공예품 제조",1
"근린생활서비스(미용,목욕,세탁등)",1
"잡화,  여성용품",1
"한식,보쌈",1
"수산물,건어물,농산물",1
"회, 한식",1
"족발, 닭발",1
"홍게,대게",1
"그릇,주방기물",1
"이불, 커튼, 홈패션강습 등",1
도소매(악세서리,1
"잡화,가방,지갑",1
"원단,부자재",1
환풍기자석,1
"내의,양말,잡화",1
당류,1
농축특산물,1
기타  음식점업,1
"공구,전동기계",1
"중고가전제품, 가구수리",1
"의류부자재,일용잡화",1
소매업(시계),1
인테리어주택공사,1
어묵 및 기타 공산품,1
제조업(도자기)도소매업(도자기),1
스텐,1
수산물중도매인,1
"이불,생활한복",1
"한식, 잡화",1
버섯채소,1
"한식, 반찬류, 청과 소매",1
"도매및소매(의료기기)소매(잡화,농수산물,침구류)",1
"교육서비스업(심사원양성,경영지도교육)",1
"작업복, 안전화, 잡자재 외",1
베트남음식점,1
"가방, 신발",1
양꼬치 및 중식,1
"활어회,대게",1
"농약, 씨앗,  각종 농기구",1
가방의류잡화,1
커피 및 차  플라스틱 용기,1
헤나천연염색,1
"휴게음식점,커피용품",1
여성의류(도소매),1
한식(분식),1
의류부자재 일용잡화,1
종자비료,1
"김치,반찬,전",1
스티커 토퍼,1
"의류,기타잡화등",1
"계란,농산물",1
휴대폰악세사리 잡화 화장품 전자상거래,1
잡화 강아지옷 양말,1
문화컨텐츠개발,1
아동복 등,1
"냉면, 한식",1
"농산물, 건강기능식품 등",1
"청과, 식육",1
"수산,활어회",1
생선얼음,1
우산 및 양산 등,1
"캐리어, 가방, 휴대폰케이스",1
"옷,가방,소품",1
"식육, 야채, 청과",1
"프랜차이즈, 커피, 케익",1
유아복 주니어복,1
꿀감자빵 순두부아이스크림 음료,1
어묵등,1
"도소매업(문구, 잡화)",1
닭고기 계란,1
"건,초재, 농산물",1
약제,1
"화초 및 식물, 야채",1
"숙녀복,신발, 악세사리",1
의류 구제 의류,1
잡화(마트),1
도소매(과자),1
쇼핑몰 운영,1
도매 및 소매업(액세서리 및 모조 장신구),1
"수영장, 찜질방",1
모니터,1
남성 셔츠,1
채소도소매,1
"농약,비료,종자,기타",1
소매업(각종용품),1
"창호공사, 인테리어공사",1
사탕초콜릿 잡화,1
"염색, 네일(염색공방)",1
감자 고구마 야채,1
"철물,그릇",1
속옷란제리,1
식품(두부류),1
"음식점업(곱창볶음) 소매업(떡갈비,옥수수)",1
"철물, 담배",1
도소매(임농산물),1
도넛만두찐빵튀김꽈배기,1
"김,부각",1
기물주방용품,1
견과류식품,1
한식(아구찜),1
도소매 교육서비스업 교육 컨설팅 공예교육 공예체험,1
"고추, 오이",1
"식자재, 식재료",1
지하98호,1
곡물소매업,1
냉동건어물,1
가정제품,1
"목공예, 공예품",1
땅콩가공,1
"피자, 스파게티",1
"곡물,약초",1
"속옷 및 잠옷 도매, 의류, 잡화 등",1
도소매(건강기능식품),1
"자수,수선",1
"종자,농약,종자재",1
"의류, 가구, 인테리어소품",1
고구마,1
"농약, 종묘, 담배, 비료, 농자재",1
음료 식품 주류,1
"도소매,슈퍼",1
"건어물,농산물,수산물",1
"일반내의,양말",1
메기 매운탕,1
"공예품, 공방",1
"닭, 오리, 소, 돼지, 축산물",1
건과류,1
기타중고품판매업,1
"축산물, 임산물(일반)",1
"일식, 스시, 우동",1
"부품, 자재 등",1
신선채소류,1
"소매업(신발,가방)",1
"두부,제조",1
벽지및장판류,1
스낵 면류 주류 음료 등,1
"건어물, 전자상거래(건어물)",1
어패류 굴 조개등 중도매/도소매,1
"과메기,기타수산물",1
"돼지갈비, 능이버섯전골",1
"인쇄, 명함, 복사, 도장",1
함흥냉면,1
접착테이프,1
소매(시계및귀금속소매업),1
"철물,천막",1
도매(실버악세사리),1
꽃풍선,1
"식탁,주방용품",1
"레이스,자수전문",1
"김, 과자",1
생선 및 수산물,1
"채소(배추, 무)",1
꽃나무소품,1
증식,1
"전구,철물",1
협동조합,1
"식육,고기",1
입주청소,1
"의류, 잡화(가방)",1
육가공식품,1
양곡 곡물,1
족욕체험,1
"의류,화초 및 식물 소매업",1
수입과자 등,1
"화장품, 잡화, 체형교정의료기기 등",1
전통주체험,1
반려견용품,1
국밥 오리고기,1
"골프용품, 스포츠용품",1
"잡화, 앞치마",1
타로상담,1
식자재.잡화,1
"유아복,스포츠의류",1
"깨,음식점",1
농산물/잡화,1
"새우젓,건어물",1
즉석판매제조업(닭발),1
가정용품 소매업,1
수편사,1
동대문 보세 의류,1
조화 및 장식용품,1
금속공예품등,1
"농산물,즉석판매제조",1
"농산,채소,과일",1
한약중탕,1
호호바오일,1
"도소매(의류),소매(전자상거래)",1
축산물(돼지부산물),1
분식등,1
수업 판매,1
스포츠이너웨어,1
"도서,만화대여",1
휴게,1
강진돌김,1
"채소,가공식품",1
"채소, 잡화",1
"정육, 식육",1
"식품잡화, 건어물 ,고추가루 등",1
"폴딩도어,중문",1
"금,은(소매)",1
애채.청과,1
곡식가공,1
"가발,모자",1
고추장,1
고추 쌀,1
철물 및 자재,1
숙녀복 면티,1
섬유제품소매업,1
"공예품, 의류",1
고물상,1
행사용 영상촬영,1
"족발,매운족발,매운닭발",1
운반하역기,1
계란도매,1
"신발, 무역&전자상거래(신발)",1
야채(미나리),1
건설공구,1
귀금속 악세서리,1
슈퍼마켓주차장운영,1
다육이외,1
채소 과실  뿌리작물,1
대게 홍게,1
반영구눈썹 속눈썹연장,1
"칠가구, 칠수리 수선",1
의류 여성복,1
"피자,떡볶이",1
독서코칭전문 도서관,1
"건축자재, 악기렌탈",1
"커피, 베이커리 등",1
애완용 동물 관련 용품,1
즉석판매(부대찌개),1
"문구, 사무",1
중화면요리,1
냉동수리,1
즉석두부건어물,1
"매트, 페인트",1
양모,1
"철물,건축자재",1
"고공품 및 돗자리, 어망, 모조장신",1
한약처방 한방치료 통증치료 침 뜸 부항 물리치료 전침 추나 경옥고 공진단,1
"채소, 식육고기",1
"문구용품,인쇄,광고",1
타코비,1
제분제환,1
"소매,즉석판매제조가공업(고추,식용유지류)",1
체력 단련 서비스 제공,1
가전제품및전기수리업전자제품,1
"의복수선, 잡화",1
"컴퓨터 및 주변장치, 소프트웨어 도매",1
"방앗간(참기름), 농산물",1
"도축,돼지,소,식육",1
"아이스크림, 과자류, 빵류",1
들깨메밀수제비,1
통골뱅이탕 김치찌개 고등어구이,1
문어.생선,1
"휴게음식,버섯",1
"의류, 모자 등",1
"디저트, 쿠키",1
"귀금속,주얼리",1
조미료장류,1
통골뱅이탕,1
기타음식료품 위주 종합소매업,1
"커피전문점,과자 전자상거래소매업",1
식음료 잋 기타 가공식품,1
중탕즙,1
"채소 등 , 전자상거래(과일,채소)",1
잡화(공산품),1
임산물약초,1
"내의, 속옷",1
수신물소도매,1
도매(일반가구),1
"참치,기타수산물 즉석판매제조가공",1
이불(침구류),1
"소매업(전자기기,휴대폰)",1
"야채,생선,식품",1
결혼중개업,1
옷(아동복),1
"소매업(과자류)도매및소매업(냉동식품류,생필품및",1
"사무용, 업소용 가구",1
이불베개,1
"자동차관련용품, 전자제품 등",1
젓갈류 등,1
"양말,손수건,잡화",1
"제수용품(전, 한과 등)",1
"필라테스,필라테스온라인컨텐츠제공",1
배,1
"침구류,임직,침구류",1
"잡화,음료,농산물,슈퍼마켓",1
두부가공,1
샌드위치 버거 피자,1
계란 식품 잡화,1
"어묵,면",1
과실 및 채소 도매업,1
"돈까스, 카레",1
농산물 임산물,1
"즉석판매제조가공업, 농산물 선식",1
커피용품 정수필터 청소대행서비스 매장관리,1
"전, 한식",1
"중고냉장고, 등",1
인삼튀김,1
"그릇,담배",1
"도자기, 잡화",1
"만화,그림관련",1
면직물 및 의류부자재,1
한식및해산물,1
잡화 선글라스,1
곡물(쌀(,1
미술전시,1
"증명, 프로필 사진촬영",1
"아이스박스,고무통",1
치킨난반 나가사키짬뽕,1
"전자제품, 시계",1
먹장어,1
"시계, 지금, 귀금속",1
"미용업, 제과점",1
"식육,축산",1
박스,1
"홍어, 생선",1
"전기,소방,통신,전산자재",1
"버섯,농산물",1
"농산물,고추가루",1
"도자기,유리",1
"냉면, 불고기",1
가방 잡화 도소매,1
"기념품, 문구용품,일반서적출판업, 등",1
"귀금속, 지금, 시계",1
"철물, 생활용품",1
"곡물, 양곡, 고추",1
"식료품, 기타 농산물 등",1
일용잡화미용재료,1
농산물(대파),1
전자제품 가전 소형생활가전 커피머신 주방용품 건기식 골프용품등,1
"소금, 공산품, 누룽지 외",1
"생선,선어",1
"농수산물(건어물, 김, 미역, 멸치)",1
의류및등산용품,1
출산용품,1
"기타직물,침구류,고급카페트",1
이묭,1
언어치료 등,1
"파스타, 피자",1
"수산물, 야채, 나물",1
미용잡화 기타미용교육,1
냉동수산물 식품 및 얼음,1
가정용품수리(대장간),1
"가방, 지갑, 잡화",1
소매(벌꿀),1
소매업(건조식품),1
"상,병풍",1
커튼침구류,1
"분식, 어묵",1
약소매,1
"소매,제조(떡, 고추, 식용유지류)",1
"임가공제분,도정",1
음식점업(다방),1
엽채,1
"낙지,보쌈,한식",1
한복소매업,1
"커튼, 블라인더",1
고등어정식,1
고택체험,1
남성맞춤양복제조업,1
"농산물, 인삼, 홍삼",1
냉동포장육,1
"소매, 식육",1
"두부,어육",1
"고추,참깨,잡곡,기타",1
제과 제빵류,1
축산물 도소매업,1
"떡류,고춧가루,기름등",1
"돼지갈비, 생대패삼겹",1
도료 플라스틱,1
"화장품, 서비스 피부미용",1
모직물 화섬,1
수유용품,1
"콩나물, 두부 등",1
서비스업(공방)도소매(도자기)소매업(전자상거래),1
"잡화, 아이스크림",1
양약(약국),1
제조업(즉석판매제조가공업(즉석식품),1
"고추,참깨,잡곡",1
"네일, 속눈썹펌, 영양제 판매",1
영화관,1
"액세서리, 의류",1
조청 과일차,1
샌드위치 외,1
"컴퓨터부품,A/S",1
식품 농산물,1
"아이스크림, 기타식음료",1
"건어물,농산물등",1
"화장품, 커피",1
"도소매(청과,농산물)",1
포장용품,1
양장양복지,1
식음,1
천연수제비누,1
포장마차 음식,1
"수산물(과실,채소,견과류)",1
"수족관, 사진",1
"휴게음식점, 영화상영, 출판업",1
"벽지,도배",1
"음식물,잡화",1
"뿌리작물, 수산물",1
양약담배의료기기판매업,1
"식잡,식품잡화",1
"축산물,식육부산물",1
"미용실, 액세사리",1
물,1
중탕가공,1
고무,1
"농산물, 전통식품",1
고추가루 마늘,1
"세탁,  세탁중개",1
전자제품 신발및잡화 기타무역,1
외의 잡화,1
"양말,장갑",1
식자재납품,1
샌드쿠키,1
도소매(농사물),1
가마솥,1
생활섬유 및 실 도매,1
"단추,의류부자재",1
제주 생 오겹살,1
"쌀,찹쌀",1
"섬유 원단, 실 및 기타 섬유제품",1
멕시코음식 타코,1
팬시 완구 잡화 담배,1
"백반, 한정식",1
"분식,찐빵",1
"식자재, 식음료",1
식육 가공품,1
남성외의,1
"주방용품, 플라스틱",1
호스자재,1
도매및소매업(농산물),1
"채소,나물",1
영농자재,1
건강기능식품(홍삼),1
"과일,수산",1
민물고기 건강식품,1
농산물 참기름 들기름 고추가루,1
"농수산물, 건어물",1
농약 소매,1
고깃집(소갈비),1
"도장, 도색",1
식기 혼수 제수용품,1
깨 참깨 참기름,1
안전 보호구 외,1
골프용품점,1
음료품 배달 소매,1
"야채, 과일, 생선 소매업",1
"냉방기기, 에어컨",1
식탁및주방용품소매업,1
"소매(내의,잡화)",1
"음식점업(호두과자,서양식퓨전브런치)",1
"제과,빵,케잌",1
일반식사,1
농수산물야채과일생선,1
운동및 소매업,1
인삼.송이,1
"액세서리,구두,가방",1
일반한복소품,1
"레이스,부자재",1
"농약, 종자, 비료, 비밀, 자재",1
컴퓨터 및 사무용 기계.장비 임대업,1
한식(야식),1
문화예술체험,1
양계,1
"서비스업(미용업(손톱,발톱),메이크업)",1
"돈까스, 카레라이스",1
화장품/생활용품,1
킹크랩대게해산물각종회,1
"족발,닭",1
음식(떡갈비),1
"기타지류(벽지,장판)",1
모사용뜨게실,1
"도넛, 커피",1
고사머리,1
"도소매(건어물,잡화)",1
"농약,종묘,종자",1
"소매업(도자기,전자상거래)",1
"식잡,건어물",1
식품 제분,1
"콩나물, 두부",1
제조업(식품 제조),1
"잡화, 혼수방",1
"건강보조식품,체인화편의점,의료용품,미용관련상품",1
한우전골,1
음료수도매,1
재활용,1
"소금, 인공감미료, 장류",1
도매및소매업(화장품및방향제소매업),1
식육즉석판매점,1
음식점업일반음식점,1
한식(보리밥),1
방앗간 식용유,1
농산물축산물가정용품,1
태권도교육서비스업,1
"도소매(외의,의류)",1
"식육(수입육), 양곡",1
소매업(포목및기타직물류),1
여성화,1
"가방,지갑, 손수건, 잡화류 등",1
양장지양복지기타직물류,1
"즉석판매제조,가공",1
건어물(오징어),1
"방앗간,참기름",1
"분식,국수",1
"필라테스,PT",1
칼국수 샤브샤브,1
인테리어(경미한공사),1
조화.장식소품,1
천막사,1
삼베,1
스티로폼박스 고무대야,1
면직물 T/C직물,1
기념품 및 소품,1
"침구류, 소품",1
"커피, 암료",1
"비즈,퀼트",1
양곡판매,1
곡물 외,1
"방앗간(고추, 참기름)",1
"떡, 국수, 농수산물, 식품 등",1
"철물,안전용품,건자재,농자재",1
"한약재, 농산물, 식품",1
도매및소매업(냉난방기),1
"양곡,잡곡",1
도자기류,1
소매업(상품대리),1
"슈퍼마켓, 담배소매",1
"마늘, 생강(청과류)",1
콩나물 외,1
"목기, 농산물",1
"편백,염색,가구",1
"옥수수, 호두과자",1
떡051,1
즉석 제조업,1
"도소매(식품, 잡화)",1
양장지 양복지,1
복지상품,1
"어패류, 얼음",1
고추가루 참기름,1
"그릇, 의류",1
"식자재납품, 건어물",1
"식, 잡자재",1
"양곡, 식자재",1
오토바이정비,1
"야채(잔파, 파)",1
빵틀,1
포장비닐 및 용기,1
"참기름, 참기름 제조",1
비료 농약 종자,1
양장지 면 기타,1
주방용품 식기 주전자 밀폐 휴지통 도마 등,1
"수산물, 젓갈",1
"붕어빵,와플",1
"육류,도매업",1
식료품(일용잡화),1
"가공식품(오리훈제) 등, 잡화",1
"문구,잡자재 등",1
손두부 도토리묵 등,1
내의 양말,1
"선어중계, 선어",1
"아이스크림, 커피, 꿀 소매",1
신발 및 부속,1
상어,1
음향장비 영상장비 전자부속,1
"일반철물및수공구,보일러, 정수기 등",1
"식자재(손두부,콩나물,묵)",1
비닐포장재 등,1
의류액서사리,1
"떡,견과",1
장류외 기타 식자재,1
지퍼,1
"생선, 농산물",1
"장판, 도배",1
기관구내식당업,1
"의류, 잡화, 건강보조식품",1
수산품,1
숙녀옷,1
칼가위,1
의류임대업,1
"여성의류, 신발, 가방",1
애견용품 등,1
건축용,1
피부미용실 외,1
음식업(카페),1
"견과류,잡곡류",1
타로굿즈악세사리,1
식빵 및 수제 잼,1
"카레, 카츠",1
대게등수산물,1
수산요리,1
세탁수거배달,1
"이불, 침구류외, 판촉물, 인쇄물 소",1
손두부수제비,1
음료품 배달 녹즙사업,1
우동 국수,1
수중장비,1
"닭강정, 설탕토마토",1
의류 임대업,1
도소매(꽈배기),1
"승복,개량한복",1
문구열쇠,1
"혼수,이불",1
열쇠판매,1
도소매업(양약),1
"활어,도미,광어",1
"소매업(계란,젓갈)",1
닭도매,1
재단맞춤,1
합성수지포장지,1
내의의류,1
일용잡화담배,1
전통가마솥,1
PT(퍼스널 트레이닝),1
비알코올 음료,1
스포츠지도,1
수산가공,1
젓갈류 절임류 반찬류 김치류,1
"건어물,수산물,수산물 중개",1
"농수산물, 건어물, 식품잡화",1
가공식품김,1
슈퍼마켓담배소매업,1
종이클레이,1
주름연구,1
소매업(소품가구),1
"곡물, 견과류, 건어물",1
전통장류및특산물,1
그외 기타 건축자재 도매업,1
도매 및 소매업(한복 소매업),1
"야채,과일,건어물.생선",1
보자기 앞치마,1
음식(경양식),1
"열대과일,채소,식품잡화",1
제과 제빵 제조,1
스콘,1
"미용용품,문구, 완구",1
태권도 스포츠운동,1
"가방, 신발, 잡화",1
헬쓰,1
건강보조식품등,1
커피 포켓몬카드 장난감,1
포목(주단),1
"덮밥, 파스타",1
음악학원`,1
활어회초밥,1
일반음식점(횟집),1
기타가공식품(마트),1
음식(간이음식) 닭강정,1
철물및기타자재,1
산문어 냉동문어,1
비닐봉투 소매,1
"쌀,잡곡,방앗간",1
정육 쌀 계란,1
"도소매(위생,단체복 및 일용잡화)",1
"육류,반찬",1
"한약재,건강즙",1
"한식, 죽",1
"어묵, 단무지",1
와이어,1
커튼 등,1
야구르트,1
건어물 생선,1
인삼  홍삼,1
"식물성유지제조(참기름), 곡물 야채",1
자동차용품 외,1
염소전골,1
휴대전화악세사리,1
천막농자재,1
가족사진,1
"농수산물,식품 젓갈,전자상거래 젓갈",1
"뿌리채소(감자, 양파)",1
산업용기계,1
식품가공업,1
"소매업(명찰,마크)",1
헤어파마 커트 염색,1
소형농기계,1
"붕어빵, 호떡",1
화장품 비누및 방향제 소매업,1
"시계, 시계수리",1
남성용 의류,1
돈코츠라멘,1
소매업(의류외),1
"컴퓨터, 수리, 판메",1
수입벽지,1
"국밥, 족발",1
도매및소매업(과실및채소도매업),1
마늘 생강,1
조리 반찬류 소매,1
직물 가공,1
용역,1
바베큐통닭,1
스카프 머플러 손수건 수영복 도메,1
참기름 쌀 곡류,1
선어류,1
"단호박, 홍초, 고추",1
어패류(수산물),1
우육및돈육 오리육,1
숙녀기성화,1
야채일절,1
"전기기재,철만물",1
"조리반찬류, 김치류 제조",1
떡카페,1
핸드폰케이스 악세사리,1
운동 용품,1
"수산물, 홍어",1
콩가루,1
운동용품점,1
농자재도소매,1
"썬팅, 네비, 자동차광택, 코팅",1
음식점업(반미),1
양념통닭,1
양복지 양장지 기타직물류,1
음료 스낵,1
"참기름, 고추가루 등 제조",1
용달 및 개별 화물자동차 운송업,1
곤드레정식,1
"지갑,케이스",1
직업운동가,1
한우 암소,1
복지자활관련연구및 개발업,1
"홍합,바지락,해조류등",1
"양모펠트공방,핸드메이디ㅡ",1
식잡 및 농수산물,1
새우젓 멸치젓외,1
"경양식(돈까스,파스타)",1
"채소, 과실, 식품제조가공",1
침구커텐타올류,1
침구 한복,1
상품중개업/건어물/건조과일칩/스넥/치즈/전자상거래업/카페디저트,1
도매(건어물),1
광고간판유리,1
"도소매(쌀,기타곡물)",1
고추(방앗간),1
침구류 한복,1
쭈꾸미음식점,1
"한방카페,기타식품 도소매",1
"온도계,압력계,저울",1
농약 종묘,1
수산뭀,1
고추일체,1
모시,1
"도소매업(잡화,악세서리,생활용품)",1
과채주스,1
"축산물,채소류",1
"식잡,참기름,고춧가루",1
즉석오뎅,1
소매업전자상거래,1
홍콩식,1
네일 네일샵 네일아트,1
한지공예품 등,1
"피부관리, 체형관리",1
"플라스틱,그릇류",1
안경렌즈 안경테 콘택트렌즈,1
화초및산식물소매업,1
"닭, 피자",1
"선어, 해산물",1
금 시계 은,1
"베이커리, 빵",1
공업물품,1
롤초밥,1
그릇외잡화,1
"닭고기, 오리, 축산물 등",1
"오디오, dvd, 음반",1
냉동어류,1
등공예품판매,1
"커피, 음료, 케이크",1
"젓갈, 김치류 제조, 건채류 도소매",1
우산 양산 잡화,1
농산물 건강식품 인터넷,1
도장열쇠,1
제조 건강식품액화처리가공,1
"상, 이조가구",1
방앗간(떡류 가공식품),1
"악세사리,장신구,귀금속,시계,지금",1
전문간병사교육,1
면도기,1
"전기자재,조명",1
안전복,1
헬로키티관련잡화,1
반찬 젓갈,1
"채소장류,햄,어묵,식잡",1
"화선지,면직",1
"원단,누빔지",1
"기타기물, 잡화",1
광고스포츠용품,1
"바퀴,운반구",1
버너 외,1
음향장비,1
"액자,사진",1
"천연화장품, 비누 등",1
유공압기계,1
"삼계탕,전자상거래(닭곰탕)",1
"담배,생필품",1
란제리  잡화,1
"벽지,비닐장판,기타지류",1
"한식육회,고기류",1
"한식,일식",1
"일반미용업, 화장, 분장미용업",1
"고무신발및일반신발,운동화등",1
소방,1
의약품 및 의료물품,1
가방신발공구,1
스포츠레저용품,1
치킨전문업,1
금프레샤,1
인삼제풍,1
산업용하드웨어,1
사진액자,1
수공예소품,1
"채소,잡화",1
(여성)의류,1
연마봉,1
생화절화,1
"도소매업(수입식품등 수입판매업, 수산물)",1
산업용품세탁업,1
"생선, 야채",1
각종과일,1
노트북,1
농산물(과일야채),1
"헤어, 화장",1
남방,1
동신,1
원단도소매,1
"구두,가방,가구,소품",1
"이불, 홈패션, 수선, 리폼",1
"시계,담배,복권판매",1
연꽃빵,1
철망,1
디지털복합기 프린트 잉크토너,1
가공식품농산물곡류,1
에레맨트,1
인테리어용품,1
"해초, 산채",1
포장 자재 테이프,1
커피 원두 쿠키 등,1
슈퍼마켓 등,1
"일반미용업, 의류",1
"수산물, 건어물, 젓갈류",1
"책,서적",1
"신발,가방전자상거래업",1
"인삼,약초외",1
닭(식육),1
"한우,정육",1
"야채,과일,공산품",1
"의료기기,전기용품,화장품,건강기능식품",1
소매업(스포츠의류),1
"소매, 이불",1
"김밥,족발",1
남성형 정장,1
"수제청, 밀크티 등",1
필터,1
오일교환,1
의복임가공,1
갈치 등,1
자동차 타이어튜브,1
"한식,두부",1
"철물, 잡화",1
음식료품잡화담배,1
P.T,1
농업용기계,1
"속눈썹, 왁싱",1
"커피, 밀크티",1
고압세척기,1
"세탁,맞춤,점포",1
"명상수련, 보조식품,명상물품,서적",1
"양곡, 전자상거래",1
플라스틱식기,1
"로프,공구",1
단열재,1
수전금구안전용품건축철물자재,1
원단섬유,1
"천연물감,편백나무",1
중고폰휴대폰주변기기악세서리휴대폰대통,1
전단지,1
임가공제분양곡,1
"쌀,채소",1
천주교 용품,1
"원예,원예잡화",1
"꼬치, 닭가공",1
난방,1
"채소,상추",1
원두드립,1
"잡곡,쌀,철물",1
원단 섬유,1
"활어회포장,배달",1
1차 농축산물,1
남성헤어커트,1
"수예,잡화",1
감시카메라,1
귀금속장신구,1
산업용벨트,1
내의 의류 잡화,1
정비업,1
자석외,1
가방귀금속,1
"꼼장어, 막창구이",1
소매업(의류업),1
"커튼,장판",1
남성개인맞춤정장,1
식품잡화건강보조식품,1
도매및소매업(기타식료품소매업),1
식품잡화 김치,1
음악학원(드럼교육),1
"실리콘,접착제",1
청과물 농산물 등,1
농기구농기구수선,1
도장공사,1
"콩, 숙주",1
"다회용기,세척",1
"시계,금속",1
"화장품, 비누및방향제(샴푸,트리트먼트",1
"양말,스카프",1
"한약,농임산물",1
옷맞춤,1
"화장품, 잡화, 건강기능식품 등",1
대게 킹크랩,1
"문구용품도매업,문구용품소매업",1
"도자기, 홍삼제품",1
수건 타월전문,1
작물 약재 녹용 등,1
아동도서전문점,1
음식(즉석판매제조가공업(통닭)),1
외의점포(자기땅),1
"주방기구,공예품",1
"식품,잡화,슈퍼",1
음식점(김치),1
전종류 국종류,1
"인삼,생약",1
"농산물,임산물,약초 외",1
"가공식품, 잡화",1
페파,1
중고 의류,1
실내사격장,1
"신발,건어물",1
"창호, 중문",1
컴퓨터 외,1
전기잡화,1
라멘(일식),1
고추가루도매,1
"비빔밥, 국수",1
토탈악세사리,1
"주방용품, 일용잡화",1
"공산품, 식품잡화 등",1
잡화 미니슈퍼 담배 등,1
라바쉬,1
가마,1
숯불닭갈비 꼼장어 꼬막,1
요,1
차와 디저트,1
"침구류, 수건",1
떡방앗간(제조),1
인테리어도소매,1
"산양삼,약초",1
제조업(즉석건강식품),1
"수도용품, 샤워기",1
일반음식점(일식),1
"의류,레포츠용품",1
대게 활어회,1
기타통신기기판매,1
벽지 비닐,1
"전자, 판매, 수리",1
소매업(담배),1
"의류, 잡화, 수선",1
한식양식복어아구요리및복어진액건강식품,1
도매및소매(육류),1
시계 악세서리류,1
"수산물, 회, 한식",1
건강액기스,1
"고용알선, 인력파견",1
건강식품 외,1
도배장판시공,1
"영상제작, 촬영",1
철물 및 난방용구 소매업,1
한복 맞춤,1
"수산물(고등어, 삼치)",1
개인맞춤한복,1
귀금속세공 악세사리,1
농수축산물 가공식품,1
"의류, 부자재",1
붕장어회 장어구이  국찜 생선회 해산물 전복죽 물회,1
공예품(액세서리),1
"잡화, 식육",1
잡화(옷),1
"치킨, 마라탕",1
댄스드레스,1
"옥수수, 콩",1
"종합의류, 잡화",1
꽃신,1
운동및경기용품도매업(골프장이),1
"도소매(공예품,공방)",1
"내의,의류",1
양약/동물약,1
"도소매(곡물,잡곡,채소)",1
"분식및김밥전문점, 두부",1
"식품(일잡,양곡)",1
"모종, 뜨게실",1
스포츠 등산 레져 등,1
"해산물, 생선",1
"도소매(양말,의류)",1
차  다기 고가구,1
양곱창(육류),1
"스프링, 철만물, 너트, 볼트",1
건어물 마른오징어 마른멸치 다시마,1
전기용품전기공사,1
"커피, 토스트 등",1
"공산품, 떡갈비",1
오토바이판매수리,1
"배관자재외, 철강류",1
"한식(묵은지찜, 탕)",1
홯어,1
"채소, 식잡",1
보건업(한의원),1
"스포츠의류, 여성복",1
국악공연,1
유원시설,1
"소매업(젓갈,건어물,김,전자상거래)",1
"기물, 생활용품",1
의류 란제리,1
"마,우엉",1
"잡화,가방",1
"고급카폐트,침구류",1
"돼지,소,축산",1
건강보조식품(환),1
즉석판매제조 홍삼,1
양말 토시 앞치마 속옷 가방 모자,1
"떡, 과자",1
건물관리,1
"농수산물, 젓갈 등",1
농약종묘소매,1
즉석제조 반찬,1
음악스튜디오,1
"실험장비, 프로그램 등",1
서비스(디자인연구개발)도소매(의류)도매및소매업(전?,1
"씽크대,장식,기타",1
"도배,실내장식",1
"콤프레셔, 기어, 동력전달장치 등",1
"고추, 참기름 외",1
생선냉동수산물,1
"무용, 댄스",1
"슈퍼마켓, 담배 , 잡화",1
철물 건축자재 생활용품,1
우표도장,1
"사무기기,컴퓨터주변기기",1
"과자,음료,케잌",1
수도용품,1
"가방,머플러,잡화",1
"벽지, 장판, 비니루",1
"승복, 의류 등",1
"아이스크림,케잌,디저트",1
호프(기타주점),1
곳감 견과류,1
"수삼,인삼,홍삼",1
해산물 칼국수,1
공예품소매,1
"잡화, 종자",1
생핑품외,1
배관호스밸브,1
"참기름,들기름,고춧가루,미숫가루",1
산업용플라스틱,1
한의학서비스,1
면포목,1
농약비료농자재종자,1
"동물성유지제조업, 과일채소가공",1
김밥및기타간이음식점업,1
건강보조,1
"잡화, 모사",1
라자냐굴라쉬,1
컴퓨터및전자기기,1
"프린터,잉크,토너등",1
"바퀴,베어링",1
"커피,여행업",1
디테일링 세차,1
쌀가공식품,1
황칠차,1
마루 장판 데코타일 벽지,1
"과일, 잡곡",1
"난방시공, 가옥수리",1
"귀금속,헤어악세서리",1
"음향,영상기기, 컴퓨터 및 주변기기",1
"디퓨져, 악세사리",1
"농산물, 잡화 등",1
"전기용품,조명장비",1
짐보관서비스,1
이벤트 기획 등,1
"소매(반찬), 음식(한식)",1
"빵, 케익",1
"과일,수산물,냉동식품",1
"통신기기,전자제품,컴퓨터",1
"시계, 액세서리",1
미니어쳐,1
"음향기기, 통신공사",1
"시계,지금,귀금속,고금수집및판매,위탁수수료",1
"침구,내의",1
"네비게이션, 카오디오 외",1
통신판매(섬유),1
"콩나물, 곤약 외",1
아로마 화장품,1
수영복요가복,1
내의 및 의류,1
"선어,활조개",1
구두재료,1
기계장비,1
스포츠레져용품 외,1
의류 커튼,1
"곡물, 쌀, 잡곡, 농작물",1
"직물,카페트",1
공구자재,1
영소가공건강원,1
"한식일반,도소매 예술품",1
"양념류, 곡류, 쌀",1
"잡화 무역(수입) 공산품, 디포리 등",1
음식료품주방용품 및 잡화,1
이불및 화장품,1
헌옷(의류),1
레진아트 소품 레진아트강사 공예강사,1
"가정용기기, 담배",1
"운동용품,등산용품,의류,가방,침구류",1
옷원단,1
"선어중개, 수산물",1
플라워카페,1
"소매(곡물및건강식품,의류,잡화)",1
"커텐,천막",1
"안경, 악세사리",1
음료품배달소매,1
전자기계부품,1
떡등,1
과일및채소절임식품,1
"상,목공예품",1
"제조,도소매(침구류)",1
"떡류,전",1
소매(꽃(생화)),1
"반찬,각종김치,채소",1
건어물/식품,1
신선식품 판매,1
"식품기계, 부품, 가정용잡기계수리",1
"식품,두부",1
Cd,1
디자인소품,1
시계(도소매),1
기타음식료품(회),1
"직물,의류",1
소매(전기자재),1
"바디제품, 잡화",1
일식덮밥,1
가전품판매수리,1
참기름떡깨,1
"족발, 순대",1
점핑 트램플린,1
소매업(포목),1
"건어물, 잡화",1
"비닐장판, 벽지, 기타지류",1
"다방, 찻집",1
제조업(공예품) 도소매(공예품),1
사진작업,1
양장제조업 의류및 침구류,1
방향제악세사리,1
"휴게음식점, 제과교육",1
디지털기기,1
"토, 포장공사",1
냉동수산물 식품 채소,1
"일반신발, 기성화",1
"한식, 양식(퓨전식),생선스테이크외",1
"종이,벽지",1
"장판,백지",1
구제 의류,1
아이스크림 과자 애견간식,1
쌀 외,1
수산물외 식자재,1
"축산가공,유제품,식품,잡화",1
방석,1
"한식, 해산물",1
교육서비스줄넘기,1
건축용품,1
예견용품 등,1
"대게,홍게",1
"공예품,문화사업, 관광상품, 체험활동",1
"한식찌개,전골",1
철물건재소매,1
토스트파스타커피쥬스차,1
한식(식육),1
동력전달장치부품,1
집수리용품,1
"파크골프채,장갑,공",1
건강,1
채소(청과),1
순대국밥판매,1
한식(백반),1
완당면,1
"운동,경기용품,등산용품,광고및판촉물",1
소프트웨어개발,1
의약품 동물의약품 의료기기 등,1
베개 발판 마사지기구,1
농산물가공농산물도소매,1
비빔밥 칼국수 국밥류,1
산업용제어기기,1
대구,1
스포츠 웨어 및 용품,1
농수산건어물,1
애완용 동물 및 관리용품  및 꽃 등,1
"생선구이, 활어회",1
두부 즉석판매제조가공,1
냉동수산물 어패류,1
홍삼음료홍삼식품,1
핸드폰 등,1
"국밥, 비빔밥",1
"화장품 도매, 커피유통",1
인장명패상패,1
자연산횟감,1
"소곱창, 소대창",1
"보쌈, 국밥",1
"아나고, 곰장어",1
한식 및 도시락 제조,1
음식점(카페)음식점업(브런치카페)서비스업(스터디카?,1
휴대폰 소매업,1
함석,1
양양샌드,1
"종합광고 디자인·기획, 각종 인쇄",1
"휴대폰, 전자제품, 악세서리",1
"잡화(저울), 생화(꽃)",1
콘프레샤,1
필라테스 운동용품,1
"의류, 신발 등",1
"중고폰,알뜰폰,휴대폰주변기기",1
"기계공구, 콤파운드",1
"채소, 식용유",1
피자 스파게티 떢볶이,1
"운동용품, 중고의류",1
오뎅 어묵,1
추출가공품,1
"미용실,헤어",1
장난감대여 및 교육,1
미용네일헤어,1
고추 참깨,1
"이불,",1
소매(강냉이),1
서비스업(이발업),1
기능성신발 뉴케어대리점 산양유 친환경 유기농 코셔 주방세제 샴푸 치약,1
반주기  악기,1
"식자재, 수족관용품",1
"인쇄물,판촉물",1
과일  야채,1
"중식,마라탕",1
"철물, 기계",1
두채,1
"스포츠의류용품(신발, 의류)",1
일식(양고기),1
멕시칸타코,1
"벽지, 바닥재 외",1
반려동물 미용,1
"회, 석화찜",1
"스시,사시미",1
"문구, 화구",1
"누룽지 오징어 순대, 삼겹쪽파말이",1
발효식품,1
"화장품 및 잡화, 의료기기 등",1
"음식(추어탕,해장국)",1
생나물,1
슈퍼마켓 마트,1
족발수육,1
한의원 진료 서비스,1
"전자제품, 음향기기",1
꼼장어(도소매),1
카페기기,1
야채.식료품,1
"한식, 콘치즈김치볶음밥",1
돈카츠 탕수육,1
GKSTLR,1
여성의류 등,1
황태구이,1
"화장품, 비누, 방향제",1
건강즙제조,1
"고무신발 및 일반 신발, 운동화 등",1
"농수임산물, 계란",1
"오토바이, 오토바이 수리",1
의료용품 등,1
"의류, 스포츠웨어",1
"수산물(생물, 냉동수산물)",1
수산  건어물,1
"란제리, 양말",1
"도배, 실내장식",1
"빵, 커피, 디저트류",1
"베이커리&디저트, 제과점업",1
"운동, 재활, 기타 스포츠 교육기관",1
등산화 워킹화 트레킹화 배낭 캠핑용품,1
"바퀴, 유압, 운반기계 등",1
가전제품 등,1
편물,1
생선어류,1
즉석구운김,1
포목소매,1
"식용잡화,건어물",1
생선회종류,1
레이스 부자재,1
"도자기,화훼",1
"갤러리, 미술품",1
"반찬, 차류",1
"농약, 비료, 농자재",1
도소매업(애견용품),1
포목(한복지/침구류),1
"곡물,농산물",1
"생닭,계란",1
"잡곡,식품잡화",1
광어 우럭  꽃게등,1
기타음식료품위주종합소매,1
스지수육,1
화장품 도매업,1
"식품, 농산물",1
"떡제조, 떡 소매",1
주류 치킨 안주류,1
초콜릿과자,1
"돗자리,어망,모조장신구",1
완구잡화,1
김치류 제조업,1
모자가방팻션용품,1
도매 및 소매업(가구소매업),1
"소매업(의류, 생활용품)",1
"도소매(악세사리,잡화)",1
소매(기타식료품소매),1
"표구,현수막",1
"국, 반찬",1
"건강원,인삼",1
옷수선(상호변경),1
즉석가공음식,1
cctv,1
"소매(내의,전자상거래)",1
"스카프,넥타이",1
즉석판매제조(반찬),1
외의(남성복),1
스포츠교육기관,1
건어물 통조림,1
활어 및 패류,1
한방의료 한약,1
한식(보쌈),1
휴대용 전화,1
남성의류.,1
"두부, 반찬",1
유사 의료업,1
"과자, 카페",1
발마사지기,1
이탈리아음식,1
생선한식,1
짜글이,1
"여성 의류,액세서리",1
신선공산품조리,1
"구제의류,잡화",1
"가구,철물,안전용품,민방위용품,소방",1
"콩나물, 야채",1
"커피, 식물",1
의류및신발잡화,1
"편의점, 담배 소매",1
"사주, 타로",1
"피자, 커피",1
"피부미용, 화장품 소매, 일반미용업",1
"피부미용, 화장품, 미용업",1
"영유아 교구, 교재",1
"골프의류, 골프용품",1
수제화과자,1
정육식육,1
신발 의류판매,1
"과자, 빵류 제조, 소매",1
"전기온수기,냉난방기",1
과일야채냉동냉장,1
아이스크림(무인편의점),1
"음반음악, 영상물 제작",1
컴퓨터 씨씨티비 영상장비 음향장비,1
계란및젤리 젓갈,1
요양보호사 교육업,1
"식육, 우부산물",1
갑각류 활어,1
"헬스, 운동지도",1
과일주스 과일도시락,1
스터디까페,1
수입생활용품,1
"수산, 건어물",1
"수입식품, 잡화",1
"전골, 스지탕, 어묵탕",1
"염색, 미용재료",1
"음식, 콜라텍",1
차량용품,1
회 포차,1
삼겹살 차돌박이,1
안경 및 렌즈 소매점,1
"옷, 의류",1
과일 아채,1
양복 제조,1
목공방,1
"타월, 우산, 답례품",1
"스포츠위류, 여성복",1
"메밀총떡,부침",1
"쌀,기타곡물,소맥분",1
"닭갈비, 치즈닭갋",1
"약국, 의료용기구 소매업",1
휴게음식점(음료),1
"심리상담, 치유",1
생활용품(세제 및 잡화),1
"휴대폰, 담배, 레저스쿠버장비용품 등",1
"디저트카페(커피, 디저트, 토스트)",1
"소갈비, 돼지갈비",1
한식(생선회),1
"도장, 인쇄",1
"스포츠의류, 용품, 잡화",1
한의원전반,1
보일러 및 부자재,1
악기및 음향기기,1
한식 소고기 갈비탕,1
소돼지 도소매,1
갈릭슈림프 덮밥,1
양식 및 식료품,1
의약품 의료용품 및 화장품,1
"계란,채소",1
"침규류, 수건, 이불",1
농산물 축산물 식품,1
의류 스포츠용품 및 신발,1
여성의류 외,1
"촬영, 인화",1
"식물, 생화, 개업화분",1
2층 156호,1
라면 컵밥 도시락,1
"커텐, 수예",1
"한식, 수산물, 농산물",1
"피부관리, 피부미용",1
"과자, 아이스크림, 잡화",1
세무회계서비스업,1
가전제품 및 냉난방기,1
"소매(그림,꽃차포장판매)",1
"산낙지,해산물",1
생활용품 (주방),1
"활어,해산물",1
승마용품,1
치과진료 및 치료,1
억가,1
피부관리(네일아트),1
헤어 외,1
악기 음향기기,1
"빙수, 음료",1
노래 연습장 운영업,1
"의류, 커튼, 블라인드",1
미용(메이크업),1
통신(휴대폰) 판매,1
"사무기기. 컴퓨터, 소모품",1
방문판매업,1
의약품 의료용품 의료기기 의약외품,1
의류 신발 및 스포츠용품,1
"문구류,비닐,벽지,장판",1
피부미용 네일관리,1
죽 국종류,1
맞춤양장,1
채소담배,1
포장떡,1
도소매(잡화) 인테리어소품,1
아몬드,1
"선식,홍삼액",1
소매업/여성의류,1
장류 외 소금 기타잡화,1
육가공냉동식품,1
"산나물, 약초",1
합기도체육관,1
"홍게,백골뱅이,흑골뱅이",1
공간임대 스터디카페,1
"인테리어, 건축업",1
"농수산물, 잡화",1
뷰티샵,1
이유식 영유아용 반찬,1
"어묵, 얼음",1
호두,1
코딩 등,1
"해물 누룽지탕, 마늘닭볶음탕",1
의류 우산 신발 머플러,1
의류 및 전통과자,1
농약 및 비료,1
"생활용품, 캠핑용품",1
의류 신발 스포츠용품 캠핑용품,1
"스시, 초밥",1
화훼 화분 유리화병 등,1
여성용 의류 등,1
반찬수산,1
그릇칠기,1
"의류및신발,잡화",1
도소매 주방용품 잡화 가전,1
"의류, 보조배터리, 스포츠의류",1
"소매(의류,내의,잡화)",1
"의류,스포츠의류,레저용품",1
구제의류 옷,1
"인삼,대추,약초",1
두부방아간,1
"소매(의류,소품,전자상거래)",1
"소형가전, 생활잡화",1
"란제리, 양말, 잡화",1
해물 대구 뽈찜,1
의복 액세서리,1
한식 및 일반음식점업,1
"덮밥, 카레",1
오뎅 쿠시카츠,1
실용무용,1
"분식, 빵",1
"피자, 파스타",1
"족발, 한식",1
반찬 및 음식 제조,1
"떡, 케익",1
"소품, 책",1
"카페, 즉석판매제조가공업",1
"의류, 잡화 , 전자상거래(의류)",1
식음료품과 생활잡화,1
"잉크, 토너,프린터",1
"고추, 참들기름",1
카페 디저트 음료,1
"잡화,건강관리제품",1
"계란, 담배 소매",1
멸치액젓,1
야채및 과일 축산 공산품,1
한식분식점,1
일식 및 와규,1
"안경, 돋보기, 선그라스",1
실용음악음악교육,1
"캐릭터가방,장난감등",1
소매업(여성복),1
핸드폰 관련 부자재,1
"휴계음식,빵",1
의약품 건강기능식품 부외품 기타,1
"일식, 횟집",1
"식료품,식품",1
티켓,1
자동차시트/타이어,1
헬스크럽,1
건강기능식품  가공식품,1
청과 건어물,1
모터 수리 판매,1
"문구, 서점",1
직업훈련교육,1
쇠고기 돼지고기 가공식품,1
회원권판매,1
약 의료용품,1
"가전, 전자제품",1
헬스장이용권 피티이용권,1
두부및묵류 모든품목,1
의류 신발  용품,1
"전통차, 커피전문점, 액상차",1
"고기, 육류",1
"탁구, 슐런",1
제과 및 생활용품,1
국내산 목포 먹갈치 병어 돔 고등어 각종 제수용품 취급,1
"신발, 옷, 악세서리",1
제약회사,1
"소매(식표품,잡화)",1
"찐빵,분식",1
잡곡 양곡,1
"국기,휘장",1
커피및다쿠아즈,1
"이발,면도",1
"소매업(의류,꽃)",1
아로마,1
약재 약초,1
"도라지, 더덕",1
송이능이 버섯류나물류,1
"꽈배기, 도너츠",1
자동 판매기 운영업,1
개인운동지도,1
"여성의류, 스포츠용품",1
"화훼, 생화, 조화 등",1
"문구, 서적, 교구, 식잡",1
"떡, 제분",1
"반찬, 김치제조",1
건어물 간식류,1
김밥오뎅,1
"장류, 간이음식",1
"서비스(소프트웨어개발및공급,시스템통합)",1
"인삼, 수삼",1
"빵,떡,과자,사탕",1
자동차내장품,1
"민속약초, 농수산물, 식품잡화, 씨앗",1
"과일, 토마토",1
"복권, 담배, 버스표",1
신경과의원과의원,1
합성수지 및 플라스틱 물질 제조업,1
계절수산물,1
"의류잡화, 전자상거래 소매",1
생화 및 조경 등,1
담배 및 전자담배,1
"초밥,참치회",1
"출장세차, 차량정비, 차량용품",1
"인형, SNS마켓",1
"반찬, 수산물",1
제과제빵 재료,1
"도자기 제조업, 기술 및 직업 훈련학",1
반찬(소매),1
농업용비닐,1
"씽크, 붙박이장, 신발장",1
맞춤의상,1
"수예품, 보석십자수",1
"온열기기, 농업용약품, 통신판매, 탈",1
"액자, 화구 아트",1
"의류,의뷰부자재",1
"웅변, 스피치",1
"헬스클럽, 임대",1
"안경테, 광학기기",1
"교복, 체육용품",1
"공에품, 문구",1
"도자기그릇, 주방기구",1
무술교육기관,1
"쥬스, 음료",1
채소 및 마늘,1
휴대폰 및 전자기기 휴대폰 악세사리,1
누룽지 삼계탕,1
"농산물도소매, 전자상거래,  한식",1
"화장품, 네일",1
"떡류, 방앗간",1
빈티지의류및소품,1
튀밥(즉석판매가공),1
"청과,수산",1
"생화,묘목,관엽류",1
수산물중개,1
"스카프, 공예",1
건강식품외잡화,1
카메라 외,1
"땅콩,견과류",1
문화예술상품판매,1
"생활용품, 공방",1
어린이서점,1
의료서빗,1
"일반미용업, 화장품",1
놀이,1
전(부침),1
가정용품세탁업,1
네일아트 속눈썹펌 속눈썹연장,1
갑오징어등,1
떡  농산물,1
김밥 및 라면,1
"악기, 소품 외",1
"건어물, 건강기능식품",1
제과 디저트,1
의료기기 전동카트,1
"탕수육, 김밥",1
"자동차부분정비, 내장품 판매",1
청소서비스,1
체육서비스업,1
"농수산물,잡곡",1
"한식, 생선",1
캘리그라피강의,1
모래놀이카페,1
행정서비스,1
"새우젓, 액젓, 반찬젓갈류",1
"그릇, 상, 냄비 등",1
"숯붗갈비, 식사류",1
삼각김밥 및 우동,1
"식품, 문구",1
"벌꿀, 양봉업",1
분식(김밥 및 기타 간이 음식점),1
"교육,심리",1
"치킨, 밥버거",1
"안경, 선글라스",1
"빵, 간편조리세트",1
"수산물 , 생선회",1
합기도 무술 교육기관,1
"인삼,약재",1
"농약,농자재, 비로,종자",1
"의료기, 건강식품, 운동기구",1
"커튼, 페브릭, 직물원단",1
한식(제주흑돼지),1
"양고기, 양갈비",1
"가공식품,생활용품",1
자동차악세사리,1
핸드폰케이스및팬시소품외,1
바이올린 교육,1
플라잉요가,1
제육볶음 청국장,1
"보석, 악세사리",1
"피부미용, 네일, 메이크업",1
"속눈썹연장, 펌, 왁싱",1
악기교습(우쿨렐레),1
"건강식품, 잡화, 담배, 건강기능식품",1
코인빨래방,1
"채소, 과실및뿌리작물, 과자류, 커피",1
"치킨, 버거",1
자전거용품 및 음료,1
"의류, 잡화, 생화",1
"한식, 즉석판매제조(반찬)",1
"만두,칼국수",1
공예 및 잡화,1
식료품 일용잡화 안전상비의약품,1
"참기름, 들기름, 고추가루",1
식용유 참깨 고추,1
제조(떡집),1
"주방용품,그릇,잡화",1
세탁물수거대리,1
"옷, 가방",1
선어중개수산물,1
와규 한돈,1
식품소분업,1
헤나,1
"이불, 속옷",1
목재 가구,1
"김치, 반찬 등",1
보일러시공 인테리어,1
"중식(짜장, 짬뽕)",1
"식자재, 슈퍼",1
배관 및  냉 난방 공사업,1
홍삼 외 생활잡화,1
"전자기기 제조,수리",1
"한약, 의료기기",1
"유리,미장,도배,장판 등",1
"떡류, 식혜",1
"사무기기, 통신기기",1
검도학원,1
즉석 어묵,1
"가전제품, 냉난방기",1
"제과, 식자재, 음료",1
"문구,액세서리",1
"외의,내의",1
음식점업(횟집),1
생활용퓸,1
"도매및소매업(주방용품및가정용유리,요업제품소",1
"식료품,김,잡화",1
의류(모자),1
동물까페,1
생오리,1
한식 식당,1
야구,1
참죽,1
골재,1
채소과일 및 뿌리작물 소매업,1
"야채,과일,공산품 등",1
"쿠키,커피",1
네비게이션 블랙박스 판매 수리,1
귀금속 시계 잡화,1
커피 음료 및 디저트 류,1
야채건어물반찬,1
보드카페,1
한약및일반의약품,1
금은세공품,1
"화장품, 잡화, 농산물, 건강용품",1
편의점 외,1
"서예 붓, 공예재료",1
"전기전자부품, 홈페이지제작",1
"운동용품 판매, 체력 단련시설 운영업",1
"액자제작, 공예재료",1
"한약 및 한약제, 식품, 농산물",1
"피부미용업, 화장 분장미용업",1
"신선, 냉동 및 건조 생선",1
"도토리묵,젓갈",1
족발 통닭,1
"의류,구두",1
쌀소금,1
음식점(고기구이),1
킬국수,1
한우암소 한돈암돼지,1
커트 펌 염색 반영구화장 눈썹 두피커버 담배 잡화,1
"섬유, 원단",1
요가 등,1
케이크 및 음료,1
"신선, 냉동수산물",1
곡물정육건어물야채청과,1
"도예,미술품",1
"킹크랩,활어",1
"새우젓,젓갈류",1
찐옥수수,1
"도소매(침구류,소품)",1
앙금플라워떡케이크,1
"고급양복점,의류",1
의류잡화화장품,1
"아동,청소년복",1
활어(좌판),1
"즉석판매제조가공업(젓갈, 기타장류)",1
"한약, 농산물식품",1
"여관, 목욕",1
현수막 등,1
식용곤충,1
각종농산물,1
"피부미용, 속눈썹, 메이크업 등",1
안경외,1
"의류, 소프츠의류",1
"등산장비, 운동용품, 의류",1
의류 및 신발외,1
꼬마김밥 일반분식,1
육류 고기 구이,1
도자기 제품,1
두피클리닉,1
"카페, 파티",1
커피 차 빵,1
의류(구제옷),1
휴대폰(아웃소싱),1
회 해산물 음식,1
의료용전동차,1
"다진마늘, 천연향신료 외",1
아동복소매,1
애완동물 관련 소매업,1
잡화 도장 인테리어디자인,1
"건강기능식품, 잡화, 화장품",1
"신발, 의류 외",1
기타(호프),1
회.꼼장어,1
논술스피치,1
"피티,커피",1
요가교육,1
"미용, 네일",1
"와플,음료",1
불막창,1
사설학원,1
"한식,양식,분식",1
소고기 돼지,1
"생활한복, 의류",1
수영장운영업,1
속옷및 잠옷 외,1
운동 교육 서비스,1
커피 및 음료062,1
"휴대폰악세사리, 잡화 외",1
기타 음식음료품 및 잡화,1
"과일, 농산물",1
곡물 건어물 청과,1
"패류,수산물",1
"커텐, 타올",1
펜싱 수업,1
소 내장류,1
목욕 헬스,1
통증클리닉,1
"약초, 도라지",1
기타음식료품및일용,1
"한식, 식육판매",1
"인쇄, 광고 기획, 동영상 제작 등",1
치과기자재,1
치과기자제,1
식물 및 생화,1
"광고기획, 간판, 영상 제작",1
스포츠 의류 외,1
"수산물, 농산물 외",1
의류 잡화 운동용품,1
"의류, 농수산물, 잡화",1
"회, 일식",1
골프연습시설제공 및 레슨제공 등,1
소프트웨어개발 및 시스템통합,1
"인쇄, 명함",1
"수산물, 기타수산물가공식품, 통신판매",1
"시상품, 판촉물 제작",1
"양약, 한약, 의료기기",1
"폰액세서리, 잡화, 담배",1
양파 등 각종 채소 농산물,1
체력단련장(헬스),1
네일샵 손 발,1
"카페, 커피 전문점",1
"즉성판매제조가공, 야채, 배추김치 외",1
소파 등,1
"생닭, 튀김, 반찬",1
"컴퓨터 용품, 가전",1
돼지 쪽갈비 구이,1
"육사시미,육회",1
"악세사리, 의류, 문구용품 등",1
의복 악세사리 및 모조장신품,1
자전거 및 자전거 잡화,1
"수산물,건어물,젓갈류",1
미용 속눈썹,1
여성복및 잡화,1
"김밥, 떡볶이",1
잡화외 목욕용품,1
소파 식탁 침대 등,1
업소용 가정용 가구,1
참깨 들깨 그외,1
"아이스크림, 커피, 디저트음료, 잡화",1
애완견 애완묘의 간식 사료 장난감 등,1
"양장지,양복지,기타직물",1
"안경원, 보청기",1
식자재 종합식품,1
"반영구화장서비스, 화장품",1
"가전제품,건강식품",1
도소매수산물,1
"등산복,장비,레저스포츠",1
"일식,광어,우럭",1
"잡화,소품",1
속옷/의류,1
"골프의류,골프용품,골프화점포",1
소매업(기타)건어물,1
과일 야채 쌀,1
신선 냉동 및 수산물,1
"도소매(편의점,의류잡화)",1
뒷고기볶음,1
의복 엑세서리 및 모조 장신구 도매업,1
의약의품,1
"전산용품, 핸드폰 악세사리",1
음식(돼지요리점),1
"소매,향초,액세사리",1
그릇도매,1
"제분,제환",1
과채즙,1
도소매(기름),1
인형 열쇠고리 등,1
"피부미용, 속눈썹",1
탕후루 아이스크림 꽈배기,1
"쌀국수, 월남쌈",1
전통음식 제조 및 강의,1
"쌀국수,커리 등",1
"여성의류, 신발",1
과일 홍삼즙,1
"미용, 피부, 화장, 분장",1
장어즙,1
가향제,1
제주돼지고기 제주한우,1
채수,1
캘리그라피 굿즈 및 수업,1
치마살 날고기 소꼬리 전골 도가니수육 양지탕 도가니탕,1
스크린파크골프,1
"양약, 담배",1
남성정장 캐주얼 신사복,1
모듬꼬치,1
"판촉물, 상패",1
활어회 초밥,1
메이크업 미용업,1
"도소매(란제리,의류)",1
"의료기,화장품",1
"소매(두부,묵)",1
"떡, 한과 등",1
"닭, 오리, 누룽지",1
"의류, 전자상거래",1
"어린이수영강습, 수상안전교육",1
"내과, 소아과 외",1
육류 및 채소 과일 판매,1
미용기구 등,1
"도배, 실내장식, 내장목공사, 판촉물",1
남성정장및케주얼,1
"셀프빨래방, 조명전기",1
스포츠아웃도어,1
"셔츠 및 기타 의복, 한복",1
운동용품 등,1
의로서비스,1
메리야스외 잡화,1
오삼불고기,1
분식(간이음식),1
"화장품, 잡화, 식음료",1
잡곡류 등,1
"화장품, 건강보조식품",1
침구 커텐,1
"소매업(벽지,장판등)",1
"공구,철물",1
한식 외 농수산물 유통,1
"커텐지,면,건축리모델링",1
음식점(회),1
원단 봉제 의루 전자상거래 강의,1
도소매(폐백용품 병풍 액자),1
치킨찐빵만두,1
한우 곱창및 부산물 등,1
식료품일체,1
신선식품 등,1
"화장품, 피부미용업",1
야채 청과 계란,1
"떡,김치",1
"쌀, 계란, 수산물",1
컴퓨터 프린터 사무기기,1
"야채,두부",1
제과제빵류,1
담배 주류 과자 음료등등,1
신발의류용품,1
"환,즙,탕",1
"화초 및 식물 소매업, 기술및직업훈련",1
김밥 떡볶이 튀김,1
맞춤정장 셔츠,1
건강원(흑염소엑기스),1
분쇄기 제조,1
실버악세사리,1
"참기름, 들기름 등",1
"서적, 아동서적",1
쌀 잡곡 과일,1
산채비빔밥,1
"과실류, 채소류, 서류 및 향신작물류",1
아크릴 가공,1
칼국주,1
국내산 및 수입산 소고기 돼지고기 닭고기,1
"유,아동의류 , 스포츠의류 및 용품",1
"돼지고기,냉삼,대패",1
심리미술,1
슈퍼마컷,1
대구탕복탕,1
"홍삼 및 홈삼제품 , 꿀",1
종합화장품,1
"철문, 건설기자내",1
손톱발톱정리,1
"횟집, 수산물",1
한식 보쌈정식 막국수,1
헤어메이크업,1
안경 썬그라스 콘트렌즈,1
아구찜 낙지요리,1
"가구, 인테리어 소품",1
식음료 버블티,1
포장자재 및 비닐,1
임가공제분(방앗간),1
애견 관련 용품 소매,1
농수산물정육가공식품,1
"어묵, 냉동식품",1
제탕,1
"제과점업, 즉석판매제조엄",1
신발 건강식품 화장품,1
"다류, 자판기",1
"야채,과일,생선",1
전구 램프 및 조명 장치 도매업,1
중방용품 생활잡화,1
"방향제,캔들",1
도소매업(휴대폰판매),1
"수건,잡화",1
"가방, 악세사리 제조 판매",1
"운동용품, 스포츠레저용품",1
"카페, 인테리어 소품",1
귀금속악세서리시계,1
"떡제조,빵,과자",1
"커피,  다육이",1
과실 및 채소 절임식품,1
안경 및 선글라스 및 콘택트렌즈,1
찌개김밥라면수제비,1
꽃 음료,1
"떡볶이,분식",1
과자  빵 음료,1
천연조미제품,1
식품소분업 및 즉석판매제조,1
"침,한약",1
"커튼, 쇼파카바, 가구수리, 미싱",1
주류의제품,1
농수산 판매,1
주니어의류 및 스포츠의류,1
"음식점, 카페",1
세탁물업,1
"보컬, 댄스 스튜디오",1
편의점에서 판매되는 식품등 그외,1
휴대폰판매및 관련소모품판매,1
"막창, 삽겹",1
"상패,간판,현수막,광고",1
소불고기 돼지양념갈비 갈비탕 냉면,1
"고추가루, 참기름 등",1
PC 음식,1
음료 가공식품 유제품,1
통기타 일렉기타 베이스기타 우쿨렐레 바이올린 앰프 교육용악기 음악서�,1
"전자기기, 잡화",1
이불판매,1
"장판, 실내인테리어",1
"두발, 미용",1
"빵, 생과자",1
앨범사진(제작),1
"마늘, 도라지",1
한식 죽,1
건어물 가자미 과메기,1
식품자동판매기 운영업,1
"농약, 농자재, 육묘, 비료",1
반찬 외,1
애견호텔유치원 커피 디져트,1
"멸치, 쥐포",1
옷가게(의류),1
사진 음료,1
캐릭터 소품샵,1
애견공예품,1
폐류및 냉동도소매,1
한복임대,1
발효유,1
"커피, 꽃",1
채소 반찬 등,1
잡화(플라스틱제품),1
"식품, 농산물, 잡화",1
의류 애견용품,1
채소및버섯,1
"카페,빵,과자",1
중고휴대폰 및 악세서리,1
"차, 음료, 디저트",1
"경미한공사, 전기조명, 재표",1
"냉난방기, 가전제품, 가전제품 수리",1
"화장품, 일반미용업",1
"자전거, 스포츠용품, 위탁판매",1
"종자, 종묘, 비료, 농업 및 농자재",1
"옥외광고물, 경미한공사, 광고대행",1
"벽지, 장판, 경미한공사, 타일",1
"주유, 자동차용품",1
남녀 겉옷,1
활어장어,1
"회,초밥,수산물",1
"소매(쌀,잡곡,농산물)",1
가전 디지털,1
도소매(마켓),1
디지털주변기기,1
수삼(인삼),1
"두치, 수산물",1
잡곡.쌀,1
고추기름잡곡,1
정육 도 소매,1
생화 꽃 화분,1
"공산품,야채,청과",1
"생필품,음료",1
"도매및소매업(농산물,과일)",1
"소매업(의류),기술서비스업(전문디자인업)",1
피부미용 네일미용 화장품,1
건어물 가공식품,1
순대국 곱창전골,1
찜갈비 쭈꾸미,1
이불 커튼 브라인드,1
의류 잡화 도매소매업,1
수산물 신선 및 건어물,1
한식 오리 메기,1
아동발달상담 및 방문교육,1
주유소매,1
"속옷, 잡화, 화장품",1
"떡, 커피",1
"잡화, 슈퍼마켓, 건어물",1
돼지불고기 보리굴비 갈치조림 게장 해물갈비찜,1
자전거 어린이킥보드 푸쉬카 밸런스바이크,1
"목판액자, 목제품 제조",1
한우고기,1
커피전문점커피류,1
삼겹살 및 고기류,1
"사무기기, 음향기기, 토너, 프린터",1
리코더 하모니카 칼림바 원데이클래스 악기줄 등등,1
보쌈 전 국수,1
기타음식료품 및 잡화용품,1
"김치류, 반찬",1
가구 소파,1
서양 음식,1
"기념품, 공예품",1
복사기 프린터 컴퓨터 주변기기,1
한식 낙지 회,1
자전거및잡화,1
침구류 등,1
"의료기기, 건강기능식품 등",1
"초밥, 참치",1
사진 현상 인화,1
"레코드, 녹음테이프/음향기기",1
"야채, 농산물, 가공식품, 고사리",1
"일반가구, 사무용가구 등",1
잡화 내의류,1
공산품및축산업,1
생태 탕,1
"칼국수,곰탕,냉면",1
2,1
책대여,1
스파게티 필라프 피자,1
"안과, 건강기능식품",1
"약국, 의료기기판매",1
조각,1
드라이,1
베이커리 커피 등,1
서양음식 베트남 음식,1
슈퍼마켓 담배 기타식품 판매업,1
양식 오므라이스 파스타,1
화장품 악세사리 이용업,1
식자재식품 외,1
각종 굴비,1
생닭(소매),1
소매(한과),1
도매(액세서리),1
과일(소매),1
한식 막국수,1
"한식, 소매(식품소분)",1
"주방기물, 잡화",1
젓갈유,1
음식점(커피숍),1
인쇄 및 광고,1
"복사, 판촉물",1
다수,1
두부 콩물 도토리묵,1
"초밥,회",1
커피 빵 케이크,1
커피등 각종음료,1
제주돼지고기,1
"의류, 홈패션",1
오피스용품,1
돼지곱창 쭈꾸미,1
"농약, 종묘, 농자재외",1
"스포츠의류, 일용잡화",1
"커피전문점, 과일액상차",1
카페 등,1
"와인바, 카페",1
애완미용,1
초밥 돈까스 덮밥,1
"아이스크림, 문구",1
제과점영업,1
"홍삼및홍삼제품등, 꿀, 비누, 치약",1
"농산물, 가공식품",1
"빵, 떡 제조 판매",1
통신기기 유지보수,1
농산물(두부전문),1
"반찬, 야채",1
두부반찬,1
"김치,젓갈,",1
화장품그릇,1
"떡,과자",1
"그릇,도자기",1
일식 활어 수산물소매업,1
네일(미용),1
"떡, 빵",1
"과일, 야채, 계란",1
"농산물, 빵류",1
"기념품, 장식용품",1
"의류,건강기능식품",1
농산물 인삼제품,1
의류부속관련물품,1
"김밥, 햄버거",1
구이통닭,1
각종원단 유니폼,1
인테리어 공사,1
정육외 잡화,1
즉석판매가공(부대찌개),1
"건강원,건강식품",1
가스렌지 보일러 인덕션,1
"젓갈, 농산물",1
"즉석판매제조(딸기라떼, 음료 등)",1
안경 안경렌즈 선글라스 콘택트렌즈,1
"꽃다발, 꽃바구나 등",1
셀프사진관,1
꽃생화관엽동서양란화분자재류및통신판매,1
돼지고기 구이점,1
의약품 및 건강기능식품 등,1
"빈대떡, 육회",1
의약품 및 의약외품 등,1
한약재 인삼 꿀,1
헬스회원권 퍼스널트레이닝,1
모터사이클 및 부품 소매업,1
"미용업, 의류, 악세사리, 가방,",1
보건업  한의원,1
"휴게음식점, 영상물편집업",1
반찬및김치,1
곡물 및 유지작물,1
한약재 건조식품 차,1
"의류, 잡화. 수선",1
소고기 및 이자카야,1
"조명기구, 전기재료, 경미한공사, 조",1
스테이크 파스타,1
의복 악세서리 및 모조 장신구 소매,1
"커피, 음료, 잡화",1
"냉난방기, 냉동기, 제습기, 저온창고",1
한식 막창구이,1
안견,1
한식 및 수산물,1
족발  순대국,1
세탁물 수거배달,1
"애견미용, 애견용품",1
무인탁구장,1
"코다리조림,알탕",1
"칼국수,왕만두",1
보건업(치과),1
슈퍼마켓 수산물 농산물,1
커피및 샌드위치와 한식,1
영어 수학 외국어 수업,1
도소매(곡물),1
소매업(홈패션),1
"식잡, 달걀, 쌀, 농산물",1
치킨식육,1
"소금, 농산물",1
"소매업(의약품,기타의료기기)",1
"축산물,양념육류 등",1
제조업(건강원),1
소매(대리점가구)도매(대리점가구),1
카페음료와 디저트,1
잼,1
쇼파,1
생화분화,1
"전자상거래, 의류",1
덮밥 파스타 소바 스튜,1
"국수,보리밥",1
기타식음료품,1
양말등 가정용품,1
문구완구스포츠용품,1
어린이도서판매,1
"냉면, 만두",1
"야채, 건강차",1
일식(라멘),1
셀프 사진,1
파충류용품,1
"뜨개질, 소매",1
음악치료 아동상담,1
김밥및 분식류,1
담배음료과자 등등,1
"한식점, 발효식초, 탁주, 식육, 통",1
의류및이불,1
장어 문어 소라 차돌박이,1
"내의, 담배",1
라탄 등 공예공방,1
"모바일, 유선상품",1
닭 돼지 오리 쭈꾸미,1
조개찜,1
치킨 피자 튀김류 건어물류,1
애견용품 미용 진료,1
식료품 과자 음료등,1
"분식,떡볶이",1
"주스, 디저트",1
국수 등 면류,1
"쌀, 버섯",1
필라테스교육과 필라테스 용품,1
판매(누룽지),1
예술공방공예품,1
제빵외제과,1
"인삼, 수삼 등",1
도소매(공산품),1
농산물(고추/잡곡),1
도매및소매업(떡),1
도소매(기타) 화섬직물,1
"인삼,홍삼,생약초",1
주방용품도소매,1
방향제품재료,1
의약품소매업,1
타코야키 등,1
휴대폰 판매  통신가입,1
미용재료 까운 잡화,1
양꼬치  우육면 딤섬,1
"출장 썬팅,, 자동차용품 판매",1
"동물미용, 애견용품 판매",1
"목공, 가구제자, 페인트",1
체력단련 교육,1
"천막, 열쇠, 도장, 용접, 경미한공",1
참기름 들기름 들깨가루 볶은깨 검정깨 미숫가루,1
언어교정,1
피어싱,1
생활용품문구류사무용품미용용품가전전자제품패션잡화취미용품등,1
"음식, 수산",1
"전병, 생수",1
수제김류,1
씽크대 및 부엌가구,1
운돋용품 의류 및 신발,1
"빵류, 과자류, 당류, 초콜릿 도매업",1
반려동물 진료 및 사료판매,1
회 대게,1
"라면,과자",1
"잡화, 전자상거래 소매",1
"휴대폰케이스, 악세서리 등",1
"음식, 떡갈비 등",1
양식 레스토랑,1
"자동차부분정비업, 자동차타이어및튜브",1
빵류 과자류및 당류 기타종합소매업,1
"유아복, 유아용품, 스포츠의류 등",1
순대국 찌개 등,1
"추어탕, 김치",1
가죽가방 가죽소품,1
"의류, 기타 가공식품 도매업 등",1
서비스업(두발미용업),1
즉석조리,1
"등반장비, 운동용품",1
"안경, 보청기, 의료기기, 위탁판매",1
활어선어어패류,1
인물사진 및 행사용영상 촬영업,1
"피부미용(왁싱), 의료기기  도소매",1
수공예클래스,1
"철물, 공구, 안전용품, 수방자재,",1
헤어핀 및 액세서리,1
스타킹 양말 내의류,1
천막 어닝,1
아시아 음식,1
한식 곰탕,1
미용업 미용실 헤어,1
"의약품, 의료기기(당뇨소모성재료)",1
조명외,1
"스콘,샌드위치",1
물냉면비빔냉면숯불고기고기만두,1
미용(일반),1
미용실 미용용품,1
미더덕생선류,1
"사진,서적",1
"즉석,제조",1
"음료,완구대여",1
혼수 커튼,1
여자용옷,1
소매(기타음식료품 및 일용잡화),1
"슈퍼마켓, 담배 소매",1
"찐빵,어묵",1
한약건재,1
자동판매기(무인카페),1
"의류, 내의",1
"의료기기,건강기능식품",1
칼국수수제비,1
"리폼, 수선",1
스터디카페 및 독서실운영업,1
"신변잡화/스포츠, 가방 및 운동화",1
유아 및 초등 미술,1
기터의복,1
공방 공예품,1
"의류 소매업, 전자상거래 소매업",1
"곡식, 고춧가루, 참기름 소매",1
"식료품, 잡화",1
"수예, 침구",1
과일 및 농수산물,1
가공식품 주류 농산물 축산물 수산물,1
"건어,견과류",1
"두부,오뎅",1
가공식품 화장품,1
"등산복, 등산용품, 안전용품, 스포츠",1
화훼부자재,1
꽃바구니,1
"생화, 관엽 등",1
아동가구,1
환풍기 송풍기 선풍기,1
즉석떡,1
"정육, 청과",1
"옥외광고, 간판, 현수막, 인쇄열쇠",1
원단소매,1
"사진, 액자, 도장, 복사 제본 코팅",1
"화장품, 의료기기",1
순대국밥 육개장,1
창작미술교습소,1
도배풀 현관 도어락  벽지  장판,1
"김치, 즉석조리식품",1
"수예용품,실",1
"옥수수, 수입곡물",1
꼽창,1
생활용 가구 도매 및 소매,1
필라테스 요가 체육서비스업,1
파스타스테이크샐러드,1
한식 조리 및 판매,1
수산물(홍게등),1
"도소매(의류,액세서리)",1
털실모자,1
"가전부속,환풍기,전기용품",1
편의점판매용품,1
"소매(반찬,야채)",1
음료와디저트,1
안경 및 콘택트렌즈 소매업,1
"여성의류, 액세서리",1
관상어및 관련용품,1
꽃다발 꽃바구니 식물 화환,1
웨딩 사진 촬영  드레스 대여,1
"일식,오뎅꼬치",1
연탄불고기,1
수육 전,1
학습장소제공,1
여성겉옷및잠옷,1
사진촬영서비스,1
린넨 의류 소품 가방 제작 판매,1
악세사리(쥬얼리),1
"식자재, 잡화",1
피잠,1
종묘사,1
"도매및소매업(야채,과일,생선,건어물)",1
음식(칼국수),1
네일(미용업),1
"분식, 패스트푸드, 카페, 기타음식",1
"채소, 과실 및 뿌리작물 소매 등",1
돼지껍제기,1
"커피,사주카페",1
"축산물유통, 식육포장업, 식육즉석판매",1
"채소,과실및 뿌리작물",1
상겹살,1
소곱창구이 전문점,1
거울 액자 유리,1
서적 등,1
"통신기기,핸드폰",1
참기름 고추 각종 곡식,1
"피부미용업, 화장, 분장미용업, 네일",1
볶음류,1
"패션, 잡화, 안경",1
"떡, 케이크",1
스포츠 의류 및 악세서리,1
중식 짬뽕 짜장 등,1
편육포장등,1
"김밥,우산,꽃",1
맛살,1
과일 즉석판매가공,1
"피부미용, 화장품 소매",1
음식(닭요리),1
건어물및젓갈류,1
"도소매(수산,생선)",1
스포츠의류신발용품,1
음식점업(중화요리),1
한우한돈수입육 등,1
"건축자재, 철물",1
"동물병원, 애완용품",1
"디저트,차",1
"모종, 씨앗",1
전동공구 산업용품,1
수의 애견용품,1
"기타 (커피, 샌드위치)",1
생회,1
운동가입,1
커피 제과 제빵,1
식육(식육포장),1
"농산물, 묘목, 화훼, 종자",1
국반찬,1
"애완동물목욕, 서비스업, 애완용 용품",1
"네일아트, 쥬얼리, 통신판매",1
폴댄스수업,1
시설임대 및 교육서비스,1
"운동화, 이불용 빨래방",1
"옷, 신발, 가방",1
스팅세차광택,1
의약품 의약부외품 의료용기구 화장품,1
"한약, 임농산물 의약품, 의약부외품",1
냉동신선 수산물,1
유전자분석서비스,1
소고기초밥,1
세탁물공급,1
쭈꾸미 낙지 우삼겹 한식 일체,1
한우한돈수입육등,1
식자재외공산품,1
체험형오락시설,1
각종가구,1
보리밥/홍어찌개,1
도소매(수입(인테리어소품및주방용품))소매업(전자상?,1
다육식물,1
도소매업(과실및채소소매업),1
"김, 다시마",1
썬팅 광택 블랙박스 네비게이션,1
장판 벽지 페인트 타이루 방수공사 인테리어공사 철거,1
커피 음료 볶음밥 우동,1
가저제품,1
일반의약품 및 한약,1
과자 라면 잡화 외,1
"음식, 커피",1
"한식, 차",1
홍삼건강식풍,1
참치생선,1
구갑,1
"도장공사, 페인트",1
"등심카츠, 돈까스",1
"양약, 의료용 기구 소매업",1
"일반음식점, 커피전문점",1
"커피, 차류",1
"반찬, 빵 및 과자",1
"토탈의류,잡화",1
강정약과,1
소매(식육즉석판매가공업),1
도기,1
고추방아,1
"의류,신발,",1
소매(의료기기),1
가구OA,1
"도매및소매업(가구소매업,커튼및침구용품",1
"도소매(농산물,참기름)",1
자동폐쇄장치,1
안경제조및판매,1
붕어빵 호두과자 찰보리빵 등,1
창업교육,1
컴츄터 및 주변기기,1
미용실 미용재료,1
생활제지,1
"도자기,차",1
"복권, 담배, 편의점",1
딱류,1
"농수산물, 야채",1
"차, 미술품",1
"썬팅, 세차",1
자동차 타이어 및 튜브,1
네일아트 서비스 제공,1
과일 야채 정육,1
"물회,매운탕,막회",1
반려동물 질환예방 검사 치료,1
"축산물, 소매",1
"한식, 회, 물회",1
명품의류 명품신발,1
"식육, 슈퍼마켓",1
"커피, 음료, 빙수",1
음식 마라캉,1
"카페, 차, 디저트류",1
해산물 요리,1
"건강 보조식품, 족욕",1
복싱 서비스 제공,1
"활어회,기타수산물",1
개인맞춤복,1
초밥 롤,1
발교정구 의료기기판매 측정정밀기기 뉴로하모니,1
"소품, 문구, 악세서리",1
두부제조판매,1
자동차  광택  및  흡집 제거,1
만두찐빵김밥,1
`,1
한식 돼지국밥,1
"양초,잡화,임대",1
게임몰,1
"게임용구, 장난감",1
"인삼, 대추, 약초",1
가구 인테리어,1
수산물 건어,1
도소매업(의류,1
강정 등,1
발육기,1
도소매(우유),1
"커피, 수제차",1
중식 일체,1
대패삼겹살 외,1
"청과, 수산물",1
수제초콜릿,1
생화및 관엽 등,1
생활용품 담배 청과 수산 축산,1
특공무술 합기도,1
샐러드 볶음법 파스타 커피 음료,1
"타이어, 밧데리",1
"수육,국밥",1
"농축수산물, 잡화",1
한식 안주 및 주류,1
커피음료 판매,1
"어묵,곤약",1
공예품재료,1
"신발,건어물 및 잡화",1
골프 의류 및 용품,1
"광고대행, 출력, 간판",1
건강기능식품 일반의약품,1
비누공방,1
의류(남성복(,1
안전용품 등,1
축산물 과일 야채 일반 식료품,1
쌀계란된장잡곡등,1
"떡볶이, 김",1
휴대폰악세사리및 통신기기판매,1
"철물, 안전용품",1
농수축산공산,1
"문구, 교구 외",1
축산물  야채,1
문구 사무용품 생활용품 전산용품외,1
"전자상거래(의류, 잡화)",1
식잡(도소매),1
"즉석가공,절임식품",1
"건어물,불교용품",1
소품 홈패션,1
"소매(정육),제조(식육즉석)",1
"배관설비,보일러시공",1
"비닐, 지물",1
가전제품 및 cctv,1
작물재배업,1
"간장게장,새우,수산물",1
남자옷,1
음식점업(치킨점문점),1
소품기념품잡화,1
채소 농산물 담배,1
그릇 기물,1
"참기름, 고추가루, 곡물",1
뿌리작물,1
"농약, 씨앗",1
업소용기계,1
의류및 신발외 악세사리,1
육루,1
도자기 제조 및 판매,1
"일식,초밥",1
"도배, 벽지, 바닥재 등",1
"곱창,닭발",1
명함 스티커 등 각종 인쇄물 현수막 입간판 등 광고 책자 인쇄출판 등,1
식품및생필품,1
돼지불백,1
"타일, 위생도기",1
하식,1
"커피, 즉석판매",1
"농기구, 청소용품",1
"애완동물 관련용품 도소매업,",1
채소건나물,1
국밥 한식,1
목재가구제조,1
"카페, 굿즈",1
청과 야채 농수산물,1
지붕판금공사,1
자동차 관리,1
"공예품, 소품, 공방",1
손만두전골샤브샤브,1
"건설자재판매, 방음매트 등",1
"페인트, 방수공사",1
"미용실,컷,염색,파마",1
골프운동용품,1
자동차광택코팅,1
자동차유리교체,1
"댄스,요가,필라테스",1
"생수, 전병, 과자",1
과자및디저트,1
김건어물,1
신선냉동및기타수산물,1
스포츠의류 스포츠용품 축구화 풋살화,1
알밤김부각 등,1
냉동 수산,1
일식(오뎅),1
보쌈 및 족발,1
의류수선세탁,1
식잡 주류 담배,1
식품및 생필품,1
양념쭈꾸미,1
온열찜질,1
체험형 시설,1
상품종합도매업 식품 잡화,1
"부식, 청과",1
"가정의학과, 피부과",1
펜션(숙박),1
리프팅관리,1
과일 주스,1
"화장품, 건강식품, 서적",1
"소품, 조화",1
한의원 의료,1
"TV수상기, 전화기 등",1
밥솥,1
"대창,곱창",1
채소 도매업,1
"축산물,식육가공업,식료품",1
"과일,야채,쌀",1
채소및부식,1
"곡물제분,착유",1
"인삼,홍삼,공산품",1
"침구류,홈패션",1
예술 및 악기 체험,1
남녀용 의류,1
앵무새,1
도서및 학습기자재,1
"소품, 잡화, 전자상거래",1
전등,1
"파티용품, 전자상거래",1
외형복원,1
"건어물, 십원빵",1
"차 시음, 판매, 전자상거래 소매 등",1
"과일채소, 견과류, 건농수산물",1
"한식, 밀키트",1
한식 고기 등,1
계란밥분식,1
"문구, 사무용품, 잡화",1
"식품, 청과, 야채",1
"한과, 강정",1
"떡,커피",1
제과(타르트),1
일반음식791업(카페),1
"의류,작업복",1
"열쇠,도장,비닐,전기",1
"제조,소매(두부, 쓰레기봉투)",1
돼지소고기,1
"한식,빵류,떡 과자류",1
식음료제품,1
신발 액자,1
"기념품, 타올",1
예체능,1
공예체험,1
스포츠테니스용품,1
국술원,1
"튀김,전",1
방수자재,1
퍼스널트레이닝 수강권,1
"블럭방, 의류, 소품",1
의약품 의료기기 위생용품,1
"네일, 피부 미용",1
유아동복 및 용품,1
내장탕,1
샌드위치외,1
기타 생활품 주류 담배,1
스포츠짐,1
제과 플라워,1
공산 및 식품,1
닭꼬치 외,1
청과 야채 가공식품,1
식물 및 화초,1
사진촬영기기,1
화장풍,1
빵류 제조업,1
"의료기기판매, 건강식품",1
반찬 찌개,1
해산물구이 떡류 착즙쥬스,1
"약국,의약품",1
"음식점업(한식점업), 흑염소",1
식육  양념육,1
소곱창전골구이,1
육류(통삼겹),1
야채식품,1
한식(뼈구이),1
냉난방기 공조기 화학세척 및 유지관리,1
음악학워,1
"의류, 세제, 꿀",1
"전통차,카페",1
"신발, 의류, 잡화, 액세서리",1
남자머리,1
"나물, 약초",1
대리점가구 등,1
컵라면,1
서적 신문및잡지류 소매업 문구용품,1
"눈썹, 네일",1
계란  및 농산물,1
브런치 양식 커피,1
피트니스 센터,1
"요거트, 아이스크림",1
"옛날통닭,만두",1
의류 신발 악세사리 가방,1
안경 및 콘택트렌주,1
회 생선 냉동품 즉석식품제조가공,1
부동산학원,1
문구 사무,1
한식 담배,1
레트카,1
"미용(손톱,발톱)",1
ㅓ미용,1
은 악세사리,1
"도서, 서적",1
빙수 비알코올 음료,1
"치킨, 커피",1
사진 아기사진 가족사진 증명 프로필,1
"스파게티, 돈까스",1
빵 케이크 제과류 커피 음료,1
태권도 수련생,1
화훼 식물,1
"철재가구, 가구소품",1
"가정용 직물제품 소매, 전자상거래 소",1
사무통신기기수리,1
천연제품,1
"축산물판매,정육",1
"의약품,의료용구,의료기기",1
"조화,불교용품",1
"이불,원단,직물,홈패션",1
기름 김,1
생닭.달걀,1
"화섬지,직물",1
"지갑,벨트",1
운동용품등,1
과일 및 과실류,1
속눈썹연장 등,1
김밥분식류,1
"네일아트, 속눈썹, 화장품",1
도자기 판매 및 교육,1
"식품, 잡화 등",1
당구 연습장,1
아구찜 등,1
닭갈비요리,1
태권도 서비스,1
"슈퍼마켓, 식품, 잡화",1
"꽃게,수산물",1
설렁탕곰탕,1
홍삼제품류,1
"양약, 기타의료기기",1
"과일, 음료 외",1
돼지랑소,1
패브릭소품판매,1
"한식, 꼬치",1
종합 의류점,1
"가공식품, 식육, 통신판매",1
마트 잡화,1
"똥집, 찜닭",1
카페 차 음료 수제청,1
안경및선글라스,1
김밥 주먹밥,1
"조미료, 통조림",1
가전제품 에어콘,1
"버섯칼국수,소갈비,소곱창",1
"곤드레솥밥,코다리찜",1
침대 외,1
가구 외,1
"일반내의, 양말",1
"인테리어, 건설자재",1
"전자상거래 소매업(도자기), 공예강사",1
"전자상거래, 잡화",1
"옷, 전자상거래 소매업",1
취미미술 클래스,1
"중식, 한식",1
"셔츠 및 기타 의복 소매업, 한복 소",1
아동복 스포츠릐류 스포츠용품,1
차량관리,1
인테리어철물,1
보쌈칼국수,1
네일아트 및 의류 판매,1
헤어컷트 펌 염색 두피케어,1
일상생활용품 및식재료,1
식육  식품,1
"휘장, 판촉",1
커텐 홈패션,1
침구류수건,1
"도매및소매업(스포츠의류,용품)",1
운동처방 운동재활,1
일식카레,1
사진 휴대폰,1
과일채소등,1
치킨호프일반음식점,1
과일 채소 아이스크림 음료 냉동식품 밀키트 등등,1
금속제가구,1
쉐이크,1
점핑 피트니스,1
약소매업,1
"pc주변기기, 휴대폰악세사리",1
"웨딩드레스 제조, 예식사진 촬영, 대",1
도자기주방용품,1
즉석회,1
"펌,컷,염색",1
"캔들, 향초 등",1
"승마용품, 승마체험",1
가공식품 생활용품  생활가전 잡화 등,1
정육점(식육),1
스포츠 의류 및 신발,1
씽크가구,1
건강보조용 액화식품제조,1
소매식품 및 잡화,1
"상포건어물,잡화",1
"유모차,카시트,아기띠",1
음식점업(한식음식점),1
"음식,국밥",1
전자상거래패션잡화,1
떡 등,1
염새약,1
생활용품 야채 청과 수산 정육,1
음식 외,1
파크골프용품 및 스크린파크골프,1
"떡볶이, 어묵",1
치킨스테이크,1
의약품 의료서비스,1
음식개발,1
산낙지 문어 조개  패류,1
차류가공업,1
"떡류 및 제조가공업, 즉석판매",1
"씽크, 소규모 인테리어",1
과일 달걀,1
농수축 가공,1
커피 및 음료와 베이커리,1
소프트웨어 개발,1
스테인드글라스,1
CLZLS,1
증명 여권사진,1
돈가스스테이크,1
삼결살,1
그릇 냄비 수저,1
"주단, 한복",1
유어동 주니어 성인 실내복,1
이비인후과 의원,1
영어회화교육,1
피부과 및 비뇨기과 진료,1
돌게장 꽃게장 갈치조림 서대회 생선구이,1
자동차종합수리업,1
"쭈꾸미,모밀",1
"피부미용,속눈썹,왁싱",1
소품류,1
"음식(활어,한식)",1
미용 화장,1
김밥 및 기타 간이음식업,1
커피 음료 분식,1
즉석음식류,1
오토바이 수리 및 판매,1
모듬초밥,1
"교구, 사무가구 등",1
묘종,1
암벽장,1
간판인쇄,1
"기성화, 의류",1
"음료,기타주점",1
쇠고기,1
장농침대소파식탁,1
돼지수육,1
한우 한돈 밀키트,1
"제과점업, 캔디류",1
"한식, 식육",1
"피부미용, 화장품 비누 판매",1
두부 족발,1
침구커텐소품 일반가구,1
"소매(잡화,담배)",1
꽃다발/바구니/식물,1
"고추,쌀",1
"게,갑각류",1
치킨까스,1
"도소매(건어물,마른생선)",1
"침구,커튼용품",1
"킹크랩, 대게, 랍스타",1
"계란,야채",1
"청과, 야채, 수산",1
쭈꾸미삼겹살,1
아동의류 및 소품,1
사무기기용품,1
원예식물,1
단미사료및미생물,1
지붕판금,1
경미한공사(시설유지보수),1
시설물유지관리업,1
옥외공고사업,1
만두빵류분식,1
제철 생선 및 해산물,1
염색약 화장품 건강기능식품 일반미용업,1
"샌드위치, 샐러드 외",1
"가구, 커튼, 롤스크린, 의료기기판매",1
햄버거 샌드위치 핫도그,1
"초장,된장",1
정수기 생수 음료,1
미꾸라지 자라,1
타일 양변기외,1
"정육, 즉석가공육",1
즉석판대제조가공,1
"슈퍼마켓, 육류소, 담배, 식품소분업",1
특수채소,1
"커튼, 블라인드, 침구, 소품, 방충",1
"닭백숙, 닭볶음탕",1
"전자상거래(버섯), 농산물",1
"카페,갤러리",1
샴푸 오일 컬크림 등,1
두부면 요리,1
자동차블랙박스,1
귀뜸봉,1
기타간이 음식,1
당일상패 트로피 판촉물 인쇄,1
소매업(그릇),1
"잡화, 슈퍼",1
"선어, 활어",1
고급기성화신발,1
과실및채소식육,1
"떡(인절미,시루떡),들기름,미숫가루",1
침구커튼블라인드,1
"축산물, 부산물",1
"계란, 식품",1
재조업(기타육류가공및저장처리업),1
여성가방,1
가발류,1
음식(기타음식점),1
"도소매(식육,쌀,식육포장,식료품)",1
모듬회,1
스포츠 캐쥬얼 의류,1
침치료,1
여성 의류와 가방 및 액세서리,1
가축,1
미용 제품,1
남성복의류,1
"과일청, 빵",1
사과 샤인머스켓,1
"액상차, 과채음료, 기타가공품",1
"의류, 악세사리, 잡화, 신발",1
철물 외,1
치킨 점문점,1
우동 돈가스 제육볶음 돼지불고기 기타 안주류등,1
식료품 생활잡화 주류 담배,1
체력단련회원권,1
"한과,떡",1
"김치찜, 보쌈, 한식메뉴",1
"횟집, 탕",1
서비스업  당구장,1
파티룸,1
차커피,1
음료기타,1
빵류 등,1
줄넘기체육관,1
언어치료 심리치료 놀이치료 감각통합치료 미술치료 인지치료 난독증 치료,1
의약품 의료용품 화장품,1
약 국,1
기타식품(밀키트),1
"옥외광고, 현수막, 전시대",1
건축설계 및 관련서비스업(건축사),1
도장공사(차선도색),1
영유아도서,1
차 도구,1
라면 닭꼬치 맥주,1
"카페, 공방",1
평생교육시설운영,1
음식(부침),1
도소매(슈퍼마켓)임대업,1
"식잡,주류,담배",1
병종류,1
"소매(식품,계육)",1
의류제작,1
소매품(가방),1
인삼 홍삼 및 관련 각종제품,1
건강기구,1
"샐러드, 커피",1
예술 창작,1
"일반 음식점업, 의류, 잡화",1
식자재판매,1
"복사, 문구, 전산소모품",1
"네일,왁싱",1
드레스 써비스,1
새화,1
오락,1
식육 식품잡화,1
육회 연어 문어,1
"줄넘기, 태권도",1
김치가공,1
"제과점, 수제청",1
줄넘기클럽,1
우육면,1
테니스장 운영,1
피부 미용 화장품,1
국수김밥오리전골,1
왁싱 에너지테라피,1
타올 기념품 현수막 행사용품 타올 택배,1
헤어샾,1
신선육 식육즉석판매가공업,1
과일 야채 수산,1
"공방, 수공예품 판매",1
굴비 건어물 생선 견과류 과일 채소 기타 가공식품,1
각종소매물품,1
차음식,1
화훼식물,1
"농산물, 묘목",1
"의류, 옷",1
돈우육,1
건강원즙,1
"가발, 미용 재료",1
전기.전자부품,1
정육 야채,1
"피부,네일",1
생식,1
담배 및 복권,1
컴퓨터 복합기 복사기,1
"콩국수, 열무국수",1
순대국등,1
주류.식품,1
스포츠용판매,1
"철물,자재,안전용품",1
"청과, 채소 등",1
"돈가츠,우동",1
"한과, 떡류",1
수입제품,1
떡(방아간),1
"삼각갈비, 육사시미, 양갈비",1
"화장품, 이용",1
정과,1
컴퓨터 유지보수,1
광고자재 간판,1
태국음,1
국내산 소고기 국내산 돼지고기 국내산 닭고기,1
일반임식,1
산오징어 양푼무침,1
요거트아이스크림및커피류,1
"건강기능보조식품, 화장품",1
"진료, 피부과",1
즉석판매가공업(과일즙),1
네팔/인도 음식점업,1
만두등,1
야채과일식품잡화,1
야채 마늘,1
세탁뭄ㄹ수거배달,1
과자 빵 음료,1
알탕 대구탕,1
"우동, 돈까스, 비빔밥",1
서양식음식및 한식,1
"갈비탕, 냉면",1
"섬유제품, 옷",1
풋살장운영,1
각종도서,1
시트 수리 인테리어,1
음악무용학원,1
"채소,버섯,나물등",1
문어요리,1
"버블티, 커피",1
우신탕 갈비탕,1
"안경테, 부속품",1
"캔들, 석고, 방향제",1
의류판매 및 리봄,1
건어물및농수산,1
"피부미용, 네일",1
"요거트,아이스크림",1
복지용구,1
장애인보조기기,1
"커피,케이크",1
삼치회,1
등산스포츠의류 및 용품,1
문구 기념품 답례품 선물 굿즈만들기 원데이클래스 체험,1
여자용 의류 및 신발,1
"검토, 점프윙스",1
"식품,잡화,농산물",1
약국062,1
젓갈 커피,1
식육 소고기,1
헤어 미용 시술 서비스 제공,1
한우 불고기 비빔밥 불백,1
소프트 아이스크림  팥빙수 커피,1
기타 음식료품 및 잡화,1
폐백음식한과,1
애견미용 등,1
아동의류및악세사리,1
피부과 병원,1
애완용동물및용품,1
젓갈고추장,1
"가방수선, 구두수선",1
"미용, 헤어",1
식자재유통,1
마늘솥밥,1
"슈퍼마켓, 담배, 의료기기판매업 외",1
"육류, 양념육 외",1
해산물 활어회,1
기능보호대,1
"벌꿀, 홍삼및홍삼제품",1
인삼제품(홍삼) 등,1
페인트도장,1
"도소매(농산물,공산품)",1
국수 및 담배,1
"도소매(조화,잡화)",1
"돈육,  소고기",1
내의/속옷,1
음식(제빵),1
소매(사무가구),1
"국,탕",1
"소매(침구류,수건)",1
"휴대폰, 인터넷, TV",1
숙박객실,1
키즈카페  블럭 만들기,1
민물매은탕,1
냉동수산물 및 사료,1
"애채,과일",1
레저용품,1
일반신발,1
"전기장판,믹서기 등",1
정육소매,1
수산물(젓갈),1
즉석식품판매제조가공,1
"도매및소매업(화장품,잡화및식품,건강기능식품)",1
"의류,주얼리",1
"떡, 과자류",1
국밥  낙지초무침   김치찜,1
노래연습장 운영,1
"의료용기구, 건강기능식품, 화장품",1
"식육, 청과",1
가전제품 및 정보통신장비 소매업,1
"인삼,홍삼 등",1
아디다스 휠라 브랜드 의류 신발,1
돼지한우수입육,1
"찌개, 전골",1
낭동수산물,1
약주 제조 및 전자상거래,1
"와규, 한돈",1
음반판매,1
"과일, 야채, 반찬",1
"컴퓨터주변기기, 운동기기",1
"토스트,음료",1
"인삼, 꿀",1
철물공구전기,1
"숙박업, 일반여관",1
"즉석판매제조가공, 조청, 고추장",1
"토목설계, 측량",1
"생수, 정수기 및 가전제품 렌탈",1
"상하수도설비공사업, 철근, 콘크리트공",1
"건강원, 인삼, 약초",1
한약 침 뜸 부항,1
치과위원,1
자동차 외관 관리,1
"숙박, 민박",1
명함 전단지,1
화장품 및 생활용품,1
"목공, 경미한공사",1
순대국밥  얼큰이순대국밥 뼈다귀해장국,1
"건강용품, 주방, 난방용품, 농산물",1
볶음밥 분식 스낵 및 카페음료,1
중식(양고기),1
커피 및 다과,1
현자동차서비스,1
한식메뉴,1
마트 소매상품,1
"모사, 잡화",1
88번상회,1
의류  등,1
해대폰 및 통신기기 한식,1
"기름,고춧가루",1
음식점업(떡류),1
"인삼제품(기타),수삼,건삼",1
방앗간/기름,1
편의점 기타 잡화,1
김밥외한식,1
그림 액자,1
"커피, 간식류",1
참치 활어회 정식,1
"미용실, 담배",1
"일반음식, 커피",1
임업관련서비스업,1
"단이사료, 애완용동물관련용품, 일반음",1
왁싱 속눈썹펌,1
"수삼,근삼,기타인삼제품",1
중고폰 선불폰개통 폰케이스 및 악세서리,1
식품제조판매업,1
"소아과, 내과, 이비인후과",1
동물위탁관리,1
주방기구 및 잡화,1
애완용동물관련용품,1
제본,1
헬스 피티 필라테스,1
"강정, 한과",1
의류 패션소품,1
공예교육,1
화장품 가방 잡화  홍삼,1
장갑 포장용품 락카류,1
즉석자동사진촬영기 운영,1
무술 교육기관,1
베이킹 체험,1
"사무, 정산, 생활잡화",1
서비스업음식,1
스크린 골프연습장,1
무인점포,1
식자재 일체,1
석유판매업,1
안경 선그라스,1
방앗간/ 기름,1
열쇠(설치),1
임부북,1
보리밥삼겹살,1
커피 식사  빵,1
"위탁판매(의류), 전자상거래 소매",1
"과일,산나물,임산물,농산물",1
기타음식 및 잡화,1
"화장품, 비누, 화초 등",1
골프용품 판매 및 교육,1
뽈찜,1
"비즈공예 재료,잡화공예 재료,잡화",1
"슈퍼, 건강보조식품",1
삼겹살 갈비살,1
태권도 수련 및 줄넘기 수련,1
"브런치, 파스타",1
커피 생과일주스 등,1
생화농산물,1
호두과자와 음료,1
고추 외,1
요양보호사 교육원,1
커피 및 음료  디저트,1
술 담배 잡화,1
"음식(한식), 칼국수",1
"냉동식품, 수산물",1
"국수류, 곡물(쌀)",1
호떡 외,1
한복박스,1
피순대국밥,1
여성바지,1
그릇 소매업,1
"의복,잡화",1
빵 디저트,1
한약업사,1
"의류, 신발, 잡화",1
생활용품 식품등,1
"피부, 속눈썹",1
코안노내,1
"아이스크림, 과자, 담배",1
메리야스(속옷),1
피아노팍원,1
로컬제주상품,1
전시 행사,1
시설관리,1
행사기획 및 대행업,1
미술기념품 판매,1
기념품판매,1
흑돼지계란밥,1
아구찜  활어,1
낙지 홍어 바지락,1
중화요리 음식,1
병어조림,1
드론장치,1
"식용유지, 쌀",1
"한식,곱창",1
애완동물관련소매,1
"비즈,악세서리",1
"채소, 과실 및 뿌리작물, 가전제품소",1
농약 비료 농자재,1
"가방, 악세사리",1
돈육외,1
간이휴게음식점,1
악기 드럼 전자드럼,1
"외의, 전자상거래 소매업",1
해장국 및 음식,1
양약 의료기 건강식품,1
두발미용실,1
"내과, 이빈인후과, 피부과, 소아청소",1
"커피, 기타음식",1
이병철,1
쫄면,1
의료기 외,1
과일 채소 정육 공산품,1
커텐 의류,1
실내 골프 연습장,1
월남쌈샤브,1
관절영양제,1
"금, 은 , 시계",1
"생화, 인테리어소품",1
스포츠릐류 및 용품 (여성옷),1
메밀소바,1
"호떡, 분식",1
"건어물, 과일",1
"활어 , 킹크랩",1
"식육, 수산물 등",1
"참기름,제분",1
기타 종합소매업,1
안경 가공 및 콘텍트렌즈 판매,1
전기자전거 자전거수리 스포츠용품,1
양념목살오징어양념구이꼼장어구이,1
친환경수세미,1
교육 지원 서비스업,1
전구 램프 및 조명장치,1
"채소, 과실, 신선, 냉동및 기타 소",1
냉동수산물 식자재,1
건강기능식품비타민 등,1
요양보호사 자격취득과정 교육,1
커피 빵 음료,1
카피 빵 베어커리,1
흑돼지오겹살 김치찌개 주물럭등,1
"잡화, 공방, 휴게음식점 등",1
"콘텍트렌즈, 안경",1
"도소매업(슈퍼,식품소분)",1
안경위탁판매,1
"소라, 꽃게 등",1
신발수선,1
"전,부침",1
소매(스포츠용품외의류),1
일반음식점업(치킨),1
생활의류,1
침구류한복,1
중국술과자,1
"특산품, 전자상거래 소매업 등",1
유아 및 아동 대상 교육 콘텐츠 제공,1
머랭쿠키,1
"공예, 체험",1
"의류,여성복, 블라우스",1
커피음료 맻 베이커리 디저트류,1
카페악세서리,1
"도소매업(커튼,바티칼)",1
"농산,수산,축산,가공식품",1
"한과(깨강정,옥고시)",1
패브릭 꽃 소품 이너웨어,1
한식 음식업점,1
"등산용의류,스포츠용품",1
활어 참치,1
한우식육,1
뻬해장국,1
"안전용품, 문구",1
요식업(커피),1
고기(한우),1
직화구이 배달,1
보청기(의료용기구),1
자수마크,1
"전기자재, 철물",1
"악세사리, 가방",1
생닭 등,1
오락용 사격장,1
"소매(기타식품), 흑염소",1
식품한약재,1
점핑하이교육,1
헤어커트 및 서비스,1
"참기름,들기름, 기타가공품",1
"피자, 햄버거, 샌드위치 외",1
"식잡, 채소,청과물",1
"일반음식점,회",1
"도소매(문구,사무용품)",1
생선채소,1
전선,1
전기전자품,1
디자인 등,1
"디저트, 빵",1
"식품,청과, 정육",1
"쌀, 농축수산물",1
반찬 김치즉석판매제조업,1
술담배 문구,1
슈퍼마켓식자재농산물유통축산물,1
즉석생선구이,1
선어 생선,1
특산품 기념품,1
커피 및 보드게임 체험,1
대리운전중개업,1
빙수 등,1
애완용 동물 용품소매,1
식품잡화 음식,1
가정의학과 일반의원,1
"소매(한복,이불,커튼)",1
양약소매,1
"소매(야채,마늘)",1
각종 어패류 민물 갑각류,1
"그릇,식품,담배",1
음식점업(조개전골),1
"소매업(한복,이불)",1
"과일 야채, 젓갈류, 식자재",1
약초 제분/제환,1
"씨앗,농기구",1
"화장품, 가방",1
검도체육관,1
"활어,  즉선판매제조가공업",1
활어및 해산물,1
"방앗간, 곡물",1
"도배, 장판, 인테리어",1
한식 찌개류,1
타코파히타,1
"순대국,순대볶음",1
국수 밥 돈가스,1
식품 잡화 음료,1
크라운,1
유기농 식품,1
하삼동커피,1
작업복및 앞치마,1
고등어 정식,1
체형 및 운동 관리 서비스,1
핸드폰기기,1
드로잉체험,1
"홍삼제품, 꿀, 비누, 치약 등",1
"도시락, 유부반찬",1
"식육점, 양념육",1
종합생활용품,1
"농약, 농자재, 비료, 종묘",1
반려견위탁,1
"만화책 임대, 보드카페",1
"한식, 육식",1
요리 공방,1
헤어 두피관리,1
"과일, 생선, 채소류",1
"담배, 외의",1
"지업사, 인테리어",1
치과 및 보건 서비스,1
동물진료업,1
보리밥 칼국수,1
기타이미용업,1
가스보일러,1
일반진료 및 서비스,1
속옷 및 타올,1
화정품,1
"농산물, 공산품",1
침구류 커튼 브라인드,1
"활어, 선어도매",1
"샌드위치, 김밥",1
김치찌개오겹살,1
"네일아트, 에스테틱",1
음.식료품 소매업,1
음료 및 식품 및 주류,1
참기름 들기름 고추 외,1
"한우숯불구이,한식",1
"음식(한식,분식)",1
"음향기기,악기",1
삼겹살 비빔밥,1
도시락김 전장김 자반김,1
일본식돈카츠 우동 메밀 등,1
보건 한방 서비스,1
보이차 차도구,1
화장 분장 미용업,1
도자기체험 가정용도자기,1
한과커피,1
커피 음료디저트류,1
슈퍼 담배 식육,1
"홍삼,수삼",1
"건강기능식품, 인삼",1
음식과 일상생활용품,1
과일야채즙,1
성형외과의원,1
귤,1
덮밥 등,1
기타 미용업,1
"수선, 미싱",1
공구및철만물,1
각종건강원,1
건수산물,1
"의류,화장품,가정용품",1
도소매업(떡류),1
"모자, 양말",1
"농수산물,야채",1
육류 및 가공품,1
"한식,담배소매",1
실내골프장,1
여성의류 및 가죽제품 외 신발 등 악세사리포함 토탈코디,1
"과일,야채,쌀,수산",1
스테인글라스 유리공방,1
킥복싱무에타이,1
한방내과,1
고무신,1
"건어물, 청과",1
"과자류,곡물",1
즉석음식,1
교재 교구 교과서,1
복권 발행,1
사우나 용품,1
"두피, 탈모 관리",1
중고의류및잡화,1
주류 담배 공산품,1
식육 야채 수산 공산품 식료품,1
의약품건강기능식품 외,1
생화 도소매,1
골동품 화폐 기타 기념품,1
디퓨저 향수 캔들 재료,1
물리치료 부항 뜸 추나 약침 침치료 한약 보약,1
침 한약 물리치료,1
돼지 족발,1
시설,1
커튼 블라인드  카페트 침구 소품류 등,1
침구 커튼 블라인드 소품류 등,1
편의점 주류판매,1
커트 펌 염색 클리닉,1
두발미욤업,1
헌삭,1
농산물 나물 건어물,1
백반 된장찌개 제육볶음,1
기타 스포츠 서비스,1
베트남 음식점,1
무연 경유 등유,1
"의류,양말,신발",1
"위생용품(물티슈,넵킨)",1
내의 (속옷),1
속옷양말잡화,1
소매(마늘),1
"소매(속옷,양말)",1
"과일, 야채, 생선",1
소매업(패류),1
"의복수선,의류",1
생필품(마트),1
과실 냉동옥수수 청과,1
술빵외/노점,1
기타음식료품 및 일용잡화 등,1
영어원서,1
자동차 세차 서비스,1
안경소매 콘택트렌즈소매 선글라스소매,1
멸치  건어물   계란,1
"체험학습, 도자기, 생화",1
미용실 천연염색 두피관리 탈모관리,1
모자 가방 양말,1
한정식 고기류 생선류,1
화장품나  란제리,1
꽃가게,1
"철물,열쇠",1
두발서비스업,1
기타 가용용기기,1
육류및가공품및공산품,1
"농수산물, 화훼",1
일반음식도소매,1
미용 관련 제품,1
헤어관련 제품,1
음식료품위주 종합,1
의약품및의약외품 건강식품,1
일반 공산품,1
커피 농산물,1
슈퍼마켓생활필수품,1
국물닭발 등,1
사워도우빵 호두파이 등,1
농산물 나물,1
베이커리 포장 용품,1
야채 빵 과일,1
농산물 임산물 수산물 전자상거래,1
미용서비스 커트 염색 두피관리 피부관리,1
맥주마른안주등,1
"재활용품, 의류, 소품",1
체형관리 및 기타서비스,1
드럼타악기,1
헤어에 관한 모든 시술,1
"미싱,의류",1
게절음식및한식,1
진동차용품,1
디자인유리잔 컵 식기류,1
가상체험체육시설업골프연습장,1
농약비료모종,1
양약 등,1
양말 스타킹,1
악세사리천연원석,1
바디마사지,1
침 추나 공진단 다이어트,1
산양산삼 송이버섯,1
"도소매(양말,잡화)",1
의류외신발,1
여자용겉옷제조업,1
버거 및 음료와 주류,1
일본식덮밥,1
음료과자잡화,1
헤어서비스 및 헤어제품,1
보존 보철 치주,1
"커피, 베이커리, 음료 등",1
농수산 정육 냉장 식품 냉동 식품 공산,1
소고기 돼지고기 닭고기 피자 파스타 주류등등,1
액상 및 기기,1
닭발치킨떡볶이,1
앙금플라워 떡케이크,1
"한식, 즉석식품판매",1
농산물및신선편의식품,1
닭복음탕 떡볶이 치킨 팥빙수,1
치킨 오뎅 짬뽕탕 오뎅탕,1
육류 외 가공 및 조리된 음식류,1
소돼지닭수입육,1
파스타 피자 음료,1
한복지 이불,1
소매(즉석김),1
"낚시용품, 잡화",1
식육판매 닭 오리,1
"메리야스,잡화,농산물",1
"반찬,닭강정",1
"참기름,신식",1
"식용유,고추,참깨",1
"휴대폰,통신기기,컴퓨터기기",1
"샌드위치, 스파게티",1
"굴비, 홍어",1
열람실,1
음료 담배 주류 일상용품 등,1
태권도교육수업,1
"고추가루,참깨 외",1
"반찬,김치,젖갈",1
"수산물,  농산물 유통",1
"소매(전자상거래업(가구)),도매(가구)",1
"수산물,채소",1
농산물(채소류),1
과자견과류,1
농기구수리,1
휴게음식 김밥,1
제고점업,1
빵과 케이크,1
마늘인삼생강등,1
캐릭터 소품,1
유비끼전문점,1
브랜드의류,1
체력단련장 제공,1
편의점 슈퍼마켓,1
양식업,1
국화빵 등,1
골프레슨 이용권 골프장갑 등 판매,1
테니스강습,1
베트남 샌드위치,1
메이크업 및 왁싱,1
"꿀, 홍삼, 건강식품",1
의류 보석 쥬얼리 핸드메이드소품,1
칼국수 잔치국수,1
패션 소품 가방 액세서리 등,1
여성용 겉옷 액세서리,1
침구및소품,1
양념갈비 생고기,1
진료 의료,1
감자탕족발,1
편의점 취급품목,1
소고기 돼지고기 양념육,1
얼음 생수,1
코다리조림 동태탕 알탕 아구찜 아구해물찜 알고니찜 등,1
"교구, 문구용품",1
"지금, 잡금",1
"삼계탕,백반",1
해산물 호키알 아귀,1
심리검사 및 심리상담,1
부대찌개 김치찌개,1
한우곱도리탕,1
"타이복싱,킥복싱",1
"음료, 호두과자",1
"생선, 전",1
"참기름, 들기름, 고추가루, 미숫가루",1
참기름 들기름 미숫가루,1
야,1
커피 잡화,1
홍삼정 에브리타임 천녹톤 침향환 홍삼달임액 기타,1
식육 청과 야채,1
철  만물,1
엿기름,1
곡물잡곡,1
홈패션가공,1
분식 및 김밥 전문점,1
"의류, 속옷, 잡화",1
삼겹강정,1
"생선구이,생선조림,찌개류",1
도소매(아이스크림),1
인삼과일,1
쌀찹쌀,1
음식점(떡),1
두부 콩국수,1
강습 체육서비스 생활체육용역,1
고등어샌드위치 케밥덮밥,1
퀼트완제품뜨게실뜨게용품뜨게 완제품 및 공예품,1
디브이디,1
생화 및 초화,1
애견 간식 사료 용품,1
철학,1
퍼스털트레이닝,1
한우 소고기 돼지고기,1
실리콘주방용품,1
우동김밥,1
이미용 서비스,1
스터디카페 렌탈,1
미용및 가발,1
치아진료서비스,1
과일 야채 정육 공산,1
커피와 차 디저트,1
체육건강,1
"조미식품,건어물",1
"도소매(모자,장갑)",1
수산물 생선,1
유아용품소매,1
소매(상 담배),1
"조화, 인테리어 소품",1
도소매(의류부착물),1
농약등,1
"사료,육류",1
소매업(농수산물),1
생선구이 돈까스 샤브샤브,1
애견미용 애견호텔 애견공방,1
아구찜낙지,1
오뎅 떡볶이,1
라바지석,1
생태 동태,1
향초 및 방향재료,1
피부바디관리,1
인물사진촬영 영상제작,1
안경및 선글라스,1
식품 음료 잡화등등,1
한식밀키트 판매,1
치킨 바베큐,1
한식 배추김치 기타김치 즉석섭취식품,1
스쿠버장비,1
고로케및 도너츠,1
여성 보세 의류 및 신발,1
컴퓨터 학원,1
의류 제화 스포츠의류 용품,1
미니네일,1
가스기자재,1
유공압호스,1
금속스프링,1
실내장식 도배,1
의료기기 체험  화장품,1
악세사리 잡화 의류,1
아트 클래스 및 아트 키트,1
이미지컨설팅,1
약품건강기능식품의약외품,1
과일야채식품잡화,1
연어 한우육회,1
메이크업시술,1
"곡류, 떡",1
칼집삼겹살,1
공산품 청과 야채,1
한문교습,1
애견용품 및 사료,1
곤드레,1
돈까스 및 분식,1
소고기 돼지고기 닭고기 기타 등,1
초밥과 사시미 음식 판매,1
컴퓨터외 주변기기,1
구강 의료 서비스,1
"컴퓨터, 게임기, 사무용기기, 휴대폰",1
기타의원,1
"의약품, 의료기기판매",1
"곡물분쇄 및 환, 약초소분, 임산물채",1
"정육점, 과일, 야채",1
공산품 맟 야채청과,1
"점핑운동,건강기능식품",1
청과야채정육공산품,1
체육 교습,1
금속이음쇠,1
모타 펌프 수리,1
퀵 화물주선,1
식육 축산,1
"이.미용,목욕",1
"과일, 야채, 쌀, 계란",1
"과자,과일,잡곡",1
생활잡회,1
조림류,1
"참기름,방이간",1
"명태,해물,조개류",1
마늘 풋고추,1
밀크티커피,1
요업제품,1
가구 조명,1
"화장품, 잡화 등",1
사회서비스및 안마 마사지,1
한식조리기능사,1
펫사료 간식,1
공간대여서비스,1
광고대행업 등,1
계란판매전문점,1
실내스포츠서비스,1
헬스 골프장,1
샴푸등 판매,1
피아노 관현악 교육 서비스,1
복권판매대행,1
명함 스티커 전단지,1
정밀기기 및 과학기기,1
산업기계제조,1
의류자수,1
체형 등 기타 신체관리 서비스업,1
휴발유,1
후라이드,1
"도소매(장신구,액세서리,잡화)",1
"김치, 반찬,즉성판매제조가공 소매",1
"제조업(방앗간,고춧가루)",1
빵 떡 건빵,1
샌드위치 및 마카롱,1
반려동물 용품 소매업,1
농약 씨앗 농자재,1
천연비누 천연화장품 잡화 아로마용품,1
분식 김밥 라면,1
음악교습학원,1
"시각 디자인, 기타 인쇄 등",1
"공예품, 공예디자인, 교육 등",1
"사료, 사료알선",1
옥수수 국화빵 군고구마,1
주방용품 선물용품,1
커텐 소매,1
헬스장피티,1
"음악,무용",1
커피교육,1
"헬스,pt수업",1
생활잡화및 소형생활가전,1
모터 감속기,1
구조금속제품제조,1
연마지,1
산업용품부자재 용접봉,1
백반 한식,1
"스파게티,돈가스",1
"건어물, 식품소분판매업",1
제빵케익샌드위치커피디저트,1
"인테리어필름, 경미한공사, 건축자재",1
"커텐, 블라인드, 침구, 가구",1
소고기  돼지 고기  한식,1
"생과자, 강정",1
한식 음식 등,1
서양 음식점업,1
콘텐츠개발,1
꼬치구이 맥주,1
"세탁소, 옷수선",1
의류  신발 등,1
떡 및 과자,1
화초식물생화,1
코딩교육,1
크로스핏 회원권,1
멸치건어물류및김외 다수,1
농수산축산 가공판매,1
볼링 당구,1
도넛 커피,1
자전거 전기자전거 수리 및 용품 판매,1
"곡물,쌀",1
"냉동수산물(반건조),선어",1
"한지,대바구니",1
자동판매기,1
기타유통,1
인삼 약재 건강보조식품,1
한우 육우,1
"농산물, 곡물",1
"신선, 냉동 및 기타 수산물,도시락류",1
"공예품, 천연비누",1
회초 및 식물,1
만두 도너츠,1
쉬즈미스 용봉점,1
문구용품회화용품사무용품전산용품등,1
스크린연습장,1
타이어외 자동차 부품 판매업,1
꼬마김밥 및 분식,1
"언어치료,상담",1
여과지,1
피비씨 보드,1
정밀가공,1
기계가공,1
동력전달장치,1
유공압자재,1
"양장, 의류,인테리어소품",1
"한복, 포목",1
족발.순대,1
생화류 화분 및 식물,1
음료 담배 과자,1
식품 이불 속옷,1
의약품 및 의료용품 소매,1
테니스장,1
화장품마사지,1
식품비식품농산물축산물수산물,1
가공식품  및 일반물품,1
커피 음료수 꽃차,1
의류 및 신잘,1
고기 김밥,1
"정육, 과일, 채소, 수산물",1
캠핑아웃도어,1
인삼.씨앗,1
야채 채소 김치,1
식품 공산품 담배 주류,1
족욕기 생활용품 및 잡화,1
안경 도소매,1
피부관리서비스,1
세차크리닝광택,1
커피전물점,1
일반음식 및 호프,1
채소과실기타,1
옷자재부품,1
의류 및 스포츠의류,1
"인테리어소품,잡화",1
참기름 들기름 미숫가루 칼국수,1
"쌀,청과",1
오리등,1
"농약,화공약품",1
"젓갈,장아찌",1
라면 과자 주류 음료 등,1
스마트 폰 악세사리,1
가방 수제화,1
손뜨개 작품및실판매,1
국수재료 소매,1
"젓갈, 공산품, 어묵",1
"국,죽",1
"서비스(발관리),도소매(화장품)",1
냉동,1
"소매(란제리,의복악세사리,장신구)",1
젓갈판매,1
두부등,1
커피음료 및 볶은커피,1
"임산물,약초",1
국밥 돼지고기,1
영양돌솥법,1
"액세서리,의류",1
두피관리용 소모품류 등,1
도자기판매,1
전복 갈치 문어 고등어 조기등 생선 및 어패류,1
댄스 서비스,1
식품고기야채과일 잡화,1
콩푸레이크,1
피아녹교습,1
가정가구,1
가정용침대,1
의류 캠핑용품,1
스크린골프 연습장,1
기타 물품,1
컵밥컵과일,1
헤어스타일 관련 시술 및 제품판매,1
공예 수업 및 공예품 판매,1
주짓수교육,1
파스타 및 음식 및 주류,1
매운 갈비찜,1
전동킥보드 대여,1
기타 가공품 및 담배 소매업,1
흑염소 등,1
일반음식업,1
보세 여성의류,1
"네일, 피부관리 등",1
속옷 및 잠옷 의류잡화,1
교워서비스,1
건설장비 및 비닐,1
전복삼계탕전문점,1
체육도장업(태권도),1
천연비누 화장품,1
음십,1
커트펌,1
가공식품 건어물,1
가정용 쿡탑,1
목욕탕 휘트니스,1
교육놀이지원,1
운동화등,1
화장품및기타,1
롤 스시 사시미,1
과일 채소 계란 수산물 건어물 곡류,1
신발 부자재,1
틴팅 블랙박스,1
"철학원, 잡화, 의류",1
여성용 의류 및 패션잡화,1
음식 맥주,1
사진촬영 액자제작,1
연어및 덮밥 주류 튀김 국물류,1
"잡곡,메주",1
곰치국,1
골프장운영업,1
파마약,1
"애견옷, 잡화",1
화초소매업,1
감자탕뼈해장국한우육회육사시미,1
정신건강의학과의원,1
미용 실,1
생화 꽃다발 식물,1
의약품 건강식품 의약외품,1
라탄소품,1
커트러리 앞치마,1
도매 및 소매 슈퍼마켓 쓰레기봉투 담배,1
양약 의류기기,1
옹심이짬뽕,1
고시,1
"오리, 닭",1
생화꽃 화분,1
피부관리 왁싱,1
"악세서리, 귀금속",1
국내산 소고기 돼지고기,1
"도소매업(수산물,꽃게,패류등)",1
문어꼬치,1
"소매(양약),도매및소매업(의료기기판매)",1
"음식점(분식),만두",1
생선회수산물,1
"의류,잡화,스포츠용품",1
정육 육류,1
"수산물,대게,생선회",1
"농기구,철물",1
수산농산물,1
점핑 운동,1
베이커리 샌드위치,1
두발 미용업 헤어 서비스 및 헤어제품 판매,1
남성복 양복,1
야채 건나물,1
은,1
임산물 농산물,1
백숙 닭볶음탕,1
즉석판매제조가공업(회포장),1
"속옷,내의 등",1
"가전제품, 식품잡화",1
"소매업(수산물, 건어물)",1
오뎅호떡,1
주류 담배 그와,1
책상 의자 쇼파 파티션  탁자외,1
라끌렛,1
아동신발,1
"공예품, 액세서리, 문구, 완구",1
요거트 음료 샌드위치,1
냉동수산물 냉동식품,1
자동차 타이어휠,1
원단 외 부자재,1
문수,1
생활잡화 식음료 담배 일용품 등,1
중고도서,1
라틴소품,1
찜질매트,1
가방 및 잡퐈,1
생선회밓 일반한식,1
이동통신서비스,1
비빔,1
볼트 철물,1
청과 휴게음식,1
조화외 인터리어소품,1
안경 안경렌즈 콘택트렌즈,1
골프공,1
반려동물 용품 의약품,1
"한식(돈가스, 볶음밥)",1
두부 야채,1
도매 및 소매업(곡물 및 유지작물 도매업),1
"소매업(홈패션,커튼)",1
"식품,제조떡",1
"제조업,소매업(두부,젓갈)",1
"도소매(수산물,활어회)",1
"국밥, 한식",1
무인셀프포토,1
"포토,액자",1
"건어물,멸치",1
각종생활용품주류상비약 등,1
공산품생식품,1
고기  한식,1
브로우컨설팅,1
"농기계, 농기게 수리",1
회정식 등,1
아기사진,1
업소용냉장고외,1
커피 음료 구움과자류,1
커피외 디저트,1
사진 촬영 액자,1
마사지기구,1
김지류 제조,1
공작기계,1
꽃 난 관엽,1
장식용품류,1
제수용음식,1
기술교육,1
육개장 도토리묵 콩물 두부,1
닭과오리,1
음료수 과자,1
조화 및 부자재,1
농산물 잡곡,1
인삼 잡곡,1
유아매트 층간소음매트 판매 및 시공,1
스프링주문제작,1
퀵배송,1
식료 잡화 담배 쓰레기봉투,1
농수산물 과일 과자류,1
음료수 생수,1
운동도복티등,1
커피 유제품 신선식품 과자 라면 주류 담배 등,1
"한식, 삼계탕",1
"꼬마김밥,분식",1
피지,1
음식 물품,1
커피원두 등,1
"커피, 원두판매",1
가공식품 음료수 담배 주류,1
"썬팅, 유리막",1
골프아카데미,1
결혼준비 상담,1
디자인학원,1
의류및 잡화류,1
활어 등,1
"벽지, 마루덮개 및 장판류",1
피아노음악학원,1
안경 콘택트렌즈 스포츠용품,1
닭다리살 생선구이,1
광고물인쇄,1
도매업(농산물),1
"문구, 식잡",1
헬스서비스,1
가방 스카프 악세서리,1
건강보조식품 신발,1
피부미용 네일아트,1
떡케이크 쌀디저트,1
공예 창작물,1
헬스 및  그룹운동 프로그램,1
농수산 및 축산물 식품 음료 잡화 등,1
야채청과공산품담배주류,1
빵케이크 식음료 샌드위치 사탕 초콜릿,1
한우돼지한돈수입고기,1
가발및악세사리,1
"안경,돋보기,콘텍트렌즈",1
소매(새우젓),1
치떡돈,1
"생화,관엽식물",1
"광고, 페인트",1
근린상권서비스,1
김치찌개 제육볶음 애호박찌개,1
천연화장품외,1
건강기능식품 액상짜  바른자세교정,1
캐나다산 등뼈,1
"실내놀이터, 휴게음식점, 키즈카페",1
해산물및주류,1
먹태 피자 맥주,1
"고추가루, 기름 등",1
교구놀이학원,1
소매(인감),1
가공식품및 담배소매업,1
이불 침구 커튼 블라인드,1
유음료 담배 탄산음료 주류 커피음료 과자류 생활용품 육가공식품 간편식,1
스테이 및 숙박업소,1
"복싱,주짓수",1
"꽃다발,꽃바구니 등",1
"농산물, 방앗간",1
도소매업(도자기),1
나무액자,1
"신발,가방외",1
"이불,한복,커텐",1
"과자,강정",1
"젓갈류,절임류,수산물",1
"젓갈,장류,잡화",1
화장품 및 화장용품 도매업,1
"간판, 광고",1
농사체험,1
핸드폰판매 및 소모품,1
안경 담배,1
컴퓨터 및 사무용 기기 수리업 등,1
가상체험 체육시설,1
감자튀김 및 피자,1
호두과자 및음료,1
줄넘기 태권도,1
마카롱 및 디저트,1
냉면탕찜,1
헤어 샵,1
과일 야채 김치 수산물,1
양말속옷의류,1
토스트와 음료,1
헤어 관련 품목,1
효소찜,1
스포츠의류 등산레저용품 안전용품,1
"다육이, 꽃",1
한식(치킨 등),1
철재가구 등,1
도서 음료 파스타,1
돗자리 카페트 가정용품잡화 담배 로또 판매,1
보건안마,1
농산물 수공구 등,1
인쇄 광고물,1
자전거 및 기타운송장비,1
식품잡화전자담배,1
보쌈 칼국수,1
네비게이션,1
손수건 스카프 가방 여성의류,1
기타 조명기구 및 전기용품,1
건어물 및 수산물,1
소매업(의류토탈),1
타로점성술,1
농산물정육수산물음료과자라면등,1
주류 담배 생필품,1
문어 고동 생대구 고등어,1
농수산물 및 종합 상품,1
조리류 반찬,1
돈곰탕돈지짐오륙돈수육,1
위생욕실용품,1
체력단련장 헬스클럽,1
꽃 화분 화환,1
각종식품류,1
김밥 한식류,1
잡화 음료 담배 야채 생선 과일,1
의약품건강기능식품 동물약품,1
효소  죽염,1
커피관련 제품및 자판기 관련,1
은악세사리천연염색,1
도어원목도어철물창호,1
식음료 생활편의제품,1
참기름 들기름 깨소금,1
도소매(식육즉석판매가공업),1
"홍어회무침,각종김치",1
제빵재료식품잡화,1
음료(커피 외),1
의류커피,1
소매(부대찌개),1
"도소매(문구, 잡화)",1
"비식품,생활용품",1
"냉장고,냉동고",1
"도소매(포장재료,잡화)",1
"소매업(슈퍼마켓,생활용품)",1
참기름 참깨 고추 가공식품,1
피순대 김치갈비전골,1
휴대폰액세서리 및 잡화,1
복사 코팅,1
식자재및일회용품 잡화,1
밀키트 등,1
수의업 애완동물 관련용품소매업,1
여행알선업,1
자동차세차 및 광택,1
화과자와 차,1
식품 및 비식품류,1
베어링 기기부속,1
가스 보일러 및 가스기구  도소매,1
자리,1
포장이사,1
"공예품, 상",1
피부헤드스파,1
"애견미용업, 애견용품 판매 등",1
악세사리 주얼리 잡화,1
식품 음료 주류 담배 생활용품,1
음악지도피아노바이올린,1
양꾜치,1
과자 생필품 음료수등,1
수도누수 배관공사,1
식육포장육,1
국산 돼지고기,1
과일채소수산물,1
오토바이 소매용폼,1
막국수 비빔밥 육개장,1
소돼지 가공 냉동 떡갈비,1
자동차실내용품,1
참기름 들기름 고추가루 선식,1
음료 제조 카페 비루공방,1
도서책,1
양약 소매,1
태권도교육서비스,1
가구외,1
안경과 콘텍트렌즈,1
"라멘, 카츠",1
속옷 외,1
미용재료 헤어용품,1
드라이기 면도기 계산기 건전지 후레쉬,1
공산품 음료,1
곱창 부대찌개,1
훈제오리 김,1
귀금속 장신구,1
반려동물 간식 및 생활용품,1
김치젓갈마른반찬류,1
도소매(뜨개질_),1
도소매(식육 및 양념육),1
문구류및 판촉물,1
탁구용품 탁구볼,1
바지락칼국수,1
콘택트렌즈및안경,1
산업용품안전용품 테이프 외,1
실내놀이체험시설,1
소아과병원,1
밥솥정수기비데인덕션음식물처리기청정기청소기에어컨 등 소형가전,1
돈까스김밥등,1
식료품 및 음료 등,1
의류 및 악세서리 안전용품,1
의류 운동 및 경기용품 소매업 매장관,1
메밀밀면,1
양념육  식육 잡화 야채잡화,1
건강용품 및 체험,1
쌀  잡곡,1
치과의료 서비스,1
식물 꽃 원예상품,1
필라테스 교육센터,1
학원  레슨,1
베이글 커피 음료,1
상/병풍,1
겉옷 소매업,1
도소매(사무기기),1
"제조,소매업(즉석판매제조가공업,고추)",1
카펫커튼벽지,1
음식점(간이음식),1
헌책,1
악세사리(잡화),1
두부 및 식품,1
화섬직물한복지인견,1
수용복 무용복,1
사진 도장,1
동서양란,1
엔지니어가공,1
햄버거 라면 떡볶이 커피 음료,1
"전기용품, 조명",1
"의료기, 보청기",1
양말모자,1
운동회원권,1
교육지원,1
햄버거 음료 커피 디저트 아이스크림 치킨,1
콩요리전문점,1
홍게 대게 수산물,1
칼국수 국밥,1
제과류 및 커피,1
건강기능식품화장품,1
음식료품 등 가공식품 수산 야채 청과 정육,1
"한식, 닭",1
두발미용가발,1
헤어두발,1
식육 야채 잡화 전자상거래,1
과자 아이스크림음료수 등,1
문화예술,1
추출액,1
꼬치구이 튀김류 탕류 등,1
침구 패브릭 인테리어소품 악세서리 잡,1
속눈썹 화장품,1
아이폰 수리,1
헬스 이용권,1
양약 의료기기 의료소모품,1
주꾸미 볶음,1
휴게음식 커피,1
스포츠용품 안전용품 및 의류,1
스포츠의류 스포츠용품 화장품 잡화,1
스터디카페독서실,1
벨리댄스,1
실내건축자재,1
군인용품,1
"빵, 케이크 등",1
참기름 고춧가루 외,1
곡물약초,1
의류 및 신발 및 화장품,1
의약품의료기기건강기능식품,1
식풍,1
스킨케어두피케어 제품,1
청과야채 정육수산 공산 등,1
과일채소가공식품,1
정형외과의원,1
김 멸치등 건어물,1
동태탕알탕,1
자동차 블랙박스  썬팅  네비게이션 판매 및 장착,1
꽃상품 화초및 식물 소매,1
헬스시설 서비스업,1
완구등,1
"카레,돈카츠",1
참치일식,1
홍삼등건강기능식품,1
초밥 및 회,1
헤어 컷트 펌,1
"천막, 경미한공사",1
미장,1
"떡, 케이크, 제조기술교육",1
의류 잡화 스포츠의류,1
계란 등 식료품,1
"채소,가공양념",1
돼지갈비찜 쭈꾸미볶음 닭발 기타등등,1
추어탕 삼계탕 애호박찌개,1
법무서비스,1
피부관리 화장,1
스포츠 등산용품,1
의류 스포츠의류 스포츠용품 신발 잡화,1
상품종합 중개업,1
의류 스포츠의류 신발 잡화 스포츠용품,1
체육용품 운동용품 문구 판촉물,1
보철,1
식음료담배생필품 등,1
종이접기 교육,1
여성의류및신발,1
광고서비스,1
액자 매트리스커버 메모리폼베게 과일,1
카츠파스타샐러드,1
볼링센터,1
심리상담 외,1
썬팅 블랙박스,1
비디오,1
"양복제조, 셔츠판매 소매",1
"악세서리, 잡화",1
기타패류,1
"떡볶이,중식",1
유아내의와 유모차 유아용카시트 아동용카시트등,1
소매업(견과류),1
참치 초밥,1
"돈까스,치킨",1
도소매(패션잡화),1
소매(기타기물잡화),1
"표고버섯및농산물, 잡화, 통신판매",1
일반한식(중화요리),1
운동용품및등산용품 헬스기구 의류 신발,1
외의 스포츠의류및용품,1
양식 즉석판매제조가공업,1
외의 스포츠신발,1
신발 운동용품,1
안전용품 운동용품 체육복및스포츠의류,1
향수 기타기술및직업훈련학원 공방,1
수산물 등,1
쑥뜸 잡화 건강식품,1
장소제공,1
한우곱창 막창,1
뮤지컬연기,1
장식용케이크,1
헤어 서비스업,1
"잡화, 전자제품 등",1
피자  치킨,1
당구클럽,1
아이스크림 커피등,1
침 한약 약침 추나치료 등,1
기계 공구,1
주류및 음식,1
생태탕알탕아구찜,1
휴게음료 의류,1
"소매업(과일,야채)",1
소매업(밥상),1
기타음료식자재,1
"슈퍼, 잡화",1
소매(의약품),1
육류집단급식식품,1
"화초,식물",1
파스타 스테이크 리조또,1
등갈비 족발구이,1
콩국수 팥죽,1
음악교육 악기교육,1
과일 야채 화훼류 및 식물 도매업 건어물 전자상거래,1
피부관리샵,1
두부 콩물 식혜,1
외의 안전화,1
외의류 의복악세사리 캠핑용품 텐트,1
식음료 생활용품  등,1
킥복싱무에타이복싱,1
김말이튀김등 분식,1
한약 침치료 추나치료,1
커트 펌등등,1
공산품식품,1
두부 묵 콩나물,1
두부 어묵,1
식육 야체 과일,1
기타종합소매업 음료소매업,1
용접부품,1
"의류,잡화,신발,양말",1
"침구류,한복,커텐,타올",1
"식료품, 일용잡화",1
"식물,과일,잡화",1
"홈패션,옷수선",1
"도소매(안경,콘택트렌즈)",1
음식(막국수),1
농수산물 가공식품,1
"참기름, 농수산물",1
"음식점업(커피,음료)",1
타울,1
모터송풍기,1
자수재료,1
식품 건어물 수산물 과일,1
과일야채수산,1
사진 촬영 및 현상,1
공산풍,1
"벽지외기타지류, 경미한공사(인테리어)",1
꽃다발 꽃바구니 근조화환 축하화환 개업화분,1
내의 운동 및 경기용품 소매업,1
셔츠및블라우스소매업 여자용 겉옷 소매,1
소 돼지고기 전문점,1
가구 목공,1
내의 및 속옷,1
안마 지압,1
한복 한복교육,1
커피 음료 잼 수제청,1
전동스쿠터,1
생활체육써비스,1
복사기,1
속옷 판매대리,1
시계및일용잡화,1
기타곡물 누릉지,1
반찬류 소매,1
인쇄물 제조,1
식품 및 담배,1
"리본,포장지,바구니",1
"자전거, 열쇠",1
"더덕,산나물",1
화장품 왁싱 속눈썹,1
보일러난방배관주방가전 후드레인지류등,1
헬스필라테스운동기구도소매,1
음악학원 피아노,1
추출가공식품 건강원,1
천막제조및판매,1
헬스이용권개인피티,1
음식 및 숙박업,1
서비스기술,1
신혼여행패키지,1
초밥즉석판매,1
도소매(떡류),1
"혼수, 제사음식",1
만물잡화,1
"악세사리,쥬얼리",1
"소매업(신발,생활용품)",1
스포츠 등산 용품 의류,1
"건어물,김",1
십자수용품,1
"의류,신발및잡화,가방",1
"젓갈,반건조생선",1
두부 콩국,1
헤어 미용 용품,1
상품대리(의류),1
커피 디저크,1
스포츠용품의류잡화,1
음식(휴게음식업),1
표고버섯 고사리 땅콩,1
"도소매(꽃게,수산물등)",1
카퍽,1
죽 전문점,1
원데이클래스 체험수업 및 수공예제품판매,1
의류 및 화장품,1
미술 교습,1
도넛 커피 냉동,1
언어치료상담,1
식품 음료 및 잡화,1
"가구,공예품",1
난,1
제과제뺭,1
적발,1
잡류,1
비누 세제,1
제빵교육,1
레저 스포츠의류,1
과일및 야채,1
쌀 잡곡  미역  다시마,1
어패류 등,1
죽 등,1
야채 공산품,1
일반과 내과 소아과 정형외과 재활의학,1
헤어 미용품,1
건강식품   기능성 신발,1
스포츠의류 및 신발  용품,1
식료품 일용잡화 안전상비의약품 의약외품,1
건강기능식품 및 화장품,1
계절음식제철메뉴한상코스시골밥상포차,1
스터디카페 공간대여,1
의류여성복,1
견과류건어물,1
벽지외,1
"제조,소매(두부)",1
중식점,1
음식료품잡화,1
스포츠(의류),1
"수족관,조류",1
"도소매업(의류,신발,잡화)",1
"설탕, 밀가루",1
즉석판매제조가공업(아이스크림),1
폐류및 냉동수산물,1
화장품 소매업,1
완구 문구 종합디자인,1
가공식품 생활용품 차식품,1
발성 교정,1
한식 밀키트,1
매운소갈비찜,1
육전 새우전,1
무예,1
한의치료 전반,1
시계 진주 악세사리,1
유아놀이상담,1
"가공식품, 과일",1
기타음식료품및일용잡회,1
가전제품 수도공구 경미한공사 펌프,1
팥죽 칼국수 떡국,1
아웃도어 및 용품,1
화장품 가발,1
화장품 향수 피부관리 산후관리 전신관리,1
국내여행,1
의류및 악세서리 신발,1
유아미술,1
"차류,다기류",1
"꽃다발,화분",1
"꽃,생화 등",1
마라탕 및 중식,1
토종닭코스요리,1
꽃커피디저트,1
연어 등,1
서비스 네일,1
수산음식 외 일반음식,1
다육이,1
컷트 퍼머 염색,1
굴비전문점,1
스포츠 당구,1
음식 회,1
전통과자 오란다 견과류,1
사진촬영 사진출력 액자제작 영상촬영편집,1
담배 주류 식료품 생필품 등,1
전자상거래 소매(가리비 등),1
"회무침,소스",1
한식 도시락,1
처방조제용 전문의약품 일반의약품 동물의약품 건강기능식품 의료기기 등,1
참기름미숫가루,1
음식료품 포함된 기타 종합 소매업,1
이태리프렌치 레스트랑,1
식품 담배 주류 등,1
과일채소 가공식품,1
음식(햄버거),1
"소매(침구,이불)",1
"잡화,그릇",1
유아용 의류 카시트 용품류,1
건강기능식품판매운동,1
생과일 모찌 및 제과디저트류,1
가방 및 생활소품,1
광고 디자인,1
샤브샤브전문점,1
잡화편의점,1
스포츠센터,1
소불고기,1
조개구이해산물조개전골,1
슬러지여과기,1
잡화 악세서리,1
연습장,1
미용재표,1
"철물및잡화, 윤활유, 의약외품, 공구",1
헬스클럽회원권 및 수업,1
능이버섯백숙능계탕,1
외형복원  및 세차,1
족발 보쌈 닭강정,1
아시안음식점,1
"닭,오리,양념육",1
"철물, 건설(집수리, 입주사전점검)",1
"농약,씨앗, 모종",1
퀼트원단,1
건축자재 등,1
교자상 제기 병풍등,1
"액세서리, 김, 잡화",1
한식식재료,1
니빌,1
아이스크림 과일 쿠키,1
야채가게,1
커피생화,1
판촉물생활용품,1
활어선어,1
할랄 음식,1
도시락판매,1
주방용품 욕실용품 등,1
타이어 자동차 용품 자동차 정비,1
의류신발가방등,1
아동 의류,1
카레라이스,1
"란제리, 화장품",1
요가 프로그램,1
"생화,서양난",1
아동청소년성인상담,1
샌드위치및토스트,1
헤나 미용실,1
선어 홍어,1
"과일및야채,생선",1
기타(세탁),1
한복 천연염색,1
"서양음식점,잡화",1
"속옷,내의류",1
"타월,메리야스",1
수육 칼국수,1
"소매(선물용품,액세서리)",1
건강보조제품,1
소매(즉석식품),1
"쌀,미곡",1
전병 부치기,1
"의료용품및의료기기, 운동기구",1
화장품잡화건강기능식품,1
피아노색소폰,1
한식류백반류,1
디저트판매 및 공방,1
화장품 미용업,1
낚시용품 잡화,1
음료 일반식품 과자 빙과류 잡화 외,1
화장품 판매 및 피부관리,1
간이음식 호프집,1
홍삼및홍삼제품 건강식품점,1
"컴퓨터판매, 사무기기, 컴퓨터 유지보",1
잡화식품 농수산물,1
골프웨어판매점,1
보건업 맛사지,1
부어까구,1
복권 담배 옛날과자 우산  향수음료 자동판매기,1
커피쥬스빵,1
안마보건업,1
사고력수학교습,1
의류 스포츠의류및용품,1
"도료, 경미한공사(페인트공사)",1
"의약품, 기타의료기기",1
장난감 문구용품,1
스포츠릐류및용품,1
캠핑용품 경미한공사,1
자동차세차 정비,1
피부미용 및 네일아트,1
정수기 비데 음식물처리기 커피머신,1
샴푸 린스 에센스 스프레이 등등,1
찜질,1
한과 잡곡,1
뉴루면,1
각종생활용품 편의점,1
식품및담배,1
언어교육,1
정육 외 잡화,1
친환경인증 자동차 건설용 공구 및 용접기,1
건강지능식품,1
태권도교육사업,1
쌈밥 생고기 삼겹살 김치찜 두부김치 소고기,1
국밥 순대,1
과일주스 샌드위치 디저트,1
꽈배기 고롯케,1
등산 스포츠의류용품,1
기타음식료품및일용잡화 담배,1
사료 사료알선,1
문구 도서 등,1
난방설비 철물,1
산업용 캐스터,1
축산물 부산물,1
유리복원,1
자동차부분정비 자동차용품,1
그외기타분류안된가정용품소매업,1
장판 벽지 경미한공사,1
공예품 공예재료 교재 도서 문화체험,1
식품 음료 생활용품 잡화 기타서비스,1
영어교육 서비스,1
김밥 우동 국수,1
남성복 여성복 의류 잡화,1
닭 농산물,1
식료품 일용잡화,1
피부 미용 네일,1
커튼 및 침구용품 블라인드,1
친환경제품및농산물판매매장,1
"의류,잡화,신발,악세사리",1
"캔들,디퓨저",1
야채311,1
셀프 빨래방,1
소품샵 애견용품 여자용 겉옷 소매업,1
참기름 고춧가루 곡물가공품,1
인라인스케이트,1
악기연습,1
삼겹살집,1
햄버거토스트,1
족욕체험 등,1
복사기 프린터 컴퓨터,1
신선식품외 공산품,1
김밥돈까스면류,1
세무상담,1
디자인 소품 인테리어 소품,1
숙녀복 외 잡화,1
속눈썹 미용,1
일반 식품 등,1
"생화, 화분, 꽃제작",1
육류 야채 청과 기타공산품 주류 담배 등,1
메이크업 피부미용업 의료기기판매업 화장품,1
"명찰,명패",1
식품(떡),1
"협회및단체,수리및기타개인서비스업(네일아트)",1
"농산물,건어물(소매)",1
양약(조제)의료기기,1
고사리 도라지,1
"슈퍼,소매",1
"책, 음료",1
"잡화, 소매업",1
전가자재,1
반미 샌드위치,1
고기 쌈밥,1
중국식요리,1
건축물 일반 청소업,1
법률관련 서비스,1
증명 여권 취업 커플 우정 가족 프로필 반려동물사진,1
한우 한돈 소고기 돼지고기 즉석양념식품,1
영어 수학,1
양약 약국,1
과자 젤리 라면,1
제육볶음김치찜찌개,1
노래방 운영업,1
요리강습 떡류,1
와인잔 용품 식료품 등,1
낙곱새 물갈기,1
남성복 보세,1
아이스크림  및 잡화,1
회 탕,1
"통신기기, 휴대폰",1
전통주,1
치과교정치료,1
아이스크림 과자류 젤리류 문구용품 등,1
건강기능식품 판매  환자 진료,1
키즈스피치학원,1
친환경 유기농 농산물 수산물 축산물 가공식품 등,1
출판업,1
의료기기 세정 세척,1
전기용품 경미한공사,1
잡곡건어물 약초 과자건과류등,1
일반 편의점 품목,1
화초및 생화,1
잡화핸드폰케이스외,1
종합 소매,1
콩국수떡볶이,1
샴푸 컷 염색 펌,1
공예품 비누,1
직업훈련학원,1
수제케이크,1
돼지고기 삼겹살 목살 항정살,1
식육 양념육류,1
도안디자인교육 수강공방 타투교육,1
국내산 암소한우 돈육 생닭 생오리 계란 등,1
김치조림류과채가공품양념육즉석섭위식품즉석조리식품,1
체력단련피티샵,1
생필품육류,1
배관공사,1
커텐 잡화,1
새우 오징어 꽃게 기타수산물,1
식자재품,1
도소매(기타음식료및일용잡화),1
종합잡화,1
들깨 참깨,1
샐러드 국 반찬 즉석제조판매,1
돈까스 김밥,1
채소류 야채,1
의류 가방 신발 잡화용품,1
"말차라떼, 당고",1
가구 제작,1
"벽지, 장판, 인테리어자재",1
네일 시술,1
한우 한돈 각종한식 식사류,1
피자파스타치킨탕류맥주소주,1
컴퓨터밎 기타 소모품,1
체육 도장업,1
초밥주류,1
회의실운영,1
의약품및의료기기,1
구제 의류 가방,1
음식(닭 볶음탕),1
고추.기름,1
"과일, 청과",1
음식료품위주종합소매업,1
피자 관련,1
"커피, 일반음식",1
도소매(공예제품),1
"청바지,악세사리",1
"씽크대,선반장",1
의류(기타 의복 소매),1
"스포츠의류,마크",1
농약.담배,1
복요리,1
식품음료과일문구완구,1
조명기구 조명 인테리어조명 전기재료,1
"펌,염색,컷등",1
마트 식육 담배,1
피아노 교육 서비스업,1
생활다시,1
"의류, 스포츠",1
육류 공산품,1
한의원 침치료 물리치료 한약,1
라면 떡볶이 슬러시 쫀드기 감자 튀김 생맥주 등,1
전통죽,1
농산물 식자재,1
보리밥 면,1
디저트 빵류 과자류 외,1
렌트대여업,1
카페 식음료,1
백년소상공인,1
음료 디져트,1
소매상품전체,1
타일 위생도기 수전 욕실장 거울 환풍기 외,1
치약 치솔 기능성옷,1
어묵잡곡쌀,1
낙지 두부 요리,1
제과 빵 와인 음료 빙수 커피 케익 와인,1
커튼 블라인드 버티컬,1
피부미용 속눈썹펌,1
의류 빵류,1
두피탈모관리 눈썹메이크업 및 속눈썹연장펌,1
그릇잡화,1
폰케이스 잡화,1
일반 요리,1
스포츠용의류,1
고등어 삼치 전갱이 오징어,1
케이크 및 커피음료,1
동물 관련용품 전반,1
떡볶이 치킨 피자,1
식육류 가공육,1
문구 교구 기타,1
케이크 잡화 쿠킹 클래스,1
문구 서적 스포츠용품,1
마트식용품생필품,1
디저트케이크음료,1
빵 케이크 쿠키 등,1
언어심리센터,1
핸드폰케이스밎잡화,1
바닥 매트,1
화훼교육,1
책 음반 소품,1
커피 제과점업 떡류 한과 케이크 쿠킹,1
셔츠및 블라우스 소매업,1
반려견 미용,1
기타 미용,1
타이어자동차수리,1
스크린 야구,1
고구마 감자 옥수수 번데기 소금,1
"소매(가방,우산)",1
"건어물, 양곡",1
전제품,1
표목,1
"신발, 의류, 잡화",1
"사과,종자,오미자",1
"벽지,장판,비닐봉투외",1
"천연비누,화장품",1
사진 촬영 사진 인화,1
농산물 꽃,1
의료기기 건강식품,1
한식 및 분싱,1
애견미용 훈련교육,1
식사와 안주 및 생맥주 세계맥주,1
기물 잡화,1
산업안전용품스포츠용품등산용품,1
안경 콘택트렌즈 선글라스 안경렌즈,1
유아동 도서,1
작업복안전화기성복,1
전문의약품 일반의약품 등,1
햄버거 치킨 등,1
농산물 및 가공식품 판매,1
서비스 도매및소매업 예약대행,1
가구 사무용가구 등,1
핸드폰악세사리 및 잡화,1
커피 케잌,1
김밥 돈가스,1
돈카츠 우동 소바,1
담배 및 잡화,1
소프트 아이스크림 마카롱 커피 외 음료,1
카페 과일청 크림치즈 잼,1
운동 및 경기용품 스티커명함현수막인쇄,1
과자 등,1
"네일미용업,",1
"의류, 운동복, 스포츠의류 등",1
옷수선교육,1
문구완구마트,1
굴비 기타 수산물,1
여성의류구두악세사리,1
한우돈우,1
과일과채,1
점핑트렘폴린운동,1
한식 돈까스 쫄면 냉면 국수,1
헤어 머리 제품,1
애견미용 동물위탁관리 애견용품,1
정육 수산 야채 청과,1
렌탈스튜디오,1
케잌 커피,1
"의류, 스포츠의류, 악세사리,",1
"맛간장, 식품, 대게간장",1
스크린파크골프 소포츠용품,1
아이폰수리,1
백반 분식,1
미용 커트 파마 염색,1
의약품 및 의약외품 의료용품,1
반건조생선 다시마 미역 김 북어포 생선 등,1
동물용품소매 애견미용,1
조명전기자재,1
여성  악세사리,1
장어전복,1
피부관리화장품 의류,1
밀감류,1
도소매(생활잡화),1
"등산용의류용품,신발",1
"표구,철물",1
음식료품즉석제판,1
"스포츠등산의류,용품",1
모사(털실),1
"곡물,곡분 및 가축 사료",1
가전제품 소매업,1
"김,건어물,전자상거래",1
청과야채도소매,1
"문구, 도서,마크, 완구, 데이터베이",1
의복 및 기타 가정용 직물제품 수리업,1
실내스크린골프,1
"안경, 보청기, 악세사리",1
커피 음료 디저트등,1
순대 국밥,1
네일 문제성 손발내성발톱 무좀속눈썹연장펌,1
빵생과자떡,1
프리미엄과일 앤 카페전문점,1
생화 묘목 조경수,1
농약 종자 비닐 농자재,1
액세서리 장식구,1
정 육,1
애완동물 및 용품들,1
수제버거 돈까스,1
미용재료  미용업,1
음료 건어물,1
떡볶이등 분식류,1
여성 옷 판매,1
힌의원,1
명함 스티커 봉투인쇄,1
타일 및 도기,1
명함 봉투 스티커 전단 양식 팜플렛복사  책자 및 모든인쇄 칼라책자 외,1
과일 야채 냉동식품 실온식품,1
"카페트,커텐",1
제조(떡방아간),1
떡류 참기름,1
공책,1
카페 케이크,1
운동화 이불세탁업,1
자동차유리 썬팅 부품 및 내장품 판매,1
캔음료,1
"사진 촬영, 인화",1
한우돼지,1
국수  돈가스,1
치킨  밥버거,1
노래 연습,1
포고버섯가루,1
체육 및 교육 시설 서비스,1
손세차장,1
타이어외정비,1
꽈배기 옛날통닭,1
타일 경미한공사 건축자재,1
수예 퀼트,1
보건업 치과의원,1
음료외다수,1
과일채소육류수산밀키트 등등,1
식육가공,1
샌드위치 햄버거 음료,1
"피부과, 건강기능식품, 화장품",1
주방가전,1
헤어컷 염색 펌 두피관리 등 미용서비스,1
골프장비 의류,1
망고쥬스,1
제과땅콩빵,1
일식한식,1
무용 및 음악교육,1
힌복,1
철물 열쇠  전기,1
와플 및 음료,1
휴대폰및케이스,1
주니어 의류,1
베어커리음료아이스크림,1
과자 음료 유제품 빙과류 등,1
"침구,수예품",1
"도소매(김치,반찬,젓갈)",1
선어조기,1
"도매업,소매업(의류)서비스업(시각디자인,그래픽디자",1
"생활 소품, 잡화",1
즉석판매제조가공업(조미김),1
손발톱미용,1
수의업 애완용동물관련용품,1
국내산생선,1
탁구용품 대여,1
"곡물, 착유",1
조화 공예,1
"방향제, 전자상거래 등",1
화장품 큐손운동베개,1
식품 잡화 서비스상품담배 종량제봉투 등,1
연마지석 기계공구,1
호프치킨음식,1
퓨전호프,1
"특수음식, 건강보조식품",1
커피음료및디져트,1
전 알탕 낙지볶음 치킨,1
삼겹살 갈비 항정살 갈매기살 가브리살 냉면 콩나물볶음밥,1
카드용지,1
"수건,양말,신발",1
천막소매,1
"참기름, 떡",1
참기름판매,1
원목가구침대,1
"전분,농산물,조미료",1
"전, 반찬",1
수예전자상거래,1
유리꽃,1
"식품, 잡화, 연쇄점",1
커피 음료 아이스크림,1
음료 주류 과자 라면 생필품 등,1
일식카츠류,1
의약품 건강기능식품 한약,1
"건강식품, 화장품,",1
그래놀라 시리얼 및 요거트,1
갓김치,1
미숫가루전통강정,1
헬스필라테스,1
초콜릿 커피,1
킹크랩치즈그라탕,1
각종회,1
과실 및 채소 소매업 수산,1
"햄버거, 감자튀김 등",1
단화환 서양란 동양란  관엽 꽃다발 수반 꽃바구니,1
김밥 호떡 분식류,1
의류  및  잡화,1
소머리수육 돼지수육 국밥,1
뜨개질교육,1
의류단체복,1
마러탕,1
피부미용 체형관리 다이어트 두피케어 속눈썹,1
육개장 만두 갈비탕 등,1
농산물수산물종합식품,1
젓갈 생선 해조류,1
빵 음료 아이스크림 기타,1
수산 식육,1
전 찜 조림,1
피부관리 화장품판매,1
악기 피아노 플룻 클라리넷 등,1
"미용업(화장, 분장, 메이크업) 등",1
모발염색,1
건설 자격증 교육,1
피부미용 소매업,1
남성컷,1
"비데, 환경웰빙기기, 경미한공사, 수",1
"사진촬영, 인화, 액자, 앨범",1
"떡케이크, 쌀베이킹, 클래스강의",1
"안경, 건강보조식품 소매업",1
과일  탕  주류,1
차 도자기,1
추출가공품양파즙 배즙,1
의류기타잡화,1
악세사리원단,1
깅밥,1
청과야채정육,1
유아용품 의류 및 육아용품,1
"생강,대츠",1
"이불,힌벅",1
의류(바지),1
의류및기타,1
비만컨설팅,1
음식료품 및 잡화,1
와풀,1
의류악세서리잡화,1
자동차경정비 렉카,1
꽃과일,1
중고가구채소기타식료품 등,1
야채청과식육,1
참기름 떡류 곡물,1
애견미용애견판매,1
소곱창 외,1
짜장면 우동 짬뽕 등,1
갈비탕우신탕우신전골샤브,1
비알코올 음료점업,1
소갈비 돼지갈비,1
음향기기 시계 음료,1
건국유산균 독일피엠주스 포라이프,1
두부 또는 묵류,1
서해수산,1
젓갈생선,1
"견과류,한과",1
커텐외,1
구두및잡화,1
"신발,핸드백",1
빵 등,1
치킨 호프,1
"도소매(전자,잡화)",1
"의류,모자",1
주방용품및 일상요품,1
돼지소닭기타식 음료,1
기간권 정액권,1
커피양곡 라면외,1
전기 조명 철물,1
카오디오 네비게이션외,1
파마염색커트,1
커피주스음료,1
"모자, 가방",1
떡볶이 어묵,1
속눈썹 미용업,1
한식염소,1
필라테스레슨 운동서비스,1
안경테 안경렌즈 콘텍트렌즈,1
컵과일 과일도시락,1
화훼 화초,1
빵떡과자,1
생활품 잡화,1
문구미술스포츠악세사리,1
즉석식품제조업,1
음식식육,1
소고기   돼지고기,1
야채 청과 공산품외,1
화초 및 식물 생화,1
"제조업(즉석판매(김치,반찬,음식))",1
"홍삼제품(건강식품,가공식품)",1
속옷 및 잠옷 소매업,1
소매업(고추),1
영양제 일반의약품,1
"미용업(피부, 손톱, 발톱, 화장,",1
"체육시설, 커피, 생수, 음료",1
커피및 음료빵,1
먹거리 및 생황용품,1
만화책 일반음식 카페음료,1
육류 및 고기,1
체육지도,1
일반미용 네일 화장 분장,1
미용 손톱 발톱,1
슈퍼 야채 청과,1
가공식품 및 농축산물,1
농수산물 및 과자류,1
생활 주방용품 식품 화장품,1
서적 및 문구,1
생화 작물재배 정원수,1
허벌라이프 건강기능식품,1
"도료, 경미한공사(수리보수)",1
"피부과, 비뇨기과, 가정의학과",1
가공식품 기타비알골 음료 제조업,1
"채고, 과일, 야채",1
"의약품,의료욕구,복지욕구,의료기기",1
한식전업,1
"방앗간,임가공제분",1
인삼분말환약,1
건어물과자식품소분업,1
낙지계절음식,1
점핑 스포츠,1
미용 손톱관리,1
음식품 및 가공품,1
문구 팬시 잡화 서적 도서마크 실습재,1
동물약품 의료용구 단미사료 수의업,1
지업사 인테리어소품 경미한공사,1
숯불돼지,1
계란 양말 뻥튀기 건어물,1
치킨 피자 먹태 주류등,1
헤어 컷트,1
파마 미용,1
연습장 사용권,1
특공무술주짓수,1
서비스 중심형,1
"홍삼 및 홍삼제품, 꿀, 비누, 치약",1
"체력 단련시설 운영업, 운동지도",1
과매기,1
"김치, 쌀",1
동충하초,1
도매및소매업(안경및렌즈소매업),1
베어링 등,1
모피류,1
"화분,원예자재",1
농산품(건조),1
면종류,1
한식일반음식점쪽갈비,1
커피 외 음료 판매,1
멸치 김 건어물등 일체,1
케이크및 제과류,1
예방주사,1
커피 외 음료판매,1
셀프세차 세차용품,1
커피및 각종음료,1
제철과일 복숭아 자두 살구 사과 블루베리 등 뿌리채소 고구마 감자 당근,1
침구 가구,1
가구 소품 소매업,1
식품 잡화 정육 담배,1
정육야채,1
속옷 양말  잡화,1
한우 수입소고기 한돈 계육 양념육,1
가공식품및생식품등,1
수산물(낙지),1
소매(벽지),1
네일팁 등,1
담배 주류 일반식품 간편식품 생필품,1
떡볶이  닭강정,1
문구 잡화 악기 음악용품 서적,1
한약 일반의약품,1
백반 코다리찜 김치찌개,1
냉면 삼겹살,1
공방잡화,1
편의점 생활용품 공상품,1
"미곡, 잡곡, 농산물",1
도매 및 소매업(쌀 잡곡),1
"양약, 조제",1
음식료품및담배소매,1
과자류빵류,1
건강식품화장품족욕,1
음악 이론과 실습 및 악기 교육,1
양약 의료소모품,1
공산품외청과,1
의류및악세서리 신발,1
"소매업(침구류,수건)",1
쌀국수 외 다수,1
"떡,제조",1
의류부속,1
"손수건,지갑 등",1
곡물(방앗간),1
단호박,1
"그릇, 꽃",1
"소매(과실,채소)",1
"장화, 신발",1
"식용유, 곡물",1
무인세탁방,1
모자 등,1
식품임가공,1
케이크류,1
과자빵,1
화장품 서비스업,1
포장초밥 회,1
도삭면,1
운동 건강기능식품,1
전기용품 담배,1
의류 레저용품,1
식품잡화 화장품 무역업 농산물 통신기,1
인쇄서비스,1
씽크대 판매 및 설치,1
돈까스 함박스테이크,1
내과 소아청소년과 피부과 비뇨기과 이비인후과,1
커피 음료 커피제조 통신판매,1
신발 의류 잡화 전자상거래,1
특산품 잡화,1
음료및빵,1
피부 미용업 화장품,1
일본식 라면,1
한식 경미한공사 조경시설물,1
커튼이불,1
건강기능식품 의료기기,1
도장 열쇠 시계수리,1
일본식 돈까스,1
건어물일체,1
낙지등생물,1
대장간,1
문구 팬시잡화,1
공방 및 액세서리 소매,1
수공예 가방 팔토시 발매트 등,1
뜨개 공방 교육 및 부자재,1
레고블럭대여,1
의류 속옥,1
단팥죽,1
오리 해장국,1
생활용품 잡화,1
악세사리피어싱실버골드,1
음식과 주류,1
컴퓨터게임방 휴게음식점,1
제육볶음 해물파전,1
잡화 악세서리 기타 등등,1
스크린 골프 연습 카카오 스크린골프 게임,1
미용재료피부미용법,1
식품공산품주류,1
가방 구두,1
돼지갈비 떡갈비 생고기 등,1
기계사용교육 화장품 비누 및 방향제 소매업 경영컨설팅,1
생활용유리잡화,1
밤대추등농산물건조물판매,1
휴대폰 인터넷 기타 휴대폰관련 악세사리,1
미용써비스,1
인도네시아 음식,1
담배 생활용품 식음품,1
팥앙금,1
커피 음로,1
피부 관리 용품,1
돼지소닭오리,1
간편조리세트 밀키트,1
반찬 국  찜 조림,1
악세사리 체험공방,1
한식주점,1
생활한복 통신판매,1
"농산물,전자상거래업,즉석판매제조,가공업",1
"오겹살,한우",1
참기름 고추 들기름,1
활어 및 해산물,1
목재가공  인쇄  등,1
중식 짬뽕,1
의약품 의약외품 건강기능식품 동물의약품,1
아동 장난감,1
악세사리 잡화 화장품 의류 귀금속,1
내의 운동경기용품 위탁판매대리,1
안경 컨텍트렌즈,1
볼링 및 각종 오락,1
핸드폰케이스악세사리,1
한식 돈가스,1
컴퓨터프린터토너잉크,1
문구 사무용품 생활용품 잡화,1
열대어 수족관용품,1
식물 생화,1
떡만두,1
커피와 빵류,1
안경 및 선글라스 및 안경렌즈,1
한우설렁탕 차돌양지갈비탕  우거지해장국 소갈비찜 소꼬리찜,1
"메리야스,타올",1
"네일,악세사리",1
"농산물,농약",1
건강식품  액화처리,1
"커튼, 인테리어공사",1
수얘품,1
농산물(소매),1
"커필, 술, 음식",1
공방/의류/전자상거래,1
공산품 식품 등,1
명함현수막및 각종인쇄물도매및소매업,1
자판기커피,1
커피 양식,1
한약 침치료,1
자동차 수리업  자동차 관련용품 판매,1
음료 커피 간식,1
원목수제도마외,1
김밥 및 기타 간이 음식점,1
건 채소류,1
전체 의류 및 세탁가능 품목,1
기타음식료품및 일용잡화,1
팥빙수 음료 커피,1
커피및디저트판매,1
한우샤브,1
애견미용 및 애견용품 판매,1
콩깨고추등등,1
멕시칸 타코,1
피부 및 네일 미용,1
청바지의류가방,1
의약품 조제,1
프린터 토너,1
화장품 건강기능식품  기능성속옷,1
주유소업,1
탁구운동용품,1
커피빵류,1
한식및참치,1
부대찌개 떡볶이,1
커피음료 원두,1
어류 패류,1
반지만들기,1
꽃게탕 병어찜,1
파충류분양 파충류용품,1
서비스업 탁구,1
음료 샌드위치 핫도그,1
한식 낙지,1
떡류 빵류 디저트류,1
"쥬얼리, 귀금속세공, 경미한공사",1
가죽제품 등,1
마늘보쌈,1
고기 백반,1
제과점 일반 음식점업,1
화장품 비누 및 방향제 소매업 음료,1
침치,1
어린이 도서,1
자동차랩핑,1
채소과실및뿌리작물 소매업,1
케이크 구움과자 디저트,1
화장품 염색약 건강기능식품,1
중고 신상품 가전 가구,1
양식당,1
처방조제 일반약 건강기능식품,1
방역,1
"곡물 제분업, 깨 등",1
"꽈배기, 빵류",1
종합식잡,1
"원단,원단제품",1
"침구,커텐",1
한약재도매업,1
"식육, 돈육",1
젓갈도소매,1
"일반음식(음료,디저트)",1
굴국밥 낙지덮밥 등,1
헤어 메이크업,1
한식양식호떡,1
공예 숙녀복,1
쑥떡,1
"커피, 잡화",1
게르마늄 악세서리 쥬얼리,1
스포츠의류및스포츠용품,1
우즈벡식음식,1
의약품양약,1
국수류  식사,1
컴퓨터등,1
생필식품류  외 다수,1
양파 돼지고기 소고기 고춧가루 밀가루 쌀 배추,1
반려동물 및 관련용품,1
커피및수제차,1
긴발,1
미용업 헤어 화장품,1
아이스크림 빵 우유 음료 과자 등,1
철물 및 안전용품 등,1
네일뷰티케어,1
홈헤어케어제품,1
보건 서비스,1
식품류 등,1
사진 촬영 편집 앨범 액자,1
미용재료 건강기능식품 화장품,1
문구 사무 학용품 생활용품,1
포케 샌드위치,1
색소폰 드럼학원,1
컴퓨터 프린터,1
떡식혜,1
요가 기구필라테스 개인수업,1
의류 및 소품 잡화,1
한식(쌀국수),1
가정용 가구   사무용가구,1
침대생활가구사무용가구 외,1
가,1
한식삼겹살한돈,1
이불 양발 등,1
안경 스포츠고글,1
호떡 한과,1
식자재 및 가정용품,1
도소매업(반찬),1
"생필품,완구,서적",1
제조가공-즉석염소중탕,1
소매(취나물),1
"농산품, 공산품",1
"소매업(스포츠의류,용품)",1
음식점(생선),1
"생활용품주방,파티용품문구",1
의약품 의료용품 의료기기 동물의약품,1
음식점업(기타간이음식점업),1
국밥 및 전골,1
커트 염색 퍼머,1
초밥 사시미 등,1
마카롱 수재청 커피,1
패브릭 의류,1
문구용품 사무용품 도서 화방용품 체육용품 공예품,1
운동재활 요가 에어로빅,1
과실류 채소류,1
슈퍼마켓물품,1
수산물 영광굴비,1
편의점 취급 품목,1
커피 및 음료 샌드위치 및 샐러드,1
꽈배기머랭아이스크림판매,1
돼지갈비 삼겹살 구이용,1
의약품 및 의료기기 및 건강기능식품,1
견과류능이버섯송이버섯기타약재,1
건어물 김  미역,1
채소과일 신선냉동식품식자재,1
음식 담배 주류,1
메이크업화장품소매업,1
아구 낙지,1
의류 내의 안전화 안전용품 스포츠의류,1
운동교육,1
캔들방향제 공예교육 판매,1
교육서비업,1
생화관엽화분자재,1
참기름 떡 강정,1
의약품 양약,1
인테리어 가구 디자인,1
김밥 떡볶이 닭꼬치 각종튀김 라면 잔치국수 우동 등 분식류,1
서양음식 주류,1
전기장판,1
회튀김탕볶음,1
의류 전자상거래업,1
담배 식음료,1
보건업및 사회복지서비스원,1
생활빨래세탁세탁대행,1
운동티칭,1
생화 조화,1
야채 및 과일 소매업,1
헬스 및 요가업,1
제철과일다수,1
식육 식육가공 식자재유통,1
호텔,1
과자 생필품등,1
한우사골설렁탕,1
황태 더덕 보리굴비 등 한식,1
음식밥 오리,1
떡미숫가루 강정 깨,1
굴국밥 비빔밥 콩물국수  냉면,1
꽈배기  도너츠,1
떡볶이 튀김 컵밥 김밥 순대 오뎅탕,1
체인화 편의점 상품,1
"판촉물, 명함, 스티커",1
해삼물,1
위생용품 외,1
매트리스 쇼파 식탁,1
육류 과일 야채 식품 잡화 전자상거래,1
생선구이 등,1
아이스크림 음료,1
빵류 과자류 강정류,1
사진도장,1
도매 및 소매업(채소 및 뿌리작물),1
유공압 등,1
식품 반찬,1
"화장품,천연세제,족욕",1
마트편의점,1
컴퓨터 및주변기기,1
체력단력업,1
장 담그기 체험 교육,1
식잡 생활용품,1
커피소매,1
이태리 가정식,1
돼지찌개,1
육류구이전문점,1
체형관리서비스,1
속눈썹펌 서비스업,1
헤어컷 펌염색등,1
해동검도 줄넘기,1
스포츠용품및 의류,1
"생활잡화, 판촉, 의료기기",1
사진촬영 인화 앨범 액자디자인,1
컴퓨터교육서비스,1
과자 케이크,1
"커튼블라인드,침구류",1
"음식,소매업빵류,과자류",1
"농산물,생화",1
"폰케이스,악세사리",1
서비스(기타미용업(속눈썹)),1
"건어물,구이김",1
반찬집,1
삼숙이탕알탕,1
가공식품 한약,1
구이식당,1
경락스포츠마사지,1
사진촬영영정사진,1
"와이셔츠, 기타의류",1
"네일, 피부 메이크업",1
닭개장,1
과일농수산,1
팥죽한식,1
죽 음료 등,1
한분식,1
치킨햄버거,1
각종 염모제  펌제 클리닉,1
건강보조식품 비누,1
남성여서의류및신발악세서리,1
생활잡화 서적 및 문구류,1
미용 네일아트,1
서적 간판및플래카드,1
욕실자재,1
"탈모 두피관리, 피부관리",1
차 음료 주류,1
"카페(커피, 디저트)",1
빵케이크샌드위치커피,1
보온병,1
동물병원 애완용동물및관련용품,1
귀금속쥬얼리,1
일반음식 및 베이커리카페,1
서점문구분식,1
미용실 두발 자르기,1
생화 관엽식물도경수 화분,1
생화 정원수 전자상거래생화화분,1
농산물 및 묘목,1
공산품 잡화,1
피부미용업피부관리에스테틱,1
일반음식점 피자,1
재봉기술교육,1
"아구, 꼬막",1
도자기그릇,1
농산물 공산품,1
양약 의료용기구,1
애견미용 및 용품소매,1
공산품 식음료 청과야채,1
식품종합소매업 전자상거래 소매업,1
한우및돈육,1
남성여성복아동복 및 악세서리 판매,1
의류및모자 가방,1
주방용품 의류,1
제주 농 수산물,1
돈까스 덥밥,1
돼지고기 구이  전골,1
뜨개질 제품,1
돌침대 가구,1
음식점중식,1
제빵판매및제조,1
미용재료화장품,1
식육청과야채수산마트,1
버섯등,1
마른버섯 견과류 등,1
문구 완구 소매업,1
"가방, 옷, 잡화",1
아동정서발달지원,1
미반 조리빵 과자 유음료 음료 아이스크림 가공식품 잡화 기타등등,1
우럭회,1
닭발 외 메뉴,1
스포츠의류 용품 의류,1
기타의복소매업 전자상거래 소매업,1
시루떡,1
전족,1
네일아트속눈썹문제성발톱관리,1
커트염색퍼머,1
비빔밥 삼겹살 곰탕 선지국밥 등,1
"서적, 잡화, 문구, 도서전산화용역",1
떡 빵 곡식분말,1
분식 및 떡볶이,1
수제 소시지,1
의약풍,1
건강기능식품 및 일반의약품,1
잡화농산물,1
미용두피케어,1
초콜렛,1
커튼  블라인드  홀딩도어,1
농수산물 조미료,1
청과물 도소매,1
만두국외,1
취미공예활동,1
피자 음료등,1
낭면 돈까스,1
한식 피자 치킨,1
의역품소매,1
애견미용애견용풍,1
화초 및 식물 소매업 경미한공사,1
스포츠의류 용품 인터넷 판매,1
치킨 떡볶이,1
"육류, 잡화",1
가공식품 잡화 등,1
건강식품  화장품,1
잡화 화훼,1
이불 등,1
염모제펌제클리닉,1
건강검진내시경의료서비스독감백신코로나백신,1
시공매트,1
초밥 모밀 덮밥,1
일반 음점,1
네일 속눈썹 미용,1
줌바댄스 다이어트댄스,1
"커피, 토스트",1
장석,1
"게장, 갈비",1
"도소매(내의,란제리)",1
기름 농산물,1
"소매업(안경,선글라스)",1
화장품 뷰티,1
"건어물, 농산물, 과자류, 통조림 등",1
"금, 악세서리류",1
가정용 주방용 사무용 가구,1
소고기 돼지고기 밥 술,1
축산물판매 양념육판매,1
골프시뮬레이션,1
규동,1
안마지압,1
채소류 서류 및 향신작물류 도매업,1
파스타 떡볶이,1
한식및주류,1
생고기 수육곰탕외 각종한식 탕류,1
피자 음료,1
주방기기 에어커튼식품가공기계외,1
헤어 미용 제품,1
과일 농산물,1
과일야채고기건어물외,1
커트 염색  파마 매직 머리 복구,1
"도매및소매업(기성화,구두)",1
"생선류, 채소",1
잠옷실내복,1
농약 및 영양제 비료,1
과일쥬스커피,1
한식 카페,1
모피,1
삼겹살 및 돼지고기 특수부위,1
피자 햄버거,1
화장품 속눈썹펌,1
"섬유, 의복, 신발 및 가죽제품 소매",1
믜약품 및 건강기능식품 및 외품,1
태권도스포츠체육,1
"고추, 기름 등",1
생선 등,1
커트펌염색,1
"전자상거래, 스포츠의류",1
"모듬전,곱창/노점",1
지갑 벨트 장갑,1
"정육,부산물",1
직물 화섬직,1
"빵,떡",1
구두핸드백 수선,1
"식품잡화, 건강기능식품, 의료기기등",1
의류화장품,1
"과실및채소소매업,식품",1
소매업(보청기),1
"도소매(넥타이,잡화)",1
"화장품,건강기능식풍",1
캐쥬얼웨어,1
음식품료외,1
의류(단체복),1
해산물 및 패류,1
아이스크림 음료수 과자 장난감,1
담배 슈퍼마켓,1
세탁물수거배달,1
썬루프수리,1
반려동물 미용 및 위탁서비스,1
도서  문구,1
음식료 담배 주룬,1
컴퓨터 게임방 운영업,1
강아지미용용품,1
초밥 스끼야끼,1
수입식음료 및 주류,1
포장재잡화,1
"의류, 기타잡회",1
"활어, 해산물",1
준공청소 일반청소 에어컨청소 카페트청소 사무실및 상가청소 바닥청소,1
소고기 돼지고기 호주산갈비,1
잼류 빵류,1
한식 중식,1
양꼬치  중식요리,1
침구 수예,1
홍삼및홍삼제품 꿀 비누 세제,1
의류 스포츠레저용품,1
담배 슈퍼마켓 의료기기 잉크,1
설렁탕 족발,1
김밥 전문점,1
음료및와플,1
모종종묘농산물,1
가방 손수건 잡화,1
비닐 등,1
여성 운동복,1
호두과자외,1
화장품방향제건강기능식품비누,1
디저트류체험교육공방,1
한우 돼지고기외,1
키즈베이킹,1
의류 및 인테리어 소품,1
문구 악세사리 문구 자판기,1
김치 소형가전건강식품,1
건강기능식품 소매,1
꽃다발꽃바구니,1
통신기기 청과 야채 수산 통신기기 기타음식료 위주 종합 소매업,1
헤드스파,1
라자냐 파스타,1
전기 수도 집수리,1
선지,1
꼬마김밥 및 분식류,1
한우돼지고기 안심 등심,1
커피빵케이크,1
헤어커트 펌 염색 트리트먼트 등 미용서비스업,1
유류소매업,1
애견수제간식 애견용품,1
한자,1
전기공사 및 전구 소매 등,1
샌드위치 빵류,1
철물공구안전,1
식료품 잡화 안전상비의약품 등,1
정육 청과 야채 잡화,1
빵류 과자류 및 당류,1
발레 필라테스,1
모조장신구귀금속,1
동물전시 행사대행,1
음악 미술학원,1
헤어비품,1
"소매업(수산물,회)",1
타월 우산 기념품,1
용품 임대,1
축산물 가공 정육점,1
종합 부식,1
유기농농산물,1
백반 낙지,1
커피 제조 및 손님 응대,1
고양이관리,1
우유유제품,1
"애견용품, 미용(애견)",1
셔츠 및 블라우스 소매,1
전기교육학원,1
노래연습장 및 비알코올 음료점업,1
좌훈방,1
문구 상품 캐릭터 굿즈 핸드메이드 소품,1
의류양말기타섬유제품,1
국내외여행,1
즉삭떡볶이,1
카페 도서판매업 서적 공간대여,1
옷외 잡화,1
침구류 이불,1
식사빵,1
서비스(스마트폰사진인화),1
찹쌀도너츠,1
"패류,기타수산물",1
양념갈비,1
"식육,음식점",1
"닭강정, 치킨",1
"벽지,비닐장판",1
"농산물,쌀,잡곡",1
기타음식(어묵),1
화장품 미용기구,1
수산물가공및저장처리업 건어물 젓갈류,1
철물 경미한공사,1
페인트 경미한공사 도장 방수,1
건어물 과자,1
악세사리 시계수리 보석,1
"한, 분식",1
완구 및 문구,1
적벽돌 콘크리트벽돌 투수블럭 큐블럭 기와 현무암 몰탈 시멘트,1
김 파래 멸치,1
생화및화분,1
커피음료빵,1
식용유 된장 고추장 마요네즈 등,1
문구팬시식품,1
냉동 식품 및 햄 맛살,1
모유수유교육및상담,1
혈압계 혈당스틱주사기,1
싱크대 신발장 수납장,1
한약 소매업,1
여자 옷,1
"피부, 네일, 분장 미용업",1
스포츠레크레이션,1
도서 문구 사무용품,1
농축산물 및 식품,1
음료커피,1
안경테안경렌즈콘택트렌즈그외 안경관련제품,1
생식 건강식품,1
펄스널 트레이닝,1
의복 액세서리 및 모조 장식품,1
휴게음식점 과자,1
수산물 및 소금,1
젓갈수산물,1
콤프레샤 등,1
규동사케동스테이크동 등등,1
헬스장피트니스,1
한식한우한돈,1
간식류 및 생필품 주류 등,1
핸드메이드 패브릭 소품,1
치킨골뱅이,1
헬스  피티  복싱,1
미용 커트,1
가정식 백반,1
애완미요멉,1
식품잡화담배술,1
양곡 야채 과일 정육 공산품,1
식육즉석판매가공기타음식료품 위주 종합소매업,1
"한의원,한약",1
전시 간판 인쇄물 현수막,1
간편식 음료식품류 맟 잡화,1
가정용가구 사무용가구,1
도배장판벽지데코타일,1
타일 비데 양변기 세면기 수전 악세사리,1
체력단련헬스트레이닝,1
붓,1
"도소매(쌀,야채)",1
건강식품판매,1
"수산물,즉석판매제조,초밥,카페",1
"우산,양산,모자,잡화",1
의류그릇신발,1
"전,계란",1
음식(죽),1
"치킨, 닭강정",1
"소매업(건어물,마트)",1
기계설비 등,1
피자배달 옛날통닭 탄두리탕수육,1
회덮밥,1
담배주류 기타,1
용접봉 등,1
모터 등,1
조경자재,1
금형 등,1
쓰리엠 제품,1
통태찌개 삼겹살,1
유아용품 장난감,1
이벤트 파티 물품,1
의류이불등,1
국수 및 한식,1
수의 애견용품 미용,1
문구 사무용품 사무용기기 서적 완구,1
"금, 은 시계보석",1
식생필품,1
민화수업공방 동양화재료 판매,1
일반기계장비수리,1
철,1
커피 차 기타음료 디저트,1
닭도리탕 백숙,1
그릇 가구,1
정통 인도음식,1
샌드위치커피 및 음료,1
커피 팡 간식,1
알루미늄 현관문 대문,1
베이커리  커피,1
소고기돼지고기오리닭,1
"악세사리, 화장품, 잡화",1
잡화 장갑 면마스크 양말등등,1
도자기 멜라민 철판 기타,1
젓갈 및 생선 건정,1
과일 채소 수산 가공식품,1
농산물 및 식품잡화,1
과자 음료 아이스크림 빵,1
"카페음식, 화훼",1
교육 서비스업 원예수업,1
김 미역 다시마 김부각,1
금 은 악세서리,1
남녀캐쥬얼의류,1
컴퓨터수리 전자제품,1
중국차 전통차 도자기류,1
악세사리 휴대폰,1
연마석 페파 다이아 공구외연마재,1
건어물 및 해산물 등,1
통신기기 및 잡화,1
천연라텍스,1
자전거부품 자전거판매,1
의류 신발 가방모자,1
그림책미술,1
병어조림 황실이 주물럭,1
식료품 음료 및 주류 담배 등,1
약국 의료용기구 소매업,1
물고기  해산물,1
건어물(멸치),1
축산점,1
"쌀,고추가루",1
"서비스(운동시설), 도소매(음식료품 등)",1
양초공예재료,1
빙수디저트,1
"스포츠의류, 의류",1
산양삼,1
"기념품,나물,마,칡",1
전기발열선공사업,1
네일 속눈썹 왁싱 메이크업,1
돈가스 및 한식 면요리,1
간편먹거리과일농수산물잡화생활용품,1
파워뱅크캠핑용품무정전전원공급장치소화기코펠등,1
실내건축인테리어,1
구두판매,1
잡곡  쌀,1
뿌리작물 과자,1
족방,1
스터디카페이용권,1
일반의약품 건강식품,1
축구선수육성축구,1
자전거용부품,1
식품제조가공업,1
의류 선인장,1
소매(빈대떡),1
"절임, 젓갈, 식품",1
미술 기타 교육지원 서비스업,1
제과점 영업,1
안경 통신기기,1
네일 속눈썹 옷,1
가죽가방 소품 도매소매,1
온열기기체험,1
햄버거 타코,1
바퀴 운반기기,1
주식,1
철판닭갈비,1
아이스크림 외 잡화,1
식음료 담배 생필품 등,1
과자 아이스크림 문구,1
돼지곱창구이곱창전골,1
서비스노래,1
한식 해물요리전문점,1
속눈썹 연장 피부미용,1
떡 제조및 판매,1
즉석판매제조가공업(반찬),1
통신기기 판매,1
베트남식품,1
"여성,남성의류",1
곡식 과일 채소류 해초류 건어물,1
화원소매,1
벽지 등,1
서비스업(미용업(피부)),1
제조업(가정용및장식용도자기제조업)도매및소매업(종?,1
건어물 야채,1
"도매(의류,운동용품)",1
"포목,주단",1
바디관리,1
미용손톱발톱메이크업,1
한우 등,1
갑오징어숙회,1
전기재료 조명기구,1
콩국수 막국수 돈까스 수육 육회비빔밥 칼국수 만두,1
도소매(액세사리),1
오토바이용품,1
식품가공(방앗간),1
"의류, 외의, 스포츠용품",1
양말 및 잠옷 잡화,1
김밥및한식,1
관광 유람선,1
간편음식컴퓨터게임,1
관광숙박업호스텔,1
꼬막국수,1
과자류정과류수제청등,1
빵케이크샌드위치 등,1
스포츠용품 및 의복,1
기타교육서비스,1
메이크업교육서비스 퍼스널컬러진단 화장품판매악세서리판매,1
골프레슨 및 이용,1
아시안푸드,1
인상사진 졸업앨범,1
케익크디저트커피음료,1
속눈썹 펌연장피부미용업,1
농축산물 가공식품,1
타올직물류판촉물잡화,1
미용물품,1
족발및 반찬류,1
세탁업 습기제거제,1
한식 액자 식품잡화,1
골프 헬스,1
뼈해장국 순대국,1
요가 및 필라테스 수업제공,1
"야채, 일반잡화",1
생활용품 소매업,1
닭발 닭볶음탕,1
지갑.벨트,1
축산물청과야채공산품,1
젓갈류 반찬류,1
"인삼,홍삼,건강식품,생약초",1
신발의류가방용품,1
속옷(내의),1
"상의토탈(니트,스웨터)",1
마트(식품.일용품잡화),1
편물제품,1
양식 카페,1
얼음 생수 음료,1
유아스포츠용품,1
치킨잡화,1
미용실  화장품,1
주류음식,1
생선회초밥대구탕,1
기계설비,1
닥트,1
과일 야채 밀키트 냉동식품 아이스크림 등등,1
제빵 및 제과제품,1
공예 부속품 및 기념품판매,1
피부밈용,1
헤어컷트 펌 염색드라이크리닉,1
차동차 용품,1
피자등,1
일반음식음료만화카페,1
한우생고기 꽃등심 생고기비빔밥,1
게르마늄 건강제품,1
언어치료 및 상담,1
베이비카페식음료,1
과자빵류음료즉석식품,1
문구사무화방체육용품,1
자동차 스팀세차,1
숙성생갈비,1
자동차 관련 용품,1
닭볶음탕 찌개,1
생화 꽃다발 꽃바구니 식물,1
애견용품 애견미용 동물진료,1
커피 차 디저트류,1
잼과자초콜릿,1
바이크수리,1
음식점횟집,1
커피 와플 델리만쥬,1
여성 의류 및 잡화 등,1
육류 고기류,1
상추튀김 떡복이 순대등,1
김밥 토스트 계란빵,1
여성잡 화,1
헬스 회원권 대피티수강권,1
커피 빙수 디저트,1
화장품 및 건강보조식품,1
일반음식 보드게임,1
옥돔갈치고등어,1
전대업,1
간판현수막배너,1
유아식,1
정형외과 통증의학과 진료,1
필라테스교윤,1
외의 안전화 스포츠의류,1
스포츠의류 스포츠신발 스포츠용품,1
신발 스포츠의류 스포츠용품,1
운동및경기용품 의류 자전거 및 기타,1
운동및경기용품소매업,1
"여성의류,스포츠",1
식품 비식품 잡화,1
"야채, 생선",1
"우산,잡화,소품",1
"소매업(건어물,농수산물,전자상거래)",1
전자가전제품,1
"슈퍼마켓, 담배, 전대",1
전기용품 잡화,1
식품가공(즙),1
스포츠 및 등산의류 등산용품 안전용품,1
안전용품 스포츠용품 의류,1
컷트 염색 펌,1
자동차 부분정비  타이어 판매,1
생고기소고기구이삼겹살,1
파스타 및 기타 양식한식류,1
요가요가복 운동용품,1
치킨 골뱅이 생맥주 등등,1
단백질쉐이크,1
뿌리작물 과채류과일 기타식품,1
컴퓨터사무기기,1
양식 음료 디저트,1
야채 당면 완자 고기 등등,1
음식 일본 라멘 및 돈부리,1
국내외여행업및여행알선업,1
소고기 돼지고기 배추김치 두부 쌀 꽃게 낙지,1
소 돼지 닭 오리 수입육,1
식품생활용품등,1
휴대폰 충전기,1
송어회,1
옷 가방,1
실내골프연습장 스크린,1
과일 밀키트 수산물 축산물,1
오므라이스 파스타 돈가스샌드위치,1
네일속눈썹펌영양제,1
과실유,1
의루수선,1
샌드위치샐러드커피,1
등갈비찜,1
돼지고기 삼겹살 보리밥 갈비 오리고기,1
약국약품,1
보건업일반의원,1
중문 방문 등,1
종합생활필수품,1
맞춤수선,1
"주류,식잡화",1
우렁이쌈밥,1
피아노수업,1
음식점 음료및 디저트,1
과자 음료 등,1
돼지갈비 삼겹,1
식자재 야채 소매,1
커튼 이불,1
축산물 한우 돈육 계육,1
배관류,1
피시 주변기기,1
종합소매점,1
직업교육,1
피아노 및 음악 이론 교육 서비스,1
중장비운전학원,1
옥외광고인쇄광고판촉물,1
쌀고기야채,1
곰탕 수육,1
한약 침구치료 한방물리치료,1
에어컨자재,1
엔진오일오토밋션 오일부동액브레이크액,1
"식탁및주방용품,식잡",1
닭 및 오리,1
음식(기타),1
"도소매업(주방용품,기타생활용품)",1
귤종류,1
"농산물,수박",1
양곡 외,1
농자재 및 테이프,1
속옷 및 양말,1
"소매업(맛김,견과류)",1
사진 액자 앨범,1
광고인쇄,1
재활운동및필라테스,1
전통차 커피,1
일식중식,1
자동차광택코딩,1
헤어 메이크업 피부관리,1
사진촬영사진관,1
스터디카페 장소제공,1
실내인테리어도배장판,1
광고재료,1
골프용품 식음료,1
자동차 덴트복원,1
운동요법및교육,1
낚시줄 낚시바늘 등 소매,1
흑염소과일즙 건강원,1
의약품건강식품,1
아동발달지도 및 보조도구 임대,1
청둥오리,1
한식 장어 고등어,1
의류세탁업,1
헬스피트니스,1
핸드폰 및 기타,1
식료품 생활용품,1
파스타 스테이크,1
연습실대여,1
춤,1
골프골프연습,1
사진촬영판매,1
식품 잡화청과정육,1
쇼파제작 쇼파천갈이,1
염색 화장품 바디용품,1
침구류 수건 임대,1
자동차 외형복원,1
김치절임식품조림류신선편의식품즉석조리식품 반찬류,1
유기농야채과일,1
동지죽팥칼국수,1
식품음료 등,1
조미냉동,1
김밥만두,1
체육시설 이용 및 교습 서비스,1
개인회원 일대일 운동수업지도,1
일반 미용업 피부 미용업 네일 미용업 화장분장 미용업,1
한식디저트 떡,1
레진공방,1
레미탈 시멘트 방수자재 등,1
아동상담 언어치료 미술치료,1
문구팬시잡화,1
김치절임식품조림류신선편의식품즉석조리식품간편조리세트반찬류,1
문구용품 회화용품 식품,1
비니루포장자재,1
화장품 및 비누,1
휴대폰 케이스 악세사리,1
공산품 식품 정육등등,1
전기공사 전기재료 태양광발전,1
베트남음식 한식 육류요리전문점,1
사진촬영 현상 담배,1
녹음 음원제작 음향설계 방음,1
부세보쌈정식,1
키피,1
야채 과일 과자 세탁세제 빵 등,1
돈까스 쫄면 우동  김치볶음밥  냉면  등,1
식자재마트,1
소매업서비스업,1
김치찌개 삼겹살,1
담배 과일 잡화일절,1
야채 판두부,1
식육 양념육 소매 등,1
반려동물 수제간식,1
과일채소공산품,1
소고기돼지고기 식육식당,1
인테리어 자재,1
교욱기관,1
커트 염색펌,1
편의점 과자 음료등,1
공업,1
참돔회,1
자동차선팅블랙박스 가지만 함,1
수퍼담배과자음료,1
속눈썹펌피부,1
"도소매(미용재료,잡화)",1
원단부속단추,1
한우 돼지고기,1
주방용품 가전 등,1
편어물품,1
파티풍선,1
레벨기기,1
애견용품 미용,1
의복 악세사리,1
산삼,1
인덕션,1
탱고학원,1
남자용정장제조업,1
구두운동화슬리퍼,1
부대찌개 제육볶음,1
식음료 일용잡화 안전상비의약품 주류 담배,1
떡복이 순대 호떡,1
건어물 청과수산물,1
커피 프랜차이즈,1
힙기도,1
"제조, 소매(두부)",1
중식요리업,1
약품(소매),1
문구.완구,1
기름 곡류,1
"김부각,김치",1
소매업(연쇄점),1
"문구, 액세서리, 잡화 등",1
철공소,1
"컴퓨터주변기기,가전,전자상거래",1
가정용전기기기,1
"순대, 치킨",1
문구 생활용품 전산용품 환경용품 외,1
치과보건의료서비스,1
의약품및 의료용품 의료용 기구,1
고시학원,1
두발펌 컷트,1
커피음료쿠키기념품,1
스테이크 치킨,1
야채청과잡곡,1
문구 음료 과자,1
샴푸헤어에센스,1
차와 식사파스타,1
도배목자재,1
헤어컷펌,1
채소 과일 식재료,1
삼겹살 및 식사류,1
전자상거래 의류 소매,1
젓갈 김치류,1
곡물마늘,1
등갈비 구이,1
오징어 회 대구,1
건강기능식품보조식품,1
낙지볶음 아구찜,1
화장품 미용재료염색약,1
애견미용용품,1
태권도및무술교육기관,1
졔육볶음,1
종자 비료,1
슈처,1
장애아동상담 일반아동발달상담,1
장애아동 상담 교육,1
도소매 단순식품도매업,1
꽃 화훼류 프리저브드 비누꽃 잡화,1
"바닥재,벽지",1
"내의, 양말",1
"반찬,두부",1
면덮밥카츠,1
과일 야채 공산품 음료 주류등,1
숙녀아동복,1
식품 담배 주류 생필품,1
고기밥,1
돈까스 함박,1
식품 농수산물 담배 주류 소형가전 등,1
찜닭요리,1
축산물판매마트,1
수육암뽕손국수,1
돈까스 밥,1
헤어이용업,1
클라이밍 장비,1
건어물 포장 판매 및 과자 젤리류,1
샌드 빵,1
휴게음식 오리고기 땅콩,1
식물화초,1
만두 관리 거리가게,1
과자 곡류가공품 즉석판매제조가공업,1
아이스크림과자음료완구,1
국수면,1
"수산물(대게, 킹크랩)",1
"생활한복,스포츠의류",1
커피 커피잔,1
"예술품,인테리어소품",1
건어물 등 기타 가공식품 통신판매업,1
"의료기기.건강기능식품,화장품",1
"소매업(수산물,농산물)",1
"스포츠의류,신발,용품",1
공방 원데이클래스 체험학습장 누룩 곡물 약재 식초 꽃차용꽃,1
돈까스한식,1
한복 소매,1
외의 스포츠의류 등,1
의류 악세서리 신발,1
애견용품 동물미용업 등,1
가방 모자,1
한우 한돈 닭 오리 기타 식자재,1
요소수 첨가제 등,1
한식 수산물 도매업,1
일식한식뷔폐,1
건축설계관련서비스,1
음료 제과류,1
만화애니메이션학원,1
속눈썹연장 등 미용교육,1
과자아이스크림,1
문구 복사,1
건강식품  의료용품,1
교육기관,1
공산품 농축수산 생활용품 식품,1
생선 야채,1
뷰티컨설팅,1
쌀빵떡케이크수제청,1
탕수육 짜장 짬뽕,1
김치 반찬 조림류,1
의류및 란제리 기타 잡화,1
광고자재,1
삼겹살불낙,1
낙지볶음연포탕전복삼계탕,1
굴비 등,1
과자 음료 완구 생활 잡화 등등,1
주류 담배포함 모든 상품,1
의약품과 의약외품 및 건강기능식품,1
의약품 한약 한약제제,1
피부  관리업,1
주방가구외,1
인터넷방,1
컴퓨터게임방,1
수입육 갈비,1
도시락 비빔밥 분식류,1
의복 장신구,1
우드 소품 잡화,1
냉동선어,1
정육 야채 담배,1
피부관리체형관리화장품피부미용,1
식품제품,1
악세사리 인형,1
애호박찌게,1
해동검도학원,1
샌드위치 카페,1
청사진복사,1
일반미요멉,1
샌드위치 제과제빵,1
의료기신발,1
귀금속 도장 등,1
침구류 커튼 등,1
완구류 등,1
스포츠용품 소매,1
스포츠 의류신발잡화,1
등산장비운동용품의류,1
감자탕 육개장 등 한식,1
소품 문구,1
한식 돼지고기 구이,1
교육서비스 그림전각 작품,1
성형외과피부과,1
악세서리및문구류,1
애견수제간식의류장난감용품,1
냉면  설렁탕  만두국  소고기수육,1
즉석조미김,1
오믈렛빵,1
약국 소매,1
반려용품 유아용품 바닥재,1
열쇠수리설치,1
회수산,1
수산물 소분,1
한우 한돈 수입육 가금류,1
과일 채소 건어물 수산물,1
참기름 들기름 참깨 들깨,1
참기름농산물,1
자전거 자전거 수리,1
야채?청과,1
서비스업(공방)소매업(소품),1
"전기, 철물",1
빵류케이크,1
커피 커피용품 잡화,1
서적 및 교육,1
찜질방,1
도라지정과,1
낙지 활어,1
양약 및 한약,1
공산품 음료 도시락 유제품 빵,1
애견용품동물병원,1
롤러,1
음료 케이크,1
공방 수공예용품점,1
주류 일반상품 등,1
활어 및 수산,1
커피 도서,1
컴퓨터부품 및 주변기기,1
가공식품생활용품,1
찜질체험방건강기능용품,1
흙침대  각종 소품 등 가정 및 사무용 가구 전반,1
수입잡화 의류 소품등,1
"전,식혜",1
"피부, 네일미용업",1
"가방, 기타가죽제품",1
도매업(기타수산물(일반)),1
고추 참깨 곡물,1
"식육,닭고기",1
"커피, 국산차",1
원단(면직물),1
"음식(커피,디저트)",1
원예체험교육,1
양곡 고추 참기름,1
뷔페식 백반,1
도자기 공예품,1
잡화 편의점 담배,1
안경 안경테,1
식품잡화청과정육,1
화장품염샥약미용재료잡화,1
오돌뼈막창,1
삼겹살 불백,1
소고기돼지고기수입산갈비,1
방아,1
네일  속눈썹,1
회전문점,1
사진 메이크업,1
자화용수처리기,1
돼지갈비 삼겹살,1
스크린골프 음식,1
자동차정비  소매업,1
체형관리  운동마사지 물리요법,1
손발톱정리서비스,1
유제품 공산품 음료 술 담배,1
애완동물 및 반려동물 용품,1
은 장신구 및 은 공예품,1
방재용품,1
컴퓨터관련 부품,1
석재품,1
대중음식 소바,1
김밥 및 호떡 분식,1
천연옷 및 스카프 등,1
이불 및 수읩,1
아동용품 및 생활용품,1
과일 잡화 야채 먹거리,1
의류 스포츠의,1
아웃도어 등산용품,1
건강용품 식품 침구류 운동용품 기념품,1
의류 스포츠용품 시계 모자 악세사리,1
스포츠의류 의류,1
스포츠의류 안전용품 의류,1
아기옷,1
샐러디,1
미용업손톱발톱,1
타투 다이빙교육,1
현수막 실사출력,1
식자재 건어물등,1
조명기구전기재료,1
화장품염색약잡화,1
필라테스요가플라잉요가,1
회/수산,1
면류 국수,1
허브용품,1
음료샌드위치과자,1
과자및아이스크림 소매판매,1
자동 음료판매 무인 카페,1
운동이용권,1
골프연습장 제공,1
교육미술,1
사료 강아지고양이 간식 강아지 옷 고양이모래,1
식료품생활용품,1
금속공방,1
자동차 튜닝,1
미용실약,1
모시송편  과자,1
식사 주류,1
공산식품 정육 수산 청과 야채,1
주물 및 철물제품,1
등심돈카츠,1
소갈비전문점,1
터키음식,1
컴퓨터 컴퓨터수리,1
"우산, 장갑",1
"전자부품,기기",1
"벨트,잡화",1
"농산물,축산물,가공품",1
음식점업(팥죽),1
유아용품 완구,1
아동모자,1
쇼파 제조 판매,1
생과자외,1
"대게, 수산물",1
소품 커피 초콜릿,1
합성테크,1
왁싱두피클리닉화장품 도소매,1
애완동물용품 네일아트,1
생돼지뒷고기,1
야채청과가공식품외,1
홍어 굴비,1
종합악기,1
의류골프,1
빵 소매,1
칼국수 냉면 국수 등등,1
탁구체육관,1
불닭,1
종합식품센타청과야채정육,1
음료수등,1
의료 안과,1
건강기능식품 의료기기 생활용품,1
부대찌개  떡볶이,1
의약품건강식품의료기기,1
철물공구전기생활용품,1
차량용  엘피지,1
휴대폰 중고휴대폰,1
의류 스포츠의류 안전용품,1
건강식품(과일즙),1
"종자,씨앗,농산물,식물영양제,건어물",1
"소매(의류,잡화,액세서리)",1
휴대폰 악세서리 및 잡화 / 화장품,1
"우산, 비옷",1
"도소매(양품,잡화)",1
"곡물,인삼",1
의류및잡화 신발 스포츠의류,1
스포츠용품 신발 의류 골프용품,1
뼈다귀전골,1
얼굴관리두피켕니,1
디자인 케이크토퍼,1
아구침  해물찜,1
담배 일반상품식품류 비식품류 서비스 상품종량제 등,1
김치찌게 삼겹살,1
전통공예 관광상품  악기,1
공예체험 북아트 가죽공예,1
세신샵,1
의약품 기타의료기기,1
심리상담및치료,1
사료 동물용의약품,1
피부관리경락,1
냉삼대패,1
태권도 교육기관,1
내의류 및 잡화 담배소매업,1
의류 스포츠의류 안전화 안전용품,1
의류 스포츠용품 신발 레저,1
안경  콘텍트렌즈,1
마늘 고추,1
황기 둥굴레 천궁 당귀 등 야초,1
핸드메이드 패브릭,1
그릇 캔들 의류 공방,1
서비스업 속눈썹,1
수산소매,1
쭈꾸미 굴국밥,1
서각 목공소품,1
간이음식업,1
속눈썹샵,1
커피 음료 다과,1
해산물 쭈꾸미 낙지 문어 등,1
일반의료,1
양약 동물의약품 의료용품,1
커피 비알콜 음료 차 디저트,1
낚시장비,1
생삼겹살 한식,1
한식 소머리국밥,1
엔진오일타이어,1
갈비찜 갈비탕 냉면 체육용품,1
애견용퓸,1
미묭,1
자동차 수리 및 부품 판매,1
객실판매,1
피자 서양식,1
커피미술품문화상품,1
스포츠용품 및 의류 의약외품 건강보조,1
신발 제화및잡화,1
제화 잡화 스포츠레저용품,1
한우 특수부위,1
야채고기닭,1
케이크커피,1
댄스춤,1
타파용기,1
꽂게,1
"떡,전",1
골프웨어 등,1
"등산복,등산장비,스포츠용품,안전화,산업용품,전자상거래",1
음식료품 위주 종합 소매업,1
"건강기능식품,주방용품",1
농자재 담배,1
"아동복,액세서리",1
산모관리피부관리,1
메리야스 종합의류,1
커텐 침구,1
두발시술,1
전세버스,1
아동미술학원,1
꽃게찜 아구찜 간장게장,1
뜨개털실,1
"음식점업(카페,와플)",1
"신발,",1
전기장치,1
기간권  정액권,1
여자남자 의류,1
피부미용네일,1
스테이크 샐러드 피자 파스타,1
회류 탕류 꼬치류 구이류 볶음류,1
네일 패디 케어,1
신발 의류 베낭 스틱 모자 장갑 등,1
즉석판매제조식품,1
음료 놀이교구 문구,1
농산물 및 수산물,1
회튀김,1
산부인과피부과,1
게임용구 인형 장난감 의류 잡화,1
마카롱 제과 커피,1
교육및 서비스 도매소매,1
훠궈 고기 뷔페,1
네일 속눈썹 피부관리,1
자동차 세차 광택 코팅 랩핑  실내크리닝,1
전자제품 공조기,1
컴퓨터주변기가소모품서비스담배,1
곡믈,1
낙지초무침김치찜등,1
돼지갈비 소갈비살,1
제주오겹살,1
샐러드연어,1
유기농쥬스,1
국수호떡,1
피부관리화장품,1
간판 및 광고물,1
과학모형공작교재,1
한식중식,1
김치등,1
두부및콩물,1
골프 장비 및 연습장,1
파크골프용품 파크골프강습,1
가전 인테리어,1
금붕어빵 타코야끼,1
앵무새 체험장,1
전구 조명장치,1
생삼겹살 목살 항정살,1
건어물 반건어 젓갈 어패류 생선 곡물,1
빙과류과자류,1
휴대폰 등,1
농약 종묘 비료 농자재 종자,1
수산물도시락류 소매업,1
움식점업(휴게음식점),1
압착식용우,1
"이불, 침구류, 커튼, 소품",1
소매업(청과),1
손만두 칼국수,1
"그릇, 잡화, 제수용품",1
"육류, 채소",1
"도소매(과일,야채)",1
"잡화, 모자, 수영복",1
고추가루 참기름 들기름,1
커튼 소매,1
스포츠의류의류발레복발레용품,1
생선 돼지고기,1
머리카락을자르고퍼머와염색,1
선구류,1
반려동물서비스업 식잡 광고대행업,1
신발 의류 스포츠의류 스포츠용품,1
휴대폰기기,1
미용업 염색약 및 화장품,1
체형 교정 운동,1
떡볶이 튀김 김밥 컵밥,1
음료 카페,1
합기도학원,1
테니스 레슨 대관,1
외과내과정형외과,1
간편식 및 음료외 다수,1
제과 및 제빵,1
서비스네일샵,1
토종닭 백숙,1
중식류,1
탕수육 중새우,1
공과기술학원,1
샐러드한식,1
개인용 세탁물,1
양식 커피전문점,1
고등어 갈치 임연수어 등등,1
철물점 전기재료,1
개사료및간식,1
인형봅기,1
콤부차,1
즉석섭취식품 관리거리가게,1
심리상담 및 교육 심리평가,1
주류 및 기타,1
아구찜추어탕,1
방문진료,1
기타 스포츠 교육 축구교실,1
세차광택코팅실내크리닝,1
안마센터,1
정신의학과,1
반찬외제조,1
잡화(슈퍼),1
야채잡곡건어물,1
도소매업제조업(참기름외농산물),1
어복쟁반,1
"수산물,맛김",1
컴퓨터악세사리,1
"소매업(채소,건어물)",1
축산유통,1
"방앗간,곡물",1
도장 열쇠,1
채소과실및 뿌리작물 소매업,1
꽈배기핫도그,1
센드위치전문점,1
돼지요리점,1
복사인쇄,1
소아치과,1
옥외광고물,1
건강기능식품판매업,1
해산물류,1
화장품 잡화 악세사리,1
학습지 도서,1
야채 과일 농산물,1
예술 스포츠 및 여가관련 서비스업 공연 기획 교육 행사 음향 및 장비,1
음악감상,1
쇠고기 샤브샤브,1
농산물인삼,1
한식 및 음식점업 국수류,1
음료 담배 잡화,1
운동 체육 서비스업,1
의약품 건강기능식품 외품,1
실내놀이터 휴게음식점,1
교육서비스업 음악학원,1
서비스업 미용실,1
캘리그라피용품,1
아귀찜 낙지찜 낙지연포탕,1
일식스시,1
음료술잡화,1
부산오뎅,1
식품가공식품등등,1
여성복 신발 가방등,1
돼지볼카츠,1
치킨호프및마른안주,1
커피가공업,1
미용헤어제품화장품,1
유아동 애칙인형패브릭소품제작,1
체육관크로스핏,1
회 주류,1
황칠요리,1
일반음식점 음료 과자 커피 의류 악세,1
카페커피디저트,1
수산물가공젓갈,1
샌드위치 샐러드 전문점,1
노래연습 공간 임대 노래 반주기 이용 서비스 음향 및 조명시설 이용 제공,1
샐러드 샌드위치 그릭요거트 스무디 커피,1
삼겹살한우냉면,1
즉석 반찬 김치 제조,1
한식 퓨전튀김,1
피규어 장난감,1
잡화 디퓨저,1
일반미용 피부미용 네일 미용,1
개량한복생활한복,1
안경 선그라스 콘텍트렌즈,1
돼지고기 소고기 양념육 계육 주류기타,1
보쌈생고기생선구이조림,1
유류 자동차 관련 물품 세차,1
카페커피,1
두발 먀용,1
청과야채 공산품,1
중고컴퓨터 중고모니터 중고노트북 조립컴퓨터 모니터 노트북 판매 및 매,1
의약품 건강기능식품 의약부외품 동물약품,1
일식 및 한식요리,1
생화커피,1
커트 염색 펌 두피관리 등 미용서비스,1
오뎅 야키토리,1
피부마사지 관리,1
편의물품판매,1
안경테 안경렌즈 콘택트렌즈등,1
커피 음료  주류  디저트  식사,1
"인삼,대추,밤",1
의료잡화,1
수입 잡화,1
기타일반농산물,1
"열무, 시금치",1
생맥주 등,1
즉석판매제조(육전),1
한식 (구이),1
신발낚시용품,1
"카페,제과점업,비주거용 건물 임대업",1
"내의,손수건",1
인향제작,1
백숩,1
자동차타이어및 튜브 자동차정비 튜닝,1
샐러드포케샌드위치커피,1
김치생선,1
음식 호프,1
즉석 죽,1
이용업 화장품소매 등,1
홍어 수산물,1
음료 아이스크림 과자 라면 주류 담배 등,1
외의침구,1
스포츠 의류 신발 및 용품 외,1
식품 즙,1
모터사이클수리업,1
마늘 양파외농산물,1
숯불닭갈비구이,1
내과소아과이비인후과,1
옻닭 오리로스 갈치조림등,1
김밥 및 식사류,1
가구 및 인테리어,1
한식 계절음식점,1
도서 성경 찬송 기독교 용품 액자 기타 물품,1
축전지밧데리,1
노점,1
네일이미용,1
생선건어물곡물,1
네일피부속눈썾,1
순두부 청국장 등 한식,1
고기김치,1
합기도 줄넘기교육,1
시각 디자인업,1
농산물가공통신판매,1
커피음료홍차스콘 가구소품,1
포스기,1
헤어펌,1
소고기 장어구이,1
가정용 도자기,1
파스타 샌드위치 샤퀴테리육가공품,1
정형외과 진료,1
이벤트 풍선,1
컴퓨터주변기기사무기기등,1
가구 소품 그릇,1
일반가구 업소용가구,1
빵 및 케이크,1
치과 치료,1
의약품 릐료기기,1
기독교서적,1
아구찜닭볶음탕옻닭보리밥,1
"소매업(건강기능식품,농산물,한약재료)",1
염모제 샴퓨 두피제품,1
한우생고기 육회,1
커피전통차빵류,1
각종케이블 네트워크 컴퓨터주변 관련장비,1
한식 튀김류 주류,1
새우젓 젓갈,1
책 도자기,1
의료기기 잡화 화장품 가정용전기기기,1
세차 도소매,1
청과 야채 정육 공산품,1
혈당체크기혈압계등,1
강정 과일 과자 등,1
소고기 돼지고기 정육,1
안주일체주류음료,1
명태포진미미역 각종건어물,1
도배 장판 외 전체 인테리어,1
횟집 생선,1
한식퓨전,1
남여 겉옷판매,1
음 식료품 및 담배 중개업,1
도소매 견과류 전자상거래,1
견과류 약초 밤,1
악세사리의류,1
도소매업(커튼),1
"언경, 보청기",1
"농산물,  식자재판매",1
김치반찬젓갈,1
한식 닭도리탕,1
야채건어물반찬(즉석제조판매),1
"도소매업(가죽모피제품),소매업(운동용품)등",1
휴게점,1
스크린골프및용품,1
영유아교육,1
재화 이미용,1
피부관리 체형관리,1
가구 소매,1
삼푼,1
열쇠철물,1
스포츠교육기관요가,1
음료 샐러드,1
매트외,1
한우뭉티기우둔 및 육회,1
물감놀이 퍼포먼스 놀이,1
커피음료샌드위치,1
미나리한우국밥,1
족욕 효소 건강식품,1
참치초밥,1
편의점판매물품일체채소과일정육수산,1
비빔밥김치찜,1
커피 등 음료 및 베이커리,1
공부 공간,1
치과 의료진료,1
의료 제공,1
서비스(수탁판매업)- 과일,1
"의류,스포츠의류,용품",1
빵 과자 케이크,1
순대족발닭발편육가오리찜,1
의류외 신발 잡화,1
스포츠의류 기타여성복 스포츠용품,1
스포츠 의류 스포츠 용품 전자상거래 소매업,1
소고기돼지고기닭고기쭈꾸미,1
세탁중계,1
분식 카스테라 도너츠,1
화장품 건강기능식품 피부미용부자재,1
담배 음료 식품 잡화,1
수입의류및잡화,1
주류및 담배,1
화장품 건강식품 생필품,1
체육 태권도,1
만화책 음료 식사 맥주,1
의류 신발 이불,1
한복대여 사진촬영,1
등산용의류,1
유사의료업,1
의류직물제품,1
애견이용 용품,1
아나고 막창,1
축산가공,1
광택세차,1
도소매 채소,1
남성정장 및 악세사리,1
커피 음료 디저트 샌드위치,1
식품 음료 주류 담배,1
아이스크림 식품,1
커피등 음료,1
김밥 라면,1
양약 등 의약품 및 의료용품,1
발레교육,1
빈대떡 전,1
생선조림 탕,1
머리카락 컷트 염색파마,1
한식회낙지,1
차량용 블랙박스네비게이션썬팅각종악세사리케미칼류,1
과채건채,1
이불 토퍼 베개류,1
"식품,잡화,슈퍼마켓",1
소매(기름 고추),1
도시락샐러드 밀키트,1
안경렌즈 안경테,1
두발 미용업 서비스,1
스텐레스 파이프 환봉 앵글 외,1
사과 참외 배,1
자동차종합수리 자동차 재생 및 개조 개량,1
수산물젓갈,1
한식 아구찜,1
화장품 디퓨져 악세사리,1
호프  치킨 마른안주,1
동물병원 진료,1
전통식품,1
가공식품및과일류,1
의료치료서비스,1
가죽가방등 각종 소품들,1
제과 제빵 커피,1
자세조절운동 맞춤형운동 슬링운동재활교육 건강컨설팅 필라테스,1
일반 가공품 복권,1
한우 수입 한돈 계육 양념육,1
"란제리,속옷",1
수제비누,1
"숙녀복,스포츠의류",1
"떡류, 참기름 제조",1
오리구이 강정,1
약(양약),1
기타도서,1
김치 및 기타가공식품,1
"도라지,고사리 등",1
쇼핑몰,1
"도소매(과자,농산물)",1
담배일반식품세제잡화,1
약품 건강기능성 식품,1
등산복 용품 등산화 신발,1
반려동물의료서비스 및 용품소매,1
음료 과자 빵류,1
생선 도소매,1
찌개 생선조림,1
사주명리 커피 볶음밥음료기타,1
생활용품식료품,1
캔디류 쿠키,1
피부미용  화장품,1
골뱅이무침,1
소매 음식점업,1
커피및토스트,1
신선냉동 및 기타 수산물 소매업,1
한식 전자상거래 소매,1
빵과 도너츠,1
남성정장 겉옷,1
초콜릿 및 빵,1
커피 및 다류 카페창업,1
손톱발톱관리업,1
어린이 교육완구,1
의료엄,1
쌀 식자재,1
컴퓨터 모니터,1
번호키,1
교육 서비스업 필라테스,1
파크스크린써비스,1
호떡 국화빵 빙수,1
만화책 무협판타지 소설,1
유아내의등,1
칡뿌리,1
코피,1
문구 및 기타 소매품,1
건어물 식료품및일용잡화 건어물 담배,1
떡 한과 폐백 떡방앗간,1
떡음료,1
구강검진 및 치과진료 교정진료,1
김치곱창전골,1
농산물  과일등,1
바다회,1
청과물 야채 건어물,1
족발 완제품 판매,1
해동검도 서비스,1
쌀누룩 쌀누룩액소금 쌀누룩된장 쌀누룩고추장등,1
식료품 비식품 등 일반 소매점,1
장난감알씨카공구드론부품악세사리,1
돼지목뻐,1
회 퇴김 탕 구이 술,1
소고기  돼지고기,1
공산품및청과정육,1
커트 퍼머 염색  매직,1
돈정육소정육,1
유린기짬뽕,1
수산 젓갈,1
속눈썹연장펌피부관리,1
캘리그라피소품및 기타공예소품,1
볶음밥 리조또 한식,1
요가 스피닝,1
클라이밍 교육 서비스 및 용품,1
담배 식춤 등등,1
한의학적 진단 치료등 한의 의료일체,1
카오디오썬팅,1
음료 및 주류,1
식품류 빙과류 과자류,1
미용업 손톱발톱,1
한싟,1
매트시공,1
토익 토익스피킹 오픽,1
모듬,1
각종 반찬 젓갈,1
귀걸이 목걸이 등 쥬얼리,1
네일 관련 서비스업 및 네일 관련 제품 판매,1
안경선글라스,1
목욕장업,1
핸드메이드 악세사리,1
옷가방,1
뜨개실 뜨개제품,1
누룽지 아이스크림 커피,1
국수만두,1
식품유통업 슈퍼마켓,1
각종활어및수산물,1
열쇠 및 전기재료,1
의료기기의약품,1
킥봉싱 우슈,1
식육 닭고기,1
가주가방 핸드백 공예재료 소매,1
활어및어패류 냉동수산물,1
식품잡화정육,1
소고기  돼지고기 등,1
논술,1
생태코다리,1
농수축산 외 가공식품,1
철물조명,1
화장품신발,1
잡화신발,1
화장품바디방향,1
발판게임장,1
사진 휴대폰판매,1
생맥주 및 피자,1
피티니스,1
비누캔들디퓨져,1
피시방 휴게음식,1
주정이외의주류,1
뜨개관련 용품  액세서리 판매,1
독서논술,1
서비스 및 공간임대,1
수의업 애완용동물용품,1
음료및베이커리,1
치킨크림스튜,1
효소해독 찜질 서비스,1
바른자세운동,1
"완구, 유아용품",1
"도매및소매업(의류,이불,잡화)",1
음식업(베트남음식),1
야채과일식품,1
라면음료과자류 등등,1
화장품네일아트속눈썹,1
세탁 및 세탁물보관,1
자동차정비  부품 타이어,1
외국어교육서비스,1
각종 음료,1
보험진료 및 치료,1
자동차 정비 서비스,1
커피 음료류,1
파스타샐러드,1
해산물음식점 조개전골 갑오징어볶음,1
체육시설서비스,1
가전제품도소매납품,1
자동차경정비  타이어,1
어린이 블럭방  실내놀이터,1
화장품체형관리,1
요가필라테스 수강권,1
여자용개인마춤양장,1
도소매(털),1
기타 음식료품 위주 종합 소매,1
"흑염소, 닭",1
부인복,1
어망,1
서비스업 외(프랜차이즈 외),1
농축수산품 등,1
"화장품, 비누 등",1
음식료품 소매업,1
"감자, 고구마, 양파",1
핸드폰 및 기타소모품,1
체형관리 교정기,1
김밥 닭발,1
섬유 원단 실 및 기타 섬유제품,1
헬스 요가 에어로빅,1
꼬치구이  안주류,1
엔진오일교체 타이어교체 휠얼라이먼트,1
재활의학과 일반외과 한방과,1
식품유통 수퍼마켓,1
자동차썬팅 블랙박스 네비게이션 후방카메라,1
요가플라잉,1
세차정비,1
케이크 빵,1
김치 나물 볶음 무침 분식,1
의약품 의약외품 동물의약품 위생용품,1
여권 인물 아기 사진촬영 스튜디오,1
과일 및 밀키트 외,1
네일 미용업 피부미용업 서비스,1
독서학원,1
줄넘기운동,1
의료기 보조기,1
약 및 건강기능식품,1
식육 소매,1
철물 잡화 농기구,1
기념품 및 잡화,1
체육교습업줄넘기,1
건축사,1
상담 서적,1
건강식품 도소매,1
식품제조판매,1
이불손수제작 및 판매,1
태권도 도장,1
갈치 조기 병어,1
인물 사진 및 영상 촬영,1
초화류 생화,1
비빔밥 및 고기,1
커피의류 집화,1
배드민턴용품 스포츠용품,1
치과의료서비스 및 치과용품,1
조명 전기 부자재 및 실링팬,1
과자 아이스크림 음료수,1
정신건강의학과 진료,1
채소 화훼 기타 농산물,1
의복 및 신발,1
커피 수제디저트,1
샐러드샌드위치베이글,1
피자 파스타 리조또 브런치,1
육류 및 야채 과일,1
서적 책,1
헤어일반,1
화장품 및 미용기구,1
식료품 및 기타 소매,1
고구마 절임배추,1
벽지장판실내장식,1
국수김밥 만두,1
전기재료 철물,1
서비스 채력단련장업,1
김밥 떡볶이 돈까스 라면 우동 등,1
의류 소품 소매,1
김밥 비빔밥,1
스포츠등산의류스포츠용품,1
농어촌민박업,1
헤어펌 컷트,1
속눈썹손톱발톱네일,1
규동돈가츠,1
고급기성화 고급신발 송이버섯,1
"건어물,김,주류,식품",1
"도소매(견과류,농산물)",1
"양약, 한약",1
"약초,칡등",1
모자 상패,1
식사및회류,1
제조(압착식용유),1
떡 및 고춧가루,1
소매/견과류,1
"즉석반찬(김치류,젓갈류)",1
속옷 잠옷  의류,1
"멕시칸음식,또띠아요리",1
"가구, 무역업, 통신판매업",1
미용속눈썹연장,1
과자외 과일,1
전기조명기구전기재료,1
가전가구사무용가구냉난방기기업소용주방기구,1
식품및음료,1
업소용 냉장고 외,1
골프 용품 판매,1
음료 과자 담배 술 판매,1
커피 제빵제과,1
지중해식,1
집밥,1
체력 단련시설 운영,1
일반약 전문약 동물의약품의약외품건강기능식품,1
토스트 전문점,1
한식 옻닭,1
약국의료기기,1
합기도 교육,1
커피및음료제조,1
한의원 한방의료,1
삼겹살 생갈비,1
의약품약국,1
육류 야채류,1
아트상품 도서 그림 액자,1
진료 용품,1
가호방 찜질체험 겔마건강매트베게좌욕기겔마허리밴드무릎보호대겔마소,1
담배 주류 과자 일반상품,1
치킨 호프 안주꼬지류,1
해물 갈비,1
통신기기 컴퓨터 전산용품 등,1
애완동물  관련용품,1
가전외,1
손세차 광택 실내크리닝,1
주류 담배 포함 모든 상품,1
의족 의수 보조기,1
자동차수리서비스,1
필라테스 강의 교육,1
분식 및 즉석판매제조가공업,1
모발 컷  퍼머 염색,1
닌텐도 스위치 소니 플레이스테이션 콘솔 및 소프트웨어,1
계절메뉴민어홍어전어등,1
제과 제빵 및 음료,1
타올 우산 텀블러,1
김밥돈가스쫄면라면국수,1
돼지고기 숯불구이,1
빙수및 커피 음료,1
테니스 용품 및 스트링 교체,1
구두 스포츠레져용품,1
활어 및 생선,1
도예 제조,1
햄버기,1
침 뜸 부항 약침 한약 등 한방진료,1
돈까스카츠덮밥 이 외 파스타 면류,1
도배시공,1
짬뽕탕,1
못 피스 페인트 문손잡이 실리콘 드릴날 장갑,1
숯불갈비 떡갈비 해갈탕 해물찜,1
기름 등,1
생고기 육회,1
마용서비스,1
악기음향장비,1
양복제적,1
자동차 정비수리,1
컷트염색펌,1
란제리 양말 속옷,1
꽃 농수산물,1
여러가지 음식과 다양한맥주,1
세탁물공급업,1
모발 커트 펌 염색,1
무연  경유  등유,1
의류 및 잡화 / 곡물 및 건강식품,1
곡물(농산물),1
"농수산물,생필품",1
고추참기름양념류,1
한과옥수수,1
속옷 의류 양말,1
처방약,1
등산용 의류 및 신발,1
"신발, 스포츠의류",1
"열쇠,열쇠수리",1
제조(선식),1
커피 차 음식,1
화훼꽃류 모종 식물류 나무 묘목등,1
원예 화훼,1
서양식 음식 스테이크,1
닭꼬치 마른안주,1
삼겹살 및 계절음식,1
골프연습장 이용 및 레슨권,1
시뮬레이션 기기를 활용한 면허취득 및 운전연수 훈련프로그램 서비스,1
문구서적,1
청과및채소 기타식품,1
담배 및 식품 등,1
전 숙회,1
남여 의류 및 속옷 잠옷 내의 기타 의류 악세사리 등,1
감자튀김커피,1
기름류 각종제분,1
화장품피부관리,1
정육농산품생활필수품,1
필라테스수깅권,1
친,1
헤어  미용    서비스,1
곱창구이전골국밥전문점,1
라탄공예,1
참치및 초밥류,1
교육서비스  방수기능사 온수온돌기능사 철근기능사 건축도장기능사,1
음료 담배 제과,1
스위스가정식 라끌렛 치즈,1
순대곱창,1
해물찜 아구찜,1
유아용품 도서 완구,1
국밥곰탕,1
두발 위생,1
화훼재배 및 판매,1
생화 관엽 동양란 다워,1
대나무용품,1
재봉틀교육 재봉틀판매 원단및 부재료 판매,1
실내스크린야구,1
탈모약처방,1
수공예품제작판매 미싱교육,1
생활도자기외 도자기 원데이클래스,1
메밀전병 부침게,1
만물사,1
쌀한과옥수수산양산삼,1
유아반찬,1
한식 숯불고기돼지소,1
속눈썹 관련 서비스업 및 속눈썹 관련 제품 판매,1
참치판매,1
조명전등,1
막창구이 외,1
식료품 담배,1
커피 휴게음식업,1
커피 비알콜음료 빵,1
삼겹살갈비,1
임플란트 틀니 교정 보철치료,1
소갈비및한식,1
가방 의류 신발,1
농산물(마늘),1
침출차,1
"커튼,잡화",1
"도넛,빵",1
생활용포장및위생용품,1
"의류, 휴대폰",1
커피콩빵,1
소매(한식 수육 전자상거래),1
유아승용완구,1
소매업(서점),1
양곡 및 수산물,1
악세사리 의류,1
보건업지과의원,1
침구외소품,1
음료빵류,1
생활서비스,1
채식,1
팥콩,1
삼각김밥,1
기능성운동,1
심리상담 심리검사 부모교육,1
두발컷트,1
수공예품 패브릭소품 가방,1
간의음식,1
출판,1
정관장 홍삼판매,1
탕전문점,1
요거트 아이스크림 커피,1
신선식품 음료등,1
화장품 옷,1
홍삼 인삼 약초 건강식품,1
새우젓 젓갈류 건어물 생김 조미김,1
새우졋,1
유부초밥 쫄면 함박정식 돈까스정식,1
빵커피케이크,1
장어 고기,1
신발의류잡화,1
식자재 식료품,1
농산물축산물가공식품수산물,1
주류담배,1
의류여성용,1
소고기돼지고기소부산물,1
자동차정비 타이어 밧데리외,1
타이어배터리,1
아이스크림커피,1
꽈배기 빵류,1
백숙오리탕 갈비탕,1
유아의류용품내의,1
절화식물관엽식물,1
즉석제조판매부대찌개,1
의약품 의약외품 의료기기 등,1
공산품정육청과야채,1
도료도장공사방수공사,1
간판재료아크릴실사,1
인테리어자재전자상거래,1
간판제작,1
통신기기중고폰,1
의약품건강식품외,1
수입한우한돈닭계란밀키트,1
미술창작교육,1
호떡 옥수수,1
한식 양탕,1
커피 떡 김밥,1
생활용품의류잡화 등,1
각종 제철 수산물,1
가정용가구사무용가구업소용가구 전품목,1
주방가전철물문구,1
문구 사무용품 잡화,1
계절음식해산물위주,1
피부미용두피관리화장품도소매,1
육개장 곰탕 뼈해장국 감자탕,1
보청기 및 배터리 등,1
사라다 빵,1
치킨 햄버거,1
"도소매(우산,우의)",1
"문, 몰딩",1
편의점 생활용품,1
음료비알콜,1
벽지 비닐장판 기타지류 바닥재 리모델링,1
원목소품전동공구가구용철물외,1
보일러 판매 및서비스,1
커피및커피용품부재료,1
소고기돼지고기식사,1
모싯잎송편,1
도배 및 장판,1
여행상품 알선,1
수지,1
사진촬영 인화 액자,1
헬스장 이용권 피티수업권,1
빵 과자 마카롱 등,1
커피차과일,1
동물 서비스,1
의류 마스크잡화,1
음식토스트및음료,1
옷 가방 화장품,1
볼링장서비스,1
과일생활용품,1
"의류,신발,건강보조식품",1
건강식품 액화처리,1
자석소재,1
스텐레스주방기구,1
"백반, 뷔페",1
"도소매(땅콩,청과)",1
"도소매(비닐,잡화)",1
패류외,1
"손두부,국수",1
커피 베이커피,1
한의원 의료 서비스,1
출장음식,1
두부김치  알탕,1
전기수리,1
샌드위치 쿠키 구움과자 커피,1
한우 고기 비빔밥,1
문어전복,1
일식초밥롤 등,1
아동및 유아복,1
영어수업,1
칵테일,1
원단 및 침구,1
합기도장,1
게장 김치류,1
김치류 즉석섭취식품,1
한의료업,1
덮밥우동냉모밀,1
꽈배기  찹쌀도넛등 개,1
떡류 식혜 미숫가루 만두,1
한식김밥,1
미용두발업,1
초밥 우동 모밀 사시미,1
계란 두부,1
쌀국수 및 아시안요리,1
신발 여자용 겉옷 종합 소매업 신발 수리업,1
수의 의료서비스,1
포장판매음식점,1
화장품잡화싣품,1
속옷 의류 일용잡화,1
개인과외기타교습,1
호두파이 쿠키 케이크,1
공산품청과야채정육수산류,1
약판매,1
헬스 회원권 및,1
아동발달상,1
볶은곡물선식빵,1
농축수산물 기타식품,1
메이크업속눈썹펌,1
떡볶이 닭볶음탕 외,1
한식 커피전문점,1
베이커리 디저트 음료,1
한돈전문점,1
한우한돈 기타,1
족발미니족잘,1
아이스크림  음료수  과자등,1
서비스제공,1
벽지도배장판마루데코타일,1
치킨떡볶이찜닭,1
이유식아기반찬,1
떡국전통차,1
일반미용 화장품,1
통신서비스,1
잡화주류음료야채과일문구,1
딱새우,1
프랑스 전통 바게트 크루아상 유럽 전통빵 페이스트리 과자 커피 음료,1
체육시설업 복싱,1
감자가루 엿기름 등등,1
한돈  한우  수입  양념육,1
피부 바디관리,1
두발 미용컷펌염색,1
골프연습장 회원권,1
치킨떡볶이등,1
조명및전기자재,1
가전제품 및 부품,1
기공얼굴마사지,1
요양보호사교육업간호학원업,1
예술교육,1
빵 음료 커피,1
소매업(잡화(농수산물),1
"떡류, 제주특산품",1
돼지 한우 수입,1
"야채, 미역",1
"만두,떡",1
유아동,1
간장게장/반찬,1
"액세서리,잡화,의류부자재",1
치킨 새우튀김,1
수영복 무용복 의류,1
카페트커텐,1
차량용배터리외,1
한식 장어,1
오락장,1
냉동식품 선어 농산물,1
녹음실,1
기계 자동화,1
환자진료 예방접종,1
화장품판매 미용 염색약,1
음료수외,1
육류가공,1
커피 디저터류,1
검도 교육,1
여성용겉옷소매업,1
쌀국수월남쌈,1
네일악세사리화장품,1
애견미용서비스애견용품,1
인테리어필름,1
목자재 외 철 만물,1
지물 장판,1
복사 스캔,1
일반인쇄,1
광어회,1
홍게 및 해산물,1
물갈비,1
사진 컵 액자,1
건아물,1
참기름 들기름 고춧가루,1
스포츠기관,1
육류 소고기,1
속눈썹  속눈썹펌 반영구화장 분장,1
헬스 식품소분 판매업,1
골프공 및 악세사리,1
음료및제빵및 브런치,1
의류세탁서비스,1
공간임대무인키즈카페,1
"아동한복,생활한복",1
사과판매,1
정육(우/돈),1
"즉석과자, 강정아이스크림",1
소매업(미곡),1
"홍삼캔디,젤리,한약재,인삼",1
"젓갈, 생선",1
"콩나물국밥,칼국수",1
"새공재료, 케이스",1
"귀금속, 화장품, 시계",1
양약 의학외품,1
카페트인조잔디매트,1
조명기구전기자재,1
부리또,1
분식 튀김류,1
의약품 건강식품 의약부외품,1
세탁대행,1
꽈배기 찹쌀도넛 찹쌀핫도그,1
썬팅 블랙박스 등,1
블랙박스네비게이션스팀세차,1
장어 및 전복,1
빵류 과자류 및 당류 소매업 기타 음 식료품 위주 종합 소매업 및 위탁업,1
수제청 음료 샐러드,1
뜨개 소품 제작 및 판매 및 교육,1
피부관리 바디관리,1
도서 음료,1
중식 음식점,1
스포츠용품 및 스포츠의류,1
한의진료 한의의료시술 침 뜸 부항 물리요법 추나요법 약침 봉침 한약 등,1
"광고,판촉물",1
떡 기름 고추가등,1
의류 및 신발 세탁 중개,1
가발 미용,1
주방 욕실 붙박이장 건자재 소매 및 전체인테리어,1
커피 음료 디저트 베이커리,1
애완동물진료용품,1
수제 숯불꼬치,1
화쟁품,1
식육판매업 한우한돈,1
식품 주류 담배 잡화,1
의류 대여,1
피아노 및 음악교육서비스,1
이륜자동차도소매,1
소고기 돼지고기 내장,1
약품 의료기,1
두부 콩국물외 나물,1
면류 및 분식,1
헤어컷 염색 펌 두피관리 등 미용 서비스,1
도소매업(상품종합도매업),1
"닭, 장어",1
서비스업(의류리폼),1
닭강정판매,1
"슈퍼, 수입식자재",1
"광고,현수막",1
숙박(여관),1
민예 및 동양매듭(전통매듭),1
"도소매(의류),소매(담배)",1
음식료품외,1
볼트 피스 페인트 및 수공구,1
애완용품애완사료,1
건어물및농산물,1
의약품 의료비품 건강기능식품,1
미용소품,1
한식 일반음식점업 회포장 판매,1
치킨및 포차메뉴,1
의류 신발 악세사리 잡화,1
이불 베개 토퍼 수예품,1
전기전자 장비수리,1
네트워크 전품목,1
시계 도장 명함,1
보건업 한의원 한약 침 뜸,1
쌀 야채 식자재,1
슈트 드레스,1
짜장면 짬뽕탕수육,1
일식 스시,1
판넬공사,1
중국식,1
빵 쿠키류,1
피부타입별맞춤관리,1
독서교육 창의력개발,1
과자 및 아이스크림,1
공산품 및 식재료,1
꼬들목살,1
혼합음료김치절임식품즉석섭취식품신선편의식품등 반찬류,1
수재사탕 젤리초콜릿,1
버거 타코,1
커트 염색 펌 두피 모발관리,1
면류 밥류,1
기타 식품류,1
회와 초밥,1
통신공사,1
토목,1
민화,1
증류주 숙성옹기 주류 보관 옹기 도자기,1
창의력수학,1
칫솔치약 구강용품 마스크 홍보물 의료기기,1
그린상권서비스,1
커피차음료디저트,1
농산물잡곡외,1
제과제빵판매,1
튀김등 분식류,1
철물안전용품 생활용품건축자재,1
전동 레져 제품,1
세탁 중개업,1
소고기 돼지고기 닭고기 달걀 오리,1
의약품 건강기능식품 및 의약외품,1
양분식,1
피자 파스타 필라프,1
샐러드 샌드위치 도시락,1
돈까스 및 음료,1
건조기,1
기계공구제작,1
고무호스,1
마스크,1
타올우산잡화,1
광어물회 광어회,1
모듬회 모듬물회,1
브런치 팬케이크,1
생대패,1
아구찜 및 불고기,1
양약동물약,1
미용교육서비스업,1
구강진료,1
속눈썹 연장 펌,1
지물인테리어,1
와플음료,1
컴퓨터 일반사무및주변기기 소프트웨어개,1
공예 한복제작및대여 농산물 팝업북,1
한식 정육식당,1
경양식도서전시 복합문화공간인테리어 디자인,1
일반과내과소아과,1
일반공산품,1
건강식품 및 주방용품,1
관악기도소매,1
된장 간장 고추장 청국장,1
신발 옷 외,1
의약품 및 의료용품 의료용 기구,1
식품공산품농축수산물,1
음료 드링크,1
자수용실,1
건어물 및 잡화,1
장어국 비빔밥,1
"가죽가방, 액세서리",1
소 돼지 계육외 수입육,1
두부 콩나물야채,1
떡 조청 전통과자 등,1
식료품이불속옷,1
식품및의료기기,1
오리구이탕쌈밥,1
커피 음료 빵 간식,1
농산물 수산물 소매,1
생활잡화포함의류가방등,1
이용업 헤어,1
음료과자빵라면 등등,1
유사한  품목,1
헬스권 권,1
컴퓨터휴대폰,1
음반음악제작업,1
수산물 식품 잡화,1
과자 옥수수 고구마 떡 두부 등,1
해산물 음식,1
갈치구이,1
농산물 축산물 가공식품 음료 등,1
외과의원 외과적인 수술 및 치료,1
"한과, 농산물, 식자재, 건어물",1
소매업(건강차),1
"간이음식점(커피, 음료)",1
그릇도소매,1
소매업(가구및생활용품),1
"잡화,모자,가방,",1
"도소매(컴퓨터판매),서비스(컴퓨터수리)",1
즉석두부 제조업,1
농산물 축산물 수산물 가공식품 가정용품 등,1
용달,1
베이글 커피,1
식가공품,1
교육 운동,1
화장품 효소제품 찜질,1
고추 기름 등,1
한방의료및 의료서비스,1
순대볶음  치킨,1
라멘돈카츠,1
동물위탁관리업,1
회계,1
헹정서비스,1
김밥 등 분식류,1
서적 기독교용품,1
음악 학원,1
제과 제빵 카페,1
유아동복소품,1
참치회 연어회,1
냉동수산물 건어물,1
가구 및 맞춤가구,1
육개장 샤브샤브 마라탕 중식,1
등산의류 및 용품 안전용품,1
스포츠용품 의류 등산 레저 신발,1
인삼산업법 제조 제호에 따른 홍삼과 홍삼제품,1
도시락 및 수산물,1
의류매장,1
건강기능식품 홍삼 및 홍삼제품,1
홍삼및홍삼제품 꿀 비누 치약 기타세제,1
커피등 디저트,1
건어물 옷,1
노래연읍장,1
샤브샤브 막국수,1
과제점 과자 빵류 공방,1
축산문청과얌념육잡화주류,1
농산 가공,1
가족사진 인물사진 촬영,1
곡물 튀밥,1
기타중고상품소매업,1
돼지고기소고기닭고기등 육류,1
열쇠 인쇄,1
헬스 운동 교육,1
빵 케익 쿠키,1
자동차광택및흠집제거 전깅토바이수리,1
인삼홍삼꽃,1
광고물간판,1
층간소음매트 애견매트 유아용품  기타완구,1
옥수수토스트,1
한우  돼지  수입육,1
스포츠의류기타의류남성의류,1
세타 중개업,1
수련원,1
커피 및 제과제빵,1
간호조무사 학원,1
휴대퐅,1
등산복 등산화 안전용품,1
램프조명장치,1
등산의류 및 스포츠용품 등산화,1
의류 액세서리 스포츠용품,1
치킨통닭,1
철물 전기 열쇠 도장,1
골뱅이 통닭,1
컷 펌 염색,1
운동강습권,1
동태찜,1
이불등,1
미싱 의류 소품,1
목욕탕찜질방,1
패브릭소품지계자수제품관광상품굿즈제작,1
생맥주및 칵테일 일반음식,1
한식한우전문,1
도너 음료 커피,1
"만두,빵류",1
"소매(건어물, 두부, 콩나물)",1
핸드폰수리업,1
계육외,1
컴퓨터 판매 서비스,1
음식점업(칼국수전문점),1
"건축도배실내장식도장도료,자재도매",1
당류 소매업,1
"한복,수선",1
기타미용업네일아트속눈썹 피부미용업,1
기능성 보정속옷,1
정장 셔츠,1
피아노버아올린우쿨렐레플룻 교육,1
식품 가정용품 생활잡화 애완용품 의약품 건강기능식품 담배 등,1
문구교구전산용품잡화 외,1
식육즉석판매가공업 야채 청과 수산,1
홍삼및홍삼제품 꿀 잡화,1
커피 전문점 커피용품,1
보존보철임플란트교정,1
마트담배,1
서비스 각종 헤어에 관련된 제품,1
의류침구신발카페트,1
머리국밥암뽕국밥,1
자동차급정비,1
도시락  카페,1
의류 등산용품 및 신발,1
스포츠 의류남녀골프,1
골프웨어스포츠의류스포츠용품,1
낙곱새 갈비찜,1
의류 용품 등,1
철물 및 전구,1
일식회초밥식사류,1
닭칼국수 염소탕,1
한돈왕갈비,1
양고기 삼겹살,1
유아동의류 출산용품,1
열쇠 도장 철물 전기,1
의약품 의료기기 의료용품,1
화장품 도매 및 소매업,1
커튼 스포츠용품,1
스포츠 아웃도어 의류 캠핑레저용품,1
웨딩드레스제작대여,1
네일업종,1
김밥 주먹밥 떡볶이,1
철물가정용기기수리,1
야채  과일  정육  수산  공산품 등,1
한우한돈수입육청과야식품잡화,1
편의점 식품 잡화 복권 담배,1
카페 와플,1
치킨제조,1
농수산물 축산물,1
포케샌드위치,1
라라코리아 부스터앰플,1
커튼 블라인드 중문 시스템에어컨 가전제품 등등,1
잠옷 악세사리,1
자동차 전선 조립,1
의류 세탁 및 기타,1
"튀각, 부각",1
썬팅 자동차용품,1
한식 찌개,1
김치 젓갈류등,1
한식코다리,1
실내 골프연습장,1
컴퓨터학원 코딩,1
식품 잡화 문구 및 사무용품,1
라탄 공예품 기타교육서비스,1
자전거 및 용 부품,1
화장품의류기타섬유직물및의복액세서리피부네일아트메이크어,1
베트남쌀국수 볶음밥 덮밥,1
빵 케익 샌드위치 베이커리,1
에어건 설치 및 수리 세척 관리,1
정과 야채,1
골프용품 및 홍보물,1
한식기와,1
파충류카페 분양 용품판매,1
심리행동상담,1
홍삼 홍삼제품 꿀 비누 즉석판매제조가,1
미용실 화장품,1
합기도교육서비스,1
피부미용화장품판매,1
건강기능 신발,1
반판,1
조기 갈치  등,1
"건강원, 출판",1
음식점(국밥),1
판촉물 작성,1
소매업/양약,1
"가구,침구류",1
컬러미용화장,1
정육점 식품잡화,1
기타 과 채 가공품,1
벽지및장판지 경미한공사 목공사 난방필,1
가구 경미한공사 석재,1
체력단련 시설 제공 트레이닝,1
빙과류 과자류 식품류,1
생과음료,1
김치고기주류,1
정육식품잡화,1
청과 야채 공산품,1
배달전문,1
악세사리 및 천연비누,1
공업계기,1
스포츠용품 신발,1
일반의약품 건강기능식품 동물약품,1
아이스크림 커피 음료,1
타이어교환 및 자동차정비,1
한방진료 한약제조 한방치료 한방의료서비스,1
돼지한우육계잡화,1
실내놀이터 및 스포츠용품판매,1
생선고등어,1
치아교정업,1
직업교육학원,1
컴퓨터 주변기기 모니터,1
닭꼬치 및 닭고기 가공품 기타 음식류,1
생활용품및 일반 농축수산품,1
음료외디저트,1
생필품류,1
여성복 등,1
자연산회,1
염색 커트,1
한방내과한방부인과한방소아과한방이비인후과 외 진료,1
서적 대여,1
과일 야채 기타,1
체력단련 및 피트니스 관련 서비스,1
카츠동,1
스테이크파스타,1
철물 전기재료 공구 청소용뭄 생활용품,1
현수막 기념품,1
장갑 일용잡화,1
전구 램프 및 조명장치 도매업,1
실내 스크린 골프 연습장,1
씽크 가구 외,1
의약품 건강기증식품,1
커피자동판매기,1
일반의약품전문의약품건강기능식품건강식품위생용품,1
교육 공예,1
보쌈족발부대찌개,1
사진촬영인화,1
이불 한복 침구,1
미용재료 싱크대,1
포목 침구,1
광고 대행 화장지,1
현수막광고기획,1
담배식잡,1
조립식 앵글,1
참숯구이전문점,1
영어수학교육 서비스,1
분시,1
의류 및 스포츠웨어,1
커피 담배,1
커피 케이크 쿠키 빵,1
해장국 양꼬치,1
파스타 소스,1
"초밥,닭강정",1
타일위생금구건재,1
"소매업(가방,잡화,악세사리,세제,건강보조식품)",1
푸드음식,1
떡갈비 삼계탕,1
전통주추성주 제조업,1
숯붗갈비,1
휴대폰 및 유선상품,1
낙지전골 흑대지삼겹살,1
김밥류 분식 식사,1
샐러드포케키토롤등,1
떡 판매,1
구제 악세사리 신발 가방 모자 양말,1
베이커리오븐,1
홍보물제작,1
인쇄 판촉물,1
방문요양 방문목욕,1
복사 출력 제본,1
보건 위생및 의료약품,1
간호조무학원,1
식자재 담배,1
일반가구 건자재 경미한공사,1
건어물 잡곡,1
애견카페,1
"제주고등어, 메리야스, 양말",1
조제 조미료,1
서비스업(국내여행및국외여행),1
욕조,1
"떡류, 기름, 고추",1
"농산물, 차",1
"편의점, 과자, 음료, 도시락 등",1
카퍼,1
삼겹살 오겹살 가브리살 목상,1
단체복안전용품일용잡화 도소매,1
전복 활어,1
활선어전복패류,1
슈퍼마켙,1
옷수선 세탁업,1
고기피자피쉬,1
흑염소탕 수육 등,1
횟집회 및 해산물,1
드레스 메이크업,1
메이크업 헤어업스타일,1
곱창막창양,1
보쌈생선,1
차량대여서비스,1
김치절임식품조림류신선편의식품즉석조리식품간편조리세트등반찬류,1
식품 공산품 등,1
세탁 및 다림질 드라이클리닝,1
커트 파마 등,1
효소도라지청 발효도라지진액도라지정과 효소도라지생강청스틱대추효소,1
대나무 공예품,1
도자기및등등,1
탁구서비스,1
관리,1
휴대폰케이스 악세사리 잡화,1
한복 및 주단,1
생화 초화 꽃다발 꽃바구니 화환 관엽 화분,1
의사,1
빵류 과자류 케이크류,1
식품(액상차),1
자전거 자전거스포츠용품,1
생화 분화 토피어리,1
휴게음식점 떡류 곡류가공식품,1
실리콘페인트,1
커피 생과일쥬스,1
음식 삼겹살,1
피부관리밎 화장품,1
풀빵,1
과일채소밀키트건어물,1
차량용 엘피지충전,1
과일 야채 식품 잡화 수산물 건어물 밀키트,1
반려용품 가방,1
김밥 국수 떡국,1
밥 식사,1
식품자동판매기영업 식품 잡화,1
치킨 기타안주류,1
사무가구,1
세탁크리닝,1
운전면허학원,1
음식점(찜닭),1
생선 기타 수산물,1
직화껍데기구이,1
분식 즉석떢복이,1
조미김 반찬,1
얼굴 바디관리,1
두루치기 닭볶음탕,1
주얼리 공방,1
커피전문점 디저트,1
화장품 에센셜오일 잡화 아로마테라피,1
화훼 절화 화환 관엽 동서양란 에코화환 등,1
의령망개떡,1
연어및육회,1
공구바퀴,1
차량썬팅 블랙박스 네비게이션등,1
금속류 가공 스텐 갈바 절곡파이프 벤딩외,1
일식 분식,1
미용서비스헤어,1
나노블럭,1
농수산물가공식품잡화,1
달도리탕제육볶음,1
활어회해산물,1
양약의료용품건강기능식품화장품의약부외품,1
"가구, 의자",1
스포츠용품의류,1
"곡물, 미숫가루",1
"잡화,타올",1
아이스크림슈퍼,1
"야채,젓갈",1
건강식픔,1
"건어물,양념젓갈외",1
보세신발,1
옷소매,1
두발 미용서비스,1
돼지소닭,1
건강식품음료식품,1
헤어관련서비스,1
국밥 외,1
전신피부미용 스킨케어바디케어,1
가공식품담배주류,1
헤어에센스,1
축산 과일,1
키즈카페업 과자류 소매업,1
김밮,1
농축수산물 식자재,1
케이크 커피,1
사격 양궁,1
돼지고기 숯불,1
식품류가공식품 음료 스낵 즉석식품 생활잡화 담배주류 등 편의점 판매상,1
피부관리업,1
일반미용염색건강기능식품,1
커피 음료 디저트 사진 공방,1
도서문구펜시기타,1
밀가루체험,1
주류 담배 가공식품 일배 생활잡화 농축산물,1
식육식품잡화,1
안경테 렌즈 콘택트렌즈,1
디지털골프연습용품 인버디,1
충전기,1
삶은 옥수수,1
의약품 건강기능식품 의약외품,1
피븨미용,1
숙박 및 음식판매,1
기념품 굿즈 및 블럭 악세사리,1
화장품비누 방향제,1
혜어미용,1
완구 삼천리자전거 스포츠용품,1
쥬얼리 귀금속,1
건어물기타잡화,1
양약  의료기기,1
할인매장,1
제과제빵음료,1
메이크업속눈썹펌 연장,1
실내건축및방수공사,1
장애인용품,1
미용업네일,1
연습실,1
축산물청과야채양념육잡화,1
국밥 및 삼계탕,1
기념픔답례품,1
의료 보건,1
식용잡화 건어물 담배 소매점,1
앵무새체험,1
김찌찌개,1
한식밥상,1
커피 수제 음료 스파게티 라면 볶음밥,1
학원생 강의,1
김치마른반찬,1
자동차전문정비세차,1
활어및 해산물 선어,1
애완동물치료 애완동물미용 애완동물 용품,1
의류신발가방 등등,1
정기권 시간권,1
커피 칵테일,1
스터디카페  강의  상담 코칭,1
의류 판매 및 악세사리,1
커피누룽지,1
여성 겉옷,1
돈까스 및 기타 사이드 메뉴,1
교육서비스 심리상담,1
토스트 및 음료,1
수영용품,1
문구 전산 도서사무용가구,1
전기매트 온수매트,1
교육서비스업 음악교육,1
피자파스타샐러드,1
자동차관련용품카오디오,1
참치초밥탕,1
햄버거등,1
공중 보건 의료업,1
커피브런치,1
피자스파게티,1
건어물   건조된  농 수산물,1
갈치전복문어고등어낙지조기임연수새우등 생선 및 어패류,1
한의약품,1
소돼지닭양념육,1
돼지껍데기 닭발 전,1
생닭 및 절임식품,1
중고책,1
콩나물국외,1
두부묵곤약 고추장된장쌈장,1
아구찜 아구탕 코다리찜,1
황태 병어 갈치정식,1
빵 커피 등,1
타이어경정비,1
치킨 앤 쪽갈비,1
판촉,1
카스킨광택유리막코팅카오디오시트시공스팀세차,1
안경 건강기능식품일반판매업,1
도매 및 소매업 가구 중고가구 붙박이장 식탁 소파,1
동물진료 처방사료,1
빵류 및 음료,1
복싱권투,1
키즈카페 및 간식류,1
미용토탈서비스,1
미술클래스,1
의류신발악세사리가방방향제,1
커튼침구류가구,1
피부과 화장품,1
등경유,1
피부관리화장품두피관리 등,1
담배세탁,1
국밥숯불고기,1
생활용품식품음료수담배,1
컼피,1
가정용 의류 등,1
삭물,1
라면 떡볶이 치킨 커피음료,1
게임기 및 소프트웨어 판매,1
골프연습장 골프용품,1
커튼블라이드,1
마사지업,1
계란 김치,1
침구앞치마러그실내복실내화,1
식품 식자재 잡화,1
닭 오리 게란,1
치과진료구강보건용품,1
식품 및 기타잡화일체,1
홈패션 침구류 커텐 페브릭식탁보,1
한우한돈정육,1
반찬 김치류,1
슈퍼마켓 세계과자 잡화 건강기능식품,1
"좌훈, 서비스",1
소매업(전기용품),1
치즈떡볶이라면 치킨,1
떡 미숫가루 고추,1
청소용품 외,1
일상소매물품,1
피부관리업 교육강사,1
기타신선식품 및 단순가공식품소매업,1
코딩,1
스키강습,1
안경 잡화,1
댄스공연 이벤트,1
헬스기구 및 유산소 운동기구 이용,1
미용업화장품토탈미용교육,1
서적 문구 팬시 판촉물 잡화  도서관,1
통신 방송장비 및 부품,1
치과진료일체,1
치과시술   레진,1
메리야스 양말,1
잡화식료품음료과자과일야채,1
캐시미어,1
오징어볶음닭발,1
잠곡,1
포장재료 비닐,1
김치전골,1
"도소매업(중고의류,잡화)",1
"민물고기,장어",1
쌀등,1
속눈썹영양제 화장품,1
"슈퍼마켓,육류",1
내과 등,1
미용화장품네일피부미용,1
양약 및 건강기능식품,1
음식 또는 주류,1
뼈다귀 해장국 감자탕 뼈찜,1
오키노 베이포레소 벱티오 아스파이어 긱베이프 베놈 헬베이프 등 전담기,1
유아옷 유아용품 출산용품,1
요거트 전문점,1
힌방병원,1
미용업서비스,1
빵 음료 과자,1
의약품 및 의료용품 소모품,1
사우나쿠폰,1
안과 검진 등,1
중식요리,1
이베리코고기 한우 한돈,1
의료기기건강기능식품화장품,1
안경테안경렌즈 콘택트렌즈,1
내의및란제리양말,1
건어물 밀키트,1
자동차부품 크리닝,1
건축외장및조경자재,1
"예쁜글씨대행, 수강",1
인쇄 책 명함 봉투 스티커 달력 다이어리 각종인쇄물,1
"세차, 광택",1
불교용품 잡화,1
"생활잡화, 식품",1
기계수리,1
파크골프용품 및 신발,1
흑염소음식,1
유기농 친환경 식품과 건강식품,1
태권도장 서비스업 유초등 성인 취미반 운영,1
안경 안경렌즈 선글라스 및 콘택트렌즈,1
필라테스 교육 서비스,1
아이스크림 및 음료,1
한식  오징어불고기,1
식품즉석판매가공,1
메이크업미용일반손톱발톱피부,1
치킨 피자 파스타 필라프 튀김 및 안주류,1
서적및문구,1
서비스 두발미용,1
커피빙과류,1
음식료품등,1
가정 용  직물제품 소매업 전 자상거래 소매업수면교육,1
자동차용품 선팅,1
외형복원 광택덴트,1
아크릴 포멕스외  레이져 가공  현수막외 인쇄물 출력,1
식품베지밀 라면  맥심커피 과자 잡화 등,1
커피디져트과일주스,1
문구류 인테리어 소품,1
아이스크림판매,1
제과제빵등,1
커피차주류,1
동물미용업 애견용품 동물위탁관리업,1
철물 공구 배관자재 경미한공사 청소용,1
서적 교육용씨디 비디오 문구 자료처리,1
치과병원 의료보호,1
흉부외과 정형외과,1
의약품 및 의료용품 소매업 의료기기,1
통신기기 통신판매,1
의약품 의료용기기 기구 수의업,1
내의류스포츠의류,1
떡볶이튀김순대 등,1
토스트  커피,1
에어콘부품,1
자동차 정 비,1
한식 및 도시락,1
빙과 과자 완구,1
필라테스요가바레필라테스,1
현수막제작 및 광고,1
자동차 정비 전문점,1
세차전문점,1
헤어시술및 헤어제품판매,1
카페 휴게음식점,1
문구소품,1
문구 소품,1
냉동수산물 건어물 곡물 가공식품,1
컷트및펌,1
축산 식품 야채 잡화,1
교육서비스태권도,1
미요멉,1
닭고기 냉면,1
칼국수 보쌈,1
문구 공예품,1
식잡 외,1
치킨판매업,1
탕튀김,1
심리상담 등,1
화장품소매 등,1
아구찜 전 애호박찌개 동태탕,1
갈치 생선구이 한치,1
생선조림 옻닭 옻오리,1
코인세탁방,1
원목가구 원목소품 원목도마,1
의약품건강기능식품 의약외품 의료기기,1
고철,1
돈까스 전문점,1
음식해산물고기 등,1
검도운동,1
화훼 화분 프리져브드 등,1
화초 생화 식물,1
회 계절음식,1
농축산 가공식품 판매,1
이비인후과내과,1
붕어빵슬러시,1
커피 음료 및 양갱,1
현수막 배너 간판 리플렛,1
돼지국밥류전골볶음류,1
굉고디자인,1
목재 합판,1
의약품 밎 의료용기구,1
어항 관상어,1
헤어 파마,1
양꼬치 양갈비 훠궈 중식,1
태권도 지도,1
즉석 두부,1
농기구 제조및 수리,1
타이틀리스트,1
시설업,1
타올소매,1
배드민턴 용품 판매,1
유아용품카시트및 유모차 출산용품,1
문구 음료 사무용가구 전산용품 과학용품 청소용품,1
커피  샐러드,1
기념품 판촉물 명찰,1
광택썬팅,1
곡물 및 농산물,1
전산용품외,1
골프연습장 스크린,1
도배 장판 인테리어 잡철 목공인테리어,1
컴퓨터 및 주변 기기,1
가정용 직물 소매,1
성형시술,1
내과외과정형외과,1
안경 렌즈 보청기,1
소고기 돼지고기 등 육류,1
차 및 디저트,1
주빙기구,1
블록교육학원,1
생활편의상품및간편식,1
커피 와플,1
종합철물 안전용품 안전표지판 냉난방기외에어컨항온항습기,1
네일미용 서비스재료,1
밸리댄스 스포츠,1
도시락외,1
체역단련,1
떡볶이치킨,1
기타 미용업네일,1
세탁대행업,1
팥죽 칼국수 등,1
가스보일러기름보일러외,1
시계및 귀금속,1
신발 오솔틱인솔 스포츠용품,1
안겻,1
내비게이션 수리 및 판매,1
생화관엽식물,1
애완용품및애견미용,1
피부미용속눈썹 왁싱,1
안경선글라스렌즈,1
도시락디저트케이터링,1
"떡(제조,판매)",1
"가전제품,조명,전기재료",1
한식(닭갈비),1
"전, 해산물",1
백반(음식점),1
식품잡화 및생활용편의서비스,1
잠옷속옷,1
생선화 매운탕,1
계란및생활용품,1
용품 진료,1
교욱서비스업,1
언어재활 미술심리재활 감각통합재활,1
식품 잡화 농수산물,1
밤 대추 곶감 등 잡곡류 등,1
낙지 쭈꾸미,1
갈비삼겹살,1
침구커텐,1
생활용품 냉동식품,1
의약품 의약외품 건강기능식품 동물용의약품 식품,1
의,1
안과의료,1
에어컨제습기,1
신반,1
"애완용동물용품,애견미용",1
"PC방,분식류",1
홍삼제품 및 기타,1
"식용유,농산물",1
향신료,1
"양산,우산",1
신발 및 가방,1
옷 (의류),1
가전제및 기타 가정용 기기,1
음악서비스업,1
머리카락컷트,1
화장품 및 미용기자재,1
건어물 및 농산물,1
식물 및 꽃 생화,1
농약 비료 소매업,1
떡 농산물,1
식육정육점 양념육류,1
분식 김밥 오뎅 관리 거리가게,1
칸막이공사,1
빵 음료 청,1
청과 야채 공산품 주류 외,1
야채 공산품 쌀 수산 외,1
헤어염색헤드스파,1
정육 및 야채청과,1
세탁방,1
원서 대여,1
스포츠마사지,1
증명여권 취업사원증사진 커플사진 프로필사진 가족사진,1
계란 과일,1
오토바이 수리및 판매,1
의류  신발  모자 가방,1
냉동수산물 선어 해물,1
꽃 화초,1
냉장닭,1
남성복 여성복,1
육륙,1
자동차 타이어 정비 등,1
식품류 잡화류 농산물,1
안경테선글라스안경렌즈콘텍트렌즈,1
기계 및 장비,1
음식료품 등 종합소매업,1
굴요리,1
와칸천연염색 푸드천연펌두피관리등,1
칼국수 쭈꾸미,1
네일주얼리,1
채소과실및 뿌리작물,1
커피집,1
놀이교구 및 놀이기구,1
예체능교육활동서비스,1
헬스단련,1
축산물정육마트,1
아동의류외,1
헤어 컷  펌 등 시술 서비스제공 및 헤어제품 판매  미용실,1
주물럭백숙조림,1
기독교백화점,1
꽈배기 붕어빵,1
미술공방 체험권 미술용품,1
정육점 소매업,1
일반 생필품,1
피부 네일,1
코다리조림코다리갈비조림동태전골갈치조림,1
식품가공기계,1
도소매 식자재,1
자전거 및 부품,1
기타상품 화장품,1
파스타 스테이크 피자,1
운동용품 골프공파크골프용품,1
건강 식품,1
의류 신발 악세사리류,1
섬유원단실및 기타섬유제품,1
양식류,1
골프욤품스포츠,1
씽크대 신발장,1
선구용품,1
국내산 소고기,1
모둠회,1
미용헤어제품,1
비즈공에수경식물소품,1
포차메뉴,1
생선회참치연어회등,1
채소 과일 농수산물,1
음료및담배 편의용품,1
미용헤아,1
생화 식물 부케기프트 공방 기타공예,1
당구 써비스,1
상추양파 계란,1
의류잡화 가발,1
의류 가방 잡화,1
씨앗 잡화,1
한식밀키트,1
사료영양제미용진료,1
담배 문구,1
안경 써비스,1
커피가공제조컨설팅,1
자전거 백화점,1
생활잡화캠핑용품식품,1
"한복, 개인맞춤한복",1
수도밸브,1
농수산특산물,1
김치식품,1
남녀용 겉옷 의류,1
"소매업(과학기기,공예품)",1
"커텐,이불,의류",1
이불 원단,1
횟,1
폐쇄회로,1
생황잡화,1
애견미용및용품,1
주류및안주,1
주류및 안주,1
체력단력,1
실내 인테리어벽지장판목공타일류 등 및 컨설팅,1
한방의료 서비스,1
선지국밥 한우 암소,1
컷트 펌 염색 헤어클리닉,1
삼겹살김치찌개애호박찌개제육쌈밥쭈꾸미삼겹살대패삼겹살등,1
커피음료류,1
아이스크림 빵 음료 과자,1
줄넘기교습,1
식품및 음료,1
태권도 수련 줄넘기 수련 유초중고 성인반,1
잡화 식품,1
육류 해산물,1
안경선글라스콘텍트렌즈,1
팥죽호박죽콩국수바지락칼국수황태칼국수만두김치,1
수영교육,1
뜨개방 잡화,1
애견미용 교육서비스,1
커트 파마 염색 매직 클리닉 헤어제품판매 등,1
헬스 회원권 및  수강권,1
과일야채우유,1
한식  한우 한돈  구이류,1
세탁관련 일체,1
마라탕 마라샹궈 꿔바로우 계란봌음밥 미니전,1
떡케이크 도라지정과,1
유제품 및 공산,1
음료주류생활용품등,1
웨딩드레스  웨딩컨설팅,1
식탁 및 주방용품 그릇종류,1
연마,1
건설용기계,1
방송기기,1
건편식외,1
일반외과,1
애견진료 및 애견용품 판매,1
문구 팬시 잡화,1
카셴터,1
한우 한돈 축산물,1
갈치 고등어 등,1
강정 김밥튀김류,1
학원교육,1
국밥 등 요리,1
고기주류,1
청과 정육,1
튀김 및 탕류,1
시각디자인,1
우드공예소품,1
노래연습기계,1
학생교복,1
동물용품 동물의료서비스,1
국내산 농산물 축산물 가공식품 등,1
의료 한방의료,1
철물외,1
약의료용기구,1
스포츠웨어 신발 악세사리,1
밀본,1
비뇨의학,1
음료 및 과자 생활용품 등,1
도서 소매 휴게음식,1
아웃도어의류수영복스포츠용품,1
피부미용서비스화장품소매,1
미용제품  화장품,1
네잉,1
커튼블라인드등,1
어린이반찬도시락,1
제육볶음생선조림,1
대구탕대구뽈찜,1
국밥  제육볶음,1
언어치료 음악치료 놀이치료,1
미용 헤어메이크업,1
줄넘기신발 줄넘기티셔츠 줄넘기,1
기타 소매품,1
가전제품이불전기 온수매트외 주방생활가정용품,1
차 및 차용품,1
임플란트 등,1
의류 잡화 기능성식품,1
김밥 분식 밀키트,1
음료및 케익,1
의류 신발가방,1
한식 및 커피,1
커피 등 음료,1
채소청과수산물,1
보건업 안마원,1
사진촬영공간임대사진강의,1
청소대행,1
반찬가게 한식,1
의류 판매,1
국산 수산물,1
사주 타로,1
깐풍기,1
실내장식용품실내인테리어싱크대,1
해당 없음,1
태권도축구농구트니트니암벽등반,1
타이어배터리엔진오일외다수,1
한우 수입소고기 정육식당,1
찜질방가정용사우나열선,1
경유,1
인쇄 복사 제본 외,1
생활한복의류,1
필방표구,1
음료 음식 가공품,1
생선조림 갈비찜,1
생태탕 및 찌개류,1
한우생고기상겹살,1
간판인쇄 이벤트행사 기획 광고제작,1
가위 바리깡 및 정리도구,1
학원 서비스,1
두부 계란 건어물,1
"견과,건어물",1
"소매업(이불,방석)",1
선식차곡물,1
까눌레(디저트) & 커피,1
펌 염색,1
햄버거치킨페스트푸드,1
고기면밥,1
한우생고기구이,1
주방대여,1
오리갈치병치조림,1
일반 소매,1
의류용품,1
헤어제품 건강보조식품,1
애스테틱 피부관리,1
네일품목,1
피자 치킨 맥주,1
마카롱 머랭쿠키 견과바 오란다 등등 수제간식,1
커피잡화,1
건강보험 자동차보험 산재보험 침 뜸 한약 한의진료,1
영어책,1
생필품식료품등,1
한우고깃집,1
"소매업(커튼및천막,카페트)",1
목재류,1
의료기기 전기뜸질기 건강기능식품 화장품,1
파충류및 용품,1
침구 수예 잡화,1
음식소매업,1
음식점업(일반음식점)(피자),1
"가방, 의류, 잡화",1
치킨집,1
물고기 해물종류,1
냉면국수탕수육,1
타이어자동차부품자동차수리,1
한식애견간식,1
속눈썹펌 네일,1
목재합판기타건축자재,1
된장 간장,1
한약 양약 건강식품,1
중개,1
귀금속 시계 전자상거래,1
농약종자비료종묘,1
기타스포츠,1
애완용동물관련용품소매미용,1
음식료품 등,1
실내수영장,1
젓갈반찬 관리 거리가게,1
국밥 감자탕,1
주방용품 및 인테리어,1
조화 공예품,1
파스타 피자 필라프등,1
꼬막무침,1
뼈해장국 감자탕 우거지해장국 간장뼈찜,1
콩국문어강정국수류도넛류,1
홍삼 및 홍삼제픔,1
소곱창돼지막창,1
홍삼 및 기타,1
건어물 토산품 판촉물,1
애견미용 아로마공방,1
양약 의약외품,1
가정의학과 소아청소년과 내과 피부과 이비인후과,1
애견용품 애견미용 의류 악세사리,1
붕어빵 와플 분식간익,1
당구 서비스,1
한우 한돈국내산,1
그룹레슨 개인레슨 티셔츠 바지 보호대,1
커튼 및 천막 카페트,1
어린이 장난감,1
파전 전류 막걸리 등등,1
혈압계 혈당계 허리보조기 안마기 물리치료용품 의료기기외,1
속내의류,1
화장품 생활도자기,1
떡 기름 미숫가루 고추 등,1
절임식품 제조,1
생활도자기제조판매,1
헤어 염색 파마 컷 외,1
커 피,1
편의점식품담배,1
한식 튀김,1
식물생화,1
언어재활 상담,1
피부테라피,1
피부미용체형관리,1
음식료품위주,1
염색전문점,1
슈펴마컷,1
의약품 건강식품  의료용구,1
합기도특공무술,1
육류 식육즉석판매가공업 슈퍼마켓,1
남성커트,1
식음료및 제과,1
의류 속옷 양말,1
썬팅 유리막 블랙박스,1
커피수제차과일주스주류베이커리피자케익쿠키등등,1
가구 그릇 소품,1
원목가구,1
"김, 누룽지",1
삼겹살생고기갈비살육회,1
공산품농산수산,1
떡류식용유지류,1
반찬도시락,1
꼬치구이 및 탕 볶음 특선류 마른안주,1
스케일링 충치치료 보철치료 신경치료 잇몸치료 사랑니발치 임플란트,1
조화 및 인테리어소품,1
깨 고춧가루 잡곡류,1
해물문어전복등,1
식품 공산품외,1
타이어 밧데리,1
필라테스요가 밸런스 체육,1
셀프 사진관,1
생화 화초,1
돼지생갈비양념갈비오겹살,1
호두 과자 전문점,1
애견용품사료간식,1
가스보일러 기름보일러 렌지후드 가스렌지 전기렌지,1
의료기기구강용품,1
개인 및 그룹 운동지도,1
한식설렁탕,1
"두부,떡,묵",1
식잡송이버섯담배,1
감치절임식품,1
"참기름, 들기름, 고춧가루",1
"생선,기타수산물",1
"빙수, 붕어빵, 커피류",1
짬뽕집,1
"공구,기계",1
한식일빈음식점업,1
가공식품축산물농산물수산물담배식품음료잡화주류,1
스포츠아웃도어의류,1
의류의류,1
아이스크림 세계과자 음료,1
주방용품건강기능식품,1
내과이비인후과,1
액상자,1
일반의약품 전문의약품,1
의료기기 건강보조식품,1
농산물야채과일  정육  수산  가공식품,1
옷수선 옷,1
피아노 일반악기 국악기 음향기기 문구,1
요가 스피닝 헬스,1
즉석판매제조가공 부대찌개,1
제과점 커피 음료,1
공부 및 여가공간,1
교육 서비스업 실용외국어,1
여성복외,1
체형교정운동,1
뼈 해장국 감자탕,1
파마염색아이론,1
라인댄스방송댄스,1
아구요리 전문점,1
시설 이용 서비스 및 교습,1
나전 옻칠,1
커피  차,1
반려동물용품 동물운송 동미용,1
의약품 한약,1
애견미용호텔분양,1
문구잡화인쇄,1
돈카츠 부대찌게,1
돼지고기주류일반식당,1
칠보공예품가죽공예품,1
섬유 공예,1
간재미,1
피부미용 건강기능식품 화장품,1
홍삼 및 홍삼제품 건강기능식품 기타,1
버섯매운탕 칼국수,1
라면담배등,1
수만물,1
아동 놀이시설 이용권,1
의류 모자 악세사리,1
생선구이고기갈치,1
농산물계란잡화,1
과일 채소 양곡,1
잡곡외,1
포스,1
미용 서비스왁싱,1
보건사업,1
비누꽃다발,1
오리구이청둥오리전골,1
과일야채기타 음 식료품 소매,1
화장품 비누 및 방향제 건강기능식품 도소매,1
액세서리 시계 등,1
슈퍼마켓 식자재,1
한의원 전반적 치료,1
남성여성 의류,1
빵류 외,1
식육 식육즉석가공품,1
칼긕수,1
어린이수영,1
핼스장,1
짬뽕짜장탕수육 등,1
종합철물,1
잡화 축산물 농수산물,1
고추가루 참기름 깨 들기름,1
라인조명 차수막 가전,1
예체능 학원,1
산업디자인 시각디자인 사인물 리플렛 간판 포스터 등,1
냉동만두류,1
헤어커트면도펌헤어재품피부재품,1
홍삼 홍삼제품 꿀 비누 의류 신발,1
미용 피부관리,1
컷 펌  염색,1
농산물 생선,1
가구임대 대림점가구,1
베이커리음료아이스크림,1
중고가전가구 건물시설유지관리,1
자전거 자전거용품,1
보컬 기타 드럼 베이스 피아노 작곡,1
애완동물 목욕서비스 애견 미용서비스 애견미용실 애견용품소매,1
노인주간보호서비스,1
생화 담배,1
반려동물 관련 사료 간식 용품,1
민예품 및 악세사리,1
약세서리,1
기타 외국 음식 주류,1
관엽화분 생화,1
음료 및 과일,1
패스트푸드 햄버거 치킨,1
갈치구이 갈치조림 한식,1
행사물품,1
헤어 두발 두피,1
용접철망 휀스,1
도토리,1
음료 식품 기타가공품,1
약품 당뇨소모성재료 등,1
실내장식인테리어,1
씽크대및가구,1
바둑교습,1
"아동소품, 액세서리",1
"즉석두부,어묵",1
"양념육, 무인판매",1
채소건어물,1
제조업(건강기능식품),1
수산가공품,1
"홍어,수산물조림",1
호떡 커피,1
"농기구, 공구류",1
벽지등,1
커튼 침구류,1
반려동물치료,1
어학원중국어일본어,1
육유,1
농산물 기타가공품,1
주방기기 및 주방용품,1
철물 페인트,1
통신장비수리업,1
김밥 떡복이 순대등 분식류,1
꿀 반찬,1
식해,1
굴보쌈,1
한복 제조 및 판매 대여,1
이유식 도시락 반찬,1
산모신생아건강관리사파견,1
내과 일반과,1
자동차썬팅광택,1
한식흑염소요리,1
도넛 커피 음료 디저트,1
식음료 가공식품 및 식재료 담배및 관련 제품 생활용품 등,1
주류 판매,1
주방용품 가전용품,1
조리교육,1
밥 면 경양식돈가수,1
식육 축산물 임산물,1
자전거수리 자전거,1
세탁업 세제,1
핫도그 와플,1
옷 인형 양말 폰케이스 필름 충전기 등등,1
피부 관련 서비스 및 제품 판매,1
속눈썹 두피관리,1
반려동물용품 외,1
기능성신발잡화,1
골프채 조립 수리,1
커피와술,1
수제반찬 김치류,1
전자담배 합성 니코틴,1
스낵 음료,1
케이크전문점,1
과자 음료 식품 주류,1
식음료 주류 담배,1
아동발달센터,1
철물공구안전용품 외,1
컴퓨터 및 주변기기 외,1
건어물 농작물,1
떡케이크 쌀디저트 수제오란다 커피음료,1
샐러드 샌드위치 브런치,1
쭈꾸미 볶음  낙지 볶음,1
문구식품간이음식,1
두부 및 유사 식품,1
곡물가공품,1
음료 라면 젤리 등,1
와플 아이스크림 음료,1
소꼬리찜,1
과일야채생선젓갈류,1
흑돼지고기,1
중국어,1
휘트니스 체력단련,1
참치연어,1
운동 소도구,1
친환경 농산물품 및 가공식품,1
곡물가공식품제조 도소매 잡화 통신,1
도자기 염색직물류 소품,1
생활용품문구화장품란젤리,1
닭오리닭튀김,1
돌문어 해물삼합,1
자동차라디에이터,1
샐러드도시락,1
문어 과메기 대게,1
김치 젓갈 게장,1
전자담배 기기 및 소모품,1
한돈 한우 수입소 수입돼지 양념육,1
"즉석판매제조, 가공(식품)",1
"이불,침대,커튼",1
"회, 대게",1
건강 보조용 액화식품제조,1
"아동복, 아동화",1
팬시사무용품,1
"팥죽,칼국수",1
천막자재 및 철구조물,1
"외의,가방",1
킹크랩 등,1
농산물 장류 소매,1
즉석판매제조가능,1
가구등 일체,1
가구 등 일체,1
의료기기 건강식품화장품,1
육류 고기뷔페 무한리필,1
한돈한우 식품잡화 등,1
피부과 의료서비스,1
고기식사,1
액서사리,1
의류 신발  가방,1
음료토스트,1
합기,1
찐빵 분식,1
보쌈 족발 삼계탕 간장게장 갈비탕,1
한우 한돈계육수입육,1
보컬피아노통기타드럼,1
전기기기 장비,1
의류 스포츠의류 악세서리,1
과자류 및 떡류,1
슈퍼물품,1
반려동물 미용 및 용품 소매업,1
한돈 한우 수입육,1
안경  콘택트렌즈,1
고양이 미용 호텔,1
반찬 제조음식상품,1
연어회 외 퓨전한식,1
피부 서비스업,1
속눈썹피부관리,1
휴게음식점 등,1
흿집 생선,1
미국식 차이나푸드차오미엔볶음밥치킨,1
즙참기름,1
학습지원 서비스,1
목욕업 주차장,1
철물공구안전용품건축자재,1
찻집 과자,1
휴대폰악세사리잡화,1
만두반찬,1
옥외 광고 및 상품,1
체력단련시설제공,1
칼국수소머리국밥,1
네일아트서비스업,1
옵셋 인쇄,1
인쇄 인장 광고 판촉,1
의류 악세사리 신발 가방 잡화,1
공산품 및 기타 식품,1
교육서비스업복싱권투,1
한식 감자탕,1
커피및 비알코올 제조음료,1
세탁소업,1
교육서비스업피아노,1
공산품 식품 조리 상품 등,1
천국장,1
식물꽃생화,1
테이크아웃 커피,1
가구판매점,1
주점업,1
김밥 김치찌,1
즉석제조가공판매,1
고기삼겹살,1
세차 광택  차량복원 코팅,1
양복 셔츠,1
빵  음료,1
구두 및 드레스,1
일반음식 등,1
문구 인형 잡화,1
의류 기타중고상품소매업,1
카페음료 및 파스타  돈까스,1
오돌뼈 닭발,1
실내게임장,1
체육시설 이용권,1
한식 및 호프,1
자동제어 부품 제어반,1
건강기능식품옥악세사리,1
화장품방향제,1
산곰장어 붕장어 해선물,1
주얼리 의류 소품,1
충무 김밥,1
마라탕 탕수육,1
보건업내과,1
체형,1
한복수리 제작,1
옷 잡화등,1
과자음료라면김밥,1
김치찌개 된장찌개 비빔밥 갈비탕 갈비찜 주물럭,1
기능성 건강 신발,1
제과 빵 베이커리,1
기타상품,1
음식료품 생활용품 등 각종 공산품 담배 안전상비의약품,1
태국식품,1
전문의약품 건강기능식품,1
선구 어구 선박안전용품소화기구,1
피부과 성형외과내과,1
닭코스,1
창호샷시,1
농산물 식품 임산물,1
전기보일러수리,1
인쇄물 간판,1
판촉용품 이벤트,1
건강검진,1
샌드위치 주먹밥,1
오리 낙지,1
"소매업(액세서리,잡화,손뜨개),소매(의류)",1
"약초,산나물",1
"과실,곡물,채소",1
소매(조화),1
"생선,젓갈",1
일반음식-감자탕,1
"책,도서류",1
신발 소매업,1
포목및커텐,1
차량썬팅블랙박스튜닝용품,1
휴대폰 포렌식 컴퓨터 하드디스크  블랙박스 나스서버 외장하드 스마트폰,1
기술,1
일발미용,1
뷰티용품  미용토탈,1
커피음료 및 베이커리,1
샷시 부속,1
건축자재 절단절곡,1
찜닭김치찜갈비찜,1
생과일주스커피,1
김밥 떡볶이 국수,1
째즈피아노교습소,1
프아노교습소,1
담배 주류 공산품 등,1
소 돼지 닭 정육,1
남녀 의류 악세서리지갑벨트,1
안경및콘택트,1
대패고기,1
세탁물품,1
닭도리탕 갈비찜 삼겹살 외계절메뉴 각종해산물,1
썬팅 블랙박스 네비 후카 각종장착,1
생수 음료수,1
오리삼겹,1
즉석판매제조가공업 젓갈,1
식초제조 식초도소매  젓갈도소매,1
곡물 전자상거래,1
"건강보조용 액화식품, 과일",1
치과의료전반,1
소매점(과자 잡화),1
"건어물,수삼",1
장어탕 통장어탕 장어구이,1
의료기기의류전기제품생활용품,1
일반음식점 분식등,1
들깨 참깨  곡물,1
도시락 김밥 과자 라면 생활용품등,1
산조리원,1
창의교구학원,1
자동차용품점,1
쌀  계란,1
헬스복싱,1
환풍기 및 송풍기,1
출산장려 모자보건서비스 의원,1
쌀보리고추,1
자동차전문수리업자동차용품,1
썬팅 생활보호   블랙박스 보조배터리,1
가죽인테리어,1
자동차 밧데리,1
컴퓨터 유지보수 판매,1
네비 썬팅,1
내과 정형외과 한방 피부,1
양초염주불상,1
주물럭,1
의류  잡화,1
피부관리실 화장품,1
생선 등 도소매,1
농수산물 특산품 잡화,1
천막 캐노피천막,1
조명기구 전기자재,1
편의점 매장,1
태국 음식점,1
과일 야채 생활용품 도소매,1
한방 서비스업,1
소부산물,1
젓갈 절임식품,1
"식품,생활잡화",1
"도소매(채소,과일)",1
피부과 비뇨기과,1
돼지국밥돼지찌개,1
잔치국수 돈까스,1
한우생고기  육회,1
민어우럭가자미박대 등,1
중국음식및주류,1
스포츠용품판매,1
피부반영구속눈썹펌,1
한식수육전골 등,1
타일 및 도기 인테리어공사,1
수산물 젓갈류,1
젖갈 건어물 잡화 담배 통신판매,1
한식점업 수산물,1
수영교습,1
건강기능식품 판매,1
김밥샐러드샌드위치,1
패션디자인,1
커피 붕어빵,1
돼지고기류 한식,1
한식 족발머릿고기,1
야채 과일 식품,1
"두부,농산물",1
소매(생활잡화),1
"도소매(곡물,쌀)",1
소매(애완용품),1
임산물등,1
침구류(이불),1
"계란, 비알콜음료, 라면, 곡물, 육",1
도소매업(생과자),1
"해물,건어물",1
찌개 라면,1
문구 명찰 철물 잡화,1
돼지 소 육류,1
아이스크림 과자 젤리 껌 음료 등,1
떡그릭요거트,1
"생선류, 건어물, 식잡",1
"생활용포장 및 위생용품,봉투",1
닭갈비 파스타,1
참치 육회,1
애완용동물및 관련용품,1
자동차경정비수리업,1
한식퓨전음식,1
쭈꾸미 삼겹 대창,1
세탁물 보관업,1
젓갈 젓갈류 액젓,1
수산물 통신판매,1
무연  경유,1
손톱 발톱 미용,1
편의서비스 외,1
명란기타등등,1
서적 중고서적,1
골프용품 가상체험 체육시설,1
두발 염색 펌 커트 위생 서비스,1
자동차 손세차,1
냉삼 돼지고기구이,1
밴뎅이회,1
바이크 부품 수리,1
컴퓨터 주변장치 수리,1
악국,1
즉석식품 판매제조,1
카페토스트,1
독서실운염,1
언어 청각심리,1
반찬 담배,1
악세서리 의복 액세서리 모조장신구 화,1
양말의류,1
화분꽃,1
음식(일본음식점업),1
"잡화,종합식품센터",1
도소매(옷),1
"카페트,잡화",1
"도소매업(게임용구,인형및장난감소매업)",1
보일러 철물,1
맞춤옷,1
"뻥튀기,과자",1
신발도소매,1
과실및채소절임식품제조,1
차량용 부탄가스 소매,1
안경 및 렌즈소매업,1
오리숯불구이,1
가구소매업 가구제작 경미한공사,1
국내여행국외여행관련 여행사무일체,1
파충류 및 관련 용품,1
유부초밥 김밥,1
인라인스쿨아이스하키,1
소곱창 전문점,1
한식및반찬,1
가방 앞치마 등등 소품들,1
전문디자인,1
철물 건축자재,1
빙과 과자 음료,1
악세사리 잡화 수공예품,1
시계 도장,1
공산품 및 생활용품,1
커피 및 샌드위치,1
의약품 건강기능식품 동물약품,1
안경  콘택트 렌즈,1
양약 의료용기구소매업,1
내과 진료 및 검사,1
음식잡화 소매점,1
반려용동물 및 관련용품 소매,1
식육 및 과일 채소,1
문구 및 서적,1
도시락 한식뷔페,1
빙수음료,1
과자 튀밥 강냉이,1
닭볶음탕 돼지주물럭,1
벽지 장판 기타지류,1
한식 코다리조림,1
액상차 추출가공식품,1
헤어케어제품,1
수입약초,1
잡화 가방및,1
화장품 및 서비스,1
파티용품 풍선,1
의약품 건강보조식품 의약외품,1
컴퓨터 조립 컴퓨터 판매,1
민물추어탕,1
자동차 부분정비업,1
국수 보쌈,1
블랙박스 네비게이션,1
돈까스 돈부리 카레,1
양약 부외품 건강식품 의료기기,1
의류생선,1
골프웨어신발,1
독서실 교육서비스업,1
퀵배달,1
남성 여성 의류,1
의료업치과의원,1
짜장면 짬뽕 등,1
의안인공안구,1
탕찜 한식,1
마취과의원 피부과,1
식품잡화 건어물,1
한식횟집,1
회 치킨,1
수산물 전복,1
디저트 및 카페음료,1
개인간병,1
휴게음식아이스크림,1
커피 칵테일 전통주,1
혼함음료,1
죽  밥  도시락,1
쥬스전문점,1
꼬마김밥어묵탕즉석떡볶이쫄면,1
팥죽수제비,1
떡 고추 고추가루 참깨 들깨 참기름 들기름,1
뒷고기 막창,1
신경외과 의료,1
일반음시점,1
닭강정새우강정튀김류알콜주류비알콜주류,1
생고기 식육,1
떡 류,1
한식 보리밥 칼국수,1
한식 매운탕,1
숯불꼬치,1
붙임머리가발 붙임머리시술 일반미용,1
과잉,1
기타 식품 및 잡화,1
피부미용서비스  속눈썹연장 서비스업,1
된장찌개 고추장찌개,1
빈티지의류 소품,1
한악방,1
독서실운영업,1
각종 회 식사 구이 등,1
식육야채청과양념육,1
족발 보쌈 면요리 전요리 주먹밥 주류 음료,1
의요기기,1
태권도합기도,1
두발헤어,1
곰탕육회비빔밥육개장,1
국수 양념,1
청국장 등,1
담배 술 과자 음료등 각종 생필품 편의점,1
운동교육및통증관리재활,1
볶음밥샌드위치커피음료,1
여성의류 원피스 니트 가디건 팬츠 아우터,1
어묵외,1
일반 한식 및 김밥,1
돈까스스파게티볶음밥,1
농산물 채소 약초등 소매업,1
원단실기타섬유제품,1
생화 나무,1
삼겹살 고기류,1
꽃모종,1
야채과일 밀키트 공산품,1
미용실 헤어제품밎기자재 납품,1
가방 파우치 매트등,1
머리카락 다듬기,1
자전거 및 용품,1
편의점 복권,1
자동차네비게이션,1
자동차 전문 정비업,1
자동차유리고무,1
전기조명철문,1
모밀류,1
공예품 도서 서적 공예 교육 음반제작,1
정수기 비데 공기청정기,1
중고오디오수리판매,1
홍어탕 홍어회 상겹살,1
도시락류제조 빵류 과자류,1
오리돼지고기,1
양약 건강기능식품 의료기기 등,1
농산물없,1
백반뷔페,1
자동차임대,1
기물.죽물,1
"건어물, 과일, 담배",1
"일반가구,대리점가구",1
"농산물, 약초",1
주얼리 악세서리,1
음식음료담배기타등등 편의점품목,1
블랙박스 네비게이션 썬팅,1
양식 돈까스,1
담배기타음식료 및 일용잡화,1
즉석빵,1
청과 야채 정육 공산품 일체,1
의류 리빙상품 소풍,1
티셔츠 바지 점퍼,1
전산소모품  잉크 프린터 토너,1
빵 당류,1
모터 수리,1
단체품기념품가전제품선물용품,1
자동차용품 부품,1
공구 및 기계,1
전기기계,1
썬팅가이드,1
소방시설자재 및 전기자재,1
도자기류 그릇류,1
"악세사리및잡화,란제리(속옷)",1
도소매(모조장신구),1
"작업복,유니폼",1
소매(계육),1
"생활한복,의류,공예",1
퀼트소품 판매 및 교육,1
"농수산물,농업용기자재",1
"팬시,잡화",1
분식(부침개),1
세이프도어 강화유리 강화도어 가네모도어 자동문외 자동기계,1
시스템에어컨 전기 전자제품,1
남자용 의류 및 신발,1
볼링장골프연습장,1
자동차썬팅블랙박스코팅,1
가전제품 소매 등,1
땅콩빵 제조판매,1
고춧가루 및 감귤,1
중식 등,1
한우 국내산암돼지,1
생활용풍,1
자동차 신품 타이어,1
침 뜸 한약,1
담배 음료 과자 생활잡화,1
편의 상품,1
분식 김밤,1
비공연 공방 교육,1
인삼 및 홍삼 즉석판매제조 판매담배,1
채소 과실 및 뿌리작물,1
자동차정비엔진오일타이어,1
블라인드 자바라 커튼 콤프레샤 의료기기 판매 등,1
교육용품,1
답례품 간식 커피,1
의약품 부외품 건강기능식품,1
보리밥 꽃게탕 게장,1
사진촬영  영상촬영,1
음료 주류,1
자동차수라,1
샌드위치  커피,1
잡화담배전자담배,1
의류 신발  악세사리등,1
광택  스팀세차,1
건버섯건나물 등,1
생갈비 삼겹살,1
치과교정과 진료,1
의료  서비스,1
자동차 부품정비타이어,1
담배과자,1
헤어악세사리잡화,1
자동차 전문정비,1
한식고기,1
한우한우돼지고기식사류,1
과일 채소 및 공산품,1
조화꽃,1
염색 남성펌 남성컷 두피관리 탈모관리 가발판매등 기타 이용서비스,1
햄버거 음료수,1
보건의료서비스업,1
손뜨개 공방,1
빙과 및 냉동식품,1
네일화쟝품,1
커텐제조,1
부케기프트,1
통신장비 수리,1
오리 삼겹살 닭다리,1
자동차세차및수리,1
자도차세차,1
과자 음료 담배주류,1
일일상품및 공산품,1
사우나 헬스,1
샐러드 및 샌드위치 커피등 음료,1
양약 의료깈,1
김밥 외 분식류 일반음식,1
울금 구기자,1
생필품 사무용품 패션잡화,1
벽지도배장판,1
철물 실내인테리어,1
시계 귀금속 수리 및 소매,1
남여의류신발가방모자,1
외국어 화화,1
삼계탕토종닭오리백숙,1
국내산 소돼지 수입산 소돼지 국내산 닭,1
명품가방수선,1
직화구이,1
방방이,1
물 라면 과자 술,1
서적및 잡지류 소매업,1
식사용빵 쿠키 등,1
중고등학생 동기부여 상담 서비스,1
들기름참기름고추가루떡참깨들깨,1
밤양갱,1
인도커리,1
미용업손톱발톱피부,1
햄버거 음료,1
수영복 스포츠용품 의류 외,1
꾸지뽕 맑은액 진액 티백,1
반려동물 위탁,1
유모차 카시트 세탁,1
속옷내의류,1
한약처방과 한방시술,1
공중보건의료업,1
음료 맥주,1
채소 및 공산품,1
위약품 및 의료용품 소매,1
치킨점문점,1
애견용품 동물병원,1
피부미용 화장품소매업,1
반찬(식자재),1
"내의,보조식품",1
메리야스소매,1
"참기름, 고춧가루, 식료품",1
야구용품 일반운동용품,1
블랙박스 등,1
네일속눈썹왁싱,1
아동도서 서적,1
소곱창 소대창 소막창,1
초밥  참치회,1
잡화액세서리담배,1
악세사리 패브릭 소품 옷,1
커피 수제 건강차,1
철물 목재,1
소고기국수,1
피오피교육 핸드메이드주문제작,1
염색 두피케어 등,1
대패삼겹 우삼겹 삼겹살 소주 맥주등,1
공산품및 담배,1
기타 스포츠시설 운영업,1
생활용품 주류 음료 등,1
전구램프 조명기구,1
돌침대돌소파건강기능식품,1
"가발, 악세사리",1
"와플, 음료",1
"문구, 교구, 음반",1
"갓김치, 김치 제조",1
"커피, 케이크",1
생활가전 전기매트등,1
도매및소매업(마트),1
옥,1
"농산물, 과일, 수산물",1
보건업 한의원,1
내과 및 일반진료,1
음료 구움과자 소금빵,1
한식코스요리,1
전문의약품 일반의약품 건강기능식품 의약외품 등,1
한식 죽 음료,1
빵류 푸딩 비스킷,1
마스크안전화방한용품공구안전용품,1
속눈썹 연장 속눈썹 펌,1
생선해물,1
타코야키,1
육류 채소류,1
애견진료,1
외국어 영어회화 일본어 중국어,1
고추 잡곡 마늘 소금 고구마 감자,1
제과음료,1
염모제펌제클리닉미용품목,1
속눈써,1
음료 라면 담재 간식 등,1
속옷 및 양말 등,1
애니메이셔 영상 제작,1
철물소매업,1
빙수와 커피및 음료 그리고  크로플,1
필라테스 운동서비스,1
인테리어소품 팬시잡화,1
커파,1
인형인테리어소품,1
의류 억세사리,1
기타 치킨,1
한식일반음식점업 기타산업용기계및장비도,1
곡물재배업,1
도자기 도예교육 미술,1
성형외과 외과,1
고추 잡곡,1
화장품 잡화 기티미용업,1
식자재농산물 가공식품,1
피자 파스타 치킨 등,1
인터넷시설제공,1
의약품건강식품의료기기동물의약품,1
소갈비살 삼겹살 묵은지요리,1
남성 셔츠 바지 넥타이 등 남성 신사의류 및 악세사리,1
남여 등산복 등산용품 스포츠의류,1
아이스크림 수입과자 음료,1
뷰티서비스,1
과일야채정육등,1
국밥 족발 머리고기,1
미용서비스 및 헤어용품,1
우동  김밥,1
건어물농산물,1
악기 서비스,1
강아지 유치원,1
두부찌개 동태탕 청국장,1
재활 트레이닝,1
네일피부메이크업,1
스피치  웅변 화술,1
고기대패,1
빙과류 과자 슈퍼,1
삼겹살 오겹살 오리탕 오리로스 묵은지닭,1
커피 떡볶이,1
음료커피샌드위치등,1
쌀국수반미,1
오토바이수리 및 부품 소매업,1
일반음식음료,1
애완용의류 간식 사료,1
우동오니기리,1
남성컷트,1
농구강습,1
방역 및 소독,1
토스트 및 커피음료,1
김 미역 다시마누륭지 견과류전기매트,1
의류 신발 등,1
여성용의류,1
잡화 주류 담배 음료 스낵,1
돈가스 판매,1
한방의료업,1
손톱  발톱,1
아이폰 아이패드 맥북수리,1
화실 벽화 친환경제품 공방 체험 미술,1
수예품 의류,1
식품 및 야채,1
칼국수수제비만두,1
식품 잡화 소매,1
가전 가구 사무용품,1
토종닭,1
차량연료,1
지류 벽지,1
철물수공구수전난방 부속등,1
마트도소매,1
친환경 생활용품,1
잡화 침구 소품,1
유아동복 여성의류 등,1
화물운송주선,1
피부관리 체형관리 등,1
휴게음식빵류과자류,1
식품및주류,1
위생도기 각종타일 기타 건축자재,1
샴푸 트리트먼트,1
아크릴가공,1
자돔차,1
자동문,1
슈퍼식품잡화,1
떡방앗간 농산물곡물,1
애완동물용품판매업,1
공방 및 공예품,1
악세사리 패션잡화 등등,1
오리훈제바베큐,1
창호 샤시  판넬,1
인삼 마 도라지 등,1
돼지고기 및 소고기,1
제품화장품 및 방역소독,1
컴퓨터교습,1
청과야채정육 및 기타식품,1
커튼 제조,1
"대추,인삼",1
맞춤 양복,1
"휴게음식,커피",1
"의류,스포츠용품,스포츠의류",1
막창요리,1
빵만두,1
수제돈까스 함박스테이크 우동 육개장,1
목욕장어,1
악세사리 그림 꽃,1
한식 육회,1
샷시유리,1
일반음식점및주류,1
멕시칸 남미음식점,1
속눈썹 연장 펌 화장품 소매업,1
의류신발가방모자,1
타이어타이어수리휠,1
굴 꼬막 야채,1
장뇌 산양산삼,1
카페 음료,1
커피 디저트류,1
두루치기 김치찌개,1
제과점입,1
"스포츠의류,잡화",1
멍게,1
벽지  외,1
떡소매(제조),1
야채 과일 건어물,1
라면 등,1
"커튼, 가구",1
"고추, 참기름, 담배",1
고기구이 도시락,1
파스타 돈까스,1
놀이기구시설제공,1
문서작성및 복사업,1
자동차부분정비자동차부품,1
야채  정육,1
컴퓨터 관련 전품목,1
한식 해물찜,1
의류 액세서리 잡화,1
소고기 돼지고기 계란 야채,1
유모차 카시트 식탁의자 웨건,1
홍삼제품 판매,1
화초 및 식물 절화,1
파충류 반려동물용품 전자상거래 소매업,1
서적 문구 생활용품,1
소고기 한우,1
꼬치 튀김류,1
낚시레져용품,1
펌 염색 컷,1
숙녀복 스포츠의류,1
커피 케이크 하이볼 맥주,1
의류잡화스포츠잡화,1
볶음밥 칼국수,1
육류 및 부산물,1
해산물 조개류,1
쌀 곡물,1
의료기기 화장품 건강기능식품 체험시설이용,1
선어냉동수산물,1
여행 및 유학알선,1
파마 염색 커트,1
소고기 삼겹살,1
브런치메뉴,1
돈가스 라면 쌀국수,1
할랄푸드,1
태권도 수련 물품 교육 서비스 완구 오락용품,1
한돈 탕수육 한돈 돈까스 우동,1
간편조리세트한식분식,1
주짓수 운동 서비스 제공,1
철제박스절단절곡,1
자동차 종합정비업,1
돼지 소 닭 정육,1
철물 건자재 생활용품,1
건강기능식품 화장품 도자기,1
한식 및 전,1
속눈썹증모,1
해양레져,1
미요,1
헬스회원권 및 개인레슨,1
낚시레져용품판매,1
한식 고기류,1
"활어, 생선회",1
복사제본,1
보건의료 재활요양,1
반찬및 족발,1
소매업식품 및 비식품,1
슈퍼 식육,1
여성의류 스포츠용품,1
벽지 장판 경미한 인테리어 주방가구,1
빙수 카페,1
화장품향수,1
제빵제과,1
의류 아웃도어,1
고춧가루 참기름 들깨가루 곡물제분,1
사무용 가구,1
독서교육,1
소고기돼지고기 도소매,1
식물동서양란,1
커피과일제빵,1
김밥 반찬 분식류,1
컴퓨터 및 주변장치 판매 수리,1
속눈썹 증모,1
컴퓨터 사무기기렌탈 유지보수,1
채소.야채,1
묵은지갈비찜,1
"이벤트,수공예공방,체험",1
건강관리서비스,1
"강정,옛날과자",1
가전제품 소매,1
"제조업(기타식용정제및가용유),소매업(고추가루.참기?",1
한식 커피,1
"메이크업,네일",1
원데이 클래스,1
문구복사,1
냅킨 리본공예,1
식품 떡류,1
뻥튀기 곡물볶음,1
활어회  전복  가리비등,1
의류 아웃도어 및 용품 등,1
경양식원두,1
양갱 커피 빙수,1
컴퓨터판매수리,1
캘리그라피액자,1
개 고양이 사료,1
스포츠용품외,1
인테리어 용품 및 조화,1
한식 해장국,1
떡볶이튀김오뎅순대,1
인쇄및광고,1
애완용 동물 관련 물품,1
일반이용,1
자동차용품썬팅광택,1
"건축자재,철물",1
"소매(액세사리,잡화)",1
철물잡화,1
음식점(순대국),1
휴게음식 분식,1
"양말, 버선",1
"족발,식육",1
국밥 판매,1
가구 석재 경미한공사,1
보일러 가스가구,1
레져용품,1
커텐부자재 창호장식,1
동물병원 관련용품,1
크리닝,1
커피핸드위치핫도그,1
곰장어아나고,1
북어찜,1
식료품 음료간식 생활잡화 의약품안전상비약 기타,1
한돈삽겹살 한우차돌박이,1
육류 돼지부산물,1
메이크업서비스 메이크업 레슨,1
휴계음식점커피,1
연잎밥,1
만두류떡류양념육,1
생필품 잡화 화장품 건강기능식풍,1
헬스이용권 및 회원권,1
컵라면 핫바,1
벨트지갑장갑가방잡화,1
경미한공사 도배장판,1
커튼 및 침구용품 경미한공사 생활용가,1
침구치료 한약치료,1
자동판매기 커피음료,1
문구 간식,1
연어새우,1
국밥설렁탕 등,1
패브릭 및 재봉수업,1
합기도 주짓수,1
한의진료 서비스,1
김치조림류양념젓갈각종 반찬류,1
참기름 및 고추가루 등 가공된 농산물,1
라디오 녹음기 판매 수리,1
여성겉옷 소매,1
식료품 및 담배 위주의 각종 상품,1
떡볶이 밀키트,1
젓갈 반찬류,1
가스버너,1
팥칼국수바지락칼국수호박죽,1
꽃 농산물,1
아동의류잡화,1
음식주정이외의 주류,1
식품음료생활용품잡화,1
마루 및 본드 기타 부자재,1
한식 및 감자탕,1
커피 및 논알콜음료,1
전통주 칵테일 및 음식,1
자동차 문콕 복원,1
만두 쫄면,1
의약품 및 의료용품 소매업 도매업,1
슈퍼마켓 비누 및 세정제,1
블라인드 커튼,1
인형 및 피규어,1
회수산물,1
애견매용,1
건강보조식품 화장품 온열기기,1
채력단련,1
골프레슨 서비스업,1
한과 과일정과 호두강정 오란다 도라지고,1
쌀엿한과칡즙,1
커피 카페,1
미용재료 미용기구 화장품,1
화장품 가발 스카프 잡화,1
모자 및 잡화,1
지물 페인트 조명,1
떡국,1
과자및문구,1
한식및장어요리,1
서적 건강보조식품소매업 문구 액자,1
안경 건강보조식품소매업,1
상품대리 여성 남성 겉옷 소매,1
카페 의류잡화,1
주방칼 가위 연마,1
빵떡,1
일대일퍼스널트레이닝,1
각종 활어 연어,1
식품 비식품 청과야채 정육 등,1
기념품 인형,1
민물수산,1
죽 도시락 한식,1
커피 및 우유 음료 등 그외 쿠키류,1
피아노 성악,1
부대찌개한식,1
국시,1
식품 담배 등,1
음료 및 생활용품,1
추어탕 등 한식,1
수제떡,1
유아 원데이 클래스,1
콤프레샤 기계부품,1
출력서비스,1
밸브 배관,1
도로표지병 안전용품,1
자석 응용기기,1
도시락혼밥,1
헤어커트펌염색,1
커튼 침구 홈패션,1
백합,1
곡물 분쇄,1
기타 음식료품 소매업종,1
약초 차 건강기능식품,1
양식 파스타 등,1
주얼리악세사리,1
애견용품동물미용업,1
일반의약품 약국,1
건어물 멸치 새우젓,1
식음료 및 잡화,1
공예방,1
식혜제조,1
분식 돈가스 면요리,1
자동차용품 및 전자기기 수리,1
식품잡화매점,1
양꼬치한식,1
주류 잡화,1
백숙 삼계탕,1
가공식품 즉석식품 냉동식품 등,1
이불 소매,1
일반소매품,1
수산물 전체,1
피부미용업왁싱,1
탁구장탁구용품,1
빙수 전문점,1
"수산물, 활어회",1
개인그룹운동,1
칡,1
"도자기,갤러리",1
닭고기 및 주류,1
"커피, 간이음식",1
"소매(지물포,장판,페인트)",1
홍게 대게,1
한방재료,1
제조기름도소매농산물,1
도자기판매 및 교육,1
철강 철근,1
화물,1
냉동기기 및 부자재,1
음료및애견간식,1
대형차정비,1
농수산물잡화,1
언어청각재활,1
가정용게임기및소프트웨어,1
수산물 도소매 거리가게,1
캐릭터 소품 뜨개 소품,1
의류셔츠,1
구운과자 커피,1
벽지 비닐장판류 경미한공사 벽지,1
찜닭 닭도리탕,1
건어물 수산물,1
육류및 냉동식품 음료 공산품,1
헤어전문제품,1
담배잎,1
건어물수산,1
활어 갑각류 조개류,1
순대 감자탕,1
찐빵 만두 족발,1
종자 비료 등 농자재,1
테니스머신기,1
미용신,1
보건업 치과 치료,1
의류및 액세서리,1
한우한도,1
반찬김치류,1
반찬류김치류,1
명함도장인쇄,1
커피 음료 디져트,1
은반지 은팔찌,1
의류화장품잡화,1
남성보세의류,1
꼬치 및 오뎅류,1
정장 셔츠 타이 구두,1
커피음료쿠키케이크,1
시계수리 금 은,1
기계공구외,1
연극단체,1
편의,1
커피음로 디저트 잡화,1
도너츠 음료,1
삼겹살 한식,1
헬스 피트니스  퍼블릭 회원권,1
컴퓨터 복사기   네트워크 기술지원,1
주얼리 반지 목걸이 팔찌 귀걸이 등 귀금속 및 보석,1
산업용 모니터 산업용 보드 객실관리시스템,1
의료 의료기기,1
일본어 교육,1
점술 및 유사 서비스업,1
전기전자부품조립 제조,1
옷 소매,1
수산물기타재료,1
조화 소품,1
연어덮밥,1
소고기 육류 및 식사류,1
운동지도역도장,1
피푸미용,1
타로 유투브,1
죽 음식,1
한우암소암돼지,1
탁구장 탁구용품,1
주류 및 한식,1
브라질리언 주짓수 체육관,1
여가관련 서비스업,1
얼굴윤곽관리 등,1
요로 결석 치료 남성 및 여성의 배뇨 장애 치료 성 매개 질환 검사 각종 남,1
여성복및 악세사리,1
소내장,1
쇠고기돼지고시,1
의약품 의약외품 건강기능식품 의료기기,1
숯불 데리야키,1
가방 및 핸드폰 케이스 악세사리,1
이불 실내소품,1
건강식품 소매,1
커피 음식 서적 등,1
아이스크림 뻥튀기 등,1
"선식, 농산물",1
커피 원두 차,1
김치(반찬),1
염색의류,1
잡곡 외,1
커피과일주스베이커리,1
채소류 서류 및 향신작물류,1
한식일반음식 공예 미술 문구 식품 커,1
중십,1
강정 그 외 기타 종합 소매업,1
생선포,1
멸치 건어물,1
볼릴용품,1
배관 및 냉난방장치,1
간판 광고,1
음식료품 잡화,1
필라테스  서비스,1
즉석제조반찬,1
일반내의 양말 등,1
가전렌탈,1
타로 사주,1
순대 곱창볶음,1
종합 가구 침대 쇼파 식탁,1
농산물 건강식품,1
"의류,무역,전자상거래,구매대행",1
"전기재료,조명",1
곡물 잡곡,1
한복 및 개량한복,1
의류 신발 가방 악세사리,1
"식품, 건어물, 채소",1
내의 외,1
"도소매(가구,가방)",1
광고대행 광고물 문안 및 작성 시각디자인 영상촬영디자인 및 편집 통신�,1
햄버거 패스트푸드,1
식탁소파침대옷장 등 가구일체,1
닭한마리 닭도리탕 감자탕,1
여행용품 기념품  등,1
풍선 폭죽,1
한식 갈비,1
건재재,1
도자기 제조,1
치과 보철물,1
가방폰케이스벨트지갑카드지갑필통성경커버키고리파우치머리핀팔찌등등,1
전통식혜,1
외국식,1
아동발달지원,1
피자 스파게티 치킨 교육서비스,1
닭볶음탕육개장,1
잡화 및음료,1
미용업한국표준산업분류 검색안됨데이터없음 오류뜸,1
일용잡화 의료기,1
돼지머리국밥 등,1
반려동물분양,1
조명기구 및 전기용품,1
동태탕 찌개,1
네일속눈썹연장,1
안경콘택트렌즈일회용렌즈,1
식품생활용품잡화,1
아웃도어 의류 및 신발 캠핑용품,1
악기연습실 대여,1
남녀 속옷 판매점,1
인물 사진 및 행사용 영상촬영업,1
반찬 및 김치,1
블랙박스내비게이션소프트,1
생선회 기타 해산물,1
조개전골한식,1
문구팬시완구간식,1
여성의류 남성의류,1
바베큐파족 손수제비,1
성인 취미 수업,1
양약조제,1
여행용품 기념품 관광컨텐츠 외,1
야채청과건어물반찬,1
황기도라지건강기능식품 등,1
정신과의료,1
타이어휠,1
세탁의류등,1
번호키  도어록 인터폰,1
휘발유 및 경유,1
칼국수 김치찜,1
민물장어돼지고기류,1
찌개 한식,1
쌀 잡곡 고추가루 등,1
중국 음식업,1
휴게음식점꽈배기,1
삼겹살 막창,1
기타음식  수산물  어패류,1
서적잡화휴게음식,1
악세사리 반지공방,1
의류 스포츠위류,1
오므라이스 등 퓨전양식,1
가정의학과 내과,1
향수 디퓨저,1
두발헤어 컷 염색 펌 헤어크리닉,1
서적문구교구잡화,1
한식즉석조리식품,1
단열재 보온재,1
난방용품,1
의료 보건업 및 사회복지 서비스업,1
칫솔 치약,1
소 돼지 닭계육,1
야생화,1
운동 및 경기용품 문구용품 의료기기 등,1
필라테스 재활운동 교육,1
피아노 바이올린교습소,1
수삼 홍삼,1
음식료품전자담배담배,1
동물 병원,1
신경외과 정형외과 마취통증의학과,1
의원급진료 및 처치,1
낙지  보쌈,1
빵 제과 아이스크림 음료 과자 초콜릿,1
종이문화보급 공예교육,1
국 반찬,1
미역 다시마 멸치,1
소프트웨어 개발업 컴퓨터쥬변기기,1
차량 썬팅,1
음식주류판매,1
쇼파 식탁,1
즙종류,1
햄버기치킨,1
즉석식품제조,1
카페 스콘,1
클렌즈주스,1
자동차 수리 자동차 부품,1
남성의류 및 스포츠의류,1
짜장짬뽕볶음밥탕수육양장피유린기유산슬전가복등등,1
초밥 사시미,1
도시락용품 홈베이킹용품 외 다수,1
치킨등  음식,1
홍삼  제품,1
한식국수,1
한복맞춤 대여,1
골프용품 골프,1
통닭 생선,1
농산물 제분 제유,1
사진촬영편집및인화,1
디자인전문학원,1
의약품 의약외품 의료기기 건강기능식품,1
추어탕 돼지고기보쌈,1
한우 한돈 국밥,1
스키대여,1
삼겹살항정살가브리살,1
산채정식전문,1
한식 흑염소,1
헬스 외,1
음료및 복권,1
비뇨의학과 의원,1
주류 음료 스낵 안주류,1
고추 등,1
뜨개가방모자,1
한방오리,1
한우한,1
소고기 돼지고기 등,1
의약품의료용품건강식품,1
악세사리 폰케이스 충전기 등,1
비누 화장품,1
빵 떡 건빵 제빵체험 전시공연,1
옻닭  삼계탕 및 백숙외,1
간판 안내판 현수막 인쇄물 등,1
운동 피티샵,1
화초식물소매업,1
옺닭,1
운동자도,1
발달교육서비스,1
카센터 자동차부품,1
나물 마늘 김치 고추가루,1
생화꽃다발,1
침구치료 한약,1
네일속눈썹메이크업헤어,1
스피닝 사이클 헬스 운동 시설,1
손톱 발톱 피부,1
중고가전 가구,1
코딩 및 교육,1
피부미용및 화장품,1
홍삼 배도라지즙 각종과일즙 한방약차 등,1
전자담배 기기 전자담배 액상 일회용 전자담배,1
생선회 한식 탕,1
빵음료케익샌드위치아이스크림,1
이용  음료 스넥,1
네일용품및속눈썹영양제,1
화장품비누및 방향제,1
일식 덮밥,1
일반승용차 위주,1
카드단말기 컴퓨터 잡화 경미한공사,1
실내스크린야구 슈퍼 매점,1
경양식 즉석판매제조가공식품 문화공연,1
탁구 레슨,1
인공지능 디지털디자인,1
자동차필름,1
윤활유 화학제품,1
일본식음식,1
참스테이크 갈비,1
과자음로,1
떡 식품산업기계,1
무전기,1
자동차부품 타이어,1
페인트 철물 건재,1
맞춤제작케이크,1
닭개장 닭곰탕,1
의류스포츠용품가방신발,1
자동차검사 관련수리,1
의료용 침대,1
화장품 비부,1
과자 빵류 즉석섭취식품,1
주류 담배 일반 음식,1
커피 디져트 밥류,1
사진 및 영상 촬영,1
메밀음식,1
"일용잡화,담배,화초및식물,분식",1
"양장지,양복집기타작물",1
"제조가공업(김치,절임식품)소매업(반찬)",1
"음반, 비디오",1
"소매(의류,잡화,가방)",1
서비스업 미용업 화장품,1
샤브불고기,1
갈비탕 소갈비살,1
스피닝운동,1
등산의류 및 용품,1
토기제품그릇주방기기등,1
초밥 등,1
여성의류 소품  잡화,1
떡볶이 오뎅 튀김,1
석쇠귀이,1
표구판촉물등,1
광고판촉물등,1
골프존,1
윤활유 및 그리스,1
닭 쪽갈비,1
생선 홍어,1
베이글 샌드위치 치아바타 등,1
서비스(오토바이수리),1
소매업(커텐),1
도자기(그릇),1
"제조,소매업(기름)",1
"약초, 건강기능식품",1
"공방,잡화",1
기타수산물(건어물),1
"인삼,홍삼,꿀,기타",1
영상기기,1
바이크판매 및 수리,1
잡화문구과자 등 소매,1
차세차장,1
조명벽지바닥재,1
수산물 농선물 축산물 임산물,1
액자제작,1
소아질환연구 및 유아동 발달평가 및 부모교육,1
두피케어제품,1
애완용 동물,1
파스타 및 피자 음료,1
슈퍼마켓 잡화,1
화훼작물재배 꽃 플라워 풍선 체험 공,1
스포츠골프,1
오겹살삼겹살가브리살,1
공예용픔,1
과자 음료수 담배,1
포케 키토김밥,1
파스타  스테이크,1
두발커트 및 펌웨이브 및 염색 등,1
전문의약품 일반의약품 의약외품 건강기능식품 의료기기 등,1
정형외과 진료 및 의료 서비스 제공,1
장난감 팬시 피규어 소매업,1
정보통신서비스,1
회 갈치조림,1
헤어에센스 펌 컷 등등,1
꽃다발 꽃바구니 화초,1
일식돈까스 우동,1
도소매의류,1
커피  제과,1
한식 김치찜,1
의복잡화,1
돈까스외,1
의류 찜질기 등,1
출력 인쇄,1
언어치료 평가 상담,1
산후도우미 서비스,1
가전제품 에어컨,1
애견의류간식 미용등,1
닭도리탕 갈치조림,1
전동휠,1
자전거 및 자전거 수리,1
곱창전문점,1
칼국수 냉면,1
마라탕 중식,1
두발헤어컷,1
현악기수리바이올린판매,1
브라인드커튼,1
네비 블랙박스 썬팅,1
해장탕,1
농수산물젓갈미역,1
야채 잡화,1
활어및패류,1
통신기기 소매,1
현수막 실사 명함,1
건강식품업,1
테니스 레슨 및 테니스장 대관,1
악기피아노 기타 현악기 관악기 등,1
반찬 전 국 식혜,1
화장품및 비누 방향제,1
명함인쇄물,1
전지 밧데리,1
세차 배터리,1
썬팅광택,1
국수 전골,1
슈퍼 식품 농산물,1
김치 반찬 즉석제조 등,1
수제강정 과자 제조,1
홈패션 잡화 의류,1
이불 및 기타소품,1
광택 세차,1
나무제품그릇,1
편의점 판매 상품,1
오무라이스,1
김밥닭칼국수,1
생선염장젓갈,1
농축수산물 및 미곡,1
편의점 휴게음식점,1
한식 스크린골프,1
의류 인테리어소품,1
국악,1
네일미용업 화장 분장미용업,1
스마트팜 설비판매 농자재 종묘 농약,1
디저트 수플레 음료등,1
악세사리 그외 기타 건축 마무리 공사,1
미용실에,1
한식및호프,1
수제과자류,1
돼지고기 갓소스 반상,1
과메기건어물,1
"과메기, 수산물",1
"밥상,고가구",1
신선수산물냉동수산물,1
돈가스 냉면,1
아구낙지 등 수산물전문,1
기계부품 및 유공압패킹 등,1
굴국밥 생굴구이,1
한식양식음식점,1
소곱창돼지막창 삼겹살,1
담배 술 과자 라면등,1
운동시설업,1
실용음악강의보컬 기타 베이스 드럼 피아노,1
낚시 등산용품,1
가전 잡화,1
찌개 백반,1
생활품 공산품,1
음료과자,1
방음재재,1
귀금속 시계수리,1
노래연습서비스,1
화환 꽃,1
자동차유리및용품,1
식품잡화 정육점 담배,1
떡복이,1
반찬 및 김치 제조업,1
체인아이스크림,1
촬영업,1
미용잡화,1
등산장비 교복,1
생선구이 조림,1
해신탕,1
현수막광고대행,1
주방용품 생활용품 잡화,1
한식 및 회,1
잡곡판매,1
리듬체조,1
인쇄 제본,1
한의원 외래 진료,1
오락관련,1
쇼케이스 도어 냉동 냉장기기 냉동 냉장기기 관련 부품,1
유아옷,1
잡화 식료,1
카페 친환경제품,1
서적 도매,1
즉석떡볶이생맥주와인,1
국밥 냉면 제육볶음,1
액세서리/잡화,1
도매및소매업(완구소매업),1
"가구,씽크",1
생선(소매업),1
육류 축산물,1
"소매업(의류,외의)",1
의류(체육복),1
도매및소매업(나무소품)제조업(가구),1
"의류,장신구",1
스포츠 의류 스포츠 용품 등,1
스포츠 의류 등,1
이비인후과진료,1
애견미용및용품소매,1
우동 돈까스 덮밥,1
식품잡화 슈퍼 식육,1
경미한공사 가구,1
요업제품식기 금속제식기 기타기물잡화,1
자동차정비 튜닝 부품 자동차견인,1
차량견인 자동차관련대행,1
식품 떡,1
스포츠용품 배드민턴 테니스 라켓 운동의류 등,1
구두 및 가방 등,1
와플 커피 떡볶이,1
아구찜 해물찜 외,1
조명 건설자재,1
젓갈 해초류,1
장어 소고기,1
베트남 쌀국수 볶음밥 카레,1
어묵 떡볶이 튀김,1
농,1
빵 케이크 샌드위치 샐러드 디저트류,1
문구 먹걸이,1
꽈배기 도너츠 커피 비알콜성음료,1
식잡 편의점 담배 주류,1
기타간이음식,1
잡화 식음료,1
약차,1
디저트 브런치 커피 등,1
부분정비업,1
홍삼제품 외,1
등산장비 운동용품 등,1
면밥돈까스,1
피부미용 화장품판매 체형관리,1
국수 전 찌개류,1
"콩국수, 면류",1
대구 뽈살 요리,1
마른안주 및 주류,1
공구및 잡화,1
콩류 유사제품,1
식료품 생활잡화 등,1
스터디까페 좌석 대여서비스,1
커피  음료 디저트,1
채소 과일 및 뿌리작물 소매업,1
제육볶음 콩국수 순두부,1
의복 액세서리 의복 등,1
된장전골 수육전골,1
즉석판매가공음식,1
주류과자과일,1
오메기떡,1
떡 초콜릿 토산품,1
악세사리기념품,1
애견동물 물퓸,1
삼겹살 등 돼지고기,1
바리스타 제과제빵,1
삼겹살뼈다귀,1
오토바이 오토바이수리,1
자동차밧데리 전동기 기타,1
자동차부분수리 타이어및튜브 소매,1
식육즉석판매가공 축산물 농산물,1
발케너,1
기타김치양념젓갈가열양념육즉석섭취식품즉석조리식품반찬,1
여성의류및악세사리,1
커피와 음료 및 디저트,1
자수제품 판매,1
영화연출 교육서비스,1
교육서비스업태권도,1
전골 볶음 찌개,1
돼지고기쇠고기,1
세태,1
눈썹연장,1
한식요리닭볶음탕 등,1
두발관련용품,1
알밥 갈비탕 육개장 모밀 만두 우동,1
간장게장정식,1
의학 및 약학 연구개발,1
내과 이비인후과 소아과,1
브런치 커피 전문점,1
보건업소매,1
의약품 및 의약용품,1
핸드메이드제품 의류 잡화,1
핸드메이드 제품   및 잡화,1
제과점업 케이크,1
우료,1
커피 베이커리 디저트,1
과자류 빙과류,1
커피 센드위치,1
필라테스 수강권,1
재생크림 속눈썹 영양제,1
돼지고기와 짜글이 등 한식,1
아동상담서비스,1
프랜차이즈 브랜드입니다,1
돈카쓰,1
중국어교육,1
전기유지보수,1
코칭 상담 등,1
훠궈 마라탕,1
손톱손질,1
붉닭,1
헬스장 시설이용권,1
식품제조가공 수입과일 마늘,1
잔기지떡,1
의약품 및 건강기능식품 의약외품,1
방역소독,1
타로 상담,1
옻닭,1
기타스포츠교육기관 체력단련장 체육시설,1
커피디저트술,1
서적 문구용품,1
식품생활용품,1
음료 및 가공식품,1
참치 회 기타 수산물 도매업,1
삼겹살 정육,1
음료 식료,1
사진 처리업,1
마카롱 커피 음료,1
의원 진료,1
치과질환검진 및 치료,1
커피 및 비알코올음료,1
비알콜 음료점업커피,1
꽃 관엽,1
신선식품및 생필품,1
한식 김치찜 등,1
머리커트펌등 미용업,1
연기교육,1
애견호텔,1
음식및 잡화,1
참기름 들기름 농산물,1
체육단련장업,1
맛김 등,1
꽈배기외,1
음식밥술,1
회 장어,1
숙박시설,1
가방 신발 복원,1
안경 및 건강 보조식품 소매업,1
머리카락을 자르고 펌하며 염색하여줍니다,1
한약 및 한약제재,1
각종 즙,1
초밥및 회,1
각종 전,1
테이블 이용권,1
관광민예품 및 장식용품 관광기념품,1
수입그릇 생활용품,1
인테리엉소품,1
도매및소매업(식육함유가공품즉석판매),1
의류(포목),1
"철물,건축자재,안전용품,농자재",1
음악 미술 학원,1
서비스업의료업,1
체인화편의점 건강 및 미용관련상품,1
사격 양궁 야구 롤러스케이트 노래연습장,1
담배 술 음료 과자,1
의류및속옷,1
영어 교육서비스,1
문제성발관리,1
도배장판 인테리어 정리수납,1
항문질환,1
농산물 수산물 생산 및 판매,1
풍선 기타파티용품 이벤트행사대행,1
자동차썬팅서비스,1
피부관리 및 왁싱,1
커피과일,1
두리한의원,1
탁구장 용품,1
순두부 코다리,1
허니문상품 여행상품,1
한우소고기 부산물,1
"칼국수,만두국",1
전동공구일체,1
"빵,떡,과자류",1
장어 새조개,1
자전거 및 기타 운송장비,1
열날개,1
떡제조업,1
"커피,와플",1
레이저서바이벌,1
건물위생관리 등,1
화장품 화장용품 도매,1
가정용전자기기 소매 온열기구 체험 등,1
꽃 화분 소매,1
문구용품 화방용품 잡화 의류,1
식품 빵,1
김밥 튀김 등,1
양말 목도리장갑모자 파우치 등 잡화,1
의류 가방 기타악세사리,1
베트남 샌드위치 및 음료,1
컴퓨터부품  컴퓨터수리,1
건강식 한식,1
운동관련 서비스제공,1
스타킹 양말 시즌 잡화 악세서리,1
도장열쇠문구명함,1
오코노미야끼 야키소바 등,1
통신기기무전기,1
가구제작주방가구,1
기능성신발인솔,1
축구교습,1
자동차부분정비 자동차내장품 용품,1
밀크티 커피 차,1
화장품 및 화장용품 소매업,1
소비용품수리서 가구수선,1
일반 공산품 즉석조리,1
여성 의류및 잡화,1
피부과 및 피부관리 관련 서비스,1
한돈한우및 정육,1
세무사 공인회계사,1
의복제조 수선,1
침구류 커텐,1
만두분식류,1
치킨버거치킨,1
파스타 덮밥 피자,1
건강 기능식품 의약품,1
햄버거 피자,1
의약  의료용품,1
스크란연습장,1
택견전수,1
사격 교육,1
차킨호프,1
순대국집,1
애완동물 미용 용품 판매,1
공간이용제공  부대시설서비스,1
핫도그 음료,1
담배생필품,1
정육야채청과 공산품,1
볼트너트앙카류 등등 철물,1
음식조리,1
생선 포장,1
고기 식육,1
청과 야채 정육 수산 공산품,1
붕어빵 즉석판매제조가공업,1
멸치 오징어 황태 등 건어물,1
퀵보드및전동기대여,1
한복 생활복 예단 잡화,1
중화요리중식 음식류,1
미용업속눈썹연장왁싱피부관리,1
낙지 수산물,1
내의 양말 잠옷 의류 란제리,1
한식 낙지 육회비빔밥,1
두피이미용,1
의료용품 및 의약품,1
반찬 분식,1
피아노 교습소,1
염색외,1
등산장비운동 용품,1
색소폰아코디언,1
로봇청소기수리,1
전산소모품정보통신기기등,1
광태코팅큐닝,1
청량음료,1
사무용품밈전산소모품 등,1
심리상담 발달재활,1
침구및 소품 커튼 내의류,1
노무사,1
엘이디조명기구 경미한공사 실내외인테리,1
경미한공사 건축자재,1
사진촬영 사진제작,1
젓갈 식품,1
이사짐센터,1
칠게맛조개꼬막전복해삼멍게쭈꾸미낙지,1
안경  선글라스  콘택트렌즈,1
김치 반찬류,1
무인 셀프 사진관,1
냉면 막국수,1
아로마 초,1
식자재 및 일회용품,1
전기재료및조명기구,1
피부미용네일화장품,1
자동차 썬팅  전자기기 등 자동차 용품,1
침구 커텐 수예 주방용품,1
모자 등 의복 액세서리,1
분식 치킨 피자,1
의류 신발 가방 등 잡화,1
일반음식점업 일식,1
빵에그타르트 휘낭시에,1
탁구놀이,1
한문역사교육,1
식품음료담배,1
과일야채밀키트,1
발맛사지,1
일반약 건강식품,1
법무관련 서비스,1
보일러 및 열기기,1
언어치료 심리상담 외,1
음료 샐러드 포케 샌드워치 죽등,1
화장품 영양제 등,1
베트남쌀국수중식,1
일반외과의원,1
두발미용용,1
냉동 냉장식품 그 외 기타 종합소매업,1
회 대게 물회 과메기,1
초장 및 일반음식,1
생활용품 및 식료품,1
부대찌개 삼겹살 삼계탕,1
식품 담배 주류 의약품등,1
미용서비스속눈썹,1
팥빙수 및 커피 음료 류,1
차량 광택썬팅,1
감성갈비,1
퀵서비스,1
우동 카래,1
의류 및 신발 모자,1
속옷 파자마 등,1
식품잡화 담배,1
생화 식품,1
옛날통닭  닭강정 닭다리 똥집 순살,1
"식육(돼지,소)",1
토산품 및 잡화,1
원목소품,1
과실발효주 리큐르주 일반증류주 주류,1
가스기구 주방기구,1
에코백 앞치마,1
청소용역 대행 에어컨 청소,1
김치 마늘,1
종합여행업,1
스포츠의류 신발 용품 운동기구,1
족발 순대국,1
무인편의점주류판매하지 않습니다,1
한식 퓨전,1
부대찌개 포장,1
속눈썹 펌 연장,1
자동차종합수리업 자동차악세사리판매,1
자동차 광택,1
쇼파수리업,1
고철처리,1
서적판매,1
공구 철물 배관자재 전기자재 잡화 안전용품 외,1
도소매(의료기),1
"소매(벽지,비닐장판,기타지류)",1
"산업안전용품, 크린용품",1
도소매업(젓갈류),1
패션 액세서리,1
떡제과점,1
일반철물 및 수공구 기계공구,1
식당주방용품,1
"즉석판매제조가공업(전, 청국장 외)",1
"전기,조명",1
선지국 도가니탕 등,1
경미한공사 기계설비 실내건축 도장,1
가구 에어컨 가전제품수리 운동기구,1
운전,1
의약품 및 의료기기 등,1
의류 소매 여성복,1
아이스크림  음료,1
기능성 운동 교육,1
외국식음식점,1
채소청과양곡계란건어물류,1
내과 진료 및 건강검진,1
자전거 운동 및 경기용품 소매업,1
화분 및 생활용품,1
떡볶이 닭강정 파스타 타코야끼 덮밥 볶음밥 튀김,1
활어어패류,1
한식생선,1
다이어트보조제 멜라토닌제품 알부민제품 효소제품,1
떡볶이튀김순대,1
쭈꾸미볶음 제육볶음,1
두피관리용품,1
가정용 패브릭 청소 서비스소파매트리스카페트유모차카시트 등,1
이비인휴과,1
실내 스크린 골프 연습 및 레슨,1
서비스네일미용,1
젤 네일,1
피부바디관리 왁싱,1
생선구이조림,1
빵류 및 커피,1
가상체험 체육시설업  골프용품 도소매업,1
양고기 요리 주류,1
커피 음료 빵 디저트 류,1
기념품 소품 캐릭터디자인 등,1
반찬류 김치,1
도시락 돈까스,1
돼지고가,1
체력단련 및 스포츠용품,1
휴게 서비스업,1
반찬류 젓갈류,1
속옷청바지 잠옷 기타  의류,1
휠체어 지팡이 욕창방지방석 전동휠체어 보행기 등,1
닭한마리 닭도리탕 감자탕 삼겹살,1
탕수육짜장짬뽕,1
김밥 만두국,1
사진촬영 광고대행업,1
종합식품 잡화,1
김치류 및 음식,1
참깨 및 고추,1
가방 및 가죽소품,1
담백외 식료품,1
전복 문어 갈치 꼬막 굴 조기 병어 오지어낙지 등 생선 및 어패류,1
아웃도어의류및용품,1
식용유지류 제조 등,1
엘피지가스 소매 등,1
피부미용네일아트,1
박물관,1
한식 디저트 음료 잡화 핫도그,1
기타 교육지원서비스업,1
공예가,1
유리공예,1
제과잡화,1
전자상거래캔들방향제공예강사,1
종합미용,1
여성의류 신발 양말,1
일식 음식,1
연잎밮,1
샐러드포케,1
돼지 닭돼지 목전지 닭 다리살,1
커튼블라인드소품,1
팬시 문구,1
도마뱀 용품,1
캔들 및 소품,1
국수칼국수국밥,1
한식 육류 전문점,1
주방용품 및 가정용 유리  패브릭제품,1
수삼 홍삼 약초,1
돼지 곱창,1
음식료품 및 생활용품,1
꽃학원,1
켈리그라피,1
미술심리상당,1
교육서비스컴퓨터 학원,1
국수돈까스,1
여행 예약 항공 발권 비자 등,1
빵 디저트 커피 차,1
이불점,1
식물성 유지 제조업,1
털실 타올,1
제과 및 빵,1
의료 기기 화장품 건강기능식품,1
모직물 화섬지,1
기름 국수 고추,1
아이스크림 커피 등,1
점핑다이어트운동서비스,1
비뇨기과의원,1
한식중화요리,1
화장품 및잡화,1
아이스크림 과자 음료 라면 등,1
문구 팬시 악세사리 교구 과학용품,1
즉석식품제조판매 부대찌개,1
일반음식점 식품 즉석식품제조업 도시락,1
제주고기,1
쪽갈비 구이,1
과일 채소 아이스크림,1
한식류 분식류,1
한식전문,1
탕 고기,1
문구 용품,1
가구인테리어침목,1
등공예품,1
커피 주스,1
속눈썹연장 미용,1
소파 침대,1
벽지 비닐장판 기타지류 침구류,1
분식 간이 음식점,1
앞치마 가방 파우치,1
음료 쿠키,1
소품 판매,1
과자 청과야채,1
반려동물 사료 용품,1
꽈배기 도너츠 커피 아이스크림,1
채소 야채 과일,1
건어물 식자재,1
농산물 젓갈,1
국수 음식,1
돈까스 모밀 김밥 우동,1
빵 커피 음료 케익,1
농기계펌프,1
사진포토샵,1
대게와 킹크랩 및 기타 수산물,1
헬스 시설 이용권,1
건설엔진 기계,1
족반,1
주류담배기타 소매품,1
종합 소매용품,1
쌀계란식잡,1
화초및 산식물,1
이동식품판매,1
주류 및 요리,1
아이스크림 식품잡화,1
케이터링한과상품메뉴개발,1
배드민턴 운동요품 및 수영복,1
떡류 제조가공,1
빵 커피류,1
서비수,1
간식류호떡,1
스팀세차 및 광택,1
보일러 및 부속,1
모밀돈까스,1
전기기능사교육,1
과자및아이스크림,1
한식분식만두쫄면돈가스제육덮밥돌솥비빔밥낙지덮밥 등등,1
의료(한의원),1
인삼농산물,1
"소매업(한과,강정)",1
"인쇄,명함,스티커",1
스포츠아동복,1
사과생즙,1
가루제분,1
소매(의루),1
사진및영상,1
돈카츠우동류,1
김밥식사류,1
시계 악세사리 귀금속,1
안경업,1
축산물 농산물 야채 청과,1
순대국 한식,1
유부초밥우동,1
화장품 의류 신발 가방,1
여성용 의복,1
휴대폰의류,1
곡류가공 및 농수산물,1
자동차썬팅블랙박스설치,1
중고주방용품,1
전기용품및조명기구,1
자동차정비자동차관련용품,1
고추가루참기름마늘감자고구마양파무파 등등,1
열쇠수리 열쇠,1
생물 냉동,1
돼지막창 소곱창,1
열쇠 도장 인쇄,1
삼겹살 갈비,1
필라테스수업,1
양약  건강기능식품,1
유모차 카씨트 유아용품외,1
분식 떡볶이,1
딱새우 우니 육사시미 수제꼬치 등,1
음악실기,1
수제육포돼지고기,1
한식찌개류,1
떡볶이 어묵 튀김 순대 외,1
침구류잡화,1
비건채식,1
교구교육,1
생선 및 해산물,1
숙성사시미,1
낙지보쌈,1
휴게음식점 붕어빵,1
초밥 회 캘리포니아롤,1
실용음악교습,1
악기수리업,1
세차 광택 코팅,1
자동차 정비 세차,1
두발미용 및 미용용품,1
헤어 미용서비스 전반,1
파마  커트,1
꽃과 예술품,1
동물약품애견사료,1
광고디자인 원화디자인 기타교육지원서비,1
치킨 식품접객업,1
광택내부세차,1
가구 생활용품,1
자동차 외장관리,1
미용서비스 커트 펌 염색,1
커피 및 카페음료,1
손질포장된 민물장어,1
두발미용 컷,1
돈가스 라면,1
프랑스 전통 디저트 강습,1
반찬 김치 등,1
정육식품,1
카페샌드위치샐러드,1
펌 염색 컷트,1
과일 야채 밀키트 등,1
사진촬영 및 액자,1
치과진료 서비스,1
소파 식탁,1
생선 회와 탕,1
일반기계 장비,1
금속 창호,1
케이블배선기구,1
건어물 제수용품,1
고일,1
"원단,포목",1
"카페,잼,귤",1
광어 농어 우럭,1
방향제화장품담배,1
건강보조식품선식,1
"도소매(신발,잡화,의류,화장품) 도매(무역) 소매(이불",1
생활용품 및 사무용품,1
도매 및 소매업(생활용품),1
일반토목,1
쑥뜽 체형관리,1
화장품 화장 분장 네일 피부미용업,1
화장품 화장품원료 피부관리 네일아트,1
화장품 피부미용업,1
한우 및부산물 한돈및 부산물,1
활어회 조개구이,1
신경과의원,1
초밥유부초밥,1
음식 및 전통주,1
공산품 및 잡화,1
국내산풍천장어,1
풍천장어,1
식품  공산품외,1
자동차용품외 기타,1
스팀세차 광택 실내크리닝 손세차,1
실내놀이터휴게음식,1
유무선통신  휴대폰컴퓨터악세사리핸드폰중고폰인터넷,1
양식 및 돈까스,1
이미용서비스업,1
휴대폰케이스외 관련품,1
식품 담배 주류,1
편의점 휴게음식,1
속옷 도소매,1
쭈꾸미 삼겹살,1
오므라이스 돈까스,1
오리백숙,1
주얼리 시계 디자인,1
커피 기념품 등,1
합기도 체육관,1
학습 공간,1
학습 공간 제공,1
접이식천막,1
기계전기배선,1
어묵 순대 옥수수,1
동물병원 애완용품판매,1
커피 전통차,1
캘리그라피 공예품,1
가정방문 산후도우미 서비스,1
등산의류 및 등산장비 운동용품,1
피부관리및 화장품,1
목공재료 목공지도,1
체력단련에어로빅요가목욕탕,1
뽈탕,1
전기제품 생활용품,1
신선식품 가공식품 생활용품,1
닭 바베큐 치킨 닭볶음탕외,1
정비세차,1
애완용 동물용품,1
식품 생활용품 담배 등,1
방탈출 게임,1
자동차전문정비업 부품판매,1
한식과자빵류,1
치료서비스,1
보리굴비,1
케이크 디저트 과일청,1
중식 및 짜장면,1
양식음식,1
붙박이장인테리어씽그대,1
바닥재,1
자동차 수리 베터리수리,1
의자탁자 잡화,1
과자음료류,1
방역소독용품,1
악기교육,1
전지 배터리,1
팥칼국수 등,1
독서실 운영업,1
사골곰탕,1
양식 커피 및 베이커리 식음료,1
편의점취급물품,1
야채 청과 등,1
프렌차이즈 카페,1
연어방어각종안주,1
스포츠 레저용품 등,1
의류 캠핑용품 등,1
스포츠의류 및 신발용품,1
등산용품 의류,1
스포츠의류 및 스포츠용품 등,1
전기용품 조명전등,1
스포츠활동,1
식품 및 일용잡화,1
냉면 분식,1
정수기 렌탈 관리,1
내비게이션 블랙박스,1
분식김밥등,1
표구제작,1
스크린골프 및골프용품,1
떡류및참기름고추가루인가공식품,1
횔어,1
커피베이커리 주류,1
자동차 타이어 판매,1
한식육개장설렁탕제육,1
편의점식품,1
액세서리 가방 모자 장신구 소품 파우치 등등,1
섕활용품,1
음료및 제과,1
커피외 음료및 디저트,1
아기띠,1
출력 인쇄 제본 디자엔 등,1
네일및피부,1
가정생활용품일회용품철물소품문구화장품,1
음료과자공산품주류담배아이스크림식재료라면유제품즉석식품원두커피 등,1
성인 의류,1
약품 의료기기,1
돼지갈비외,1
악기대여 연습실대여,1
요가 번지 스텝박스 플라잉,1
김밥 떡볶이 라면 아이스크림,1
의류 운동화,1
샐러드 아란치니 샌드위치,1
두루치기오징어 볶음된장찌개김치찌개뚝배기불고기알밥순두부비빔밥 꼬,1
주류 안주류,1
닭발 통닭,1
빵 케익 아이스크림 커피 등의 음료,1
참치류,1
의류및신발세탁,1
액자 표구처리업,1
"약초, 건어물",1
"소매업(의류,기타)",1
도배 벽지 장판,1
"전복,해삼,소라",1
"담배, 식자재 등",1
레이스 원단,1
잔디,1
식자재및 채소,1
생활 필수품,1
핸드폰액세서리,1
피부미용써비스,1
의류생활의류스포츠의류신발,1
의료용 기구 화장품 잡화 외,1
과일 및 채소 및 기타 식료품,1
고깃집뒷고기전문점,1
어학강좌,1
화장 분장 미용업 피부,1
고로케 꽈배기,1
초밥 덮밥,1
카오디오 자동차용품,1
한약 침 치료 물리치료,1
코어운동,1
수족관용품,1
간편식사담배주류음료과자라면생활용품,1
노래연습실제공 음료자판기,1
한식접객업,1
네일아트 피부미용  메이크업,1
발달장애 교육서비스,1
한식 활어회,1
운동재활 체형교정,1
수입 소고기,1
의료기기장애인보장구,1
칼국수면,1
의류및악세사리 속눈썹,1
도서 서적 교구,1
누수 방수 공사,1
컴퓨터자수,1
신체관리,1
재활치료,1
필라테스 강의,1
한우소고기,1
빵케이크 및 과자류 제조업,1
블랙박스 선팅 네비게이션,1
자동차 썬팅 액세서리 판매,1
일반가구 흙침대,1
신발소매 의복 액세서리,1
간판광고 명함 인쇄 현수막,1
자동차썬팅블랙박스,1
타이어 정비,1
의료업 피부과,1
헤어피부관리,1
돈까스파스타,1
염색컷트파마,1
만두도너츠,1
건강식품 농산물,1
헤어 펌 컷트,1
칼국수 고기덮밥 등,1
육회문어연어사시미,1
견과류 즉석 판매 제조,1
파충류 반려동물 및 관련용품 소매,1
필라테스 교육 필라테스 지도 필라테스 레슨,1
식품 및 기타,1
뜨개실및용품,1
미용실 남성커트전문,1
강아지 용품,1
가정용품 화장품,1
악 기수리색소폰플루트클라니넷,1
아이스크림 붕어빵,1
소아치과 진료충치 예방 교정등 및 진료비,1
휴계음식편의점,1
빵아이스크림음료,1
방앗간 들기름 참기름,1
한식 산채나물,1
치킨 야식,1
소금빵 에그타르트 쿠키 커피,1
자동차 세차 용품 전자상거래업 생활용품,1
헤어제품 커트 펌 염색,1
뼈해장국 뼈구이,1
식품 잡회,1
휴대폰 케이스및 주변기기,1
된장찌개 순두부찌개 돼지갈비 제육볶음 뚝배기불고기,1
시계재료,1
일반과의원,1
에센스 샴푸,1
반찬 전,1
음료 과자 주류 생활용품 도시락 김밥 샌드위치,1
커피 차 공예품,1
한식냉면,1
포케,1
냉면갈비탕,1
식사분식,1
주류 담배  잡화,1
비알콜 음료,1
초밥돈까스,1
건축자재 강화도어 방충망 경미한공사,1
반찬 일반음식,1
의류 신발 악세사리 가방 잡화 스포츠,1
애완견미용,1
옷이불등,1
한식 서적출판업,1
화장품피부미용업,1
실내스포츠필라테스,1
디저트 쁘띠갸또,1
운동기구및헬스용품,1
인쇄명함인장실사출력,1
한방통닭구이,1
"컴퓨터및주변장치,가전제품",1
신발(도소매),1
복찜,1
삼겹살 비빔밥 짜글이,1
야채축산물,1
게르마늄제품,1
족발통닭,1
양약 외과및정형외과기구장치 의료기기 전자상거래업 건강기능식품,1
컴퓨터 수리및 수리전자상거래,1
식육 양념육 식품,1
장갑 잡화,1
참치 전문점,1
내의 타올,1
헤어 컷 펌 등등,1
애견호털및 음료,1
외어학원 토익 수업,1
아이스크림크로플,1
컴뷰터,1
네비게이션 담배 전문정비업,1
경미한공사 금속 간판 현수막 안전용품,1
의약품 및 의료용품 소매업 의료용기구,1
일식 신선 냉동및기타수산물,1
구두 잡화 스포츠용품 안전용품,1
"안경,콘텍트",1
"문, 문가공",1
비철,1
"소매업(액세서리,의류,잡화)",1
"스냅,사진",1
"인삼, 수삼 판매업",1
"자전거, 자전거 수리",1
육류 삼겹목살,1
스크린 파크골프,1
편의점소매품,1
빙수 및 아이스크림,1
음식양식,1
핸드폰 주변기기,1
카센타타이어부품,1
힝크대 붙박이장장식진,1
현수막간판,1
엘피지가스,1
자동문설치,1
간판 현수막 판촉물,1
실내인테리어 사무용가구,1
간판 광고물,1
통닭 생닭,1
의류잡화침구류,1
도시락 김밥 생활용품  자동화시스템치킨 스마트 한강라면  커피머신원두,1
문구류 스티커 및 장난감 인형 생활용품 잡화,1
줄넘기 학원,1
야채  청과,1
다이어트복싱,1
동태탕 알탕대구탕제육볶음낙지볶음,1
볼링게임,1
즉석판매 제조가공업 젓갈 유통전문판매,1
가전제품 전기용품 휴대폰 거전제품수리,1
즉석판매제조가공업 두부,1
과일수제청 음료,1
교습 학원,1
비닐 및 포장재,1
족발 보쌈 미니족 막국수,1
아이스크림 브런치,1
지류 관련,1
파크골프연습장,1
금고 열쇠,1
능이버섯 더덕,1
인삼농산물홍삼제품,1
샌드위치샐러드커피 등등,1
양식 커피 샌드위치,1
전통가구 칼 미술품 예술품 공예품,1
자동차용품 자동차 내외장 관리,1
한식 양념육류 육류,1
어패류 구이류,1
파스타 샐러드 스테이크 필라프,1
건의물,1
헤어에 대한 모든 시술,1
커튼브라인드,1
음식소매 마트,1
전구 램프 및 조명장치 전기자재 통신,1
타이어 엔지오일및용품 브레이크패드,1
활어 도소매,1
자동차중고부품및용달화물,1
자동차부품수리및판매,1
과일 커피 음료 디저트,1
식음료 생활잡화 도시락즉석식품 담배 주류 상비약 아이스크림 종량제봉�,1
피부미용 미용 교육 화장품,1
부품소매,1
네잏,1
타올 우산,1
원목실내가구 원목도마류 주방조리도구류 인테리어소품,1
청소년 상담,1
조기 굴비수산물,1
화장품샴푸비누,1
돈까스 모밀 알밥,1
반려용동물 및 관련용품 소매업,1
과일도시락 토스트 등,1
철물 열쇠 전기용품,1
스쿼시레슨,1
샤브샤브 양고기,1
의류  도소매,1
금 시계,1
양약의료기기및건강식품,1
가정주방용품,1
빵류즉석판매제조업,1
도매소매,1
양약 한약 건강식품 의료용품,1
커피번,1
커피 호두과자음료,1
문구사무용품잡화생활용품,1
플스방,1
삼겹살청국장,1
가전제품 및부품,1
식품잡화및담배,1
유부초밥일본식라멘우동,1
커피 디저트케이크,1
운동교육업,1
생대패삼겹살,1
스카프 우산 양산,1
속눈썹 메이크업 속눈썹영양제,1
미용서비스 용품,1
화장품 등 생활용품,1
음료 및 생필품,1
문구 완구 회화용품,1
언어치료 상담,1
의류 소매 등,1
한식 콩비지 콩국수 콩비지전,1
닭갈비막국수,1
휴게음식커피음료,1
제과 빵 케잌,1
흑염소 및 한약재,1
분장미용업,1
밀가루 설탕 소스류 등 각종 공산품,1
흙칭대  쇼파,1
휴대폰 및 휴대폰 악세사리,1
의류신발가방스포츠용품등산용품안전화악세사리,1
오락관련방탈출 서비스업,1
곰탕 김치찌개 꼬리곰탕,1
헬스    기구필라테스,1
뜨개실부자재십자수재료,1
네일이용업,1
조명 전기재료,1
바지락 칼국수,1
도배 장판 벽지,1
생선회 생선찜 기타 한식류,1
스피닝센터,1
기계공구 철만물 안전용품 외,1
차량 소모품,1
심리상담 및 심리검사,1
농 수 축산 및 가공식품,1
다양한 상품,1
헤어제품 화장품,1
우육 돈육 계육,1
미장원 등,1
가구 쇼파,1
잡화및생활용품,1
뉴케어,1
자동차용품자동차수리,1
일반한식 수산물,1
건어물 특산품,1
과자 빵류 과채가공품 커피전문점 등,1
생활소매품,1
유아용 의류 도매 제작,1
"점핑, 요가",1
한의원 치료,1
생선 소매,1
숙소,1
서핑보드렌탈,1
자동차썬팅용품,1
가정용 전자제품,1
문구교재교구,1
상푸,1
가상체험 체육시설업,1
신경과진료,1
닭발 매운등갈비찜,1
휴대폰케이스 액정필름 그 외 잡화,1
쥬얼리 금,1
정비 소매업,1
방문요양 방문목욕 보건업,1
네일케어 속눈썹연장,1
식육 슈퍼,1
참기름 떡,1
잡화 화장품 미용,1
무연 경유 제석유류,1
의류신발모자가방스포츠용품,1
소매업(애견용품),1
"가전제품, 미싱",1
음식(간이주점),1
"외의,스포츠의류,레저용품,임대",1
온도센서,1
자동화부품,1
도소매(수입잡화),1
치과용품,1
"인테리어,도배,장판",1
과자및음료,1
자동차 종합수리업,1
아이스크림 케이크 및 디저트,1
기타조명기구및전기용품,1
화장품 내의,1
꽈배기 도너츠 빵,1
김밥떡볶이분식류,1
도라지 고사리,1
음료커피과자,1
피규어 장난감 완구류,1
떡케이크 한과,1
아이스크림과자음료수당류,1
식음료 카페,1
중국본토요리,1
화장품 피부관리샵,1
냉난방기외,1
스팀세차 광택썬팅,1
자동차 타이어교환 및 자동차경정비,1
세계주류,1
종합체육헬스수영농구등,1
필름사진 현상 및 인화 소모푸 판매,1
한식 젓갈류,1
가전제품판매및수리,1
타이어 자동차 정비,1
냉압착생들기름,1
빔프로젝터 수리,1
삼겹살 목살 등 돼지 육류,1
밥버거 분식류,1
피자 파스타 치킨,1
농수축산물 기타 공산품,1
분식김밥주먹밥,1
커피 차 음료류,1
커피 케잌 빵 샌드위치,1
오리 삼겹 닭다리바베큐,1
수예 원단,1
의원보건업,1
기타 기술 교육,1
닭강정닭발,1
돈가스 및 분식,1
꼬치류 어묵탕 두부김치 닭발볶음 부대찌개,1
떡류 제조 및 소매,1
미용 및 미용용품,1
처방전약조제일반약품소매밴드파스등등,1
즉석제조가공 빵쿠키,1
사진 커피,1
꼼장어 오돌뼈,1
한식찌개류 및 제육볶음류 및 기타,1
청소년과,1
우부산물소곱창 대창 양 천엽 염통 간 등,1
발레요가,1
언어치료 심리상담,1
닭박,1
합기도수련,1
신발깔창,1
즉비빔밥,1
한식보말칼국수,1
호떡 닭강정 와플 소세지 소떡소떡 닭꼬치,1
칼국수콩국수,1
골프연습 미용재료,1
요가 운동,1
복권 담배,1
소고가 돼지고기판매  음식,1
수산물 제철 해산물 도 소매,1
회한식,1
즉석판매 추출가공식품,1
생선 및 활어,1
식품건강기능식품야채과일김치밀키트,1
판촉물외 스크린인쇄업,1
헤어컷트 펌,1
전 튀김,1
전기전자부품 컴퓨터주변기기 사무용가구및공구,1
옷신발 각종액세사리,1
배추 무우 콩류 각종야채류,1
커피 홍차 밀크티,1
이륜차,1
닭돼지소,1
양말 수가공품,1
순댓국등,1
유아용품및애견용품,1
음료과자물,1
농산물유통판매,1
꼬치앤오뎅,1
코다리꼬막,1
곱창구이 전골,1
핸드폰 커스텀 케이스 제작 판매,1
홍어삼합,1
체력단력시설 서비스업,1
산업용농산물,1
일회용용품,1
퓨전중식,1
음료외,1
음요생활용품 의약외품 등,1
커피비알콜성음료디저트,1
육류 및 기타  고기뷔페,1
호떡 오뎅,1
조명 등기구,1
젓갈류 소매,1
돼지갈비 냉면 갈비탕,1
광고물제작현수막,1
리플랫책자,1
샤브야채및 소고기등,1
한식 및 일반 음식점업,1
커피와 음료 빵 판매,1
"종합식품, 담배",1
공방 외,1
도소매(생활소품),1
"음료,카페",1
회 계절메뉴,1
닭숯불구이,1
유아동의류잡화,1
남자용 겉옷 소매업,1
수산물 외 과자 및 빵류,1
우유계란 등 식자재,1
피씨방 카페,1
담배 및 공산품,1
커피외 음료,1
짜장면짬뽕,1
전자제품판매,1
떡 고춧가루 미숫가루,1
찜탕 중식,1
담배 식품 술 기타,1
참기름 및 농산물,1
완당우동,1
한식채소과실및 뿌리작물,1
꼼장어회해산물대게킹크랩,1
뷰티에스테틱,1
미용 펌 염색,1
김치류절임류젓갈류,1
언어상담 심리상담 등,1
생화 관엽 화분,1
볶음밥류,1
교육서비스업종코드,1
청과야채수산물,1
고기류 주류 한식,1
헬스 시설 이용 서비스,1
헤어미용붙임머리,1
음료 및 식료품,1
인쇄물 및 물품,1
미용업 의류 잡화 악세사리,1
피부 네일학원,1
육회 및  보쌈,1
보쌈전문점,1
체력증진 다이어트,1
왁싱제모,1
칼국수쭈꾸미,1
초밥류등,1
필라테스센터,1
기타 음식료품 및 농축산물,1
미요업,1
채소 야채 배추 무 파 등,1
한의원 한약,1
간장속옷,1
모밀국수국밥덮밥,1
안경돋보기렌즈,1
영양제병원처방전,1
자전거 및 스포츠 용품,1
한식 중식 일식,1
컷트 펌 염색 드라이 등 헤어미용 서비스 및  미용용품 판매,1
스포츠의류  여성의류,1
한식음식 및 주류판매,1
필라테스 체력 단련시설 운영,1
외과 내과,1
피부과 의원,1
오믈렛라이스 파스타 돈가스샌드위치,1
건강관리운동,1
오뎅 꼬치구이  주류,1
반찬가공식품,1
닭야채,1
동태탕 보쌈,1
아구찜 조개찜,1
분식 외,1
야채 고구마 감자 오이,1
고추 마늘 쌀,1
의류 가방 악세사리,1
주방용품 제수용품,1
의료 진료,1
헬스장 샵,1
애완견 사료 간식 장난감,1
의류 및 신발 침구류 등,1
피자 치킨떢볶이,1
요거트카페 아이스크림,1
뜨개가방 뜨개모자 등,1
젓갈건어뮬,1
칼치조림,1
타코야끼닭강정,1
액세서리 의류 등,1
중식 주류,1
화장품 및 건강기능식품,1
화과자 떡류,1
스포츠 건강보조식품 소매,1
소고기돼지고기반찬,1
카페 아이스크림 세계과자,1
책자 및 리플렛등 인쇄,1
삽화 그림,1
커피 과자,1
생선등,1
오징어 멸치 등등,1
운동용구,1
비료 농약,1
커피 케잌 등,1
떡볶이 튀김 커피,1
신발 운동복 외,1
방탈출 체험 서비스,1
폴댄스교육,1
한약 침치료 물리치료,1
정형외과내과마취통증의학과영상의학과,1
양장점,1
육회 초밥 연어,1
생활필수품외,1
의약품건강기능식품,1
김밥떡볶이찌개류,1
소매 음식,1
식품음료및생활용품,1
육계장,1
안경및렘즈,1
스포츠의류 및 스포츠 용품,1
건어물 및 젓갈류 등,1
스포츠시설운영,1
치킨 피자 등,1
간편 및 광고물,1
필라테스 기구 소도구,1
타올 앞치마,1
스테이크 수제버거 샐러드 파스타,1
담배및일반상품,1
화장품 및 태닝,1
애견미용 호텔,1
통신기기 사무기기,1
초밥 롤 우동,1
스피닝운동회원권,1
의류 악세서리,1
커튼침구홈패브릭인테리어소품,1
반찬야채,1
잡화폰케이스,1
애견용품 수입과자 옛날과자,1
수제타코야끼,1
두부류 콩물,1
만두 국수,1
건간기능식품,1
비뇨기관 피부과,1
중식 요리,1
기타외국식,1
"제조업(기타목재가구제조업,장식용목제품제조업)",1
"소매(잡화,양말)",1
"의류,양말",1
이불 잡화 식품,1
빵류 샌드위치 커피 및 음료 등,1
인천유나이티드 유니폼,1
의류 등산용품 외,1
수제청 및 수제품,1
복사제본출력,1
노래방기기 판매및수리,1
식물생화 커피음료원예자재,1
잡곡즉석판매제조가공업,1
체험놀이,1
전기조명용품,1
생활용품 식음료 의약외품 외,1
김밥외 면류,1
전동스쿠터휠체어,1
동태탕백숙,1
커피및음료디져트판매,1
사과 오미자청,1
심리상담 부부상담 미술치료 놀이치료 언어치료 집단상담,1
의류 잡화 악세사리 신발 도소매업,1
소매(악세샤리),1
"기타 건어물,식품잡화",1
"수선, 리폼판매",1
"설탕, 사료",1
음악 미술,1
"차량부속, 발전기부속",1
근무복제작,1
한식(찜),1
의약품 소매업,1
철물 열쇠 공구 도장 외,1
일반진료,1
쭈꾸미 낙지 우삼겹,1
향초 방향제,1
선어 도매,1
두발용품,1
두발 두피,1
농산물 잡화,1
이륜차 이륜차부품 서비스 및 수리,1
모텔 숙박,1
피부관리 화장품 도소매,1
돼지고기낙지 갈치굴홍어,1
장갑 청소요품,1
타이어 및 튜브,1
취급품목,1
쌀 잡곡 김치 계란 고추가루,1
돈육계육우육,1
애완용품간식사료,1
회화용품,1
화초식물,1
실내연습장,1
수의 동물병원,1
자동차썬팅 블랙박스,1
김치 부식,1
찌개 조림,1
치킨한식,1
해물찜아구찜,1
패션상품 및 굿즈,1
도너츠 커피,1
도서 교육서비스업,1
놀이시설 키즈카페,1
휴게음식 스포츠의류 등,1
의상대여,1
참치전문,1
한식  호프,1
카메라수리,1
이륜자동차부품소매,1
야채 청과물,1
도자기향수제작,1
유아동복 스포츠의류,1
복싱강습 및 관련용품,1
실용음악 교육,1
차량용가스충전소,1
화분 및 화환,1
천막 포장자재,1
양약 건강식품,1
가스충전소,1
음악 교육 서비스,1
잡화및 의류,1
잡화및 장난감,1
의류침구신발세탁,1
생식빵,1
일반내의 소매,1
커피디저트쿠키케이크,1
유기농 누룽지 쌀과자 김부각 냉동주먹밥,1
국밥 수육 불고기 순대 만두,1
아이스크림전문점,1
기능성신발 잡화,1
오백빵,1
문구 완구 등,1
잡곡견과류,1
냉동수산물 및 건어물,1
중식 조리 및 판매,1
볼링장 운영업,1
전기조명장치,1
커피디저트주류,1
부산물조리,1
문구류 간식류,1
의약품 건강기능식품 의약외품 등,1
활어  해산물,1
건강 잡곡류 및 수입꿀 양곡 가공식품 등,1
네일아트 손발톱 관리 서비스,1
휴대폰 및 통신기기,1
햄버거 등,1
경양식 돈까스,1
빵케익커피,1
해산물 및 회,1
순대  떡볶이,1
스포츠의루,1
스포츠의류안전화,1
상품편의점,1
식료품 담배 및 생활용품 소매,1
낙지연포탕,1
커피 공방,1
한식   건강원,1
비알코올 음료 및 구움과자류,1
피부관리 비만관리 체형관리,1
골프의류및용품,1
철물 페인트 목재 안전용품 잡화,1
철물안전용품,1
성형외과 피부과,1
중장비부품,1
유압호스제작및 판매실린더유압부품외,1
작업공구 전동공구,1
안전용품철물공구,1
철물  안전용품 수공구  목공구  전동공구 에어공구 절삭공구 예초기 산업,1
커피음료디저트등,1
침낭 및 패딩,1
안경테안경렌즈콘택트렌즈선글라스안경관련소모품,1
음료및 주류 잡화 등,1
불고기  돌솥밥,1
활어 및 한식,1
뷰티 서비스,1
화초및식물소매업 제과점업,1
화훼류 및 식물도매업 경미한공사,1
의료기기 의료용품 복지용구 의료기기수,1
여성 남성 아동 스포츠 의류,1
건강관련 헬스제품,1
공간임대업스터디카페,1
도소매꽃식물조경용품 원예치료교육,1
생화조화조경소품,1
음식업 한식,1
채소 과일 생선,1
아시안요리,1
인형키링악세사리,1
도자기 그림 소품,1
베이커리 및 카페,1
한식전,1
반주기마이크마이크커버,1
안경콘택트렌즈 선글라스,1
커피  빵,1
도서 도소매,1
홍상외,1
미숙교육,1
인쇄및제본,1
컴퓨터주변기기및게임기기,1
대나무,1
화훼 작물 재배 및 판매 종자 및 묘목 생산 판매 감귤 등 생산 및 판매,1
"제과,쿠키",1
"도매및소매업(농수산물(야채,과일,계란),식품)",1
"스포츠용품,의류",1
생활한복 핸드메이드옷,1
보드게임교육,1
단미사료제조업 잡화 반려동물사료 간식,1
피부미용 이용업,1
남여의류 액세서리,1
잡곡미곡,1
비료 및 농약,1
음료 주류 담배 등,1
마라탕 마라샹궈 꿔바로우 계란볶음밥,1
커피 논커피음료 쿠키 등,1
남성 옷바지 판매,1
도서책 문구,1
빙수 커피,1
사무용품 출력 제본,1
만두 냉면,1
떡볶이 치킨 맥주등,1
돼지껍데기 오돌뼈,1
연쇄점 편의점 담배,1
애견미용업 애견용품,1
식품 식물성유지류 수제청 음료,1
"즉석제조(과일, 채소) 및 농산물",1
동인동찜갈비,1
"반찬,식혜",1
소매업(반찬전문점),1
떡볶이등분식,1
"비료,종자,종묘,농약",1
"한식, 담배",1
인물사진및웹사용비디오촬영업,1
"화장품,잡화,일반미용업",1
자동차선팅,1
편의점 상품들,1
자동차부품 및 수리,1
막걸리 안주,1
소매 털실,1
보쌈제육찌개비빔밥쭈꾸미,1
농축수산 신선식품 외 공산품,1
졍육 상품 및 양념육,1
속옷전문,1
교육컨설팅,1
홍삼제품외 판매,1
일반 한식 및 주류,1
전기 조명,1
소갈비 돼지갈비 등,1
휴대폰케이스 악세사리,1
스포츠 교육 및 수련,1
튀김덮밥,1
디자인문구 소품,1
생선 및 건어물,1
심리운동치료,1
조경수및화훼,1
과자초코렛빵젤리음료등,1
손톱강화제,1
양약의료기기한약,1
식물 및  화초류기념품,1
피자 떡볶이 파스타,1
서적및잡지류소매업,1
해산물및조기니,1
발달서비스,1
수의,1
야채 반찬,1
커피숍 및 수제파이,1
휴게음식점 커피 원두소매,1
홍 어,1
다육 건강식품,1
족발 칼국수,1
한식 찜,1
웹툰콘텐츠제작,1
돋보기선글라스,1
이불 수예 의류 잡화,1
운동지도 건강관리교육 강의 운동기구 소도구 도소매 휘트니스위탁컬설팅,1
떡류떡 커피,1
솜사탕 쌀뻥튀기,1
족발 감자탕 해장국,1
두부 콩나물 기타,1
왁싱 피부관리,1
파크골프용품 스크린파크골프,1
돼지고기등 육류,1
가방 및 스포츠용품,1
탁주 약주 증류식소주 일반증류주,1
삼겹살 항정살 통삼겹살 소갈비살 차돌박이 우삼겹살 오리훈제 전기통닭�,1
만복국수집,1
갈매기살 소갈비살,1
피규어애니굿즈,1
요가 팔라테스,1
의류속옷가방신발,1
육류돼지고기,1
이륜자동차부시업,1
과자 떡,1
분식 어묵 떡볶이 외,1
미용업 화장품소매,1
떡볶이닭볶음탕등,1
쌀국수볶음밥등,1
피부관리 미용교육,1
육사시미,1
미용헤어 화장품 소매,1
실내놀이터 등,1
촬영 서비스,1
죽 반찬,1
한식아구찜탕 및 해물찜탕,1
완제품두부계란 외 야채,1
식품 및 비식품 천여개 상품,1
복싱 및 무술교육기관,1
잠옷의류,1
농축산가공품,1
안경 콘택트 썬그라스,1
휴대폰케이스 충전기,1
제과 분식,1
네일 피부미용 메이크업,1
메리야스 소매,1
컷트 펌염색트리트먼트 헤어제품 판매,1
커피 샌드위치 등,1
젓갈 건엉물,1
한복 원단염색 공예소품,1
고양이용품,1
찌개찜고기,1
타로 매점,1
김건어물수산물,1
세탁업 셔츠판매,1
악세사리잡화등,1
식품 담배 음료,1
침구류소품,1
플래쉬카드 교재,1
보일러 온수기 각방제어시스템 캐스케이드 중대형보일러 판매 설치,1
아용엊,1
막창 곱창,1
요가 수련,1
가저용 세탁업,1
헬스이용권판매  개인레슨,1
식음료 즉석식품 담배 주류 생활잡화,1
공연예술,1
올리브 토마토 병아리콩샐러드 커피,1
커피 기타 음료 디저트류,1
잡화 및 소매품,1
활수산물,1
가방 화장품,1
전산사무용품문구용품생활잡화식음료,1
롤케이크,1
치킨 음식 등,1
피트니스 서비스,1
화장품도소매업,1
식품 만두,1
갈비살장어,1
빵 케익 등,1
돈까스 냉면,1
김밥 분식  한식,1
한의원 침치료,1
의약품 외 건강기능식품,1
피부미용업화장품건강보조식품,1
통신기기 판매 등,1
전문일반의약품및 위생재료,1
무인아이스크림,1
활어회 초밥 물회 해산물,1
수예 이불,1
즉석요리만두 및 옥수수,1
생선구이부각등,1
가죽잡화,1
제빵 커피 음료,1
자동차공구에어공구수공구,1
문구 식품 아이스크림,1
보리굴비 갈비찜 불고기 돼지갈비,1
돼지곱창볶음 및 막창 닭발 삼겹살볶음,1
액상형전자담배,1
건어물 노상점포,1
청국장 장어탕 팥죽,1
정수기 비데 커피,1
실내장식 매트 소금,1
추어탕 오리탕,1
자동차용품오일,1
초밥 및 참치,1
한우한돈수입육기타가공품,1
식음로,1
과일 건어물 생선,1
의약품 의료용품 등,1
서비스(방앗간),1
소매업(의료용품),1
여자용양장,1
"한약, 의료기기, 일반의약품",1
"도자기, 그림",1
디퓨저 뱡향제,1
의류 패션 잡화 악세사리,1
해장국 설렁탕 삼계탕,1
열쇠도장청소대행기타,1
코딩학원,1
방향제 재료 및 공예관련 재료,1
수퍼마켓 소매,1
볼트 너트 공구,1
펌프 모터 배관자재 판매 및 수리,1
광택 외형복원 스팀세차 실내크리닝 디테일링 코팅 썬팅,1
볼트 너트 잡자재판매,1
과일건어물,1
파마 염색,1
낙지볶음요리,1
차량 경정비,1
족발 등,1
케이터링 치킨,1
식음료주류담배등,1
"서비스업(피부관리, 피부미용업),소매업(화장품)",1
반찬 및 주류,1
농수산물식품,1
"칼국수,분식",1
파충류 용품 외,1
"병풍,상",1
축밀봉장치,1
"김밥,만두",1
"소매(벽지,장판,지류등)",1
된장전골 외,1
도서식품,1
갈치구이조림,1
체력관리서비스,1
쭈꾸미 오리,1
전동공구판매및서비스,1
용접기 판매 및 수리,1
사다리 앵글 바퀴 철물,1
보건 서비스업,1
돼지등갈비,1
피자 치킨 등,1
간식 문구,1
스터디환경관리및서비스,1
한식덮밥류,1
멕시칸음식,1
브런치 디저트 커피,1
한식 육류 요리,1
남성컷트 헤어제품,1
라틴공방,1
컴퓨터프로그래밍호스팅및관련서비스웨딩컨설팅,1
신발부자재,1
활어회 문어,1
문어 활어회,1
여성화 수제화,1
파스타떡볶이,1
쌀국수 낙곱새 곱도리탕 김치찜,1
탄산음료 타코,1
한우불고기,1
통기타 악세서리판매,1
의약품 건강기능식품의약외품,1
커피 음료 과자류,1
커피  및 음료,1
김치찌개제육볶음,1
전문의약품 일반의약품 건강기능식품 기타가공품,1
안경 렌즈 돋보기 보존액 등,1
카페 샌드위치 샐러드,1
안경및 렌즈  콘택트렌즈,1
뼈 쭈꾸미 등등,1
삼겹살 부대찌개,1
식품주류담배생활용품,1
한의 의료,1
애견 용품사료 등,1
음향 텐트 무대설치 천막설치,1
일반내의 스포츠내의 기타의류,1
꽃 식물 키링 마그넷,1
아이스크림 과자 문구 완구,1
가죽시트 도소매업,1
즉석 제조 판매 조미김 부각 튀각 등,1
빵류과자류,1
빵류음료이이스크림,1
생물  반건조,1
소갈비등심목심,1
양식 및 주류,1
치킨꼬치,1
한싯,1
잡화담배식품 포함,1
농수축공산품,1
두피 미용,1
커피 수제청,1
요가 헬스,1
생화 식물 잡화,1
담배 음료 등,1
화초 생화,1
전기제품수리,1
특수서적,1
애견미용 애견용품판매,1
침장류및잡화제조가공업 가정용직물제품소,1
의원한의원,1
핸드폰관련악세사리,1
커튼 수예품,1
곱창 삼겹,1
돼지고기 판매업,1
서적 및 교구,1
애견용품 소매,1
속옷 및 실내복,1
채소 과일 수산 정육 등 차 식품,1
모유수유교육,1
텐트대여,1
약  건강기능식품,1
전기구이통닭등,1
인테리어 필름,1
김치구이,1
드레스 대여,1
피부과 가정의학과,1
동전노래연습장,1
역도장,1
어린이전용수영장,1
반찬 및 한식,1
서비스네일,1
음식료품위주 종합소매업,1
드로잉체험 및 음료 등,1
도시락 라면 등,1
타일도기,1
보건업 진료,1
가번제품수리,1
어구,1
어묵꼬치,1
수산물 대게,1
제주오겹살뒷고기,1
의약품부외품의료기기건강기능식품,1
필라테스및 플라잉요가 교육,1
치과보철물및 치과의료서비스,1
영유아 몬테소리 교구 수업,1
염색약 펌약 가위 샴푸 왁스,1
이불침구류,1
아이스크림 과자 젤리,1
짜장 짬뽕 탕수육,1
치킨 피자 판매,1
슈퍼마켓 전대,1
비데정수기,1
속눈썹미용업,1
건식,1
의류 식품,1
고기조개,1
컴퓨터및주변장치 소프트웨어 경미한공사,1
본드 실리콘외,1
면 및 밥,1
식혜노룩효소,1
삼겹살 및 찌개,1
도수치료,1
케익및쿠키커피류,1
컴퓨터판매,1
공산품 및 농수산물,1
떡볶이튀김,1
백일떡돌떡떡케이크,1
피부왁싱속눈썹,1
전자담배합성니코틴 소매,1
의류스포츠의류등,1
완제품편의점,1
명함 포스터 리플릿 책자 디자인 및 제작,1
약초즙 과일즙외 환류,1
천원빵,1
수산물 및 어패류,1
로봇코딩학원,1
한식 참치,1
방향제 및 디퓨저 제조,1
커피머신,1
돈까스 카페 일본퓨전음식,1
떡볶이 찐빵 도너츠 어묵 핫도그,1
홍삼 및 농산물,1
김 견과류,1
생화 및 꽃,1
피부미용 서비스업,1
의약품및의료용품소매업 의료용기구소매업,1
"소매(내의,의류,잡화)",1
양약건강기능식품,1
도소매(바구니),1
컷트염색,1
컷트파마염색,1
김밥라면,1
방앗간 고추 마늘 기타농산물,1
육류가공및포장처리 식육판매,1
조미된건어물 기타농수산물,1
과일주스 커피 디저트,1
심리상담 아동발달지원,1
두발 컷 펌,1
속옷메리야스잠옷,1
중식 요리 및 식사류,1
두발미용재료,1
체력단련시설이용 퍼스널트레이닝,1
김밥및 기타 간이 음식점업,1
외국식음식,1
약초 산나물,1
오므라이스 파스타 스테이크 등 양식,1
만두국 보쌈 국밥,1
인쇄  광고,1
제조업(식료품임가공),1
의류구제,1
수입그릇,1
가전 음향,1
굴비생선,1
"음식(국밥,해장국)",1
제조업(간판제작),1
도소매(교복),1
"국수 제조, 도소매",1
"소매업(휴대폰,악세사리)",1
만화책 휴게음식,1
볼링장운영 볼링용품판매,1
탁주 및 관광,1
벽지 및 잡화,1
하수구소통,1
의류 안전화안전용품스포츠용품,1
곱창 국밥,1
차과,1
타이어 엔진오일,1
온수매트,1
한지공예수강,1
아이스크림 과자 빵,1
철물및수공구류,1
소돼지닭등,1
도시락 반찬 음료,1
한식일반음식점 정육,1
전통차 쌍화차 수제차 식품 잡화 커피,1
한식점업 육류소매업,1
비뇨기과 피부과,1
마취과,1
내과 소아과 이비인후과 피부과,1
미용업두발미용서비스,1
인터넷컴퓨터게임시설제공,1
식기 및 생활잡화,1
명함 스티커 전단 양식지 봉투 판촉물,1
화장품 문구 사무용품,1
과자음료수야채과일,1
목공도배,1
육류 소돼지,1
치어리딩,1
네일 메이크업 속눈썹,1
의류 및 패션잡화 판매,1
코치구이탕,1
고기튀김,1
자동차 정비오일교환,1
콩나물 야채,1
빵케익쿠키,1
미용두피,1
카오디오 자동차부품,1
생필품식료품,1
공예품외 교육,1
케이스필름잡화,1
일반증류주 탁주 약주 청주 제조업 농,1
체력단력시설운영업 빵류 과자류 소매업,1
완제 의약품 건강기능식품 의약외품,1
학습 서적 온라인 강의 회의룸 임대,1
일식 돈카츠 메밀소바 마제소바 우동,1
동물미용업동물위탁관리업동물판매업애완용품판매업,1
일반가정의학과진료,1
청국장 삼겹살,1
치킨음료주류,1
밀면 칼국수,1
솜사탕 캔디,1
정육수샨,1
와인 치즈,1
일반의원 정형외과,1
수제비 국수,1
시설관리 및 보수공사,1
컴퓨터복사기,1
수제양념갈비 생갈비삼겹살갈비찜,1
작업복단체복신발,1
냉동공조기기및에어컨,1
사무문구용품,1
팥죽동지죽,1
프랜차이즈 아이스크림,1
전기 통신 소방자재,1
일반음식점업 한식,1
운동용품 시설사용중개,1
밧데리 차량부속,1
주짓수학원,1
수산물 축산물,1
네일아트소품,1
어린이 자전거킥보드헬멧인라인보호대악세사리,1
바로돈가스,1
해물칼제비해물파전부추전오징어볶음감자전만두,1
커피 및 음료 원두,1
일식요리,1
김밥 라면 등,1
청과야채기타,1
일반철물소매,1
빙수 커피 크로플 등,1
춘천닭갈비,1
채소 생선,1
서양 음식점,1
제삿상 및 제기 밥상,1
가방 잡화 악세사리,1
피부미용 왁싱,1
인터넷 컴퓨터게임시설제공업,1
냉면국수돈가스,1
스포츠시설 이용,1
돈까스 카레 소바,1
채소작물,1
즉석판매제조가공두부,1
공예품 체험교육,1
해물파전 닭도리탕 제육볶음외,1
반려동물 치료,1
부추 쪽파,1
정육사우나,1
기타장류,1
한식및분식,1
제과점 커피,1
미용  화장품,1
시계및귀금속소매업 그외기타종합소매업,1
자전거 소매,1
핸드폰 수리 및 중고폰 판매,1
완제품,1
의료용 기구 소매업,1
사진촬영 및 출력,1
다과빵차음료,1
미용화장분장,1
건식사우나,1
양말의복악세사리,1
츄러스커피,1
특산품판매,1
의류수선신발 세탁,1
능이백숙닭볶음탕,1
스피닝,1
계란야채,1
홍삼 제품,1
의류 신발 잡화 악세사리,1
통신기기외 악세서리,1
개량한복승복,1
식음료 및 잡화 등,1
캠프유학진로상담통역번역,1
사무용가구및중고사무가구,1
액자 칠판,1
다이어트캠프,1
태권도도장 축구,1
스터디룸 대여,1
패스트푸드  햄버거 치킨외,1
찜탕류,1
애완동물 관련 물품,1
김밥 &amp;분식,1
"철물,전기재료",1
"돼지고기, 덜미살, 항정살",1
식료품 및 담배,1
식자재및식품,1
과자음료주류비식품담배,1
식기주방용품기물,1
이불 침대커버,1
화장 분장,1
꽃조경수,1
기타 음식료 종합소매,1
놀이존,1
화훼분화식물,1
커피와 음료 디저트,1
각종 해산물,1
헤어 시술 스타일링 두피모발 케어 등 미용 서비스 전반,1
냉동수산물 건어물 채소류,1
과자빵류,1
속옷 내의 스포츠의류,1
과일 밀키트 건강식품 식료품 생활용품등,1
놀이시성및 휴게음식점,1
유실수 및 정원수,1
커피 .음료,1
액세서리 소매업,1
수예품 소매,1
여성 남성 겉옷 및 신발,1
안경 콘텍트의료기기,1
"구두,가방 및 엑세서리",1
애완용풍,1
재봉틀,1
샐러드 및 간이음식,1
농샨물,1
만두분식,1
"음식, 초밥",1
채소과일뿌리작물,1
웨딩촬영 웨딩드레스,1
커피 및 식품,1
이불 도소매,1
떡볶이 커피,1
강의,1
약품 의약외품 화장품,1
모자가방잡화,1
반려동물 수제간식 케이크,1
화장품 스킨케어,1
반려동물 수제간식 및 기성 제품,1
밀크티전문점,1
골프클럽 용품 스크린골프,1
침구류 및 소품,1
방문요양서비스,1
미용시술 헤어커트 펌 염색 클리닉,1
커피 등 음료 및 디저트,1
커피아이스크림,1
찌개볶음류,1
자동차용품판매 및 자동차수리,1
꽃집꽃판매,1
강아지의류,1
음식점업(돼지고기),1
문구 완구 식품,1
대패.냉삼,1
"통닭,주류",1
조개탕,1
고기 술,1
교육서비스영어회화학원,1
액상차 혼합음료 발효식초,1
닭정육,1
애완용 사료 및 장난감,1
한식 고기구이,1
태국 쌀국수,1
"누룽지, 가공식품",1
소매여성의류,1
유도 수업,1
편백가구 원목가구 원목맞춤제작 주문제작,1
기타개인서비스업,1
"애견미용업 , 애견용품, 애견위탁업",1
파스타(스파게티),1
"국수, 면",1
의류 신발 가방 잡화,1
"식품,가전,종합",1
가공식품 생필품 주류,1
진료 밎 약처방,1
전 국수,1
떡 잡곡,1
젓국갈비,1
청국장 순두부,1
종묘 묘종 농약,1
밴댕이회 덮밥,1
고로케 커피,1
즉석가공 순무김치 커피,1
자동차용품썬팅,1
미용 파마 커트,1
부대찌개 냉삼겹살,1
화로구이 아구찜,1
봉제부자재,1
한식 및 김밥,1
화장품 네일서비스,1
커피브런치주류베이커리,1
의약품 및 기타 의약외품,1
창의놀이서비스,1
"음식 , 주류",1
대금.단소.소금,1
"내과, 소아청소년과",1
동물진료 및 용품,1
한식 청국장 보쌈,1
차 차도구,1
"찐빵,만두",1
네일아트서비스,1
순두부찌게,1
"과일,야채,식품 등",1
소고기 돼지고기  기타 부산물,1
삼합밎한식,1
제육볶음 된장찌개,1
김밥 커피,1
"빵,커피,케이크",1
"참기름,실고추",1
휴대폰단말기,1
플라스틱박스,1
"전자담배, 잡화",1
"수지,벨트",1
방앗간 기름 고춧가루,1
가발 외 잡화,1
야채 및 과일 외,1
화장품 외판소매,1
"청과, 야채 소매",1
"슈퍼마켓(식,잡)",1
고고장구,1
한식식,1
건어물젓갈,1
식품 비식품 담배 주류등,1
분식류 떡볶이 오뎅 순대 김밥 튀김,1
닭꼬치 튀김,1
교육서비스  복싱장,1
자세운동,1
피자 및 파스타,1
계란 빵 떡,1
실내테니스,1
수제피자샐러드생맥주,1
퍼머염색드라이 외,1
커피음료 냉동식품,1
"샐러드,파스타,덮밥,음료",1
"미술학원, 컴퓨터프로그래밍서비스업, 광고, 디자인",1
카페기기컴퓨터 주방기기,1
스포츠용품 및 교육,1
아이스크림 및 잡화,1
메이크업  속눈섭,1
"표고버섯,김,농산물",1
냉동식품외음료,1
식육 키조개 버섯,1
커피와빙수,1
"의료용품,건강기능식품,의약품",1
편의점 일반,1
식음료 및 기본 생활용품,1
산부인과의원,1
"소규모클래스,원데이수업,체험형수업",1
의약품및으료용품소매업,1
에어컨과 전자제품,1
"음료,식료품, 장난감",1
"대게,문어",1
"양약, 의료기기 소매",1
"돼지,한우",1
일반음식들 및 주류,1
빙수및음료,1
실내골프,1
애견미용애견용품,1
약국소매,1
가전제품.휴대폰.휴대폰악세사리,1
"체인화편의점,건강 및 미용관련상품",1
일반포장상품,1
"약품,건강기능식품,의료기기",1
오디오전자기기,1
화장품 및 잡화 악세사리 가방,1
계절가전 및 주방가전,1
뜨개실부자재,1
휴대폰통신,1
실내 클라이밍 이용 및 교육,1
"가죽가방, 가죽케이스",1
건어물 농산물,1
관광기념품 인테리어소품,1
고양이카페,1
서비스 소매업   피부관리 화장품,1
쭈꾸미 낙지 새우,1
화장품  미용기기,1
경주빵  커피,1
"농산물, 과일,채소,쌀,잡곡,수산물,냉동식품",1
일식 수산물,1
서비스업 미용,1
삼겹살초벌구이,1
즉석조리식품(냉동추어탕),1
"닭, 오리, 과메기, 건어물",1
휴대폰및 악세사리,1
제조음료 제조디저트,1
친환경 농축수산물 및 가공용품,1
아메리카노케이크,1
오마카세차돌박이석갈비,1
가구 침대 소품,1
돈까스정식,1
커피 디저트 술,1
스포츠체육시설업,1
농협홍삼한삼인,1
소매서비스업,1
헤어시술 커트 및 펌염색,1
번지피지오 스텝박스.바레,1
떡 및 음료,1
"다육, 식물",1
"사진, 영상 촬영",1
악세사리생활잡화,1
"주류판매, 한식",1
"음식점업(김밥및기타간이음식점업,커피전문점)",1
신선수산물및 냉동수산물,1
자동차 엔진오일,1
낚시용품 캠핑용품,1
"새,관상어",1
과일도시락 생과일주스 등,1
"커피,음료 및 디저트",1
방문 운동 서비스 프로그램,1
골프교육,1
공부공간제공,1
배터리 충전기 담배,1
카오디오 블랙박스,1
수상오토바이,1
요거트 커피,1
소 돼지 닭류 기타 양념육,1
후라이드 치킨,1
"에어컨청소, 새집증후군",1
"리딩오션(독서), 온책리터러시(시사, 첨삭), 올타실험과학, 씨투엠(사고력)",1
약초.식품,1
보일러가스렌지,1
술 담배 정육 과일 야채 공산등등,1
패브릭 제품,1
악기강습,1
"디저트, 간단식사 ,차음료",1
육개장.국밥,1
보일러배관자재,1
"타코야끼,꼬지류,음료,",1
안주 외,1
정장 맞춤 및 턱시도 대여,1
키즈베이킹체험,1
주류 공산품 신선식품,1
캔들 디퓨저,1
도너츠커피,1
케익커피,1
태국베트남 음식,1
골프클럽 피팅 및 교육사업,1
커피 디저트 햄버거 튀김 볶음밥,1
공산품및식자재냉동수산물,1
인삼제품 홍삼,1
식육 식육가공,1
내의류 담배 스포츠용품,1
편의점업,1
신선식품 및 단순 가공식품,1
"과일,야채,버섯 밀키트",1
어탕 코다리찜,1
건강원스포츠용품,1
반찬 채소,1
파스타 리조또 스테이크 피자,1
농산물및잡화,1
수산물(장어),1
수산물 해산물,1
음식 수산물,1
영상물 제작,1
피부관리 왁싱 체형관리 바디케어,1
음식 커피,1
디저트 및 구움과자류,1
"아이스크림, 쿠키",1
모자악세사리가방소품,1
서적 문구 음료,1
갤러리공방,1
"농,수,축산물 및 가공식품류",1
"생과일빙수,망고빙수,팥빙수,초코빙수,아메리카노,카페라떼",1
음식점업(꽈배기),1
차류(Tea),1
전자레인지,1
김치찌개. 전,1
"고구마, 야채",1
"꽃차, 약차",1
"이벤트 파티용품, 조화꽃,",1
튀김류 오뎅 음료 떡볶이,1
쿠키 커피,1
가공식품 생필품 등,1
"애견미용,호텔",1
제품 완제품및 재료판매,1
한식 떡볶이 김밥,1
"김밥, 떡볶이, 라면",1
꽈배기 타코야끼 와플핫도그,1
튀김류 및 음료 등,1
아이스크림 및 케이크  커피와음료,1
보쌈  족발   부대찌개,1
치킨 주류 가공식품,1
"식료품 및 담배, 주류",1
슈퍼(생활용품 등),1
보컬레슨 및 발성교정,1
스터디카페(독서실),1
산업용품,1
커피 휴게음식,1
"셔츠,블라우스",1
"도소매(일용잡화,잡화)",1
음식(분식점),1
미용소,1
"이불, 그릇, 커텐",1
"도소매(의류,잡화,소품)",1
소매(가구) 소매(전자상거래),1
시각장애인 안마서비스,1
사진액자 및 사진기기,1
아이스크림 커피 등 음료,1
의료비,1
"김치, 반찬, 젖갈 등",1
활어회. 대게,1
속옷 잠옷 잡화,1
건강기능식품홍삼,1
주방용품 전분,1
주방그릇 건강식품 시계 액자 화병,1
수입산 과자,1
스포츠의류 용품 신발,1
무인 셀프세탁,1
농축산물 및 기타 소매업,1
코다리시래기조림,1
"고기 소, 돼지, 닭",1
도자기소품,1
식음료가공품,1
한복제작,1
커피와 음료수,1
간판관련,1
안경  및 콘택트렌즈,1
신선식품 가공식품 음료 주류,1
중,1
감자탕해장국,1
가공식품 음료 생활용품,1
문구용품회화용품빵류과자류당류잡지류비디오물,1
줄넘기학원,1
"의약품, 의료기기,건강기능식품",1
엔터테인먼트,1
"건강교육및운동,단련",1
"축산물,과일야채",1
수산물 건어물 도소매,1
일반음식 치킨,1
"슈퍼마켓(고기,과일,채소)",1
방문미술,1
"한우생고기 및 육회, 연어 등 음식",1
"돼지곱창,내장",1
한식패스트푸드,1
한의업,1
농약.비료.씨앗.모종.농자재,1
과일 및 회포장,1
의약품 양약 의료기기,1
"디저트,커피,책",1
파스타 스테이크 샐러드,1
기타 학원,1
레진오브제,1
커피 케이크 등,1
해장국 오리주물럭,1
카페음료및디저트,1
식품정제유 및 가공유,1
국밥/보쌈,1
"문구,사무용품,전산용품,DIY재료,미술용품,잡화,학용품",1
김밥.만두국.칼국수,1
"육회, 육사시미",1
음악치료 및 심리상담,1
카레음식,1
카오디오 내비게이션 블랙박스 스피커외 다수,1
돼지갈비떡갈비,1
잡화 문구 팬시,1
종합교습 조리및제과 제빵 서적,1
건강기능식품 농수산물 공산품 식품 잡,1
포목 한복,1
식육 식육부산물 등,1
난독학습심리상담,1
삼겹살   묵은지두루치기,1
clzls,1
"잡화, 액서서리",1
일본식 닭꼬치 주류,1
옷수선 서비스업,1
문구 및 팬시,1
막창 오겹살 항정살 가브리살,1
한식(순대국밥 등),1
쿠키 커피 등,1
호두과자 찰보리빵,1
커피 샐러드 샌드위치 등,1
커피 &amp; 디저트,1
국수/칼국수/만두,1
"제과,디저트,커피 및 음료",1
서적 문구 완구,1
커피 화장품 잡화,1
철물 페인트 공구,1
"떡갈비,모듬전",1
등산복 등산용품,1
추력,1
커피마카롱,1
쌀채소,1
초밥죽,1
코인빨래방 등,1
도서 도소매 전자상거래,1
엔진 예초기 발전기 콤프레샤 도로컷팅기,1
매트 등,1
강아지간식,1
베트남국수,1
식료품및음료,1
양약소매 한약 처방약조제,1
열쇠.도장,1
주류담배 식료품 가공식품 잡화,1
"네일,패디,속눈썹,패디플래닝,반영구화장",1
반려동물돌봄,1
김밥. 닭강정,1
"안경,렌즈,썬글라스",1
맛집,1
의류승복,1
"도소매(무역(중고제품),잡화)",1
주방기구/그릇,1
"조리반찬, 분식",1
의약품 및 의료용품 및 의료기기,1
운기석제품,1
선물가게,1
양장(여성복),1
"전자저울,계측기",1
생화 외,1
파스타 피자 샐러드 주류,1
주짓수 체육관,1
전 찌개 볶음 주류,1
"삼겹살직화구이, 돼지갈비, 우삼겹",1
자동차경정비 및 타이어,1
"애견용품,수의업",1
"관상어, 수생생물 및 수족관 용품",1
비료 종묘 농자재 농약,1
"피부, 화장품소매",1
"음료수,과일,채소,식품",1
농산물 밎 과일,1
아구찜 코다리찜 해물찜 해물탕,1
"악세사리, 과자(뻥튀기)",1
"닭발, 곱창",1
오일류 외,1
"타코야끼, 종합분식",1
"음료, 주류 및 잡화",1
"돈까스, 우동, 아이스크림",1
회와 식사류,1
건어물 및 생선,1
공산품 등 종합 소매업,1
의류.신발.침구.모자 등,1
유도수업,1
편의점물건,1
잡철물,1
수영 스포츠 시설,1
정장 캐주얼,1
화장품인솔신발,1
칼국수 및 보쌈,1
근린시설,1
일본식 서양요리,1
을지로골배이  소면,1
아동실내복  온가족 잠옷 유아동속옷 및 양말,1
인터넷,1
스포츠의류및 잡화,1
팥디저트,1
남성컷트.염색,1
국수및만두,1
"실타래빙수, 홍콩와플,요거트아이스크림",1
"자장면, 짬뽕, 탕수육, 양장피, 볶음밥",1
빵.음료.커피등,1
떡케이크 답례,1
화장분장미용업,1
"부대찌개 (포장,배달)",1
소고기 구이,1
샐러드 포케 샌드위치 등,1
젤리,1
"골프연습, 운동 및 경기용품 소매업",1
음악교습소악기,1
담배 주류 식품 잡화,1
셰탁,1
두피관리속눈썹연장펌,1
아동가족상담,1
생고기비빔밥,1
허벌라이프,1
공산야채청과,1
커튼 홈패션,1
건강식품 약,1
의약품 건가기능식품 의료용품 화장품,1
현악기 피아노 일반악기 바이올린 첼로,1
네일아트 피부미용 화장 분장 미용업,1
의복 액세서리및 모조 장신구,1
아이스크림퍈시,1
가정식,1
휴게음식점 인테리어소품,1
불고기백반,1
식음료기타생필품담배주류,1
견과류및농산품,1
공산품및가공식품,1
건강기능식품 화장품 비누 및 방향제,1
쪽갈비구이찜탕추억의도시락우렁된장,1
스포츠의류 용품 외,1
기타 간이음식,1
어린이 체험 서비스,1
육류및주류,1
튀김요리,1
고기요리,1
치즈,1
"커피,수제차",1
커피와음료공주밤빵,1
서양음식점수제버거,1
"두부, 콩물,  도토리묵",1
떡볶이 순대 김밥 어묵,1
"디저트, 과자, 커피",1
"답례품, 카페, 디저트",1
한식 면,1
"포스터, 액자, 표구",1
스프카레,1
천연비누및 천연화장품,1
"종자, 묘종, 비료",1
커피 베이커리 등,1
"꽃, 화초,식물",1
"감자,오이",1
"한복,전통 아이템",1
가방 민예,1
"필라테스, 운동처방, 체형교정",1
속옷 스포츠의류,1
"돈가스,우동,모밀",1
속옷 내의 잠옷,1
"포켓몬카드,원피스카드,유희왕카드 및 게임 용품",1
철물점유리,1
두부 제조 도소매,1
채소 도소매,1
바지락 소매,1
남성여성용 정장,1
호떡 등,1
정육 양념육 소매업,1
피부관리 화장품 서비스,1
의류 스포츠 의류용품,1
문방사우 한국화 및 불화 재료,1
레고 보드게임,1
꽃게.쭈꾸미.새우,1
"제철수산물,꽃게,쭈꾸미,대하",1
자전거 킥보드,1
아트상,1
"공산품,주류,담배",1
싱크대및 수납장 붙박이장,1
"쑥떡, 도토리묵, 기타",1
"반찬,음식",1
"키토김밥,샐러드,비빔밥",1
아이스크림및 간식류,1
빙과류외잡화,1
김밥 라면 돈까스,1
헬스.피티.줌바.요가,1
"파스타, 스테이크",1
주차면제공서비스,1
정신건강의학과 의료서비스,1
튀김떡볶이물어묵음료 등,1
햄버거치킨음료디저트류,1
"가전제품, 생활용품, 주방용품",1
"과일,음료",1
"어린이 놀이시설 이용 서비스, 키즈카페 이용권 판매",1
의류 악세서리 온라인,1
"킹크랩, 대게, 홍게",1
육개장 선지해장국,1
체련 간련시설 운영업,1
중화요리 음식짜장면짬뽕탕수육,1
간판 철물공사,1
비누 화장품 공방,1
냉면및고기,1
노래반줒 서비스,1
닭양파대파기타채소기타냉동식품,1
회의실운영 등,1
음식점업(전복),1
"컴퓨터 및 주변기기, 가전제품",1
의류및신발 기타 세탁품목 전체,1
어린이수상안전교윧,1
글쓰기 웅변,1
"육류 도매및소매,양념육",1
재가방문 산후조리,1
"속눈썹,왁싱,네일",1
두부   순두부  콩비지 콩국물 콩나물외,1
"의료기기,화장품,건강기능식품",1
"의류, 속옷, 양말, 가방, 모자, 머플러, 신발, 악세사리",1
"선어회,수산물",1
"의약품, 의약외품, 화장품, 의료기기",1
참기름 들기름 선식 미숫가루,1
생화 쌀,1
그릭요거트 요거트 아이스크림 아사이볼,1
치곡,1
채소등등,1
캠핑카,1
썬팅 광택,1
국밥 수육,1
의류 스포츠 용품,1
치킨  및 주류 닭꼬치등,1
"떡,부동산",1
"의류, 가방, 신발",1
네일 페디 메이크업,1
"자동차정비,자동차광택",1
"채소, 김치",1
"소금,젓갈,채소",1
"악세사리, 시계",1
광고판촉물,1
제어기기,1
과일 소매,1
보건업 이비인후과,1
청과물 소매,1
핸드백 핸드메이드지갑,1
회일식,1
"김밥, 간식류",1
올갱이,1
핸드폰수리외,1
"건어물,담배,주류",1
"볼링장, 볼링용품점",1
메이크업 및 네일아트,1
"화훼, 화초",1
유소년 스포츠교육,1
미술교육 및 미술재료,1
비누외,1
애완동물관리용품,1
아구찜 장어구이,1
카페음료원두커피,1
남성및여성의류,1
일빈음식,1
음료소매,1
편의점복권,1
통닭 해산물 포차,1
의약품 의료용품 건강기능식품 등,1
심리상담업,1
골프 의류 및 신발,1
골프의류 및 신발,1
스포츠골프의류,1
체형 등 기타 신체 관리 서비스업,1
"의류, 음식점",1
자동차 신품,1
파스타 및 피자,1
"쌀, 곡물, 건어물 등",1
"악세사리,문구류 등",1
"속옷,잠옷",1
돼지갈비. 삼겹살,1
"의류, 이불, 신발",1
"안경,썬글라스,콘택트렌즈",1
"광학 및 정밀기기, 가전제품, 전자제품, 전자부품, 컴퓨터및주변기기",1
민물장어 구이,1
"육류,한우,돈육,수입육",1
초벌장어 활장어,1
보건 소매,1
아동복의류 악세사리,1
찌개 고기,1
오리  대패삼겹살,1
활어 연어 참치 전문점,1
아이스크림 과자 젤리류,1
생활가전,1
미용 서비스 헤어커트 헤어펌 헤어염색,1
장신구 시계 주얼리,1
식빵 과일잼,1
청국장 두부 하얀순두부,1
여성의류및신발소품,1
강아지분양 및 강아지용품,1
동물병원 애완용품,1
네일아트 메이크업,1
스카프 모자 가방 쿠션,1
원단 등,1
분식 음식점,1
"한식반찬,건어물,잡곡",1
의료기관,1
김밥 샌드위치 햄버거등,1
"수강권, 요가물품, 요가복",1
"족욕샵, 건강식품, 화장품",1
"서적, 문구용품, 일용잡화",1
"커피 전문점, 화훼 및 식물 소매업",1
사진촬영 및 영상제작,1
카레 돈까스,1
애견미용서비스업,1
생필품식료품음료등,1
커피외디저트,1
생화 및 관엽,1
세탁서비스업,1
킹크랩대게랍스탑,1
가죽수공예체험,1
철물공구인테리어,1
화장비누 화장품,1
슬링센터서비스업,1
막창삼겹살갈비살,1
"생화 상품, 조화 상품, 꽃 클래스",1
백반정식 잔치국수 생선구이 등,1
"떡갈비,떡갈비버거",1
유모차 카시트,1
식료품및생활잡화,1
한과  떡,1
문구/잡화/인쇄물,1
남녀용 겉옷 및 셔츠 소매업,1
"계란, 닭",1
"건어물, 반찬",1
"도소매,임대업(슈퍼마켓,전대업)",1
"축산물, 식육",1
아동잡화,1
한식 함흥냉면 숯불갈비,1
황차 보이차 양갱 떡,1
"한약, 식품 농산물",1
차량용 기름,1
애견사료용품,1
상담 치료,1
체육관 합기도,1
오토바이 안전제품,1
자동화 전기제어,1
양식 음식,1
커피 및 음료 분식,1
여성의류 옷수선,1
아트상품예술품미술및공예체험교육음료,1
서비스미용업,1
한식족발보쌈,1
두피관리업,1
여성복 남성복,1
고기륲,1
꼬치구이탕튀김볶음등,1
수제햄버거,1
탁구교실,1
빨래방 아이스크림과자,1
해산,1
"침구, 의류, 소품",1
헤어미용실샵,1
피부미용 및 왁싱,1
냉난방기술학원,1
계란기타품목,1
가전 가구 컴퓨터,1
주짓수 도복,1
"스크린골프장, 골프용품판매 등",1
"골프 레슨권, 이용권, 골프공, 장갑",1
커피음료등,1
화초및 꽃판패,1
"헤어제품, 헤어디자인",1
애견용품 미용서비스,1
김밥및본식류,1
악세사리 문구 잡화 가공식품,1
스포츠용품 도소매업,1
레저스포츠용품,1
수제청 제조 등,1
빵 바게트,1
음악 교육 소비스,1
식음료품 생활용품,1
소머리국밥 수육,1
숙박서비스제공,1
배달업,1
음료과자라면잡화,1
음료제조 및 판매,1
찰밥 보리밥,1
음료 및 실내스포츠,1
"의복,스포츠의류및 용품",1
스포츠의류 신발 용품 소매,1
한방의료 침  약침 탕약,1
시스템에어컨외,1
"해외직구,장난감 및 오락용품",1
미용/네일,1
반찬소매업,1
"담배,젓갈,식잡",1
"전자상거래 의류,잡화",1
전기단자함,1
"미곡,청과",1
등산의류 및 신발,1
"채소,반찬",1
"한식, 농산물",1
상담센터,1
닭강정 새우강정,1
음료제조업,1
"빵,케익",1
소금빵 및 음료,1
"곱창전골,삼겹골",1
"휴대폰케이스, 보호필름, 전산용품",1
모듬전 동태전 등,1
홍삼 및 홍삼제품 꿀 건강기능식품 비누 치약 기타세제,1
귀금속 화장품 잡화 모조장신구,1
"담배, 전자담배",1
"주류, 건어물",1
"제과류, 빵류",1
음료 및 담배,1
친환경농자재,1
"여장상하의옷겉옷,스포츠의류",1
인라인 강습,1
"국밥, 감자탕",1
카페 과일 화훼,1
식육즉석판매 양념육 식료품 잡화,1
당구장운영업 전자상거래소매업 인삼,1
상품대리 의류,1
"의약품, 건강기능식품, 의약외품",1
공간 및 이용권,1
아이들교육,1
"아웃도어 스포츠 의류, 용품, 안전용품",1
피자 치킨 즉석두부,1
냉동및기타수산물,1
"의류 ,정장",1
돼지소양념육정육,1
커피 피자 쿠키,1
구제 옷 가방 신발 악세사리,1
문구 및 인테리어 소품,1
케이스.잡화,1
파충류 및 관련용품,1
한의원 화장품소매업,1
어린이 수영,1
"부동산 및 법인 등기업무, 민사 및 가사 소송비송업무",1
"커피, 음료, 디저트 등",1
"의복,신발,용품",1
"녹즙, 건강식품",1
농약 농자재 비료 묘종,1
일반식품 및 가공류 등,1
"커피, 과자, 음료, 주류 등 슈퍼마켓",1
소마,1
피어노,1
해산물생선,1
옹심이칼국수,1
대패삼겹살 등 고기구이,1
스포츠용품 의류 신발,1
"한식,잡화",1
액세서리 의류 한복대여,1
"서적,식품 및 잡화,문구,완구",1
가구소매업 가정용및장식용도자기제조업 그외기타건축마무리공사업 의�,1
"전동카트대여,기타유사여가관련서비스업",1
"간편식사,식음료,담배 등",1
"디저트,컷팅과일,과일청,음료",1
모든 진료,1
회.해산물,1
"식료품,식음료,생활용품",1
치과 진료 서비스,1
상담 및 치료,1
"파크골프용품, 골프용품",1
한식.양식,1
"생활용품, 식료품",1
"휴게음식, 도서",1
"언어치료, 심리상담, 심리치료",1
"인테리어소품,",1
햄 야채,1
"담배, 식료품, 서비스상품",1
음료 및 도너츠,1
의류 잡화 스포츠의류 용품 통신판매업,1
농수축산물유통 전자상거래 한식 프랜차이즈,1
편의점 상품 전체,1
"의약품, 의료용품, 의료기기",1
"샌드위치, 빵류, 커피, 음료",1
"피자, 맥주",1
음힉,1
"담배, 생활용품, 과자, 음료등",1
유회,1
"피자, 치킨, 파스타 등",1
식잡 담배 전동기대여,1
의류신발악세사리스포츠의류,1
의류 신발악세사리,1
등산복 등산화 스포츠의류,1
남성여성복스포츠의류,1
화장품 잡화 차음료,1
외국인관광도시민박,1
커피 기타잡화 인테리어소품,1
한옥체험업 전자상거랭,1
그외기타분류안된오락관련서비스업,1
소매활어,1
덴트. 광택 .유리막코팅.라이트복원.스팀,1
꽈배기및 도넛,1
"중식,주류,음료",1
반신욕사용.건강보조식품제공,1
"제과,제빵,음료",1
헬스/피티/스피닝/지엑스/필라테스,1
한식점업(국밥),1
실내야구 연습장,1
김치찌개외,1
터키식케밥,1
쭈꾸미 수제비 옹심이 돈까스,1
화분 외,1
삼겹살외,1
헬스장 시설 이용권,1
"분식(떡볶이, 어묵, 튀김, 순대)",1
"고추, 참기름 제조업",1
"비빔밥,각종 전 류,주류",1
활어 수산,1
술빵호떡핫도그꽈뱁시,1
"꽃다발,꽃바구니",1
꽃 모종,1
"마카롱,휘낭시에 등 디저트 및 커피와음료",1
"공예교육,금속가공제품제조업,전자상거래업,광고대행,전시,컨벤션 및 행�",1
공예 디자인기획 아트상품 재료판매 침구 및 관련제품 상품기획 미술공예,1
음료 도자기 기념품 도자기 염색 천연비누품 체험활동 체험학습 전시장대,1
도장 장식용 목제품 제조업 기획 및 디자인 관광상품개발 체험교육,1
"네일아트, 피부미용",1
김치및 절임식품,1
"소,돼지,정육",1
공방용품,1
알루미늄,1
의류 및 악세사리 스포츠의류,1
"미용업(손톱,발톱)",1
에어컨판매,1
"건어물,식자재,잡화",1
음료 소매업,1
뉴질랜드음식,1
"신발,가죽공예",1
정신과 신경과,1
"골프연습장,골프용품",1
마트취급 품목,1
영어 교습소,1
"아동 대상 언어치료 및 감각통합치료, 사회성그룹치료",1
"서적, 문구, 완구",1
"식료품,일용잡화",1
"붕장어,꼼장어",1
"속눈썹연장, 속눈썹펌, 속눈썹관리",1
핫도그. 음료,1
"코다리찜, 코다리조림, 한식 반찬, 주류",1
"과자,당류,아이스크림",1
"문화관광체험프로그램운영,기념품",1
"전통차,죽,음료,커피",1
한옥체험 전자상거래 장소,1
휴게음식(만두),1
의약품 및 건강식품과 의료기기,1
도서.문제집.문구.완구.팬시.생활잡화,1
요가/피부미용,1
이미용기구 화장품,1
전통차 갤러리 공예품 공예체험,1
전통호텔 관광안내소 콜센터 일반여행업 학술연구용역 광고기획 국제회�,1
태국음식정,1
"커피, 그릭요거트",1
"문구,악세서리",1
체육 서비스,1
김밥 및 일반 음식,1
"안경,렌즈,선글라스",1
불고기 쭈꾸미볶음,1
"꽈배기, 팥도넛, 핫도그, 치즈볼, 고로케",1
"피자,돈까스",1
햄버거 및 기타 식음료,1
아이스크림및음료,1
"참기름,고춧가루,잡곡",1
"칼국수,만두 등",1
"김밥,커피",1
"우산,양산,우비,장갑,토시,계절상품",1
"미용(커트,파마,염색 등)",1
족발(돼지고기),1
pt,1
주류스낵음로신선식품,1
디저트 답례품외,1
합기도 줄넘기 태권도,1
기타식품류(추출가공식품),1
한우소머리국밥,1
안경.선글라스.콘택트렌즈,1
커피  샌드위치 쿠키,1
"애견 용품, 사료, 간식",1
민박업 전자상거래 일반음식,1
한옥체험업 공연전시대관,1
민박업 전자상거래,1
전동기렌탈 식품 주류 의류 잡화,1
수입 식료품,1
종자씨오일,1
"한약, 침구 치료",1
"만두,빵",1
향수클래스 디퓨저클래스 디퓨저 방향제 향수 캔들 디퓨저,1
한복대여 의류판매 광고대행업 전시컨벤션 및 행사대행 패션섬유류 및 기,1
전통차 갤러리운영및대관,1
"잡화,미용기기,화장품,온열기체험",1
채소 및 건어물,1
"음료,베이커리",1
속눈썹연장 피부미용,1
홍삼및건강기능식품,1
"통닭,포차메뉴",1
"커피, 파파야에이드, 패션후르츠에이드, 구아바에이드 등",1
벽지ㆍ장판,1
자동치,1
전동바이크대여 기타유사여가관련서비스업,1
한식 악세사리 한복대여,1
한옥숙박 토산품 전통체험 전통혼례,1
한식 양식 음료,1
일반음식점 즉석판매제조가공업 양갱 떡,1
"앞치마, 티셔츠",1
크록스실발,1
과자류외,1
"팥칼국수,잔치국수,비빔국수,열무국수",1
독서실 이용권,1
"간이음식,샌드위치",1
도라지정과 떡 과자,1
"동물병원 진료,반려동물 용품,미용",1
축전지 중고타이어,1
체험방,1
"복싱,헬스",1
영화 영상,1
"농산물, 부산물 수제담배",1
청과물 과일,1
"소,돼지 정육",1
"아이스크림, 과자, 음료수, 애견간식, 젤리",1
"한식,죽",1
시계부품제조업,1
도자기소매,1
자동차인테리어,1
"잡화, 식료",1
병의윈,1
음식20,1
"액상차, 수제청",1
"생화, 꽃다발, 화분, 관엽식물, 화훼상품",1
"홍삼,홍삼제품",1
"한복,전자상거래 소매업",1
"한지,필방류,문구",1
한옥체험업 전자상거래 소매업,1
도시민박 한복의상체험,1
"체험업(초코파이, 케익, 피자, 비빔밥, 한복, 도시락)",1
한옥체험업 한복의상체험,1
"참기름, 곡물",1
"참기름,고춧가루 등",1
"과일,야채,계란,곡류,수산물,건어물",1
오징어불고기 오징어찌개,1
찜닭과 닭도리탕,1
감자탕및해장국,1
의약품및의료용품소매업,1
일반음식점(양식),1
"악세사리,가방",1
국내산 어패류 갑각류 활어물고기,1
식육계란,1
커피+다른음료와 디저트,1
패션잡화 및 패브릭 상품,1
도서 대여,1
육류 및 축산물,1
수영교실,1
노래반주기 제공,1
커트 팜 염색,1
간판.현수막.실사출력.인쇄물,1
목공예 목재나무 목공예품,1
애완동물 사료 및 간식 등,1
킥복싱 서비스,1
타일 위생도기 외,1
소고기돼지고기수입,1
굴바지락,1
만두 옥수수 빵,1
체형관리 피부미용업,1
유제품 농산물 우유 계란,1
"쌀,담배,주류,공산품 등등",1
수구레 닭발 식사류,1
침 약침 봉침 부항 추나 왕뜸 한약 경옥고 공진단 다이어트한약,1
음식(육회),1
"씽크대, 가구",1
"조각, 미술",1
면직물류,1
"젤라또,아이스크림",1
부대찌개(포장조리),1
공산품  청과  야채,1
소매업(의류)수리및기타개인서비스(의류수선),1
"빵,커피,음료,집화",1
오프라인 강의,1
돼지고기/소고기,1
한복대여 잡화 공예품 사진관 한지공예 천연염색체험,1
감성소품 토산품 기타의복소매업 수산물 농산물 액세서리,1
초콜릿 특산품,1
외국인도시민박 잡화 체험,1
빵류 커피 농산물가공 빵및과자 음료 커피 빙수,1
한복대여 전자상거래업,1
한옥체험업 식품잡화 공예품 전자상거래,1
잡화 악세사리 의류,1
공예품 공예재료 공예체험,1
식육즉석처리식품,1
미용 업,1
중고폰수리,1
남여캐쥬얼의류,1
야채 과일 건어물 견과류,1
애견미용서비스,1
"심리상담, 언어치료, 놀이치료, 인지학습치료, 미술치료, 감각통합치료",1
식음료및 생활잡화,1
토종닭 생닭,1
"인테리어소품, 기념품",1
애완동물및관련용품소매업 애견미용,1
"네일, 속눈썹연장",1
소매물품,1
"반찬,샐러드,샌드위치",1
"음식료품,담배,주류,잡화",1
식료품청과야채정육,1
"헤어컷,염색,파마",1
극진가라데,1
자동차 서비스,1
한우비빔밥 한우불고기전골,1
음식/한식,1
호떡 김밥,1
한식 사진인화 활체험 기타 개인서비스,1
기타음식료품 휴게음식점,1
홍삼 인삼 홍삼식품 한식 발효식품 한복체험 한복임대,1
토탈공예재료판매 기타서비스 디자인팝아트 일러스트레이션 작가 교육 �,1
한복 및 의류대여,1
수공예 액세서리,1
한옥체험업 인형소매 한복체험,1
공예체험 공예품 매듭 가죽 한지 도자,1
가죽공예품 한지 도자 매듭 공예체험 공예품 비즈공예 전자상거래소매업(,1
"생화,꽃바구니,꽃다발,화분",1
화물운수,1
소방공사 소방점검,1
여행용품,1
"오뎅,냉면,날계란,기타잡화 판매업",1
"찐빵,만두,순대,고로케",1
골프용품 소매,1
"돼제고기,닭고기",1
국내산 한우 칠레산 연어,1
운전면허,1
일반내의/양말,1
맞춤정장 및 악세사리,1
"커튼, 잡화",1
"막국수, 고기국수, 만둣국 등",1
종합 물품,1
"운동,스포츠 서비스",1
"의약품,의악외품,건강기능식품 등",1
가공식품 및 주류,1
콩물,1
썬팅블랙박스 네비게이션,1
"한방의료 서비스, 한약, 침",1
한식 음료,1
공예품 식품 잡화,1
도자기 전자상거래소매업,1
잡화 스포츠의류 공예체험 체험,1
피큐어프린팅제작 피규어 및 기념품판매,1
식품잡화 즉석사진,1
"식품, 담배 등",1
"칼국수, 콩국수",1
족욕 커피 차류 안마기,1
한복대여 액자 사진촬영 사진인화,1
농수산물 및 식품,1
버거류,1
의류꽃,1
건어물 식품 잡화,1
에어로빅 줌바댄스,1
"두부, 무역(농산물)",1
빵류.커피,1
"도라지, 더덕, 약초",1
과일 및 야채 도소매,1
"사진촬영,비디오테이프 파일변환,액자,소품판매",1
"도넛,음료",1
원두. 커피머신,1
"제조 음료, 커피",1
서비스(볼링관련),1
"칼국수,비빔밥",1
커피에그타르트,1
점핑 운동권,1
일식 음심점업,1
"과자,음료,아이스크림",1
한복대여 편의점 의류 악세사리 카페 커피 제빵 전동기임대,1
"부채, 서예용품",1
수공예품 기타일반도자기제조업 수공예품 체험 교육,1
"반려동물 사료, 간식, 용품",1
양념고기,1
컷.펌.염색,1
아동상담 언어재활,1
커피전문점 기념품판매 화초 및 식물판매업 관광,1
한지공예 도자기공예 공예체험,1
휴게음식점 기타 운송장비 임대업,1
페인트 경미한공사,1
한복대여 음료,1
"차,커피,디저트,농촌체험",1
관엽초화류,1
남성 커트 및 염색,1
아불,1
의약품의료기기의료용품,1
"건강기능식품, 한약재",1
도서 및 서적,1
의료기기 휠첼어 보행기 에어매트,1
세무대리기장대리,1
벽걸이 및 시계 설치등,1
식료품일용잡화안전상비의약품의약외품여러제품,1
"소,돼지,닭",1
가전제품외,1
"커텐,벽지",1
"담배,주류,일반상품",1
반지 및 악세서리,1
"치킨,주류",1
"찜,탕",1
"회, 치킨",1
의약품 밒 의료용품,1
한식(순대국밥),1
"생화, 화분, 식물",1
식품유통업,1
꽈배기 외,1
아파트내부주방및욕실부분인테리어,1
"가공식품 과이,채소건조등",1
애견용품 사료 및 간식,1
음악(피아노),1
"제과,커피음료",1
미용실 미용업,1
"전통문화체험, 홈스테이 공예",1
"기념품(엽서, 공예품), 빵, 과자",1
한옥체험숙박,1
불교용품및잡화,1
카페 서적 신문및잡지류소매업 문구용품 및 회화용품 소매업,1
화초 및 식물 소배업,1
그외가타달리분류되지않은개인서비스업,1
뷰티/서비스,1
문구및회화용품,1
커텐벽지,1
소형가전소매,1
돼지고기 소고기 닭 오리,1
"비료,상토,퇴비,유기질,농기계 외",1
"스포츠 의류, 신발, 용품",1
프랜차이즈 카페 커피 외 음료,1
돈까스와우동,1
수업수강료,1
음싣,1
"슈퍼마켓,잡화,담배",1
"체형관리,발관리",1
휴게음식점 기타과일 채소 가공 및 저장 처리업,1
"정육,양념육",1
"편의점,담배,주류",1
서적 교구,1
보쌈  족발 국밥,1
"타코,또르따스,엔칠라다,엠빠나다",1
샤브샤브 전문점,1
이백여종,1
자동차썬팅자동차관련소모품,1
종합화장품 란제리 피부관리,1
"신선식품,가공품",1
커피건어물,1
개인화물,1
핸드메이드,1
아이스크림 빵 과자,1
"편의점,식품소분업,로또",1
"육류, 선지국, 육회",1
의료품 및 의료용품,1
"과자, 음료",1
"속옷,잡화,의류",1
"공구,안전용품",1
화덕구이 요리,1
짜장면외,1
부대찌개&amp;보쌈,1
"건어물(멸치,새우)",1
과일야채 밀키드,1
전문 서비스,1
음식업 돼지김치구이(관리거리가게),1
한식(중식),1
견과류 강정 오란다,1
생화 경미한공사 원예체험,1
공예강사 압화 생화,1
한지양말 원사 한지원단외 탄소섬유제품 판촉 및 기념품,1
일반잡화 렌탈,1
차 식품 서적 음반,1
건강식품 기타섬유 직물및의복액세서리 소매업 공예품 악세사리 관광 민�,1
삼겹살. 목살.항정살 등,1
공예품 체험,1
관광숙박 기타일반 및 생활숙박시설 운영업,1
"민물장어,초생강,명이나물,숯",1
유아 의류 용품,1
식품가공품,1
찹쌀수제비,1
태권도성장교육,1
헤어컷염색펌두피모발관리,1
장난감 문구 서적 도서 체육용품,1
감밥,1
"아이스크림, 세계과자, 애견용품",1
"내의,스포츠용품",1
"미용,피부미용",1
아이스크림 외,1
육류 마트 수산물 야채 청과,1
음료 차,1
"학생복, 교복",1
떡류 및 압착기름,1
피부 미용 서비스업,1
콩나물불고기,1
카페 도자기,1
슈퍼마켓 및 대형식자재 담배소매업,1
디저트. 샌드위치,1
카클리닉,1
영업,1
"공산,야채.과일,정육,장난감.식품",1
"크라운, 임플란트 등",1
돼지고기 막창,1
의료기기(보청기),1
"귀금속, 잡화",1
"전통문화체험(혼례, 예절, 다도, 음식) 천연비누",1
한복대여 한복 전자상거래,1
유모차 카시트 보행기 아기띠 면제품 출산용품 유아용품 등,1
야채 청과 수산,1
피부관리속눈썹연장펌,1
미용살,1
카페  와플,1
일식 회 초밥,1
피자. 파스타. 스테이크,1
"레고대여, 식품잡화 소매",1
"생닭,축산물,생선",1
어탕수제비.칼국수,1
AI 교육,1
"김밥,분식,식사류",1
"뼈해장국,감자탕,뼈구이,뼈찜",1
"김밥, 커피",1
"화장품,소형가전,인테리어도자기등",1
"빵류,과자류및 당류 소매업",1
"전통차,한식",1
"한옥체험,갤러리",1
"한식,한옥체험",1
한옥 체험,1
"의류,잡화,전자상거래업",1
한옥,1
한복대여점,1
"한옥체험업,통신판매업",1
주방용품 및잡화,1
외국인 관광 도시민박업,1
악세사리잡화 악세사리 체험프로그램 악세사리공방,1
시각디자인업 조명 전자상거래소매업 제품디자인업 소품제작및공예교육,1
방앗간 농산물,1
묘목,1
고추 모종 마늘,1
공예품 전자성거래,1
당구장운영,1
"의약품, 건강식품, 의료기기, 동물약품",1
"호밀빵,통밀빵,치아바타,바게트등 유기농,비건전문빵",1
기구필라테스 회원권,1
"소갈비살,지리산흑돼지",1
"캔들, 석고방향제 외 기념품",1
자전거 판매 수리,1
냉면보쌈,1
스낵 및 공산품 판매,1
화장품판매 / 미용서비스,1
주류 담배 식품 비식품 음료 등,1
"기간권, 시간권",1
앵글 인쇄물,1
농산물 판매,1
에스테틱서비스,1
"스포츠용품,인형,가죽제품,의류,잡화",1
전자상거래 그 외 기타 종합 소매업 기타 음식료품위주 종합소매업 소프�,1
한옥체험업 숙박공유업,1
도자기 그림 전자상거래 공방,1
화장품 담배 소매업,1
공산품 음료 식품 잡화,1
공방 전자상거래 전통차 카페메뉴,1
기타익기,1
의류스포츠용품 스포츠의류,1
셔츠및블라우스소매업,1
외의 스포츠의류 스포츠용품,1
유아 체험활동,1
보리밥수육,1
"휴대폰, 케이스, 충전기등등",1
백순대,1
"생선회, 매운탕, 회비빔밥",1
"생화,조화,화분,화환",1
머리카락 파마 컷트,1
한우고기 한돈고기,1
"곡물,야채",1
"관엽, 꽃",1
"음식, 도매 및 소매업",1
"신발,스카프 등 기타 잡화",1
"동태찌개,알탕, 삼겹살",1
맥주등의 식음료,1
서비스/체력단련장업,1
고시원운영업,1
실내스크린골프장,1
컴퓨터 모니터 중고컴퓨터,1
한우식육식당,1
교육서비스업(유도),1
"헬스이용권,pt",1
한옥체험 꽃,1
외국식품,1
소보양탕.소보양전골.얼큰소고기탕.양선지탕.소고기수육.양수육.양무침,1
"고기, 음식",1
PT수업,1
뼈해장국 및 감자탕,1
굴,1
커피 및 커피용품,1
피부관리  서비스,1
"의류,가방,소품",1
"막창, 삼겹살, 닭발, 껍데기",1
샐러드 및 샌드위치,1
주니어룩,1
유아동복 의류,1
헬스장 이용권 및 음료판매,1
속옷스포츠의류,1
"화장품,아로마공방서비스업",1
아이폰,1
"과일, 야채, 가공식품",1
"농약, 비료",1
"어싱온열매트, 어싱매트, 안마의자, 안마소모품",1
과일.야채.음료.과자.잡화,1
"건어물, 가공식품 및 잡화",1
야채 과일 수산,1
일반응식점,1
속눈썹연장 및 펌,1
화초및 생화 판매,1
한옥체험 전자상거래 전통차,1
갤러리 전자상거래 패션 섬유류 및 기타 전문 디자인업 체험교육 전통자�,1
커피전문점 피자 햄버거 샌드위치 및 유사 음식점업,1
한옥체험업 자수 펜션 전통숙소 자수체험,1
사진촬영체험장 사진영상촬영 갤러리 체혐장,1
한옥체험업 전통체험,1
이불 및 소품,1
공방 전자상거래 소매업,1
공방 강습 퀼트,1
등산의류 용품 장비 및 스포츠용품 오토캠핑 용품 및 장비 안전용품 보호�,1
외의 내의 스포츠의류,1
양복부속 담배,1
"의류(등산용품,스포츠용품)",1
"패션디자인마춤양장,스포츠이류및용품",1
"양식, 양고기구이, 양고기",1
찌개 코다리,1
무용 발레 필라테스,1
햄버거.치킨,1
치킨 떡볶이 찜닭,1
사무용품 등,1
영상의학과의원,1
서비스 제공,1
순무 고구마,1
음료.커피,1
"콫, 식물",1
"퍼스널컬러 컨설팅, 뷰티컨설팅, 골격진단, 웨딩 퍼스널컬러",1
속눈썹증모술,1
홈패션재료,1
붙임머리피스,1
씨앗 모종,1
"안주류(마른안주, 튀김, 탕류), 주류(생맥주, 소주), 기타 식음료",1
"염색약, 비누, 샴푸 등",1
미술학원 서비스,1
"네일관리,속눈썹 연장, 페디큐어, 젤네일, 손발톱손질",1
"파스타, 스테이크, 샐러드",1
아론사태,1
태권도 교육서비스업,1
칼국수 비빔밥 콩국수 떡국 만두,1
의류 가구 생활잡화 편의점업,1
인물사진및행사용영상촬영업 상품종합도매업 컴퓨터프로그래밍서비스업,1
신선 냉동 반건조 수산물,1
한식고기도시락,1
"키링, 아이스크림, 과자, 생활잡화",1
"꽃, 식물, 조경수",1
"컷트, 염색, 펌(셋팅/매직/열펌 포함), 클리닉, 두피케어",1
"보청기,보청기배터리",1
"감귤,한라봉.애플망고",1
"한식요리,주류,음료",1
돼지고기 판매,1
슈퍼  담배,1
"한우(소고기,돼지고기)",1
야채 과일  공산품,1
제고제빵,1
"커피,우유,식품 등등",1
육전냉면,1
서적 문구 교구 잡화,1
"염색약, 잡화",1
악세사리 및 기타 소품,1
과자등 간식류,1
남녀 의류 및 신발. 악세사리,1
서적 멀티미디어영상자료 과학기자재 마크 문구 사무기기 전산소모품 도�,1
주유소 자동차부품,1
"칼국수,열무비빔밥,국,반찬",1
장비시설임대,1
가정용소매업품,1
한식 중식 분식,1
"순대국, 찹쌀순대, 수육, 순대전골 등 한식 음식류",1
"성인 예술실기강좌, 취미강좌, 유아어린이 예술실기강좌 등",1
닭요리(찜닭),1
민박업 한식,1
수제머핀쿠키,1
중고생활용품,1
음식점(분식) 김밥 떡볶이,1
한복 원단,1
강아지유치원,1
커피 토스트 빙수,1
"교육서비스업(헤어,네일,메이크업,피부)",1
체력단련실,1
돼지고기전문점,1
순대국전문점,1
피부네일 소매업,1
숙성고기,1
기타음•식료품위주 종합 소매업,1
헬스시설,1
유아용품 외,1
"돈가스,연어덮밥,우동 등",1
"닭도리탕, 계절음식 등 음식",1
진료/용품,1
민ㄱ창,1
자동차용품 등,1
한방진료 침 뜸 부항 추나요법,1
폰케이스 주변기기,1
다도 분재체험 전통차체험,1
"양장지,양복지",1
골프츠포츠의류,1
"화장품, 네일재료",1
"양화,등산장비",1
음식점업 중식,1
"도자기,팝아트",1
번지필라테스,1
"음료, 호프",1
"음식점업(야식,분식)",1
"홍삼, 홍삼제품및기타",1
생필품외,1
"컴퓨터,노트북,프린터 완제품과 부품",1
"샤브샤브, 칼국수",1
햄버거류,1
"언어심리상담, 미술심리상담, 놀이심리상담, 운동심리상담",1
화가,1
"저울, 안전용품",1
공예재료 공예품,1
도토리음식,1
액세서리 의류 잡화,1
빽타코,1
남성용 외의,1
생선 음식,1
커피용품,1
"농산물,과자",1
"육류 (우육,돈육)",1
여성복 및 잡화,1
공간임대(음악연습실),1
한식분식김밥,1
수산물 가공제조업,1
"채소,과실,뿌리작물",1
빵호두과자,1
미용업화장품업,1
간호학원 요양보호사교육,1
스포츠의류 골프용품 통신판매업,1
스포츠의류 의류 의류잡화,1
전기재로 철물 공구,1
도장 고무인 인주관련물품,1
"한식(뼈해장국, 감자탕 등)",1
"인상사진, 가족사진",1
"출장사진촬영, 미디어교육, 영상촬영",1
헬스 피트니스 서비스,1
"떡류,전통디저트류",1
카페 전자상거래 소매업,1
애견의류 소품,1
한옥체험업 공예품 전통문화체험 전통문화교육 다도체험,1
공예품 한지 차종류 스포츠용품 커피숍 공예작품제작체험,1
한옥체험업 전자상거래업,1
한지 문구류 문구류 전자상거래업,1
캐리커처 프린팅 체험이벤트 목공제품 펜시 펜시개발및캐릭터디자인,1
커튼 경미한공사,1
공유숙박업,1
전자상거래 가죽공예,1
한옥체험업 경미한공사 인테리어,1
공예품 의류 스포츠용품,1
카페 한식디저트,1
한옥체험업 기념품 자수외 전통체험,1
음료 먹거리 외 다수,1
헤어컷트 펌 염색,1
"염색, 미용재료 판매",1
"카페,케이크",1
유소년수영,1
"신선, 냉동, 생활용품",1
샤브샤브(음식),1
"참기름, 고추가루, 콩, 마늘",1
"커피,음료외",1
건다시마 건미역 멸치 김 굴 장어등,1
"삼겹살,애호박찌게",1
디저트공방,1
"왁싱,제모",1
"소,돼지,닭,수입소고,수입돼지곡",1
"CCTV, 컴퓨터",1
"전, 부침개, 탕, 볶음류",1
커트 및 시술,1
"허니문,신혼여행",1
"라면,떡볶이,김밥,주먹밥,피자,핫도그,빙수류 등",1
"핸드폰, 악세사리",1
음료.가공식품,1
약국 의료기기판매업,1
빵.음료,1
"테라리움, 식물, 꽃",1
"커피, 쿠키, 디저트",1
두부요리,1
"추어탕, 오리탕, 양탕",1
커피 빵 과자 음료 초코파이 비빔밥 피자 빵 한복체험,1
"피부관리 서비스, 스킨케어",1
필라테르,1
pos및 테이블벨,1
외국어 교습,1
교육 심리상담,1
음식 및 음료,1
베이커리.분식등일반음식,1
"전기자전거,전기스쿠터,전동킥보드,전동배터리",1
만두 찐빵 쫄면,1
한식 컴퓨터 및 주변장치 건강기능식품 잡화 전자상거래,1
미용재료 화장품 이용업,1
사진현상소,1
호두과자 외,1
"조화,생화,화분",1
웨딩플랜,1
"레코드, 음식, 커피, 와인, 맥주",1
"한약, 침치료",1
농산물 및 과일,1
"남/여 의류 및 신발,가방",1
등산 의류및 용품,1
발성레슨,1
시설서비스,1
삼겹살.양념게장,1
의류 신발 이불등등,1
헬스업 및 PT,1
샌드위치 및 샐러드 커피 음료,1
"의자, 샴푸대, 미용가위",1
"화장품,세제",1
"주류,안주판매",1
화장품 및 미용서비스,1
샤브샤브일체,1
난자재,1
담배 주류 과자,1
비빕밥,1
지금 열쇠 시계 도장,1
식품비식품청과야채,1
등산복 등산화 등산용품,1
계절음식 해산물,1
"의류및 신발, 침구류 세탁",1
스포츠 클럽 운영,1
"돼지고기, 동태",1
"국악공연, 국악공연",1
중식 중화요리 짬뽕 짜장 탕수육,1
커플링,1
"간판, 광고물, 전광판",1
운동경기용품소매,1
제육볶음 돈까스 김치나베 감바스 크림감바스 칠리새우 등,1
공산품 기타 소매 비식품 등,1
상온냉장냉동,1
중식집,1
"백반,가정식",1
"농수산, 장류,육류",1
"한식(국수, 돈까스)",1
인테리어 소품 및 생활용품,1
화장품  생활용품,1
속옷 및 의류,1
"반찬 제조 및 판매, 코코아 과자류",1
초밥사시미,1
도서및문구,1
"곱창, 막창 등",1
패션잡화.가죽키링.가죽공예,1
"건강기능식품, 의료기",1
"치킨, 피자 등 음식",1
치킨 피자 음식,1
"스포츠의류,골프의류",1
"떡볶이, 튀김, 순대, 닭강정, 주류",1
커피.음료.디저트류,1
태권도장 교육서비스업,1
의류 공방 악세사리,1
크라프트지및상자용판지제조업,1
치밥,1
돼지곱창 막창,1
"참기름,미숫가루,육수세트,한우세트,고대곡물등",1
음악수업,1
헬스시설이용,1
"민물장어,메기,미꾸라지등 민물고기",1
"헬스, pt",1
"굴보쌈,닭도리탕",1
피부미용제품,1
기타미용,1
헤어시술서비스 및 헤어용품,1
교육서비스업(음악),1
"쌀국수, 베트남 반미",1
의류.속옷.잡화,1
"식음료, 담배, 주류, 종량제봉투 등",1
설비자재,1
"파스타,스테이크,샐러드,커피,음료",1
양념젓갈,1
오케스트라 피아노 바이올린  비올라 첼로 플루트  우쿨렐레,1
커피.호두과자,1
1:1PT(건강관리),1
공간임대업,1
식료 잡화 담배,1
족욕 잡화,1
식품.잡화.전자담배,1
족발보쌈고기,1
"일반 치과 진료, 임플란트, 교정, 스케일링, 틀니",1
유아동 의류&amp;잡화,1
캐릭터 굿즈 및 의류 커스텀,1
객실대여,1
"의약품, 의료기구",1
미용 두발헤어 서비스,1
"속눈썹 펌, 속눈썹 연장",1
도너츠 커피류,1
"펌프, 압축기제조",1
음식료.,1
차량용 기름 및 그외 차량 용품,1
"한식, 조림류, 구이류",1
"홍삼,홍삼관련제품",1
도서전집,1
"도너츠,꽈배기",1
"돼지국밥, 간장게장,삼겹살",1
개인별 맞춤 운동 서비스 제공,1
"프랑스자수키트판매, 수업",1
"기간권, 시간권, 당일권",1
"담배,주류 등",1
1층,1
의복 액세서리 및 모조 장신구 도매업,1
"해물찜,해물탕, 쭈꾸미",1
"떡류 및 고추, 참기름 방앗간",1
"여성의류, 가방, 신발, 모자, 액세서리",1
육루점문점,1
돼지갈매기살,1
"돼지곱창, 막창",1
휴게음식점 전동카트대여 기타 유사 여가관련 서비스업,1
캐리커쳐 캐리커쳐 인쇄상품,1
관광숙박업(호스텔업),1
찹쌀떡 김밥 긱품 잡화,1
관광편의시설업 한옥체험업 기념품 전통문화체험,1
"농산물, 수입식품",1
호떡 간식류,1
"이륜차, 모터사이클,",1
"건강기능식품,한약재",1
"빵(햄버거,밤빵,피자빵)",1
"대게, 킹크랩 외",1
"쌀국수, 분짜, 반미, 소금커피 등",1
"피부미용, 왁싱",1
"한식,삼겹살",1
안경ㆍ렌즈,1
공산품 일체,1
분식류음식,1
커피및 샌드위치,1
"개인레슨권, 회원권",1
요가명상 교육서비스,1
인물사진및행사용영상촬영업,1
미용업 손톱 발톱 화장 분장,1
휴게음식점 버거,1
화훼 원예,1
한의원운영,1
"커피 및 음료, 간단한 간식",1
"인테리어소품, 도자기 공예 체험",1
도배 장판 싱크대 및 부속,1
편이점,1
한식(탕류),1
"도소매(수산물,조개류)",1
"화장품,건강식품,일반내의,가방잡화",1
마라전골,1
"식음료, 비식품 등",1
제조업(기타 식사용 가공처리 조리식품 제조업) 음식?,1
농산물(미역멸치황태),1
"냉동,선어",1
"여성복,남성복",1
"반찬,국",1
"의류,수예재료",1
떡볶이.핫도그,1
"탁구용품,유니폼,스포츠용품",1
커피 디제트,1
"커피,음료,빵",1
아이스크림 빙과류 커피,1
분식 떡볶이 튀김 주먹밥,1
"순대, 곱창",1
"활어회, 해산물",1
"빵, 화천꿀빵, 생크림슈",1
옛날전통과자,1
패션소품,1
"떡,송편",1
금속 건설 등,1
네일 등,1
냉면 돼지갈비,1
킥복싱 무에타이 격투기,1
"한식,백반,안주류",1
병.의원,1
인물 촬영,1
휘발유 등유 경유,1
조명이구,1
"커피, 제과,아이스크림,기타디저트",1
태권도 수련생 지도,1
커피ㆍ음료,1
소 돼지고기판매,1
철거 및 실내건축,1
제과영업,1
참기름들기름고춧가루미숫가루 외 기타,1
쌀곡물고추참기름들기름등,1
야채청과정육,1
냉면 콩불 제육덮밥 육개장 등,1
스타일,1
"커피, 에이드, 스무디, 차, 디저트",1
중식짜장짬뽕탕수육볶음밥 등,1
칼국수 백반,1
구내식당,1
대파배추고추 무 등등,1
제철음식,1
커피샌드위치샐러드,1
커피전통차주류,1
여주땅콩엿바삭쫀득과자 여주땅콩100%버터,1
"철물,공구,안전용품,배관부속,전기자재",1
디자인 건강기능식품 휴게음식 모바일 게임 소프트웨어 개발 및 공급업 �,1
카페 문구용품 회화용품 예술품전시대관운영 김밥및기타간이음식점업 제,1
"칼국수, 탕",1
음식점  한식,1
한돈고기전문점,1
돼지갈비구이,1
음료애견용품,1
빵 과일모찌,1
곡물 식잡,1
내의 란제리,1
전기구이바베큐,1
수플레 팬케이크,1
피아노 보컬 드럼 베이스 기타 작곡,1
영어어학원,1
문구 및 과자,1
"커피, 빙수",1
"악세사리,키링,인형 등",1
의약품. 외품,1
"한우갈비, 한돈생삼겹살 등",1
돈까스 카레 우동 기타등등,1
가오리찜 생선구이,1
"분식,튀김",1
"만두,김밥",1
수제두부,1
의류도.소매,1
"떡, 한과, 쌀디저트",1
즉석조리 밀키트,1
"자장면, 짬뽕",1
"자장면,짬뽕",1
"커트,염색,펌,드라이,두피/모발관리",1
열대어.수족관용품,1
카페음료 및 떡디저트,1
태권,1
정수기비데,1
우동소바덥밥텐동메일,1
초밥참치회,1
파스타피자리조또,1
초밥 롤 회 등,1
과일깐마늘,1
메이크업 헤어 미용실,1
분식 떡볶이 등,1
의복및 잡화 악세사리 토탈,1
담배 음료주류및 식품 비식품,1
꼬치 오뎅 주류,1
"과일모찌,오메기떡",1
타일 및 도기 수전 금구류 및 기타 건축자재,1
"김치류, 게장류, 반찬류",1
식음료잡화,1
결혼 상담,1
팥,1
의료기 및 의료용품 도소매,1
"우동, 돈까스",1
활어및연어참치,1
"떡, 고춧가루, 참기름, 들기름",1
권투훈련,1
우 쥬얼리 장신구,1
생활 도자기,1
수입산 쇠고기,1
스낵 라면 음료,1
미술피아노학원,1
닭바베큐,1
냉동 삼겹살,1
한우 닭,1
한식 수산물 해산물,1
"도어락,번호키,열쇠,도장",1
과일 디저트,1
고기야채,1
육류 식품,1
의류신발스포츠용품,1
김밥분식한식,1
편의점 판매 영업,1
커피 음료및 디저트,1
찌게볶음류등,1
담배 각종 비 식품,1
세제 및 방향제 등,1
떡볶이 핫바 순대,1
마트 담배 소매업,1
보습미술학원,1
휴게음식(죽),1
도시락류제조업 채소 과실 및 뿌리작물 소매업 기타비알코올음료점업,1
국수 및 돈까스,1
외래진료,1
담배음료생활용품,1
양꼬치훠궈,1
일반 소매용품 다수,1
생활용품및 식음료,1
떡볶기,1
"야채, 젓갈",1
증류주 전통주,1
예체능 교육서비스업,1
자격증취득,1
네일패디샵,1
주류 담배 공산식품,1
피부미용왁싱,1
인테리어소품 가방 악세사리 디퓨저 인형 등등,1
"활어, 전복",1
"과일, 야채, 가공식품, 정육,비식품",1
화장품의류,1
간판 및 인쇄물,1
한식(추어탕),1
빵류 식품,1
"농산물, 주방용품",1
전자상거래 의류,1
떡 순대 튀김 김밥 우동 오뎅 만두,1
이동전화기,1
중고휴대폰 악세사리,1
커피 즉석판매제조가공식품,1
미용재료 화장품 생활용품 가구 경미한,1
서적 종자 묘목 톱밥 악기 음반 영상,1
제과제빵요리재료 요리강습,1
생화 조화 커피,1
경미한공사 전자상거래 정원공사,1
자동차용품 자동차부분정비업,1
빵류 떡류 비건식품 가공식품 교육 체,1
공예품 꽃 화분 원예 라탄 패브릭 인,1
파스타피자,1
"네일,메이크업,피부미용업",1
"아이스크림,과자,문구류",1
"화장품,피부미용",1
"안경, 콘택트 렌즈",1
미용업 서비스업,1
갈비탕.냉면,1
자이로토닉,1
"농약,종묘,원예",1
교육서비스 피아노,1
"꼼장어,장어",1
"정육,주류,공산품,야채,계란",1
한식.육류.찌개.탕.아채,1
식품잡화 수산물,1
미용업 건강기능식품,1
블럭방 실내놀이터,1
아이스크림.과자류,1
전화기 통신기기,1
무역 핸드폰,1
생화  관엽식물,1
쑥뜸재료,1
안주류 및 주류,1
핸드폰케이스 및 액정보호필름,1
수제도시락,1
묵은지김치찜,1
토스트음료,1
"홍삼액,약초",1
의료용 기구,1
전기설비,1
"생약,인삼제품(홍삼)",1
"해장국,선지국",1
"란제리,화장품,의류잡화",1
"침구류,잡화",1
"휘장, 명찰",1
"구두,잡화",1
예술품 밑 예술상품,1
생선 즉석제조판매,1
통신기기수리,1
꽃 공예품 공예교육,1
"문구용품, 의복 등",1
계란 간편식 외,1
떡 과자 식용유지류,1
"한식, 해신탕",1
"면도기,드라이",1
"모조장신구,잡화",1
고등어케밥,1
"만두, 생면",1
"학교교과교습학원, 예능",1
서비스 교육관련업,1
"샌드위치,샐러드,쿠키,음료",1
"미용서비스업, 화장품",1
커피 에이드 스무디,1
한식 경미한공사 에어컨설치,1
애견 애견미용,1
분식 한식 떡볶이,1
꿀 양봉,1
화장품 잡화 세제류 미용재료,1
양식 커피숍 커피가공 빵 원두,1
음식 및 커피,1
간이음식 및 골프용품 도소매,1
학원비,1
"도서대여, 음료, 음식",1
"방향제,악세사리 등",1
걔량 한복,1
찌개 탕류 볶음류,1
식육 도매 및 소매업,1
의약품 건강기능식품  의료기기 식품 의약외품,1
"스포츠의류용품,안전화,안전용품",1
서적 참고서,1
"꽈배기, 핫도그, 찹쌀도너츠",1
"휴대폰충전기, 케이스, 기타 악세사리",1
"타일 및 양변기,세면기 위생도기 수전 및 욕실장 기타 부자재",1
두피관리서비스업,1
남녀용 겉옷 정장 및 액세서리,1
자동차 부분 정비,1
농.수산물 판매,1
탕류 조림,1
기타간이음식호프,1
심리상담 아동상담,1
핸드폰 케이스 및 액세서리,1
남성컷트염색펌,1
농축수산물외공산품,1
삼각김밥 및 분식류,1
"제과, 디저트",1
"생화, 프리저브드, 조화 등",1
"생선, 소분",1
일반음식점업(족발),1
양약(의약품),1
헬스.PT.스피닝,1
검도수련,1
"토익, 영어회화, 일본어, 토플, 아이엘츠 강좌",1
커피다과믐료더치원두케이터링,1
꽃 꽃배달,1
식음료 주류 담배 상품 등,1
중국가정식,1
커피. 음료. 디저트,1
"마카롱,까눌레,두바이쫀득쿠키,커피,유자차,생강차,휘낭시에",1
자전거 및 관련 용품,1
소품 외사진,1
아동주니어,1
서비스 미용업,1
"양념갈비,삼겹살",1
샐러드포케샌드위치랩음료커피,1
음악교육서비스,1
짜장면짬뽕탕수육,1
두피샵,1
전기재료 열쇠,1
초콜릿제과제빵재료,1
컴퓨터 주변기기 및 가전제품 등,1
의약품과 의약부외품건강보조식품,1
수산물.젓갈류,1
커피 및 음료 디저트류,1
국어 논술,1
음식 오리고기,1
헬스 시설업,1
기타의원 피부과 정형외과 외과,1
자동차경정비 자동차용품,1
미용실 잡화 액세서리 공예 공방,1
건어물 및 젓갈류 컵과일 컷팅과일과자,1
족발 보쌈 감자탕,1
생아구찜,1
"캐릭터 제품, 잡화류",1
"김치, 반찬류, 국류, 야채",1
잡화악세사리,1
"기타 스포츠 교육기관, 운동 및 경기용품 소매업",1
의료기 용품,1
커피 및 제빵,1
영양돌솥밥,1
"퀼트 공방  가방, 인형 장식품 판매, 교육",1
가죽공예학원,1
"가공식품, 디저트류",1
콤퓨터 출장 수리,1
이용권 판매,1
한식. 주류,1
"미용,이발,파마,염색,서비스",1
가공식품 및 생활용품,1
"대패삼겹살,우삼겹",1
회원권 및 PT,1
청소년오락기,1
야채샐러드,1
"쌀,고추가루,참기름",1
정수기 공기청정기 비데,1
두발이발,1
헬스 PT 운동시설 제공,1
설렁탕 갈비탕 수뮥,1
의료기기 양약,1
의약품 의료용기구 소매,1
깨 콩 보리 쌀 등,1
"칼국수, 해물파전, 보리밥",1
교육지원서비스,1
약초 등,1
햄버거 및 튀김류,1
"일반의약품,건강식품",1
디저트.커피,1
숙박업 여관업,1
편의점 판매품목,1
여성 의류및 액세서리,1
사진서비스업,1
"주방용품 및 가정용 유리, 생활용품, 소매업",1
석갈비 ㆍ갈비탕ㆍ비빔밥,1
판촉물 생활용품 외,1
장어도소매,1
"참치, 초밥",1
케이크제과류디저트커피 및 음료,1
미숡,1
파전 닭발,1
사진 그림 소품,1
곰탕 전골,1
온열매트및 생필풍,1
의복 액세서리 및 모조장신구,1
배추 및 각종야채,1
과자 장난감 등,1
아이스크림과자장난감등,1
"빵,전",1
건어물 냉동수산물,1
"생화,화훼",1
"분식, 잡곡",1
"일반음식, 사진",1
"식육, 수산물, 식육",1
젓갈 과일,1
한방진료및한방,1
"햄버거, 디저트",1
의류. 신발등,1
철물 전기,1
미술 공예 수업,1
"자동차썬팅,자동차용품",1
아시안음식,1
"헬스,P.T",1
건강기능식품판매 족욕,1
사진촬영 및 보정 서비스업 및 액자판매,1
교정진료를 제외한 치과치료,1
절임배추생선,1
한우 외,1
화장품건강식품기자재등납품,1
일반의류가방양말생활복,1
노래방 서비스,1
샐러드&amp;샌드위치,1
"반찬,가공식품",1
보이차 기타차 차도구,1
"귀뚜라미, 밀웜, 파충류, 양서류",1
"육류(한우, 한돈)",1
국수 및 전,1
오리 고기 삼계탕 전문점,1
애견용품 애완동물 애견미용,1
축구 교육 서비스,1
순대국밥 순대전골 순대볶음 모듬순대,1
생활잡화 전자상거래,1
국수종류,1
한식 전집,1
두바이쫀득쿠키,1
"가구,리빙박스,리빙소품",1
의류소품잡화,1
여성용,1
방탈출체험,1
의약품 의약외품 화장품,1
"의약품, 건강기능식품, 식품",1
"생연어, 육사시미, 초밥",1
김밥칼국수,1
"모자,양말",1
재첩요리,1
도소매(문어),1
농산물(열무),1
중고휴대폰 외,1
"도소매(생선,수산물)",1
"도매 및 소매업(채소,과일)",1
"밤, 대추 등",1
"미용,네일",1
가족사진과솜사탕,1
젤네일,1
"육류, 공산품",1
떡케이크/디저트,1
돈까스 떡볶이 덮밥 오므라이스 우동 쫄면,1
미용서비스 (커트 염색 펌),1
식사 및 주류,1
커피 및 식음료,1
타코 및 샐러드,1
커피 디저트 음료,1
야채과일 소매,1
커피빙수 디저트,1
식자재 마트,1
파마 커트,1
화장품 피부 두피,1
유아 의류 및 유아 용품,1
기타소매업 품목,1
"한식, 젓갈류",1
"김밥, 유부초밥",1
식품. 주류. 공산품 등,1
커피 잡화 애완용동물및관련용품소매업,1
비디오촬영,1
손만두 김밥,1
상담서비스 제공,1
농수산물 생선채소,1
미싱고방,1
블럭완구 기타잡화,1
"수산물, 신선식품",1
분식류식사류,1
"시간권, 기간권 공간대여",1
의원서비스,1
좌석 대여,1
빵 케이크 커피등 제조음료,1
휴대폰개통 및 휴대폰악세사리,1
커피 음료 제과 클래스,1
건강원사료,1
농약및비로,1
즉석가공식품반찬야채,1
화장품 피부 미용업,1
김밥 덮밥,1
문구 팬시 완구,1
식육 과일 야채,1
장어 한식,1
감자탕 삼겹살 떡만두국 비빔칼국수,1
채소 육류 가공식품 소스,1
식품 두부,1
떡  고추,1
빵 우유,1
쭈꾸미낙지,1
"빵,김밥,토스트",1
제철과일,1
독서실장소임대,1
의료제공,1
신경과 진료,1
"버거,타코",1
"식료품, 음료, 간편식, 생활용품",1
음식료품 생활용품,1
여가스포츠업,1
"빵, 과자, 음료",1
음향기기 간판 현수막 명함 전단지 판촉물,1
갈비 및 냉면,1
일식 및 분식,1
천막 마대,1
콘택즈렌즈안경,1
두루치기 오징어볶음 된장찌개,1
금은시계안경,1
"빵, 크루아상",1
순댓국밥,1
답례떡 디저트간식,1
양약 건강기능식품 의약부외품,1
"치킨, 튀김, 돈까스",1
가정용품 등,1
"청과, 화훼",1
"회초밥,사시미",1
야채.과일.생선,1
"샐러드,샌드위치",1
쌀구수,1
"서적, 학습지",1
집을 방문하여 에어컨청소와 세탁기청소를 하고 있습니다,1
"식품 및 음료, 비식품, 담배 등",1
의약품의약외품의료기기,1
김치류 국탕류 반찬 등,1
골프용품 및 자재,1
파마 염색 컷트,1
한식식육,1
다육,1
양육  수입돈육,1
아이스크림 과자 빵류,1
빵류 제조,1
액션페인팅 및 물감놀이,1
옥외광고 자재 및 시트,1
"피규어, 악세사리",1
아구찜해물찜,1
과알,1
"곰탕,설렁탕",1
사무기기 및 컴퓨터,1
"내의류,속옷,잡화,화장품",1
의료 이비인후과 진료,1
"화장품,기능성 속옷,체형관리",1
자동차용품 도소매,1
"염색,눈썹,속눈썹펌,파마",1
커트.염색.펌,1
잡화 주류 식품 음료,1
한식(고기집),1
과일야채기타 가공식품,1
한우탕 외,1
체인화 편의점으로 편의점 취급 상품 전체,1
"오리고기,담배",1
"참기름, 반찬",1
"속눈썹증모,속눈썹펌",1
생갈비,1
절화 및 생화 화초,1
미술작품  판매,1
"제과제빵,커피",1
치아 진료,1
남성 여성복,1
연료가스,1
세차 자동차부분정비,1
미역다시마김멸치,1
의약폼,1
피부미용속눈썹,1
메이크업서비스,1
버거 치킨,1
뜨게 제품,1
"떡볶이, 튀김 등 각종 분식",1
요가레슨,1
오리토종닭,1
오리날개튀김파채순살치킨 골뱅이 소면 두부김치 계란말이,1
중고 가전 가구,1
타이어휠교체,1
식품잡화담배소매업,1
의상신,1
광고물작,1
샐러드도시락등등,1
냉동 생물,1
악세사리 및 패션잡화,1
바리스타 교육,1
농약및 비료,1
아이스크림 과자 음료 등,1
장판 마루 창호,1
식음료 생필품 잡화 등 편의점 판매 상품 일체,1
음식료품일용잡화의료기기,1
감자탕 삼겹살,1
"한식요리, 반찬",1
"커피, 빵, 주류",1
"커피,음료,장소대여",1
필라테스 운동수강권,1
"돼지고기 삽겹살,목살,면류,찌개류",1
건식반신욕,1
숯불구이김밥쌈 등,1
활어및해산물,1
"잡곡, 마늘, 식자재",1
"건강기능식품, 생식함유제품, 화장품, 비누 등",1
"화장품, 미용재료, 모자, 가방",1
헬스장 회원권 / 개인레슨,1
순대곱창 및 주류,1
"참기름, 들기름,견과류",1
"커피,팝콘,핫도그, 나초 등",1
실내테니스장,1
컴퓨터수리판매업,1
완탕,1
세탁물 보관,1
과일.야채,1
"일식, 주류",1
돈까스 우동 돈부리 모밀,1
"채소, 과일, 냉동 수산물",1
죽.비빔밥,1
훈제,1
돼지부속고기,1
피부서비스,1
족발및가공류,1
"인테리어 소품,  정리정돈 컨설팅",1
"의류, 화장품,  잡화,  액세서리",1
"한식, 냉동삼겹살",1
"머그컵, 텀블러 원데이클래스",1
"보드게임, 스포츠스태킹",1
필라테스 기반 운동지도 및 체형관리 서비스,1
"애견용품,애견미용",1
"꽈배기,커피,음료",1
댄스보컬 교육 서비스,1
머리카락을자르고퍼머와염색을하는곳,1
마른김,1
비누 화장품 염색약,1
"임플란트, 매복사랑니 발치, 보철, 스케일링,치과진료",1
자연산회 전문점,1
분식 도시락,1
국내외 여행 크루즈 상품 판매,1
음료 커피 잡화,1
차유리,1
현수막외옥외광고,1
네비게이션 블랙박스 썬팅 광택 시트 방음 전장품수리 특수차카메라 화물,1
태권도복합기도복,1
창호 및 실내인테리어 마감재,1
탁구장운영,1
빵샌드위치음료,1
돼지고기 소갈살 생막창,1
칡즙 붕어 홍삼 즙,1
한의과 의료서비스,1
안경외 콘택트렌즈,1
생화및관엽식재,1
복권판매장갑 방안용품,1
생닭 닭강정,1
파스타 전문,1
유아 미술 교육,1
공간서비스,1
커피 음료 디저트 와인,1
스피치 컨설팅 면접 컨설팅 아나운서 양성과정 발표 등,1
"토스트, 음료, 떡볶이, 소시지 등",1
잡곡 짤,1
감자전,1
두발미용업.고객서비스.헤어 시술,1
"식품, 주류, 생활용품 등",1
음식  분식,1
"삼겹튀김수육,갈비찜,육회,오뎅탕 등",1
복싱강의,1
"빵류, 구움과자류, 커피",1
구제의류및잡화,1
음료 제조 및 판매,1
"피부관리, 속눈썹 등",1
컷펌염색,1
한의원 침 구 한약,1
한약및한약제제,1
생활용품/주방용품/휴대폰용품/건강보조식품 등,1
"커피, 케이크 등",1
유부초밥 분식,1
죽과 비빔밥,1
피부미용 체형관리 두피관리 화장품 아로마 피부관리교육 아로마체험,1
"커피, 디저트, 음료",1
해물탕해산물낙지요리,1
장어 전문점,1
커피원두 커피 서양음식 브런치,1
"농·축산물 및 식료품, 생활용품 소매",1
"과일,야채,밀키트",1
생활 가구 및 생활 소품,1
"의류잡화,스포츠용품",1
웨딩사진,1
생화꽃공예,1
테이블웨어 도자오브제,1
양약의료기기판매,1
민속공예품,1
"갈비탕,육개장",1
"소프트 바게트, 소프트 바게트 샌드위치 6종, 커피 및 음료",1
한우한돈전문점,1
의류  악세사리,1
소고기 돼지고기 닭고기등 육류,1
골프공 장갑,1
자동차타이어  자동차정비,1
도어락,1
국밥 해장국,1
피아노  교육,1
컴퓨터가전제품,1
조리반찬류신선냉동및기타수산물소매채소과실및뿌리작물소매,1
피자스파게티오븐구이치킨,1
파스타샌드위치,1
의류신발액서사리,1
음식수산물,1
"한식 , 주류",1
차량용 주유소 운영업,1
실리콘케미칼 종류,1
파스타 샐러드 피자,1
기호품,1
족발 반찬 야채,1
"츄러스, 커피",1
냉동.신선수산,1
대한검도,1
타이어 및 기타 경정비,1
"신발, 이불, 유모차",1
"야채,과일,정육,공산품",1
"생선회,수산물",1
두밞미용,1
"음료, 주류, 과자 등",1
국수 칼국수 충무김밥 제육덮밥,1
삼겹살 국수 닭볶음탕등,1
수영복수영용품의류,1
의류신발가방악세사리,1
"가방밓 가죽제품, 잡화,화장품,스포츠용품",1
"치킨,주류,음료",1
"일반의약품, 의약 외품, 아동용 캔디류",1
"세탁의류,가방,신발,모자",1
"커피,샌드위치,토스트,김밥",1
"도너츠,커피",1
"미역,농산물",1
"속눈썹펌, 반영구화장, 메이크업",1
의류 스포츠뇽품,1
"닭꼬치,타코야끼,계란빵,김밥,어묵,통닭",1
아이스크림 및 기타식료품,1
"식음료, 비식품 등 공산품",1
"김밥,떡볶이등분식",1
노래방기기,1
"수제화,의류,가방잡화",1
소매업(의류판매),1
"닭강정,일반음식",1
커피 및 음료외,1
교재 및 서적,1
반려견 위탁관리,1
"커피, 제빵, 제과",1
몰라,1
피시방 휴게음식점,1
육회비빔밥 및 비빔밥,1
피자 및 맥시코음식,1
삼겹살 및 돼지김치구이,1
순두부 두부구이 두부전골류,1
술 담배 식품 생활용품,1
남성복 여성복 신발 모자 액세서리 머플러 장갑 가방 벨트,1
바른자세 관리,1
미용업(속눈썹),1
"그릭요거트,샌드위치",1
전문 심리상담서비스,1
"음식, 디저트, 커피, 주류, 서적",1
미술실기지도,1
"농수산,식음료,잡화",1
한복섬유,1
"공예품, 의류, 잡화",1
인테리어지물포담배,1
도소매(숙녀화),1
참기름 들기름 미숫가루 곡차,1
롤파우치 박스,1
"빵,과자등",1
"히터,난방장치",1
김밥 어묵,1
양꼬치 양갈비,1
"과자,아이스크림",1
체력 단련시실 운영업,1
한의원 한방치료,1
"수공예품, 식품 등",1
식품.담배 등,1
기타스포츠교육기관,1
빵류 과자류 음료 및 당류,1
코인 빨래방,1
골프의류용품,1
야채청과각 공산품 등,1
도시락김밥주류스낵음료 등,1
"서적, 음식",1
떡케이크 디저트 답례품,1
피부미용/왁싱,1
치킨 피자 호프,1
돼지곸,1
헤어컷  펌,1
출발 공구 건재,1
중고스포츠용품 골프채수리,1
마크 기타,1
수제비누및 잡화,1
소고기낙지,1
편의점 취급품목라면 외,1
문구사무용품복사제본,1
한우 한돈 전문점,1
가공식품 및 침구류 등,1
"치킨 , 떡볶이, 닭강정, 타코야끼, 닭발",1
"더덕, 도라지",1
돈까스 분식류,1
한식(생선구이),1
"일반의원 (성형외과, 피부과)",1
"한우,한돈 그외 육류 도매 소매업",1
"치킨,  피자",1
한식(짜글이),1
위생용품,1
돈부리,1
닭갈비 삼겹살,1
"생활용품, 식품",1
파티룸 대여,1
체육교습,1
부페,1
식품 공산품 주류 야채 과일,1
식품 주류 향신료,1
골프웨어 및 용품,1
팥죽.호박죽.등,1
닭숯불바베큐,1
생화 원예용품,1
한우우족탕 갈비탕 한우소고기,1
모유수유육아상담실,1
"한식, 삼겹살 등",1
"smp, pmu, 속눈썹",1
"떡류, 강정, 양갱, 식혜",1
쌀 고기 채소 등등,1
헬스장 (서비스업),1
쌀 잡곡 등,1
국밥류 한식 조리식품,1
닭정육 외,1
안경콘택트썬그라스,1
"한식,보리밥",1
체력단련시설 이용 및 운동 서비스,1
테니스 레슨 및 테니스 용품,1
"차,밀크티,음료",1
생화및식물,1
파마 컷트,1
원두커피 커피제품드립백 추출커피카페메뉴  드립커피,1
쌍화차,1
황태요리,1
기타조명기구 및 전기용품,1
아동발달 청소년 성인상담,1
드론 톡톡블럭 수제 공예품 굿즈 제작,1
스넥라면 기타일체 소매상품,1
한식국수류,1
"카스테라,호두과자",1
미용도소매,1
과일.야채.가공식품,1
미용 (네일),1
포토 스티커,1
수제음료,1
"수공예품, 공예품",1
"의약품 및 의약외품, 건강기능식품",1
"식음료, 공산품",1
고기 육류,1
"아구찜,알곤이찜,해물찜,아구탕",1
"사무용품, 잡화",1
"한우곱창, 한우막창,한우모듬,한우대창,한우염통",1
"축구교실, 풋살",1
곱창 막창 대창,1
돼지고기/특수부위,1
웨딩컨설팅업,1
인삼벌꿀약초잡곡,1
음료 및 제빵,1
김밥 샌드위치,1
식음료품 소품,1
교육서비승,1
"원단, 소품, 의류, 교육클래스",1
"커피,쿠키,식사류 등",1
전위치료기,1
피부관리왁싱관리제품판매,1
"돼지곱창(막창),삼겹살",1
"화장품, 건강기능식품, 의료기기",1
미용업 네일샵,1
과일 야채 잡곡 생선,1
절화분화,1
커피전문점 기타음료,1
커피프라페,1
열쇠제작,1
떡제조생산,1
전자담배 및 기타,1
스테이크 수제가스 스파게티 덮밥 커피,1
동태탕.보쌈,1
"음식점, 맥주",1
안경테.선글라스,1
족발김치찌개,1
"디저트,제과",1
미용업 화장품 전자상거래 소매업,1
한우곱창 한우대창 및 소 부산물,1
손톱 네일,1
언어재활,1
풍선및 실크플라워,1
헬스/PT,1
국내산 돼지고기,1
두발미용 네일아트,1
"의약품,건강보조식품",1
자동차 전문수리,1
홍어 해산물,1
"이발,미용",1
미용업종,1
"아동의류 , 네일미용",1
"식품, 공산품, 잡화",1
수학교습,1
의류 및 이불 신발,1
과일/얼음,1
"해산물, 막회",1
운동시설(필라테스요가),1
체험 및 교육서비스,1
커피 떡 디저트,1
김밥 및 분식류ㅡ,1
귀금속 및 악세서리류,1
즉석우동,1
소품 및 기념품,1
의류 잡화 신발,1
보건 안마사,1
모터사이클 정비,1
수입식품 잡화,1
피부관리 체형관리 왁싱,1
돈까스 제육 오징어 카레,1
빵과 커피,1
김치찌게두루치기,1
함박스테이크,1
캐주얼 의류 신발 잡화,1
"과자류,과일",1
냉난방기제품,1
샐러드.샌드위치.포케,1
야채농작물꿀,1
"치킨,튀김류 및 음료판매",1
철물 건축재료,1
햄버거외 디저트음료,1
한방백숙,1
청소년게임서비스,1
햄버거 프랜차이즈,1
"한과, 견과류",1
"속옷,의류,생활잡화",1
사탕초콜릿등,1
농약 비료 농자재 등,1
농산물 및 기타가공품 등,1
육류및한식음식,1
채소 과실및뿌리작물 곡물 곡분및가축사,1
곱창 및 막창,1
섬유아트 천아트 패브릭아트 공예품,1
"아동 발달 관련 상담(놀이, 미술, 언어, 감각)",1
"안경, 콘택트렌즈, 안경렌즈, 안경테, 선글라스",1
수퍼 건어물,1
문어빵,1
문구제본사무용품,1
참기름 들기름 고추가루외,1
어린이장난감(레고),1
책 도소매,1
"치킨,튀김류, 음료수",1
종자 종묘 농약 농자재,1
블라인드,1
"특수교육, 심리상담",1
한돈 한우 계육,1
피아노 오르간 레슨,1
가정용가구 사무용가구 업소용가구,1
휴게음식음료도서,1
밤 등,1
샌드위치 및 유사 음식점업,1
휴게음식및 소매,1
심리치료교육,1
폴댄스강습,1
기타 생활용품 및 식료품,1
만화가게  간이음식,1
"농약, 모종, 종자, 농자재",1
태권도 교습,1
"빵, 떡, 찹쌀도너츠",1
미용업  가발판매,1
탁구장 이용,1
김밥 및 도시락,1
쌀 참기름 고춧가루 등등,1
잠옷생활용품등,1
"샐러드, 샌드위치",1
닭강정 식혜,1
과일.사과.야채,1
"착즙주스,생과일주스",1
"제과, 커피",1
"커피,맥주",1
딤섬 도삭면,1
"포장용기,비닐",1
떡 기름,1
일반음식 양식 와인,1
커튼 롤스크린,1
육류소돼지고기,1
고기부페,1
도소매업 상품대리,1
왕만두,1
"소품, 문구류",1
"브런치,파스타,스테이크,와인,맥주",1
"부대찌개 , 떡볶이",1
"크로플, 커피, 음료",1
"란제리, 내의, 잡화",1
젓갈류 밥 땅콩,1
인쇄광고디자인명함스티커전단지카다로그현수막번역,1
"요가, 헬스, PT",1
"의약품,의료기기,의약외품",1
부대찌개 및 떡볶이 밀키트,1
미용시비스,1
헤어제품 미용,1
소매/건강보조식품,1
"토스트,커피",1
도매 및 소매업(슈퍼마켓),1
"안경,콘택트 렌즈",1
의류 및 홈패션,1
체력단련시설 서비스,1
돼지갈비 및 기타 육류,1
양궁,1
당귀천궁작약도라지 등등,1
아로마관리 바디케어,1
"야채,즉석김치,젓갈,장류,고추가루,깨,참기름 등",1
송월타올,1
돼지고기 닭,1
"커피용품, 커피",1
"돈까스,파스타",1
철물점.전기.기타,1
"침구,전기매트,음파운동기,체험",1
"커피, 디저트류",1
비비탄사격 야구배팅 야구피칭 농구 외 각종 오락실,1
도시락 / 김밥,1
피아노수업 서비스업,1
"도배,필름",1
실내파크골프,1
보건업 의료업,1
소방설비공사,1
민물장어 장어탕,1
"안주, 제사류, 반찬재료, 김장재료, 된장, 고추장, 간장 등",1
"닭,오리,계란",1
실내체육시설(줌바),1
"음식,카페",1
생맥주 및 안주류,1
만두옥수수,1
소  돼지,1
필라테스업,1
식물성 유지,1
인테리어 소품 잡화,1
가정용 장식용도자기,1
에완동물,1
육류해산물,1
"식품잡화, 주류 도소매업",1
"팥죽, 호박죽",1
"식육,청과",1
일반의약품 건강기능식품 등,1
비빔빕,1
영어 교육 서비스,1
학습코칭,1
곰탕 육개장 갈비탕,1
테니스 레슨,1
애완동물 보호,1
빵과음료,1
도배.장판.잡화,1
커텐  침구,1
삼겹 동태,1
피규어 장난감 인형,1
천연염색제품 광고대행 인쇄 공방 시작,1
기업컨설팅 기업상담 행정법률 상담 및 자문,1
스포츠의류및 악세사리,1
남여의류및악세사리,1
반려용동물 관련용품,1
"음식,호프",1
"반찬,국,찌개",1
이불 토퍼 베개 소품 침구류,1
"돈까스, 덮밥, 우동",1
운동 지도 서비스,1
"빵,커피,케이크,샌드위치",1
"천막, 철물",1
"실, 의류 등",1
증명사진 여권사진 제품촬영,1
양말 잠옷,1
"주류, 면류, 스낵 등",1
모텔숙박,1
삼계탕 한식,1
운동화 구두 세탁,1
로스트볼,1
옷 세탁중개업,1
방송댄스,1
공예 부자재 판매,1
과자 및핫도그,1
음식점업 치킨 호프,1
돼지고기 소고기 등,1
"비빔밥,샐러드파스타,샐러드,죽",1
"커피, 원두 , 기타 디져트 및 식음료",1
헬스  기구필라테스,1
주류 등,1
태닝용 로션 판매,1
한식 순대국밥 소머리국밥,1
아이스크림 및 디저트판매,1
"치킨,돈까스",1
실내운동시설(점핑),1
"도복,죽도",1
미술 수업,1
일반음식  패스트푸드,1
미용.화장품소매,1
"보쌈,족발도시락",1
"한식,안주,음식및주류,음료",1
"맥주, 위스키 등등",1
가정용 업소용가구,1
야키니쿠,1
"원두, 음료",1
"제조음료,커피,디저트",1
"한우, 한돈, 양념육. 일반육가공식품",1
의류및생화,1
컵과일과일도시락등,1
서적 및 잡지류 문구용품,1
문구 사무용품 등,1
가오리찜 생선찜,1
철물건설자재,1
핸드폰 통신기기,1
"조미김,감태,기타수산물",1
철물 공구 배관 수도부속 농기구 생활용품,1
추어탕포장판매,1
"생약, 농산물 등",1
안경테안견렌즈선글라스콘택트렌즈외,1
옹심이막국수보쌈,1
건강기능식품 및 농산물,1
"의류,소품,잡화",1
음식(간이음식점),1
남성복 숙녀복,1
여자용겉옷,1
"계란,생닭",1
도매(벨트),1
세제비누농산물,1
떡 보리 보리떡,1
"피부,미용",1
옷수선 및 의류소매업,1
미곡 및 잡곡,1
쌀 잡곡 야채,1
한우삼겹살외,1
"사진촬영, 드레스대여",1
"한우,한돈구이",1
"한식, 닭발, 오돌뼈",1
소고기.돼지고기,1
마라탕 오리고기,1
기예 꽃꽂이 학술연구용,1
기념품 화분 인테리어소품 생화 분화,1
전기공사 신재생에너지시설 경미한공사,1
공방 상품종합도매업 식료품 천연조미료,1
문구  사무용기구,1
의료용품 의약품,1
통신기기 및 통신서비스상품,1
김밥 등 분식,1
돼지갈비 장어 닭고기,1
화장품 식품 외,1
마카롱샌드위치커피,1
빰케이크,1
명태조림 및 동태탕 전문,1
정형회과,1
정보통신공사 방송설비 통신기자재,1
홍차 차문화아카데미,1
건강식품임농산물,1
퓨전일본음식,1
족발 보쌈 막국수,1
보청기 의료기,1
"안경렌즈,안경테,콘텍트렌즈",1
피부관리. 윤곽. 비대칭관리,1
슬라임 데코 체험카페,1
식료품외다수,1
"운동화,유모차,이불 옷 등등",1
축안물,1
건강보조기,1
네일용품 화장품,1
"기타음식료, 잡화 등",1
김밥.한식류,1
음식(고기구이외),1
칵테일 한식,1
자동차 썬팅 및 전장용품설치 판매,1
"꼬마김밥, 떡볶이, 우동, 어묵탕",1
"냉삼겹,냉대패,막창,껍데기",1
"우동,탕수육",1
피자및스파게티,1
"의약품, 건강기능식품, 의료기기, 동물의약품",1
복싱지도,1
가전제품 냉난방에어컨 안마의자 음향기,1
의료용품 도매업,1
"네일아트, 케어",1
수입원목가구,1
족발 밑 보쌈,1
포케타코,1
건어물 치킨,1
미술 교육 서비스,1
한의원 진료 처방,1
다국적음식,1
정육 한식,1
홍상 소매업,1
"오리,삼겹살",1
"과일, 밀키트, 건강식품류, 기타 식료품 및 잡화류",1
소고기무한리필,1
"브런치음식, 카페음료",1
커튼브라인더,1
종묘농약비료,1
활어회 및 해산물,1
과자 초콜릿 음료 술 담배 신선식품 커피,1
"커피,꽃",1
"회원권, PT",1
의류 속옷 스포츠의류,1
건강식품 화장품,1
전기자재 및 조명,1
청국장 김치찌개,1
비알콜음료 및 디저트,1
여성의류악세서리,1
피자 치킨 생맥주,1
한식돼지국밥,1
멸치 김 건어물,1
여인숙,1
한식 고기요리,1
"칼국수,만두전골,손만두",1
"사진 촬영(증명사진,가족사진,취업사진 등)",1
"미용업.화장품,헤어기기",1
처방의약품의 조제 일반의약품 판매,1
한우 돼지고기 갈비탕 김치찌개,1
"커피음료, 원두, 드립백, 더치커피",1
"가공식품,",1
미용관련상품,1
홍삼 등 농산물 소매업,1
네일아트시술 손발관리,1
음식 서비스,1
전기제품 도소매,1
한식 닭칼국수,1
침 뜸 부항 약침 추나 감기약 소화제,1
호떡  국화빵,1
화초판매,1
피자류,1
한의원 의원,1
전기 자재,1
"부대찌개, 떡볶이",1
"담배, 과자, 음료수",1
벽지및바닥재,1
산후도우미 방문인력제공,1
파스타 샌드위치,1
애견용품.미용,1
기능성 속옷 등,1
현수막 판촉물 제작,1
속눈썹연장.영양제판매,1
"전자담배기기, 전등, led",1
커피 음료 케익,1
유아매트,1
견과류 건강기능식품,1
생닭 통닭,1
통신기기 휴대폰판매,1
의료기기 잡화 건강기능식품 화장품,1
일반사진촬영업,1
도료 건축 방수공사 도료,1
농약 종묘 비료 농자재,1
국수 라면 죽 외,1
떡류제조업 커피,1
화장품 세제류 잡화 미용재료,1
쇠고기돼지고기닭고기 등 육류,1
풍선 및 현수막,1
갈비탕육개장육회비빔밥삼겹살한우소고기,1
의약품 및 의료용품 의료용기구 소매업,1
시술서비스네일,1
즉석어묵 건어물,1
양돈식육,1
잡화 주방용품,1
생선대게,1
의류 가방 패브릭소품 주방용품,1
그림책,1
불고기류 한식,1
의료서비스(치과),1
햄버거 샌드위치,1
"선물포장,공예교육",1
두발미용커트 파마 염색 드라이 등,1
농산물 임산물 건어물 등,1
진료  예방접종 영유아검진,1
화장품 의류 악세사리,1
생선 매운탕,1
프라모델 피규어,1
폰케이스필름충전기보조배터리이어폰 등,1
설렁탕 등,1
음식료품 일용잡화,1
"헤어, 메이크업, 네일 국가자격증 취득과정, 내일배움카드",1
"수입과자,식품",1
조리반찬류소매,1
"의약품,의료용품,동물약품,건강기능식품 등41.73",1
제과및 음료,1
"돈카츠,쌀국수",1
냉동수산물및 선어 소매판매,1
콘택트렌,1
상품종합중개업 가구,1
축산물(소/돼지/닭/수입정육),1
신선식품(채소/과일/계란/양곡류),1
의류이불신발가방가죽제품세탁서비스중개,1
흑염소전골외,1
란제리잡화,1
홍어생선,1
수제카라멜,1
소고기대창막창,1
상의하의 옷,1
김밥돈가스,1
60,1
"미숫가루, 들깨거피, 콩고물, 참깨, 고추가루, 참기름, 들기름, 보리차, 옥�",1
피티 필라테스,1
헬스시설&amp; 운동지도,1
갈치 오징어 고등어 낙지 기타 냉동수산물,1
디저트 빙수,1
당구공,1
삼겹살 한우,1
종합악기사,1
가정용 의료기기,1
퀼트 자수 공예,1
골프용품 가방 신발 악세사리 스포츠의,1
직업교육 바리스타,1
식품제조가공업 경미한공사 커피용품,1
전산용품 사무기기,1
체육시설업 헬스,1
섬유 의복 신발 및 가죽제품,1
"음식, 소품",1
"식료품, 담배",1
"참기름,들기름 각종 식용유",1
가전제품 및 생활용품,1
"생화 꽃다발, 분화, 식물",1
홍어 수육 김치 등,1
떡갈비 한식 음식점,1
염색 두피 탈모 서비스 및 제품 소매,1
김밥 만두,1
양말 의류,1
닭발 치킨,1
멸치 김,1
반찬 음식점,1
칼국수 한식,1
아동 유아복,1
속눈썹연장 및 속눈썹 펌,1
헬스장이용,1
"드럼, 피아노, 기타, 베이스, 보컬 등 악기레슨",1
돈까스 우동,1
종이조형물 공예품,1
뷰티아카데미,1
미용업 화장품 뜨게실,1
속눈썹 피부미용업 왁싱,1
빵 커피 차,1
커피 화장품,1
편의점 소매업,1
화장 분장미용업 피부미용,1
"한식, 면 요리",1
"찌개,전골",1
한식(꼬막비빔밥),1
개인세탁물,1
"네일,속눈썹시술업",1
회덮밥 우동 삼각김밥,1
정형외과 신경과,1
오리고,1
젓갈 각종양념,1
비빔밥 등 한식,1
자동차 용품 자동차밧데리,1
짬뽕 족발보쌈,1
휴게음식점키즈카페,1
생활잡화전기매트,1
음료 과자  식료품   김밥 도시락,1
"한식,흑염소",1
"음식, 다도",1
"농약, 비료, 종자",1
식자재 및 공산품,1
식음료담배잡화,1
"화덕피자, 파스타",1
냉난방설비공사,1
자동차용품(썬팅 외),1
"미용재료, 염색약, 화장품",1
"삼겹살, 목살, 양념갈비, 김치찌개 등 식사류",1
유아 오감놀이 체험 및 미술놀이 프로그램 운영,1
과자류 및 당류,1
커피 차류,1
오리 돼지 닭,1
화장비누,1
빵 즉석판매제조가공업,1
화장품피부미용,1
강아지사료간식용품,1
"화장품,신발 및 의류",1
까페음료 디저트빵,1
"전, 닭볶음탕",1
기타레슨,1
피부과 보건 의료 서비스업,1
커피샐러드샌드위치,1
농산물축산물가공식품 등 종합소매업,1
스포츠 서비스업 복싱,1
빵류 등 당류,1
소금빵 카이막,1
차 차도구류,1
원두 카페,1
미국식 핫도그,1
새우젓 멸치젓 젓갈류 절임류,1
꼬마김밥 라면 어묵탕,1
"떡, 캔디",1
"아이스크림,스낵류",1
속눈썹연장술,1
캔들 잡화 인테리어소품 꽃,1
자동차정비 자동차타이어및튜브판매업,1
컴퓨터및주변기기 전산소모품외 문구용품,1
침구 커튼 섬유제품,1
타이어수리 자동차정비,1
"전,빈대떡",1
의류.내의.잡화,1
랍스터 소갈비 조개찜,1
벌집아이스크림,1
즉석식품 십원빵 호두과자 등,1
철판고기,1
치킨피자기타,1
웨딩사진 촬영,1
파스타 스테이크 등,1
슈퍼마켓 식품 잡화,1
체력단련시설 운영서비스,1
김치찌개 애호박찌개 삼겹살,1
의류 외 잡화,1
과실류 한과,1
두부및도토리묵 콩물,1
"씨앗, 농약",1
소머리,1
식품 빵 음료,1
돼지갈비 냉면 돌판비빔밥 소갈비 불고기전골,1
"스포츠의류,신발,라켓,가방",1
"아이스크림,커피",1
여성속옷잡화,1
도시락 한식,1
트레펄린운영,1
한우삼겹살,1
스터디룸,1
두부전골,1
한식 돼지불백,1
고기국수 등,1
의류 잡화 커피,1
잡화 및 유아 머리띠 키링,1
종합가전,1
"베어링, 사각키, 스냅링 등",1
북식,1
김치찌개 짜글이,1
커피 쿠키 빵 샌드위치,1
시각디자인업,1
가정용 전기용품 수리,1
기술학원,1
차량용 엘피지,1
필라테스 운영,1
간이음식포장,1
떡 기름 고추가공,1
음식료품 아이스크림 및 과자,1
속옷 잠옷 내의 이너웨어악세사리,1
독서실이용 및 서비스업,1
족발/보쌈,1
카페(음료 및 제과),1
"해장국,내장탕",1
미용실 애완용동물 및 관련용품 소매업 잡화 전자상거래,1
잡화 안경,1
"만두,반찬",1
"족발, 순대국",1
까페 음식점,1
문구펜시,1
카페(커피),1
"의료용기구,기타음식료품",1
야채과일축산건어물,1
담배 전자담배 식품 잡화,1
맥주피자파스타,1
방문케어,1
게장 새우장,1
속눈썹 연장 및 속눈썹 펌 시술,1
식품음료생활용품잡화등,1
휴대폰 케이스 잡화,1
잡화  담배 술,1
농산물 축산물 수산물 가공식품,1
제빵 제과 커피,1
화장품 향수 방향제,1
애견용품 위탁보호 애견미용,1
"식품도소매,생활용품도소매,상품종합도매",1
죽염 효소 엣센스 드라이기,1
코인 노래연습장,1
옷판매,1
가방파우치,1
아이스크림및과자,1
과일 야채 건강식품,1
"향수,책",1
"타올,가방",1
유아용 매트,1
"소매(속옷,내의류)",1
"수산물,횟집",1
민물 장어,1
인삼 소매업,1
젤라또 커피 디저트,1
가전제품가전제품수리,1
두부즉석판매제조,1
"간판, 현수막, 명함",1
미용 피부미용업,1
파워점핑줄넘기,1
문구 교구 서적 과학기기 주방기기 공구 철물 잡화 도서정보입력,1
가정의학,1
철물 사료 도매업,1
"버섯, 떡갈비",1
섬유 원단 등,1
김밥.커피,1
생화.관엽,1
햔식,1
담배 술 음료 과자 등,1
돈까스모밀,1
떡 한과 새우 및 전복을 활용한 조미건어포 등,1
식물 공예품 교육,1
초밥회,1
야구연습장,1
족발감자탕,1
수영복스포츠용품,1
이발 펌 염색,1
퍼스널컬러컨설팅,1
휴대폰및인터넷및휴대폰악세서리,1
남성 정장,1
의류 떡 과자 디저트,1
신선가공생활용품등,1
악기 피아노,1
"심리치료, 종합심리평가",1
"일반음식점, 카페",1
"일반상품,휴게음식업",1
복사 프린트 제본,1
점핑 체력단련,1
전문심리상담교육,1
PT운동지도 서비스,1
국수집,1
보청기등 의료기기,1
가정용 의료기,1
닭발돼지두루치기,1
과일 야채류,1
왁싱 피부미용,1
가공식품야채과일,1
커피 떡,1
주방용품 위생복 미용재료 안전용품 기타잡화,1
휴대폰주변기기,1
커피로스팅 커피 커피전문점,1
현상 필름,1
식품 공산품,1
자동차 전문 수리,1
운동기구 및 장비  피트니스 용품,1
개인과외교습,1
한방상담 및 한약치료,1
"공구, 잡자재",1
"출산용품, 유아용품",1
"유모차, 카시트 등",1
점핑외건강식품,1
피아노 플릇 바이올린 첼로,1
식품종합소매점,1
임가공도축업 임가공식품냉동 기타,1
정육 양념육 수산,1
"닭도리탕,삼계탕",1
필라테스교육서비스업,1
슈퍼마켓업,1
빙수.차.커피,1
"미술공방, 성인취미미술",1
"커피, 마카롱",1
음식주류담배기타,1
공산품 및 주류,1
커피 쌀빵,1
실내스크린야구 편의점,1
도서및교구도소매,1
과일.음료.샌드위치.땅콩빵,1
반려용동물 관련용품 소매업,1
"전자기기, 악세사리",1
악기 등,1
기름 방앗간농산물잡곡,1
복싱 교육서비스,1
참기름고춧가루건어물,1
꿀 디저트,1
화장품 향수 염색약 바디용품,1
오토바이 수리판매,1
웨딩드레스 대여,1
가스 도소매,1
그릇 냄비 등 식기류일체 생활용품,1
"식료품, 일용잡화, 담배 및 주류, 안전상비의약품",1
햄 소세지,1
의류 내의,1
격투기 복싱 강습,1
요거트 샌드위치,1
안경 콘택트렌즈 등,1
관엽,1
문구사무용품생활용품화방식음료스포츠용품,1
수산물 가공품,1
건농산물,1
"치킨,버거",1
두발미용업 화장품 건강보조식품 소매업,1
일반음식점(도넛),1
신경과 정신건강의학과,1
"김, 건어물",1
"기념품, 선물용품, 도예품",1
"금속공예, 공방",1
김치 종류와 게장,1
휴대폰 컴퓨터,1
"돈까스,파스타,볶음우동,볶음밥",1
"안경 및 렌즈, 선글라스",1
여행 알선서비스,1
오리탕 등,1
간판 안전용품인테리어,1
"음료, 원두 , 디저트",1
식사및안주,1
교육서비스 미술교육,1
밀키트 채소 과일,1
쌍화차대추차연잎차 눈꽃빙수 단팥죽 다양한 차,1
장애아동상담 심리상담,1
댄스 수업,1
"종이 및 상자,OPP,PP,떡포장지,초코렛박스 일절",1
식품(젓갈류),1
의류(스포츠의류용품),1
냉삼,1
"왁싱,제품판매",1
담배편의점,1
채소과실 및 뿌리작물 건어물 소매업,1
축산물 치킨,1
섬유원단 등,1
커피 교육서비스,1
미용서비스 헤어제품판매,1
자동차 실내 인테리어,1
드럼,1
보건(의료업),1
"커피, 차 등 음료",1
생태,1
심리상담 행동치료,1
홍삼 건강기능보조식품,1
라멘 돈부리,1
육류일체,1
애견유치원 호텔 카페,1
짬뽕 짜장 탕수육,1
언니오빠점핑운동클럽,1
파스타돈가스,1
아구찜 닭갈비,1
"인형뽑기,농산물판매",1
"소꼬리찜,매운소꼬리전골,오징어볶음,새우전,크랩팽이전",1
무늬목 필름,1
샐러드 커피 토스트,1
냉면 육개장 돈까스,1
체력단련 서비스 제공,1
"커피, 음료, 디저트, 주류",1
축구(풋살),1
인테리어 시공,1
"돈까스, 쌀국수",1
"전골, 육개장",1
"다슬기탕, 수제비",1
다슬기 수제비,1
가오리채무침,1
스포츠교육서비스(유소년 축구교실),1
과일/과일도시락/식품류,1
외국어 수업,1
커튼/블라인드,1
화장품및피부관리,1
화물포장이사,1
에어컨청소및방역,1
아구.대구,1
왁싱 피부,1
악기 및 악기부속품,1
맥주호프,1
"홍삼, 홍삼제품 및 기타",1
일식돈가츠,1
필라테스 교육서비스,1
초코렛,1
돈까스 한식,1
리어카,1
주얼리체험공방,1
건강식품제조,1
"축산물, 식육부산물 판매업",1
"잡화, 통신판매",1
"음료, 식사",1
소매업(외의,1
컴퓨터및주변기기통신기기,1
치아 치료,1
피씨방 휴게음식,1
소매업 휴게음식업,1
영어과외수업,1
생화 화분 화환,1
생활용품및 가공품,1
돼지특수부위,1
난방기,1
중고,1
땅콩빵 제조 소매,1
네일 속눈썹 메이크업,1
핸드메이드 뜨개제품기념품캔들디퓨저인테리어 장식품,1
커튼 침구류 등,1
아동복 소매,1
댄스연습실 요가연습실,1
공간대여 스터디룸 회의실,1
커튼 원단 홈패션,1
소의양,1
커피and주류,1
"컴퓨터, 컴퓨터 소모품",1
돼지곱창전골,1
소고기샤브샤브,1
담배밎음료푸드생활용품,1
"고급휘발유, 휘발유, 경유",1
모터사이클 안전장비,1
"샌드위치,토스트,볶음밥",1
자전거 전자상거래업,1
스포츠의류 용품 속옷 의류,1
남성복 스포츠의류,1
스포츠의류및잡화,1
뜨개실. 뜨개용품,1
"보청기,밧데리",1
"식품잡화, 담배",1
"반려동물 진료, 반려동물 사료, 반려동물 영양제, 반려동물 간식",1
건고추.농산물,1
곱창.마라탕,1
"돈까스, 오징어덮밥",1
헤어펌 컷 염색등,1
파충류샵,1
공예품도자기페브릭,1
공예품 장신구,1
자동세차,1
한식 불고기 찌개 등,1
정형외과 신경외과 마취통증의학과 재활의학과,1
자동차증합수리,1
신발 가방 등,1
"잡화,야채,과일",1
찜닭전문점,1
빙수전문점,1
커피및 음료 디저트,1
김지제조,1
"식육,양념육,곰국",1
"오징어 무침회 , 꼬막 무침회, 납작만두",1
"더덕, 나물",1
"다슬기해장국, 순대국밥, 곤드레밥",1
"김, 젓갈, 새우젓",1
매트리스,1
"철물, 페인트 등",1
공산품.축산물,1
"의약품, 의약외품, 건강기능식품, 의료기기, 공산품 등",1
악세사리 인형 학용품,1
축구수업,1
"케이크, 디저트",1
"생필품,식료품",1
삼겹살목살갈매기살한정살차돌박이,1
점성학 서비스업,1
"참기름, 미숫가루 등",1
드럼학원,1
부식야채,1
기타전문학원,1
고등어 옥돔 갈치,1
짜장면 짬뽕 탕수육 등 중식,1
식품 주류 담배,1
김밥외 분식,1
"샌드위치,샐러드,머핀버거,피자,와플 등",1
이불 잡화 등,1
의류 잡화 등,1
만감류 과실,1
붕어찜,1
반찬두부,1
약국  의료기기,1
건강원 김치 젓갈류 과일,1
과학기자재 교육기자재 시약 철물 공구 전기 철강자재 조립식건축물 철구,1
수산물 전자상거래 소매업(수산물),1
한식 및 양식,1
"운동, PT",1
짬뽕 등 중식류,1
"관엽식물,절화,커피,음료",1
치킨. 닭강정,1
곡물스낵,1
커피류 및 음료류,1
수산물  도매소매,1
침대류,1
의류판매업 식품,1
문구분식마트,1
분식 음로,1
전자기기 교육업,1
복싱 서비스업,1
특수유아체육,1
한식 및 일반음식,1
"네일,속눈썹 서비스업",1
찌개.국,1
꽃 생화 소품,1
"비뇨의학과,피부과",1
"케이크,커피",1
떡볶이 돈가스,1
중식 양꼬치,1
"꽈배기, 닭강정",1
"캔들, 석고방향제, 디퓨저",1
개인과외,1
"디저트,케이크",1
전기용품 가전제품 전화기,1
순살닭볶음탕,1
"커튼및천막, 카페트, 경미한공사, 행사용테이블, 의자",1
골프웨어 스포츠의류 골프용품,1
생화. 교육,1
"어묵탕, 쫄뱅이",1
PC방 휴게음식,1
철물기물,1
과자 음료수 위생용품 등,1
의류공예품,1
의류 잡화 스포츠,1
공산품.야채.청과,1
굿바비샌드 도시락 컵과일,1
코다리 음식점,1
의류 및 신발 악세서리,1
안경콘택트렌즈썬글라스,1
잡화 가방및 신발,1
"연어, 돈가츠, 덮밥, 커리",1
건강식품 환 분말 과립,1
제육 포장 배달,1
한돈 갈비찜,1
침 추나 한약 물리치료,1
"카페,제과",1
대나무제품,1
"전통 전, 막걸리",1
견과류 및 건강식품,1
"카레라이스, 하이라이스, 오므라이스, 돈부리, 라멘, 우동",1
건어물 냉동수산물 가공식품,1
"각종죽,비빔밥",1
반찬 젓갈등,1
"식음료,담배,생필품",1
과자.아이스크림. 로스트볼,1
가방 의료 소품,1
청소년 게임장,1
치킨 음식업,1
빵  아이스크림 마카롱 과자류,1
쭈꾸미음식전문점,1
쌀 소금 건어물 외,1
주방가구및일반가구,1
"빵, 브런치, 커피",1
"일반의약품,의약외품,의료기기",1
야채 과일 정육,1
"의약품 및 의료용품(한약), 의료용기기",1
여성의류 속옷 신발 가방 모자 가방 장갑,1
된장전골,1
소 돼지 닭 즉석식품,1
육류 및 양념육,1
배드민턴 및 테니스용품,1
방향제 등,1
"악세사리,쥬얼리소매",1
화실 공방,1
피부과진료,1
"아동복,잡화",1
튀김 오징어순대,1
"전기,태양광,기계설비",1
한식 정육,1
휴게음식 즉석판매제고가공업,1
통신판매업 건강원,1
복권판매,1
"화장품,음료,건강기능식품,전자상거래소매업",1
"한식, 고기류 및 주류",1
"수제청, 수제디저트, 교육서비스",1
액세서리  패션소품 리본공방,1
"식료품, 생활용품 외",1
과일 도소매업,1
"옥수수,고구마,붕어빵",1
"음료, 과자 및 빵류",1
일식 돈카츠,1
"만두, 찐빵, 도너츠",1
설렁탕 떡국설렁탕 순대국 얼큰해장국 낙곱새 옛날불고기,1
떡볶이 등,1
커피외비알콜음료,1
주방용품 가방신발,1
의약품및 의료기도소매,1
곱창볶음 막창구이,1
순대국외,1
분식 김밥  떡볶이,1
"뜨개실 , 인형",1
"구두,가방,잡화",1
수산물 회 초밥 밀키트,1
"타일,수전,도기",1
육류 돼지고기,1
김밥 외 분식류,1
햄버거 체인점,1
과일 야채 식료품,1
한식 건어물,1
추나  약침 약  뜸  침 생태치유,1
쌀국수음로,1
농산물 건어물,1
수산물 및 젓갈,1
자전거 및 스포츠용품,1
몽골음식,1
양약 한약 의료기기 건강기능식품,1
두발 서비스업,1
갈치조림 찌개류 삼겹살 등,1
편의물품 담배,1
"돼지곱창, 막창, 주류",1
"자동차부품, 타이어, 배터리 등",1
커텐블라인드,1
"야채,청과,수산,축산,공산",1
치킨 돈가스 샐러드 골뱅이무침 해물탕,1
한식 및 닭발,1
"커피,디저트,케이크",1
음료 과자 등,1
과일 과실류,1
식음료담배,1
"햄버거,치킨,피자",1
미주구리(물가자미),1
"디저트, 샌드위치, 커피",1
대게 및 킹크랩,1
"담배,주류, 간편식, 과자류",1
"의류,잡화,소품",1
오리 치킨,1
과일(청과),1
"새우젓, 젓갈, 김",1
청과(과일),1
"김, 멸치",1
"맛김, 마른김",1
농약 종자 사료 비료 농자재,1
"기타 자동차 신품 부품 및 내장품 판매업, 빵류 과자류 및 당류 소매업",1
자동차타이어및튜브,1
"컴퓨터및주변기기수리업, 컴퓨터 및 주변장치 소프트웨어 소매업",1
"골프채수리, 골프용품",1
"부분정비,세차장",1
"채소, 약초",1
"음악학원,악기",1
"치약비누및기타세제제조업, 수공예생황용품, 상품종합도매업, 수공예체�",1
사무용기기 컴퓨터,1
"담배,식품 비식품",1
"건어물,잡곡,과자,사탕,가루류등",1
열쇠 수리 및 복제,1
건강기능 및 보조식품,1
전자담배 및 잡화,1
태권도 교육서비스,1
생선구이조림탕 전문점,1
"철물, 버너류",1
기수련,1
기타 산업용 농산물 도매업,1
김밥분식 도시락,1
시계및귀금속소매업,1
가정용의류 내의,1
"기타곡물(누룽지), 전자상거래 소매업, 한식",1
"우동,튀김 등",1
"농산물, 건강기능식품",1
"회, 해산물, 솥밥",1
"공방, 교육, 문화체험학습, 교육재료, 공예품판매",1
순대국 및 소머리국밥,1
"채소,버섯",1
프리미엄 디저트 커피 및 음료,1
피트니스교육 및 훈련서비스,1
여성의류외,1
문구류외,1
의류 작업복,1
골판지 골 골 골 박스,1
한식 밀키트 및 한식 조리 포장 판매,1
만두김밥칼국수,1
굴국밥,1
두발미용서비스업,1
체력 단련시설 운영업 헬스,1
반찬 및 밀키트,1
의류 신발 악세서리,1
일반음식점업소,1
수입품일용잡화,1
밴댕이,1
실버,1
자동차정비 서비스,1
"제과점, 제빵업",1
"안경,선글라스,안경렌즈,콘택트렌즈",1
"닭강정, 떡볶이, 붕어빵",1
문구 완구 팬시 아이스크림,1
미용두발서비스업,1
"샌드위치,음료,디저트 등",1
"샌드위치, 케이크, 커피",1
교육서비스업 필라테스,1
한약.추나.침치료,1
"음식점(식당) 생선조림, 생선구이",1
과일(사과),1
꽃 생화 수입생화 등,1
농산물 농자재,1
도토리국수,1
"야채.청과,정육.생선 그 외 기타상품",1
피부미용(왁싱),1
육류 및 해산물,1
"화장품,네일,피부,왁싱",1
"도소매(신발,잡화)",1
"통신기기, 서비스",1
"제화, 캐주얼",1
"비료, 자재",1
음식(찌개 탕류),1
"도소매(비닐,포장자재),",1
"베이커리,빵,디저트",1
동물용품판매,1
치과교정과,1
가공식품외,1
식품 및 비식품 약 2천여개 상품,1
도시락/김밥/음료/주류/담배/스낵 등,1
메니큐어,1
과일 채소 잡화 생활용품,1
"공산품, 야채, 과일, 정육",1
치킨(계육),1
성인영어회화,1
축산물 채소 생선,1
"공예품, 전자상거래",1
"의류, 스포츠용품, 잡화",1
캐리커처,1
닭도티랑,1
"카페, 요리주점",1
생삼곁살,1
필라테스 센터,1
컵과일 커피 음료,1
떡케이크 답례떡,1
음료 소매업 보드게임 카페,1
조리완료 된 찜닭 및 김치찜,1
신발 등산의류,1
횟감,1
회해산물,1
전기철물열쇠,1
"서예, 서각, 한자",1
요가헬스,1
안주와 주류,1
목공예 제품,1
커피&amp;디저트,1
대게.킹크랩.랍스타,1
쌈밥도시락,1
"가죽소품, 빈티지 소품",1
전기 조명 LED,1
"예술 서비스업,문화예술기획",1
차량대절,1
커피와 음식,1
"피부관리 ,화장품",1
비누공방 및 판매,1
실내 스크린골프,1
시계 및 귀금속 악세사리,1
휴대폰판매및악세서리판매,1
남자겉옷,1
웨딩플래닝서비스,1
야채잡곡,1
패션 시계 기타 소매업,1
실내 서바이벌,1
커피 라면,1
스포츠볼링,1
편의점 (소매상품),1
하얀감자탕,1
"간장게장, 꽃게매운탕",1
"화훼, 식물 등",1
"숙박및음식점업, 커피전문점",1
"과일, 야채, 밀키트",1
"빵, 디저트",1
꽈배기 과자,1
젓갈 농산물,1
밧데리축전지,1
슈퍼마켓담배등,1
김밥라면 외,1
허어제품,1
파마컷트염색,1
쫄면 만두,1
필라테스 수업 및 운동지도 서비스,1
"동물진료,용품,미용",1
서비스업/요가,1
전기조명용품 철물,1
아이폰 아이패드수리 컴퓨터수리 잉크토너 판매 등,1
매운갈비찜조기매운탕오징어볶음제육볶음조림김치찌개백반술,1
"뻥튀기,잡화,건어물,소매업",1
일반음식점-식품접객업,1
염색약 헤어 용품,1
"파충류 및 육지동물 , 사육 용품",1
한우한돈수입우,1
태권도 및 피트니스 교육 서비스업,1
"담배, 주류, 음료 및 과자 등",1
네일아트.속눈썹,1
샌드위치 커피 일반음료,1
아웃도어 작업복 안전화 등 안전용품 공구 및 소품,1
의료기.건강식품.잡화,1
삼겹살 닭볶음,1
밥집,1
추어탕 매운탕,1
치킨 전기구이통닭,1
돼지고기숯불구이,1
운전연습,1
마라탕마라샹궈꿔바로우계란볶음밥,1
자전거 및 자전거용품,1
수기요법 화장풍,1
도복,1
스터디카페 이용 서비스 (공부 공간 제공),1
"인테리어,조명,커튼,씽크대",1
"문구 사무,전산용품, 커피,원두커피외",1
아이폰&amp;아이패드 수리,1
사무용품 문구 완구 종합소매,1
짜장 짬뽕 탕수육 등,1
식품담배주류,1
곰탕시서장국,1
스터디카페 운영,1
"음료, 식료품, 생활잡화등",1
모발변형및염색,1
애완용 동물 관련용품 및 사료,1
"음식, 주류, 기타음식",1
젤램프 소독기 젤,1
편의점(식료품·생활용품 소매),1
"소고기,돼지고기,닭고기,오리고기",1
"녹취록, 문자통역, 회의록",1
쭈꾸미 돼지고기,1
치킨.햄버거,1
돼지 특수부위 숯불구이,1
미반 및 생필품,1
"돈가스,커리",1
"드레스,예복 대여",1
문구인쇄,1
타코야끼및 음료,1
공산품 야채 청과,1
음식.한식,1
"대구탕, 밀면",1
수산식품 및 냉동,1
"철거,도배,싱크대,조명,타일,욕실",1
어학교육,1
교재판매,1
한의 진료서비스,1
샌드위치음료샐러드,1
"도장(인장류), 공방 외",1
토탈패션,1
담배주류음료과자가공식품등등,1
의약품 및 건강기능식푸,1
아이스크림 등 종합소매,1
간이 음식점업,1
음.식료품위주 종합소매 /건강기능식품등,1
꼬마김밥 외 분식,1
회 덮밥 라면,1
"특수체육, 심리운동",1
담배 음료및생활용품,1
공산품및신선식품,1
"떡케이크, 답례떡, 상차림떡",1
한의 치료,1
"빵, 커피, 아이스크림",1
3D 피규어,1
여성의류토탈,1
"식자재,채소",1
미용실운영,1
반품제품 소매업,1
학습공간 대여 및 서비스,1
삼겹구이,1
누룽지삼계탕,1
헬스장이용권 개인트레이닝,1
헤어디자인 미용업,1
"디저트, 빵, 커피 및 음료",1
"교육서비스, 피부미용업",1
두발단정과 헤어제품판매,1
가공.공산품,1
국내외 여행상품,1
"타이어, 밧데리, 자동차부품",1
심리상담 언어상담,1
가공식품 외 편의점 상품,1
"빵류, 과자류, 아이스크림",1
"침대,가구",1
"가전제품,전자제품",1
시스템에어컨,1
전 요리,1
"닭꼬치, 타코야끼",1
계절해산물음식,1
"철물,안전용품,잡화",1
"장아찌,젓갈",1
핸드폰/악세사리,1
분식 유부초밥,1
"아이스크림, 과자, 문구완구",1
"즉석떡볶이,돈까스,쫄면",1
식육판매(닭),1
컴퓨터 및 부품 주변기기,1
"화훼, 식물",1
알곤이,1
르노코리아 자동차 수리,1
가공식품및농산물,1
"애견미용, 용품판매",1
식음료 담배 생활용품,1
만화책음식류,1
의약품 및 의료용품 의료기기,1
"탕,찜, 찌개,볶음",1
"고추, 후추",1
타고 /파히타,1
식음료 및 생활잡화,1
안경 도장,1
술 담배 과자 음료,1
"식품,생활용품 등",1
"과일, 컵과일",1
"생활용품, 식료품, 문구등",1
음료..디저트,1
"빵,케이크",1
소파.침대.식탁,1
"의약품, 의료용구,의료기기",1
스포츠클라이밍,1
"특수교육, 상담",1
양약 한약 의료기기 건강식품,1
가정용빨래,1
피부메이크업,1
애견분양,1
대만음식점,1
치료 및 상담,1
오징어순대누룽지,1
육류및 수산물,1
"페인트,기타소모자재",1
담배 주류 생활용품 스낵 라면 등,1
"젓갈,양념젓갈",1
"가방, 악세사리, 안경",1
매운갈비찜 매운로제갈비찜 돼지갈비후라이드,1
"짜장, 짬뽕, 탕수육",1
"순두부, 보쌈",1
한우등심,1
"갈비탕, 설렁탕",1
"순대국, 뼈해장국",1
카페 와플 음료,1
"언어치료, 놀이치료, 인지학습치료, 그룹치료",1
커트 염색 펌 클리닉 제품,1
미슬,1
"서적, 학습지 및 도서판매업",1
커피 및 도서,1
자동차서비스센타,1
"피부,쁘띠",1
한식(국수),1
문구 및 악세사리,1
줄넘기센터,1
소매 양약,1
"낙지, 고등어",1
한식 음식 닭갈비,1
피부관리 반영구,1
생화  프리저버드 화분,1
호두과장,1
"의약품, 의료기기, 동물의약품",1
반찬류 도시락류,1
떡참기름깨,1
화초 다육이등 판매,1
마라탕 유림기 등,1
식료품 음료 과자 생활용품 즉석식품 등 편의점 소매품목,1
일상생활용품 및 식음료,1
잡곡과일,1
"전기자전거, 전동스쿠터",1
담배열쇠전기도장,1
"처방조제,일반의약품,건강기능식품,의약외품 등",1
12개월~5세 유아 의류 및 관련 잡화,1
편의점 소매상품,1
가죽지갑,1
인삼제품 홍삼및 기타,1
"커피, 디저트,",1
문어 낙지,1
"음료수, 라면 등등",1
운동발달재활,1
생필품 도매 및 소매 식자재 도소매,1
카페베이커리떡볶이,1
문구잡화화방,1
가정용품생활용품문구,1
남성용 정장,1
꽃 화분 나무,1
"짜장면,탕수육등",1
당구연습장,1
피부관리 윤곽관리 전신관리,1
조개갈비찜,1
홍삼 및 건강기능식품,1
일식 일반음식업,1
미용 모발화장품,1
육류(돼지고기),1
포항식 막회,1
음료와 베이커리,1
"안경,콘택트렌즈,선글라스,스포츠글라스 등",1
"간장게장, 바지락 고추장찌개,영양굴밥",1
친환경 농산물,1
피부/바디 관리,1
이미용써비스,1
일본식 덮밥 및 수제김밥류,1
왁싱샵,1
골프연습장/그 외 기타 종합 소매업,1
"한식,전통주",1
"종합미용,네일",1
뒷고기 및 육류 조리,1
"한우,국내산 돼지",1
호텔업,1
음악레슨,1
즉석요리(밀키트),1
도매및소매업(보정속옷),1
추출가공식품(건어물 건강식품),1
도매(합성수지포장재료),1
트램펄린,1
"잡화, 완구",1
김치즉석판매제조,1
식품(반찬),1
음료 디저트 소품,1
파스타소세지류,1
식품두부,1
커피 차 원두 음료 드립백,1
양한방협진 진료,1
과일바구니,1
명함 도장 인쇄 현수막 판촉물,1
농임산물 약초건강식품,1
다이어트 푸드,1
당구장서비스,1
"곡류, 채소류 등 농산물과 참기름, 과채주스 등 가공품",1
앵무새분양및용품판매,1
노래방업.소모품,1
침구류등,1
사시미초밥,1
"블랙박스, 썬팅",1
"실내크리닝, 카케어",1
"커피, 음표, 떡볶이, 볶음밥",1
제과 제빵 음료 케이크,1
매운갈비찜,1
기능성 속옷 및 잡화,1
들깨감자옹심이,1
음식점업 냉면,1
"농산물 (채소, 버섯 등)",1
해어,1
타일위생도기,1
문제성발전문 풋케어,1
배드민턴 및 스포츠 용품,1
교육기술,1
"골프용품,레슨",1
"과일,과자,음료",1
커피 음료 전통차,1
의료기 양약,1
"의약품, 동물의약품 등",1
농수산물 및 생활용품,1
합기도ㆍ특공무술,1
"요가, 교육",1
"정육, 과일, 야채",1
브런치커피,1
"감자탕, 뼈해장국",1
"농산물, 축산물,  수산물, 생활용품",1
"장류,반찬",1
펌제 염색약,1
의상 도소매,1
귀금속및관련제품제조업 시계및귀금속소매업 전자상거래소매업,1
즉석식품판매제조,1
사진 촬영 인화,1
"문구,완구,서적.기타",1
돌판한우전문점,1
일식 돈가츠,1
"빵, 케잌, 과자 등",1
"한의원, 화장품",1
앙약소매,1
"호프,커피",1
"연어,참치,육회",1
"골프의류,신발,용품",1
미용업 헤어,1
명함 현수막 포스터 리플렛,1
"주류, 튀김류,피자,치킨,마른안주,떡볶이",1
"무인판매점, 건강기능식품",1
철물 건축자재 안전용품,1
사잔,1
아동발달 상담,1
"술,담배,소매",1
농산 가공식품 음료 주류 잡화,1
냉면 갈비탕 설렁탕 수육 외,1
수입소고기삼겹살,1
일반미용 네일이용,1
생선제육낙지오징어 해산물등,1
중식마라탕,1
가마솥통닭,1
삼겹살 껍데기,1
한식만워,1
일반음식 일식,1
"담배, 가공식품 등",1
치킨 일반음식점,1
처방전조제,1
"국밥,곱창구이",1
"농산물, 가공식품 등",1
떡류 기름류,1
빵류 및 과자류,1
"피부미용,화장품비누미및방향제소매업,전자상거래",1
"공산품 및 간편식사, 즉석조리류",1
일반미용 서비스업,1
생맥주 여러가지 안주,1
"자전거수리업,자전거판매",1
"육류, 생선",1
한우 한돈 야채 청과 밀키트,1
네일아크,1
야채.청과,1
통닭 오리,1
아시안식품,1
농수축산물 및 공산,1
치킨 주류 음료,1
분식김밥 튀김,1
사무용품전산문구팬시외,1
가정용가스보일러 전기온수기 배관부품 및 보일러부품,1
유아완구.장난감,1
마늘 생강 젓갈류,1
"생필품, 농축산",1
상어고기,1
김치 및 반찬 등,1
여성의류와잡화,1
"밀크티,차,커피",1
일반 중국음식,1
유도장,1
쿠키 커피 음료,1
스포츠공간대여,1
간판 현수막시트지에어간판철거,1
자동차&apos;정비,1
"매트, 카페트",1
"시계,도장",1
골프용품 및 스포츠용품,1
두발미용 커트 염색 펌,1
보톡스 필러 제모 토닝 리프팅레이저 피부관리기기,1
스테이크파스타주류,1
서비스 및 휴게음식,1
담배 공산품 외편의점,1
상담심리,1
굴국밥 보쌈,1
편의점 기타소매업,1
피아노 바이올린 수업,1
재활,1
묵 류 디저트,1
담배/주류/공산품/서비스상품 이첼,1
수영장업,1
의류 속옷  스포츠용품 아동내의,1
태궈도,1
유정란,1
"담배, 주류, FF, 음료, 스낵 등",1
"우산,양산",1
과일야채건어물,1
문구.사무용품.화방.잡화.식품.스포츠용품,1
일반음식점(꽈배기),1
쥬얼리 은제품,1
"아구찜, 족발",1
층간소음매트시공,1
의류.신발.악세사리,1
삼겹살 ㆍ대패,1
점핑운동서비스,1
커피 디저트 빵류,1
공산 가공 담배,1
신발구두,1
네일  화장  분장,1
열쇠도장철물,1
"젤라또 ,커피, 빙수",1
식료품 과일 야채,1
커피 빵 피자,1
"서적,잡지 등",1
스터디카페(공부공간 대여),1
"피부관리, 속눈썹연장",1
"그릇, 숙녀소품",1
한복 침구,1
돼지 소 양념육,1
스포츠 용품 언더웨어,1
"햄버거,샐러드,음료",1
장식용 목제품 및 가구,1
스포츠 의류 및 스포츠 용품,1
요거트아이스크림 빙수 와플 커피 디저트,1
곡물및유지작물,1
보청기 및 귀마개,1
군장 잡화 문구,1
필라테스 개인 운동 지도 서비스,1
운동 수업,1
돈가스전문점,1
만두 쫄면 만두국냉면,1
네일아트 및 미용서비스,1
반려견 미용서비스목욕위생관리,1
의약품 의료기기약품 의료기기,1
의약품의료용구 및 복지용구 의료기기,1
돼지고기 요리,1
휴대폰 통신기기 판매,1
떡볶이 및 튀김 순대,1
칼국수류,1
벽지 마루 장판 외 부재료,1
식음료 제품,1
공산품및야채 청과,1
"마늘,고춧가루",1
참기름ㆍ들기름ㆍ고추가루,1
한우뭉티기&amp;한우육회,1
생고기 육류,1
조개요리,1
"냉면, 밀면",1
미용컷트,1
갈비탕 육개장,1
"서비스업, 피부미용업",1
"염색약,헤어제품",1
운동상담지도및연구,1
농산 수산 정육 공산,1
임반 음식,1
해양레저 교육,1
수산물 도소매업,1
속눈썹펌 연장,1
커피전문점 커피용움,1
"양약, 의료용품",1
정육 식육즉석판매가공업,1
"양약, 의료기기, 건강기능식품 전주상거래",1
"식육, 청과, 야채",1
건어물수산물일체,1
"일반 한식, 퓨전한식",1
요가명상교육,1
국물어묵 토스트,1
화장품 / 병의원,1
오꼬노미야끼,1
세탁및 수선,1
세꼬시,1
오징어 보쌈,1
일반음식점 삼겹살,1
"피자,양식",1
육류밎기타음식,1
생선 선어 활어,1
약국 의약품,1
휴게 음식점,1
여성의류 소매업,1
밀크티 커피 제과류,1
신선냉동및 기타 수산물 소매업 도매업,1
의료기 의료용기기,1
안경선글라스콘택트렌즈,1
돈까스 모밀 우동,1
인쇄  명함 현수막 배너 판촉물,1
문어 생선,1
전 부침,1
자동차수리타이어교환,1
부대찌개 밀키트,1
헤어 케어,1
타월 우산 잡화 기념품,1
돼지고기구이전문점,1
"떡, 디저트류",1
일식업,1
소품 도매 소매,1
"음료, 원두",1
도,1
체형교정 및 교육,1
족발및보쌈판매,1
"음료, 커피, 푸드, 담배등",1
두부등음식류,1
음삭점업,1
"스터디카페, 학습공간제공",1
커피 디저트가게,1
샌드위치  샐러드,1
음반 소매업,1
한식닭강정,1
악세사리장신구시계,1
통삼겹통목살통갈매기살생삼겹생목살항정살가브리살삼겹뒷고기초벌양�,1
헬스 및 레슨권,1
가브리살 보쌈,1
"약국, 의료용구, 복지용구, 의료기기",1
"아동복, 스포츠용품, 의류",1
"떡, 기름, 엿기름",1
"휴게음식점(커피, 디저트)",1
농자재철물,1
"밀키트, 냉동식품등",1
"식육,양념육,즉석식품가공업",1
"잔치국수, 붕어빵 등",1
요가명상,1
"반찬,음식업",1
제과/제빵 디저트 주문제작케이크 레터링케이크 구움과자,1
피부미용 관리 서비스,1
피아노 우쿨렐레,1
두부김치,1
의류 및 신발 스포츠 용품,1
난방기기,1
전복및 오마카세,1
친환경 농축수산물 및 가공물품,1
담배 주류 식품,1
화훼 소매,1
휴게 음식업,1
일반 내의 및 양말,1
의류 및 신발 가방 잡화,1
증명사진 여권사진 프로필사진 이미지사진 커플사진 가족사진 반려동물�,1
"묵은지뼈다귀찜,오징어볶음,대구뽈탕",1
"생활용품, 간편식품",1
휴계음식점,1
원단 체육복 운동용품,1
"생필품, 과일, 야채",1
의류.소품,1
컷트 파마 염색,1
김밥 라면 식사류,1
치킨.,1
탁구장 운영,1
"건강보조식품, 담배",1
발레 교육 서비스,1
"생화,관엽,동양난,서양난,화분,화환,꽃배달",1
"참치회,초밥",1
"식료품 및 주류, 담배",1
돈가스 스파게티,1
"한과, 생과자",1
사진촬영 및 인화 영상 앨범제작,1
드론 용품 도소매,1
까페음료,1
"분식,김밥,만두",1
귀걸이.목걸이.팔찌,1
"커피, 케이크, 브런치",1
스포츠의류.용품,1
골프레슨연습장,1
닭볶음탕 닭칼국수 닭한마리,1
한식 육류전문점,1
커튼 이불 블라인드,1
계란 사과 치즈,1
쌀 보리,1
농산물채소,1
일반의류.신발,1
안주일절,1
지업사 실내인테리어  도장,1
남여의류및신발악세사리,1
한식 디저트,1
건강식품 용품 매트 체험,1
안경/선글라스/콘택트렌즈,1
"커피,휴게음식점",1
농수산물 및 과일 과메기,1
활어.선어.어패류,1
음료 생필품,1
도자기제조판매및교육,1
실내점핑운동,1
문구 사무용품 도소매,1
네일 메이크업 등,1
의약품 및 건강기능 식품,1
누룽지칩,1
농산물 도소매업,1
"생식빵, 빵, 커피, 음료",1
해장국 육개장 설렁탕,1
"커피, 카페음료, 컵과일, 과일 답례품, 과일선물상자, 디저트 등",1
"음료수, 과자 등",1
자전거 및 자전거 용 부품,1
요가 및 필라테스 강습,1
"쇠고기야채죽, 소불고기비빔밥 등",1
미술수업,1
"막창, 삼격살",1
"피부관리 및 피부미용 서비스 , 화장품 소매",1
"(발열)도시락, 샐러드",1
초밥.우동.돈까스,1
보건업및 사회복지서비스업,1
스킨 케어,1
"작업복,안전화",1
"작업복, 안전화",1
"주류,담배 기타 소매",1
"헬스, pt, 필라테스",1
"안경, 콘텍트렌즈 , 선글라스 , 도수 수경 등",1
베이커리 및 커피,1
에어로빅 요가 라인댄스,1
콩물 팥죽,1
햄버거류 등,1
가방및 기타가죽제품,1
"일식, 꼬치요리",1
"두발미용,두피문신",1
"한우, 돼지",1
농약 종자,1
기타 소매업위주 종합소매업,1
찐빵 음료,1
댄스교육.kpopdance.댄스레슨,1
아이스크림 /디저트,1
카페음료.편의점,1
이발 미용,1
실내테니스연습장,1
"밥버거 ,치킨",1
과자 음료수 주류 담배,1
정서지원,1
"치킨,떡봌이",1
"활어,일식",1
"생활용품도소매,렌탈스튜디오,소품촬영,전자상거래",1
"서비스업, 미용업",1
"초밥, 롤",1
건축자재및농자재안전용품,1
도시락 음료,1
만두포장,1
멸치국수,1
파스타 스테이크 브런치,1
의약  의료기기,1
음식점 마라팅 중식,1
커피  한방차,1
삼겹날,1
담배술음식료품생필품,1
보청기판매업,1
빵.커피,1
"커피, 쌀국수",1
"어묵, 분식",1
식육(소고기),1
무에타이체육관,1
음식품 위주 종합 소매업,1
내의및외의류,1
음식점한식,1
마그넷열쇠고리엽서뱃지손수건 볼펜 등,1
"소매업, 편의점",1
과일소매업,1
삼겹살.갈비,1
미역다시마각종건어물,1
침구류 커튼 블라인드,1
편의점 내 일반상품,1
"돼지고기,소고기,해산물",1
육류-고기집,1
원예,1
"자동차용품,자동차부분정비업",1
"초밥, 참치, 연어, 활어",1
"네일,패디,발각질관리,내성발톱관리",1
"인터넷서비스,음식",1
화장품ㆍ헬스,1
"의류,잡화,서적",1
피부 네일 왁싱,1
한복장신구/악세사리,1
"커피,과일디저트",1
말고기,1
피아노 악기등,1
숯불돼지구이,1
어쿠스틱기타교습,1
음료 커피 디저트,1
"기능성 운동지도, 개인운동지도",1
"애견용품판매 ,애견미용 등",1
"양약,기타의료기기",1
학원서비스,1
"약초,한약재,나물,건강식품외",1
"농산물, 약용작물, 건강보조식품",1
전통과자및빵류,1
마라훠궈,1
야채과일수산,1
두발정리,1
여성용 옷판매,1
제빵.제과,1
여성의류 유아의류,1
패션 시계 및 생활 잡화,1
양식 및 칵테일,1
커피 및 음료 등,1
돈가스치킨,1
디저트 및 식음료,1
선물 내지의류,1
수산물건어물반건조젓갈,1
등산복 등산용품 스포츠용품,1
의류 및 신발 가방 악세사리 시계 잡화 수의 섬유향수 공병 등등,1
한과 약과 오미자청 배즙 커피,1
채소 과일 뿌리작물,1
도넛 커피 디저트,1
안경.안경렌즈,1
"사진촬영, 보정, 액자제작",1
"고기,조개구이",1
잡화 밑 기타등등,1
"악세사리,장신구",1
"한식(김치찜,전,백반 등)",1
가공식품등,1
"안경, 렌즈, 콘택트렌즈, 콘택트렌즈용액",1
"안경, 렌즈, 콘택트렌즈",1
한식(돈까스),1
인테리어 디자인 및 시공,1
팥죽 김치 콩물,1
"식품, 가공식품, 음료, 주류",1
진료비,1
아구해물,1
자동차수리점,1
일본 라멘,1
"떡볶이,모듬순대,튀김",1
커피도너츠,1
"저당, 저칼로리 식품",1
교육써비스업,1
"수산물,건어물,젓갈",1
젓갈 두부,1
모듬회 알탕 알밥,1
펌약제,1
와플 토스트,1
한우갈비,1
인삼 약초류,1
퓨전 일식,1
한과 및 전통식품  보은대추유과 우리밀손약과대추현미엿강정대추현미엿,1
"김치, 나물류",1
한우 및 한돈정육,1
꼬치전문점,1
"샐러드, 포케, 샌드위치, 토스트",1
"참기름, 고추방아",1
"양념육류,분쇄가공육제품 육류소매업",1
한식(꼬치),1
여성복   스포츠 용품,1
컴퓨터 수리 및  설치 및 유지보수,1
케이스 잡화,1
악세사리 잡화 케이스,1
꽈배기  커피,1
"의료기기,건강기능식품,화장품",1
"아이스크림,과자,애견",1
"수산물 , 전기재료",1
노래강습,1
"분식, 수산물, 소금",1
유소년축구,1
"한식,대패삼겹살,일반음식",1
쭈꾸미한식,1
메리야스 낚시용품,1
돼지고기 삼겹살,1
건어물 농수산,1
"소불고기, 소국밥",1
가죽공방(제품 판매 &amp; 교육) 및 카페(커피 외),1
식품 및 가공식품,1
사라다,1
개인레슨 및 시설이용,1
양장제조,1
자동차 내장 기기,1
철물.공구,1
"속눈썹 연장, 속눈썹 펌",1
"닭볶음탕, 냉면",1
"여성의류, 가방, 신발, 악세서리",1
속옷및의류,1
서비스업도소매,1
"한식, 주류",1
육류 주류,1
휴게빙수,1
응급의학과,1
창호.목자재,1
"의류, 스포츠 용품",1
"그릇, 도자기",1
미장공구,1
"참기름, 들기름, 고춧가루, 기타가공",1
저가커피,1
간편식 음료 주류 과자 생활필수품,1
댄스의류신발,1
인터넷 방,1
"약국-의약품, 건강기능식품, 의료용품등",1
악세사리점포,1
생선회 외,1
제과 케이크,1
자동차용품.썬팅.블랙박스.카오디오,1
"펌,염색,커트",1
컴퓨터및주변기기 소프트웨어자문 개발및공급 디지털가전제품 영상장비,1
네일 피부메이크업,1
일반미용업 피부미용업,1
여성의류 전자상거래업 의류,1
스포츠 등산의류,1
네일속눈썹화장품,1
한식 회 주류 음료,1
여성의류 전품목 등 액세서리 구두 가방 등,1
"수공예, 교육",1
사진 서비스,1
편의점.담배,1
"파스타,스테이크",1
한빅,1
식품 상품,1
능이버섯 고추 산나물,1
대게 회,1
김밥떡볶이라면등,1
브랜드 구제의류 빈티지,1
한식  아구찜,1
"속눈썹펌,속눈썹연장",1
"축구, 풋살",1
골프체육시설,1
"숙녀복, 패드, 이불",1
"불고기, 김치찌개",1
회.해물,1
일본식카츠,1
"PT 이용권, 필라테스 이용권",1
족발 및 국수,1
내과 영상의학과,1
호두과자 건과류,1
"미용,미용제품",1
"식육, 양념육,수산물",1
펌 컷트,1
교육 서비스업 장소대여,1
"꽃다발, 꽃바구니, 관엽식물 등",1
세무사 기장대리,1
사진앨범제작,1
유리가공,1
"편의점(식품,생활용품)",1
소매업품,1
신발 의복 및 기타 가정용 직물제품 수리업 시계 귀금속 및 악기수리업 그,1
네일 피부미용업,1
생화 식물 꽃꽂이,1
놀이교육,1
일일식품 가공식품,1
공예 생활용품 교육,1
간재미회무침,1
감자탕부대찌게,1
국내산 생 소곱창 구이,1
금.은.시계.밧데리,1
"휴대폰, 악세사리, 케이스",1
국수 밥돈까스,1
탕수육짜장면짬뽕등등,1
"김밥,떡볶이,김치찌개 등",1
식료품·일용잡화와 함께 안전상비의약품·의약외품 등,1
"과자,아시스크림",1
안경테 안경렌즈 썬그라스 콘택트렌즈,1
즉판업 (떡),1
검도체육교육서비스비,1
서적및 도서 판매,1
꽃과 식물,1
미술교육 서비스,1
한우 한돈  양념육,1
생식 및 가공식품,1
한우 한돈 육류 정육점,1
호떡 맥주,1
쭈꾸미 볶음,1
한식 음식 주류,1
샌드위치 샐러드 커피,1
농산물 전자상거래소매업(농산물),1
소매 편의점,1
밀면.만두.돈가스.갈비탕.칼국수,1
"주방용품, 생활용품, 건강보조식품,",1
공예품 관련 교육 및 소매,1
피부 및 체형관리,1
인쇄물 광고물,1
서적사무용품,1
피아노외,1
"소매(약초,차종류)",1
젓갈외,1
"호떡,옥수수",1
"타월,의류및잡화",1
"인쇄물, 출판물, 명함, 팜플렛, 카다로그, 책자",1
"츄러스, 핫도그",1
"안경, 안경렌즈, 콘택트렌즈",1
피부미용 속눈썹,1
"얼큰해물온면,오징어무침,황태해장국",1
"의류, 잡화, 스포츠의류",1
"돼지김치찌개, 고등어김치찜",1
쭈꾸미 생삼겹살 대패삼겹살,1
"문구,사무용품,잡화",1
국내외여행상품,1
모자 악세사리,1
"헤어컷,펌,염색",1
치킨 음료 주류,1
"담배,주류 및 편의점 판매 상품",1
"곱창,대창,막창",1
3x3 스트린농구 레슨,1
도복 교육서비스,1
"햄버거,포테이토,음료",1
IT기기,1
"야채,반찬",1
"생국수,만두",1
의류 및 산업용부자재,1
디퓨저,1
"수공업,재료판매",1
미술치료,1
고추 후추 엿기름 메주,1
모자스카프,1
뜨개인형,1
냉동수산물 건어물 어패류,1
세탁위탁 서비스,1
과일 야체,1
야채.과일외가공품,1
의약품등,1
(비조리)부대찌개/떡볶이/소곱창전골,1
카페및잡화,1
찐빵 만두 커피,1
네일 뷰티,1
알로에,1
의약품과 의약부외품,1
"한식(탕,생선)",1
소고기일반음식점,1
"수공예품, 수공예용품",1
"김, 건어물, 견과류",1
일반의약품외,1
보쌈.족발,1
"카페,디저트,브런치",1
"야채,청과,공산품",1
"농수축산물, 생활용품",1
"한식뷔페, 도시락,케이터링,요리강좌, 창업컨설팅,행사기획",1
"농약, 종자, 비료, 농자재",1
후르츠산도,1
"마카롱, 케이크",1
생화 및 화초,1
"OA기초, 자격증 강의",1
여성의류.스포츠의류및용품.통신판매업,1
소고기 돼지갈비,1
"양약,의료기기,건강기능식품",1
안경.콘택트.다초점렌즈.하드렌즈,1
불고기 김치찌개,1
"보이차, 자사호(차주전자)",1
"장어,삼겹",1
"젓갈,절임류",1
담배. 주류 등,1
돼지고기구이류,1
인쇄제조,1
"샷시, 창호",1
돼지고기 및 식사류,1
수제잼ㆍ수제청,1
동태탕 코다리찜,1
식품 및 주류 잡화 등,1
닭발요리,1
컾,1
피자 탕수육,1
할인마트,1
"가정용 가구, 사무용 가구, 업소용 가구",1
"동지팥죽, 호박죽, 팥칼국수, 황태칼제비, 콩물국수 등",1
"레고, 보드게임",1
요가 필라테스 플라잉요가 에어리얼,1
"커튼, 블라인드, 쿠션, 소품",1
교육컨설턴트&amp;amp;도소매,1
커피 라떼 각종음료 디저트,1
"바이올린, 첼로 레슨",1
"밥버거,컵밥,기타",1
토스트 외,1
식혜.죽,1
한우곱창전문점,1
서비스멉,1
축산물  닭,1
식품 및 기타 서비스 상품,1
"식,음료,주류,담배소매",1
야채 해물 육류,1
빙수및 베이커리,1
"마라꼬치,마라탕",1
음식(삼계탕),1
대구찜,1
일반미용업피부미용업,1
한방의료침한약,1
화장품 판매 및 피부미용 서비스,1
담배 식품 비삭품,1
쭈꾸미볶음 삼겹살,1
샌드위치 카페음요,1
도자기제조 판매,1
미술품전시   대관,1
"아구찜, 해물찜",1
생선회 초밥 코스요리,1
"고춧가루, 잡곡",1
"참기름, 들기름, 고춧가루, 떡",1
"한우,한돈,수입육",1
"음료, 제과",1
아시안 음식,1
커튼블라인드 인테리어소품,1
과자.아이스크림,1
"담배,식품,비식품 등",1
안동간고등어,1
스쿼시,1
"장식소품, 문구, 굿즈상품등",1
"의약품,의약외품, 건강기능식품",1
"볶음우동,파스타,돈까스",1
골프운영업,1
"후토마키,파스타,돈까스",1
스포츠의류.잡화,1
육가공품 등,1
"꽈배기,고로케",1
사진촬영서비스업,1
컴퓨터및전산소모품,1
"차, 음료, 안주, 주류",1
헬스앤피티,1
"체력 단련시설, 필라테스",1
한식 족발 국밥,1
심리 상담 및 심리 검사,1
안경테 및 안경렌즈,1
"샌드위치, 스프, 파스타",1
언어치료 및 발달지원 서비스 제공,1
"고양이 미용, 고양이 호텔",1
커피 와인,1
기념품 제작판매,1
생태찌게,1
문구  사무용품,1
인쇄 디자인기획,1
전기자전거 자전거전 동스쿠터,1
"미용용품, 화장품",1
애견동물장묘 및 보호,1
"스포츠의류용품, 스크린골프",1
"한우암소, 돈육",1
"식음료, 생필품",1
"사과빵, 사과샌드",1
"바지락칼국수, 해물파전, 간장게장, 꽃게무칭",1
한식갈비,1
"문구용품, 사무용품, 악세서리, 각종기념품, 각종장신구",1
각종의류신발가방카페트,1
작업복안전용품외,1
"간편식, 면류, 과자류, 반찬류 등",1
커피외음료,1
"바지락칼국수, 바지락파전, 김치전",1
커피 애견용품,1
"커피, 비알콜 음료및 디저트",1
"국,찌개류",1
간장게장 양념게장 젓갈류,1
땅콩 및 견과류,1
스포츠교육시설,1
"참치,연어,활어",1
초등미술,1
헬스권,1
교육써비스,1
즉석김 잡곡,1
음식 곱창,1
"양약, 의료기기, 서적",1
슬라임,1
서적/. 체험 교구,1
명상지도,1
교,1
종합여행,1
동물의료서비스 및 처방사료 등,1
"닭칼국수, 닭곰탕. 만두",1
음료수 과자 라면 맥주 신선식품,1
"햄버거 , 치킨",1
베트남 음식점 견과류 과자,1
유기농 식품 및 가공품,1
식빵 및 그외 제과류,1
땅콩빵땅콩,1
"숯불닭갈비,메밀막국수,주류",1
"양념육,소세지",1
커피 과일주스,1
보건업 의원,1
과일 야채 밀키트 일반식품 건강기능식품,1
건강기능식품 농산물인삼,1
가죽제품공방,1
피진,1
"한식, 양식, 주류",1
"연기,댄스,보컬",1
정육(고기및 밀키트식품),1
"식품,비식품,담배,주류",1
"빙수, 커피",1
스포츠 킥복싱,1
"염색, 탈색, 두피탈모관리, 헤어영양클리닉&amp;코팅 등 두발미용시술",1
"빙수, 베이커리, 음료",1
여성의류 및 스포츠의류,1
문구.교구.미술용품.스포츠용품.,1
회센터,1
휴대기기,1
음식회,1
일반의류여성,1
돈카츠와 찌개류,1
"밀크티,커피",1
활어회 포장,1
사진촬영스튜디오증명 여권 가족사진 프로필,1
곡물 농산물,1
의류 스포츠용품 잡화,1
"랍스터, 대게 외",1
"공산품,농산물,축산물,수산물",1
아이스크림 판매,1
"스테이크,파스타,화덕피자",1
"핸드메이드의류,가방,자수공예,가죽공예",1
식품 외 다수,1
"육류,정육",1
"청과,야채,정육",1
편백찜 샤브샤브 월남쌈,1
카페음료(커피 등),1
"서비스, 국외여행사",1
중식당 음식점,1
편의점 운영,1
"서적(단행본 &amp;참고서, 문제집, 수험서 ,등등",1
등공예품 및 소품,1
"계란덮밥,돈까스,냉모밀",1
피아노 교육 서비스,1
"한식, 토스트",1
도자기.인테리어소품,1
"두부,참기름",1
술담배주류생필품,1
"꽈배기,도너츠,핫도그",1
식품및비식품,1
식음료.주류.담배,1
"안경테,콘택트렌즈,안경렌즈",1
한식육류업종,1
과일 채소 밀키트 신선식품,1
네일아트패디큐어등 미용서비스,1
"젓갈, 김",1
"과일.캔음료,각종소품",1
필라테스 요가교육 서비스업,1
여자용 겉옷 의복액세서리 및 모조 장신구 소매업,1
"핫도그, 튀김류, 라면, 볶음밥등",1
"화장품,잡화류",1
목재 가공,1
한식 한우,1
인터넷 시설 제공업,1
화장품 잡화 염색약,1
귀금속 준보석 악세사리 시계,1
커트/펌/염색/헤어미용,1
"양복,셔츠,코트",1
더덕 장아찌,1
요거트아이스크림 및 디저트,1
"의약품, 건강식품, 의료기기",1
멕시칸요리,1
파이류 커피 음료,1
일식 라멘 돈카츠 덮밥,1
회 구이 탕 등,1
금 은 귀금속 악세사리,1
미용헤어컷 펌 염색,1
한식 찌개 제육,1
"즉석식품, 반찬류",1
"요거트,그래놀라",1
"게국지, 간장게장 등",1
식품잡화 음식점업,1
"차,커피,음료,올리브유,애플사이다비니거",1
과자 라면 음료,1
"바게트, 사워도우 등 빵류",1
"국밥,막국수.육전,곰탕,전골",1
"김밥, 떡볶이, 튀김 등",1
기타스포츠교육시설 바디마사지,1
농구 수업 제공,1
제과류 음료류,1
"개인석 기간 이용권, 개인석 시간 이용권, 스터디룸 시간 이용권",1
식품등 생필품,1
"랑고스, 굴라쉬, 맥주",1
카스테라 및 커피,1
편의점 판매상품,1
삼겹김치구이,1
양식 피자 서양식,1
양말 과자 가공식품,1
"화장품 생필품 머리염색,관리",1
"스포츠의류, 스포츠용품 안전용품(모자,장갑), 안전의류, 안전화",1
서적 신문 및 잡지류 소매업,1
"기능성 신발, 건강용품 등",1
원단 레이스,1
기능성 신방 및 잡화,1
"문구,팬시",1
"분식,일식",1
"카페,베이커리",1
핸드폰 악세서리 및 잡화,1
젓갈류건어물류,1
남녀아웃도어및신발,1
아구찜 아구탕,1
애완동물 용품 및 사료,1
사진처리,1
공구류 잡자재 일반철물 공구수리설치,1
"생맥주, 피자",1
키위,1
"식음료, 담배, 생활용품, 간편식, 잡화",1
스포츠시설업,1
"수구레,녹두,닭발",1
의약품 및 의약용품 소매업,1
"짜글이, 갈비찜",1
마제소바/돈카츠/카레,1
"도서, 교구",1
디퓨져,1
"커피,차류 등",1
국산유기농산물,1
썬팅블랙박스,1
닭볶음탕 회덮밥 수제함박 죽,1
음향케이블,1
인형및 장난감 소매업 식품잡화,1
두부 콩나물,1
공산품쌀야채과일정육수산등 슈퍼마켓,1
죽류,1
약초 농식품 과일 채소,1
스포츠및의류,1
"헤어 미용잡화 피부미용업(반영구, 문신)",1
"음료,양식",1
식료품 및 잡화 일체,1
돼지막창 및 수제꼬치류,1
닭꼬치및디저트,1
여성의류 신발 잡화,1
자동차 랩핑,1
치과 관련 서비스,1
심리검사 상담 언어치료,1
화장품및화장용품,1
통신장비 수리업 전기 및 정밀기기 수리업,1
공방 도자기체험 도자기,1
아로마공방 아로마용품,1
화장 분장미용업,1
스포츠의류 안전용품 안전의류 스포츠용품 등산용품 전자상거래업,1
육류 및 일반음식,1
의류 스포츠의류 전자상거래소매업,1
자동차종합수리 자동차세차업,1
자동차수리 자동차부품,1
중고스포츠용품,1
꿀쨈,1
"치킨,피자,파스타,탕,전골,마른안주",1
"서양음식, 주류",1
"감자탕,염소탕",1
성인취미발레 수강권,1
"네일,경락마사지",1
"나물,채소",1
의료 행위,1
자전거판매수리 이륜차판매수리,1
"양식,커피",1
한식 분식 음료 주류,1
일반 음식점업 수산물,1
베터리,1
수전비데,1
호텔 모텔,1
섬유공예 생활소품 핸드메이드 제작,1
도서매의류신발가방,1
안경제조 가공 안경 콘텍트 잡화 전자상거래,1
분식 즉석판매제조 및 가공(만두),1
일반음식점(치킨),1
식품 비식품 주류,1
스초츠 의류,1
"과일,아채",1
"커피,붕어빵",1
오토바이.농기계수리,1
철물.농자재,1
"스포츠용품,수리",1
사무용기기 사무용가구 자동차관련용품개발및판매 가전제품및디지탈기�,1
보건업-의원,1
"잡화,연쇄점,식품",1
"점핑,체온테라피,반신욕 외 건강기능식품",1
숙박및음식,1
"스키야키,샤브샤브",1
체형 자세교정 화장품 피부미용업,1
방과후수업 미술교육,1
토스트 및 커피 음료,1
트레이닝,1
의류위수탁판매 스포츠의류 용품 안전용품 보호구 판매 의류,1
건어물 축산물 식품잡화,1
의류 스포츠의류 및 용품 안전화 유니폼,1
"빵,커피,음료,쨈",1
휴대폰및관련용품,1
"PT(개인트레이닝), 체력단련 서비스",1
음악. 피아노,1
"생과일쥬스,거피",1
"드레스제작,대여",1
팥죽 칼국수,1
"과자, 떡, 코코아 제품",1
암소,1
의약품 의료용품 의료용기구,1
헤어컷 외 헤어시술,1
작업복안전화잡화,1
해장국 김치찌개,1
배관시공,1
기타지류 철물제작,1
정형외과 내과 소아청소년과 신경외과,1
철물 안전용품 기계용구,1
벽지 인테리어공사,1
농약 채소 및 종자,1
"식품잡화, 조경자재, 담배, 반려동물용품 사료간식 전자상거래업",1
식물 화초,1
음료및식품,1
한우 한식 주류 음료,1
"커피, 버블티, 과일주스 등",1
"안과 진료, 검사 및 수술",1
"가공식품,야채청과,담배 및 주류 등",1
수제차및커피,1
한식및흑염소요리,1
신발 의류 잡화,1
서비스 도소매 네일 악세사리,1
도소매상품,1
식품잡화류,1
땅콩빵 꽈배기,1
"종합여행업,전자상거래,유학알선",1
"카페, 농산물, 통신판매",1
의류등,1
연마석외,1
"식품, 간편식, 생활용품 등",1
남여의류잡하,1
봉덕동,1
"타코야끼, 아이스크림",1
"커피, 제조음료",1
실내 테니스장,1
계란빵 수산물,1
"오리,닭 바베큐",1
"피부관리, 바디관리, 산후케어, 고주파관리",1
"아트상품, 천주교 성물",1
농축수산물외 간편식품,1
"커피 및 음료, 베이커리 류",1
공산품및 기념품타월,1
"한식 요리주점, 주류 및 음식 판매",1
재활지원,1
"곤약젤리, 닭가슴살",1
커피 논알콜 음료,1
양식 샐러드,1
소고기 돼지고기 닭  오리,1
재활운동 자세교정운동,1
커피 베이글,1
한식 소고기구이,1
한우 한돈 식육판매,1
펌프 농자재 수도 난방,1
커피 커피용품,1
스시 회,1
"뷰티,왁싱",1
식품 소매,1
"쌀,잡곡,기타 가공식품",1
용접봉 판매,1
공구 발전기 엔진,1
소프트웨어 개발 및 기술 컨설팅 서비스,1
스피닝수업,1
염색 화장품 염색재료,1
전복죽호박죽팥죽식혜음료,1
계절품목활어해산물,1
공산품 간편식사 튀김 커피 안전상비의약품 등,1
일반음식(분식),1
"청과야채, 기타식료품",1
건강욕탕서비스,1
"의류,신발,커텐,이블등",1
골프/스포츠 의류 및 소품,1
산업용 펌프제조,1
"문구,사무용품,기타",1
"음향기기, 영상기기, 노래방기기등",1
한우 생고기 삼겹살 돼지갈비 불백 제육볶음,1
김치찌게,1
네일아트손발관리,1
식음료품 및 종합소매업,1
복싱 수업,1
두발관리(커트.펌.염색등),1
한우 갈비살,1
"떡볶이, 튀김, 순대 등",1
"건어물,즉석제품제조",1
꽈배기 찐빵,1
침구류.잡화,1
이탈리안요리,1
"삼겹살, 소고기",1
한식 수산,1
"반려견 유치원, 호텔",1
컵과일 과일도시락 크로플 생과일 주스 등,1
"과일,야채,수산",1
"커피 및 비알코올 음료, 푸드",1
헤어 컷 염색 펌,1
감자탕삼겹살외,1
뜨개실 뜨개부자재 뜨개클래스 수업,1
헤,1
전구램프,1
참기름.들기름,1
기타식음료,1
"헤어시술,커트,펌,염색",1
의료품,1
민물장어 요리,1
김밥.닭강정,1
육회 연어 소고기,1
화장품 건강식품 그외 기타,1
양꼬치  양갈비 등,1
전 탕류 볶음류,1
여자 의류,1
"커미,음료,디저트",1
기념품 소품,1
참치  초밥등,1
한식 및 치킨,1
의류및 잡화 악세사리,1
한식 죽전문점,1
휴대폰판매악세서리컴퓨터 조립 주변장치,1
"등산용품,스포츠의류",1
"의류용품,신발",1
"한과, 조미건어포 등",1
"휴대폰, 테블릿 수리",1
술담배과자음료,1
식물 소매업,1
담배 소매,1
물품,1
편의점소매판매품목과자빵음료등,1
수영복용품,1
신선야채.어린이간식.건강식품등....,1
소아청소년과 진료 및 예방접종,1
"선어,생물,건어물",1
"철물, 공구, 잡화, 건축자재, 안전관리용품",1
일반소매 담배 음료,1
수제담배,1
"요리, 제과제빵",1
"샷시핸들,창호부속품",1
"컷, 펌, 염색",1
농수산물 기타,1
의료기구,1
"바지락칼국수, 해물칼국수, 해물파전, 조개구이",1
"다구, 티매트 및 문화공방 재료 원데이클래스 kit,티,티푸드",1
소곱창구이,1
차량 오디오 네비게이션 용품,1
신발및 잡화,1
내과.소아과.이비인후과,1
"화과자, 떡케이크",1
즉석섭취식품 즉석조리식품 김치 등,1
헬스 이용권  운동시설 이용권,1
케이크과일,1
한식 및 보쌈,1
한복 주단,1
"아웃도어 의류, 신발 및 용품",1
잡화 모자 가방,1
육회및연어,1
"안경테,안경렌즈,콘택트렌즈,선글라스,안경",1
미용소매업,1
돼지.닭고기,1
"김밥,떡볶이",1
의류운동화,1
일반미용업(헤어),1
한식 면 요리전문점,1
이탈리안음식,1
이벤트 행사업,1
쭈꾸미맥주,1
밀키트 청과,1
커피 및 디저트 브런치,1
휴대폰매장,1
식품 비식품 약 천가지 상품,1
헤어커트염색펌클리닉등 미용서비스,1
우동 김밥 국수,1
여성남성의류,1
젓갈반찬 등,1
화장품 의류 등,1
"야채, 생선, 과일",1
컴퓨터 및 가전제품,1
토스트샌드위치,1
"과일, 야채, 밀키트, 수산, 건어 등",1
언어재활수업,1
"타올, 일용잡화",1
"설렁탕,갈비탕",1
한방 치료 및 한약,1
커피/비알콜성 음료,1
그룹pt,1
"연탄주물럭,상추쌈밥",1
테니스 용품 및 레슨,1
"체육도장,태권도용품,태권도서비스",1
"미용업, 미용서비스",1
꽃 및 식물,1
펌.염색.커트,1
꽃.화분,1
샤브향,1
"가구,패브릭",1
"김밥, 떡볶이 및 분식류",1
롤러 강습,1
커피 및 밀크티,1
첼로수업,1
"인물사진촬영, 제작, 복원, 제품촬영",1
"커피,팝콘",1
태권도 수련,1
화초 및 식물 판매,1
왁싱서비스,1
체형교정 교정운동지도,1
친환경수성페인트,1
"정신과(소아,청소년 전문)",1
가공식품 청과 야채 정육,1
추어탕함박,1
일반음식점-호프,1
"우유,빵,음료등",1
안경테 안경렌즈 콘택트렌즈 선글라스,1
"의약품,  건강기능식품, 의약외품",1
해산물  탕  주류 등,1
헬스PT,1
김치.반찬.국,1
휴게음식 및 꽈배기,1
"담배, 유제품, 라면, 스낵",1
만두 쌀찐빵,1
보쌈족발도시락,1
셔츠및 블라우스 의류,1
농약비료농자재,1
팥죽호박죽,1
한의원 진료 한약 침 부항 약침 추나요법,1
"안경,콘택트렌즈,선글라스,스포츠고글",1
전통공예,1
한돈돼지고기,1
아이스크림 과자 문구 잡화,1
"분식, 음료",1
컴퓨터수리판매,1
꽃 화훼 종묘,1
"식품(간편식, 라면, 과자, 주류), 비식품(담배, 생필품)",1
레크리에이션 강습,1
퍼스널트레이닝 헬스,1
마취통증의학과재활의학과정형외과신경외과,1
핸드폰 및 악세사리,1
우동돈가스만두모밀,1
건강기능식품 일반의약품 전문의약품,1
육류 즉석가공식품,1
샌드위치 및 음료,1
컴퓨터 및 프린터,1
꼬치류및 튀김류,1
사진촬영및인화,1
처방조제 일반의약품 판매,1
"닭도리탕, 김치찌개, 막국수",1
도서.서적,1
디자인 용역,1
"조미료,음료,라면,과자,커피외",1
의류 예술품 화장품,1
화장품 위생용품 의류,1
미술품 굿즈,1
애견 간식 및 용품,1
소매품(식품 잡화 등),1
"음료,주류,식품",1
"헬스,pt",1
"닭발, 꼼장어, 밀키트, 기타 잡화",1
"아웃도어,스포츠 의류용품신발",1
제조업 자동차,1
"그림 수업,그림판매",1
짱뚱어탕,1
의료기. 휠체어. 노인복지용구. 혈압계. 혈당측정기. 보호대. 측정기,1
식음료 판매,1
식품및과일야채,1
"화장품,건강보조식품,온열매트",1
소머리 국밥,1
"한식요리, 백반",1
고퀄리티 광고사진 및 일반인이 필요한 사진의 모든 것 맞춤작업,1
옷 모자,1
피부체형관리 속눈썹연장,1
"서적, 문구, 잡화, 음료, 디저트",1
음악교육 서비스(피아노•개인 레슨),1
전통전,1
아이스크림 빵류 과자류 당류 등,1
침구류 수예품,1
농수산물도소매,1
펌약.염색약,1
"치킨,닭탕",1
혈압계 혈당계 지팡이 보호대 당뇨병소모성재료 등,1
"빵, 구움과자, 케이크, 디저트",1
과실류 채소,1
"육회, 파스타",1
쌀국수 돈까스 함박스테이크,1
백반고기,1
심리상담 언어교정,1
공산품 즉석식품 음료및주류,1
골프 시설 이용 및 골프용품,1
의류 악세사리 신발 가방등,1
한식 된장전골,1
양대창구이,1
참치 회,1
"디자인,캘리그라피",1
"커피, 주스, 음료",1
치과의료 및 한방의료 서비스,1
재활운동에 대한 교육서비스,1
교육서비스(학원),1
음료및 디저트류,1
"커피식음료,디저트",1
침대프레임,1
"감자옹심이,감자전",1
"옥수수빵,옥수수아이스크림",1
화장품맟화장용품 도매업,1
"커피,케익",1
"사진촬영, 시각디자인",1
수공예품 판매 및 교육,1
즉석판매반찬,1
푸라닭 치킨,1
베이커리 샌드위치 구움과자 카페,1
야구연습장트레이닝센터,1
키즈카페 이용권,1
"연습실 대여, 및 레슨",1
"반찬,김밥",1
빙과류과자음료,1
"편의점(도,소매)",1
이발미용업,1
실내정화및청소업,1
"휘발유,경유",1
화훼 및 생화,1
키즈카페 어린이 실내놀이터,1
정형외과 진료보건업,1
"꼬치구이, 식사 및 주류",1
족발 보쌈 막국수등,1
전문서비스업,1
요가 및 서비스,1
한식 전 빈대떡 등,1
마들렌 커피,1
예술스포츠,1
"만화카페, 책대여, 휴게음식정",1
"베이커리, 케이크, 음료, 커피",1
"증명사진, 프로필, 가족사진, 사진인화",1
음악교육사업,1
타코야끼 음료,1
그릭요거트 아이스크림 음료,1
의약품  건강기능식품 생활용품등,1
청과 곶감,1
커피 음료 빵류,1
양식당 음식,1
부대찌개 닭볶음탕,1
개인 맞춤형 운동지도 소그룹 스포츠 활동 지도,1
소 내장,1
속옷및메리야스,1
채소 담배,1
떡볶이 튀김 등,1
유아교육,1
"서적,문구",1
"과일, 곡물류, 가공식품류, 기타생활용품 등",1
일반 상품 편의점상품,1
"커피,생과일빙수,주스,아이스크림",1
주방조리도구,1
"서적, 교재방문판매, 교사파견",1
"돈까스,라면",1
"회의실, 사무실등 기타",1
한식.고기집,1
서비스업(운동교육),1
두발손질,1
죽분식,1
중고잡화,1
"소매업(과일,채소)",1
"답례품,잡화",1
"음식점업(백반,닭볶음탕)",1
축구교육서비스,1
"언어치료, 상담, 감각통합",1
차 .음료,1
음료과자류,1
포케 및 샐러드,1
서적 도서 잡지서비스업,1
생필품 및 담배 주류,1
꽈배기핫도그도너츠고로케,1
절임식품 및 젓갈류,1
가족사진증명여권프로필학사모촬영 필름및 핸드폰사진인화,1
삼겹살 판매,1
"과일,야채,아이스크림,음료수등등",1
"교육서비스업, 코딩교구 도소매업",1
"식료잡화, 담배",1
음료및생활잡화,1
"의류 청바지,티셔츠,원피스,자켓 및 악세사리",1
"PT,헬스",1
커피 디저트 아이스크림,1
"장판, 도배지",1
속눈썹펌 화장품,1
카메라 수리,1
농산물(잡곡),1
의료기기소매,1
요가교습,1
"소매업(의료기기,보청기)",1
"전,계란,젓갈",1
"도매및소매(의류,스포츠의류및용품)",1
상차림식단,1
"인도요리(관리거리가게, 즉석판매제조가공업)",1
"과일, 전통차, 생활용품",1
"미용 서비스, 제품, 교육, 컨설팅",1
의약품 의약외품 의료기기 건강기능식품 동물의약품 등,1
"우동,짜장,돈까스",1
요가수업 회원권,1
아트 체험,1
주얼리수리,1
"밥솥, 냄비, 건강식품 외",1
농·축산물 및 간편식,1
"생활가정묭품, 기타소매",1
소고기.돼지고기.닭고기,1
스포츠용품 신발및의류,1
대중탕 담배,1
편의점(전자담배),1
벽지.장판외,1
"침구, 커튼, 앞치마, 식기, 쿠션, 주방용품, 패브릭소품,",1
자전거 및 자전거부품,1
사료 간식,1
의류가방신발,1
견과 디저트 커피,1
스포츠 의류 용품 안전용품,1
딸기 쌀 야채 농산물 가공식품,1
일반의약품판매및 전문의약품조제,1
유기농 식자재 및 가공식품,1
코딩교육서비스,1
족발과 감자탕,1
"제과, 원데이클래스",1
"소고기 타다끼, 숙성연어, 크림우동 등",1
"풍선, 파티용품, 조화, 꽃다발",1
"족발, 보쌈, 막국수, 국밥",1
즉석판매제조가공업 채소,1
언어재활 심리상담,1
"식육, 가공양념육외 소머리.돼지머리.부산물등",1
"쿠키, 수제청",1
카페 한식 양식,1
보양탕,1
광택 코팅 스팀세차,1
의료기기 식품 잡화 전기제품 생활용품,1
슈퍼마켓 그외기타생활용품도매업,1
서비스장애아동심리,1
빵 과자 커피,1
"닭,오리,고등어,갈치,삼겹살,등갈비",1
"야채,과일,수산물",1
육사시미 육회 곱창전골,1
창의교육미술,1
컷트 퍼머,1
종합가구,1
육류전문점 대패삼겹살 통삼겹살 냉동삼겹살,1
사회서비스,1
애견제품,1
통기기기판매,1
일반의약품 의약외품 전문의약품 기타 등등,1
"일반음식점,한식-육류(삼겹살)",1
"잡화, 담배, 음료, 식료, 특산품 등",1
"만두,주류,밥",1
탕수육 전문점,1
절임,1
디저트(제과/제빵) 및 커피 음료,1
"커피,토스트",1
한식및 일반음식,1
미용 메이크업,1
식품잡화 채소야채,1
화장품 및 기타잡화,1
건강기능식품 홍삼,1
"김치찌개,돼지김치짜글이,직화제육,돼지김치구이,돼지갈비찜,소갈비찜",1
커피디져트,1
닭강정 및 통닭,1
복싱운동서비스,1
블라우스셔츠니트,1
돈가스소갈비살삼겹살오겹살김찌지게제육복음등,1
기능성 신발 잡화 스포츠 신발,1
호두과자 분식,1
홍어 및 생선,1
반찬 즉석조리식품,1
커튼 침구용품,1
국내산돼지고기 한우,1
태껸 및 무술 교육,1
무인식품할인점,1
네일아트 피부관리 속눈썹 화장품,1
"헤어커트,염색,펌,올린머리,샴푸,화장품",1
식품 및 편의상품,1
라탄제품,1
키토 김밥 묵말랭이 떡볶이,1
돼지고기 닭고기,1
민물비빔회,1
디저트 케이크 꽃 식물,1
일반헤어 미용,1
빵및과자류,1
TV 냉장고 밥솥외,1
식자재 농산물,1
"디자인,출판업,인쇄,간판광고물제조,옥외광고,현수막및광고물",1
제조음료,1
"육류, 해물",1
샌드위치 샐러드 디저트 커피 음료,1
음료 및 디져트,1
"커피, 음료 , 제과",1
빵 제과류,1
"소금빵, 피자, 모카번 등등",1
떡볶이 어묵 토스트 튀김,1
"식품,비식품,담배",1
"미용(손,발)",1
한식 백반맛집,1
편의점 소매물품 일괄,1
"랍스터,흑돼지말이",1
농산청과공산품,1
농산물 및 식자재,1
곡물 곡분 등고추 잡곡 깨 등,1
노래연습장 이용료 서비스,1
속눈썹 연장 증모,1
"수기요법교육,건강관리",1
교육서비스업(복싱),1
김 등,1
"휴대폰,휴대폰 악세사리 판매",1
"파스타, 리조또, 필라프 등",1
음악교육 서비스 실용음악 레슨,1
"꽈배기,도넛",1
요가 플라잉요가 번지피트니스,1
농축수산 냉동,1
공산품 및 주류 담배,1
성인 취미 피아노,1
한약 침 뜸 물리치료,1
음료 디저트 식품 잡화,1
양꼬치중화요리,1
속눈썹 영양제 속눈썹관리 눈썹관리 등,1
서비스교육(바둑),1
숙박및 음식점업,1
꽃다발꽃바구니디퓨저,1
청동공예품,1
기계공구 안전보호구,1
이마트편의점,1
분식뷔페,1
"첩약,보약",1
분식 돈까스,1
컴퓨터포스,1
패브릭 자수,1
정미양곡,1
연탄닭발,1
스크린파크골프 및 골프용품,1
"콩국,두유,진저브레드",1
"옥돔국 ,갈치국 ,정식",1
"돼지고기 , 한식",1
"돈까스,초밥",1
체형 및 피부관리 서비스업,1
서비스(PC방),1
"카피,주류,디저트",1
200개이상,1
문구용품밎 회화용품,1
"김밥,토스트,라면,찌개 등",1
한식육류음식점,1
"열쇠,도장,도어락",1
치과의료에 관한 모든 진료서비스 및 치과위생용품,1
"수제화, 구두수선",1
태권도수업,1
계란 및 음료품 공동구매 및 대행,1
체험 및 전시,1
아동 체험 서비스,1
계란 밀키트제품,1
인테리어 및 방수 설비,1
"식품, 잡화, 가전 등",1
"안경, 안경테, 콘택트렌즈, 선글라스, 건강보조식품",1
식육 식육제품 양념육,1
"보일러, 냉난방",1
사진 촬영 및 편집,1
광고영화 및 비디오물 제작업,1
"의류,잡화 외",1
대게 가리비 새우 백고동 기타수산물,1
보쌈.전,1
남자 겉옷,1
리듬복싱,1
애견미용 간식 허텔,1
커피 빙수 빵,1
"스팀세차 , 광택 , 실내크리닝 , 유리막코팅 , 발수코팅 , 유막제거 등",1
"식물, 화초",1
"교통사고, 다이어트, 공진단, 근골격계질환, 화병, 갱년기",1
"의류, 신발, 악세사리, 잡화",1
가공식품 및 과자 음료등,1
일상 잡화,1
블랙박스후방카메라썬팅원격시동경보기내비게이션,1
즉석조리식품 및 가공식품,1
편의점 편의물품 식품등,1
체력단련장 헬스,1
파스타 샐러드,1
서비스업 음료,1
스포츠 체형관리 마사지영양크림 등,1
휴게음식점  편의생필품 편의점,1
축구교습 및 유니폼,1
파스타 필라프 스테이크,1
음료 담배 주류 과자등,1
파스타.스테이크.수제버거,1
샌드위치 커피 음료 토스트,1
"게임용구, 인형 및 장난감",1
커피 및 음료 디저트 과일,1
네일 시술 및 뷰티관련 소모품,1
탁구용품유니폼신발주방용품,1
미싱수업 판매,1
다원 다류,1
뭉티기 육회,1
식료품 생활잡화,1
커피원두청,1
꽃집 소매,1
활어 수산물 소매,1
농산물 정육 공산품등등,1
양약 동물용약,1
칼국수 만두 보쌈,1
소고기돼지고기등등,1
김밥외식사류,1
악세사리ㆍ주얼리,1
"생선회, 해산물",1
사다라빵,1
"파스타,피자,스테이크등",1
내장전골,1
커피음료.커피원두,1
"커트, 펌, 염색, 두피관리",1
"쌀,고기",1
생화 조화 화분,1
안경.콘택트렌즈,1
도기 수전,1
"법률상담, 소송대리 등",1
"건어물, 반건조생선",1
"커피, 한과, 다과, 차",1
식육 전자상거래,1
"김밥,비빔밥",1
미욤실,1
피부관리 메이크업,1
바퀴,1
식료품 가공식품 생활필수품,1
시스템에어컨판매,1
철거 리모델링,1
커피 도너츠,1
북카페 책 커피,1
커피 음료 구움과자,1
돼지고기외,1
한우.한돈.수입육,1
잡화 기타 식품,1
"도자기,음료,수강",1
밥.고기.야채,1
사진촬영 및 편집,1
"컴퓨터수리.판매,자전제품수리업",1
치,1
속눈썹 연장펌 미용서비스,1
커피기타소매및제조,1
한식  분식,1
스포츠의류 스포츠용품 여성용 의류,1
스포츠의류및여성복,1
"파스타,하몽,치즈,와인",1
건강 보조식품,1
개인 PT,1
헬스&amp;PT,1
"비료, 농자재",1
온도센서 히타,1
소매업 가정용품,1
의복 수선 실,1
여성의류스포츠의류,1
오리백숙 닭백숙,1
피부미용 왁싱 속눈썹,1
"견과류, 육포",1
"커피,디져트",1
안경 콘택즈,1
한식(냉삼),1
"체력단련장, 헬스업",1
스크린파크골프장,1
돼지등뼈,1
빙수 아이스크림 커피 디저트 등,1
신발및 스포츠용품,1
맞춤예복,1
의류잡화중고의류,1
치킨 음식,1
요거트 그래놀라,1
피부관리 화장품 미용실 메이크업,1
꽃차 차도구서적,1
라멘연어육회,1
"식료품 , 잡화",1
청소 소독업,1
커피 외 디저트,1
"돈카츠, 쌀국수 전문점",1
보일러연통외 관련용품,1
온돌판넬 필릉,1
음료및 식품,1
갈비탕소고기국밥,1
헬스 필라 발레,1
커피논커피티디저트,1
"네일아트, 젤네일, 젤패디",1
"꽈배기,핫도그,고로케,도너츠",1
커피및베이커리,1
네일아트재료 두발미용업 네일아트,1
철물건재 전기재료 안전용품 골재 경미한공사(전기),1
꽈배기 도너츠 핫도그 등,1
감자탕 낙지요리,1
업소용주방용품및기기,1
"분식, 주류",1
서비스교육업,1
"통닭, 한식",1
치킨 한식 일반 음식점업,1
탕수육 짜장면 짬뽕,1
"전기재료, 철물",1
과일 야채 기타식료품 등,1
가공식품 도매업,1
웨딩 컨설팅,1
금 은 보석  시계 악세사리,1
두발관련제품,1
편의품목,1
제과 식 음료품,1
식품잡화 김 젓갈 떡  잡화,1
"문구, 화방용품 등",1
바느질 용품,1
"문구,간식",1
"안경,콘택트렌즈 도소매",1
교육비,1
유아교육서비스,1
찌개비빔밥치킨,1
토스트커피,1
식 음료 주류,1
"의약품, 건강기능식품, 화장품 등",1
기타스포츠 서비스,1
"갈치탕, 조기탕, 닭도리탕, 고갈비 등",1
태권도 교육서비스 및 체육 교,1
수사물도소매,1
"치킨, 추어탕, 보쌈, 치킨까스, 추어튀김",1
"어학원 (영어, 중등 내신)",1
백숙 능이버섯,1
아동발달교육,1
가구 및 소품,1
"생선, 육류, 채소류, 주류",1
"한우곱창, 한우대창, 한우막창, 한우염통",1
샤브만두전골,1
"모자, 가방, 키링, 패치",1
보건업입니다,1
꽃.식물,1
"미용업(피부, 화장, 분장)",1
음식및주류판매,1
"pc방, 분식",1
침구관련제조업,1
빵류 및 과자류 및 당류,1
침구 커튼 블라인드,1
"육전, 국수",1
의류 소품가구,1
의류 식음료수,1
체력다년시설 이용생활체육 관련 서비스,1
제과제빵 교육,1
꽃화분등,1
농산물 김치류,1
헬스상품,1
통닭 치킨,1
우동탕수육,1
의류 여성복 스포츠용품,1
"떡볶이,순대,호떡",1
"돈까스, 파스타, 볶음밥, 샐러드",1
킥복싱 무에타이,1
땅콩빵.충무김밥,1
"편의점 상품(식음료, 가공식품, 생활용품 등)",1
절임식품 및반찬,1
유기농제품,1
수산물전복외,1
그릇소품,1
타툿,1
타일접착제및 방수제,1
스포츠용품 골프용품,1
효소 화장품,1
아귀대구등,1
식빵 잼류,1
식음료 소매업,1
한우한돈 전문점,1
한식 불고기,1
시계  악세사리,1
소고기. 돼지고기,1
내의및란제리,1
키피및과일주스,1
면 요리,1
고기류 일체,1
담배 소매업,1
지역 특산품 유자제품 및 굿즈,1
곡물 소매업,1
탕.무침.볶음,1
산후도우미 직업소개소,1
"세탁중개업, 자동세탁기 운영",1
"골프용품, 스포츠시설",1
"임가공식품냉동, 떡",1
판매대리 등산장비 운동용품 기타안전용품,1
공방 미술교육 취미,1
커피 요거트 수제청,1
스포츠 신발,1
등산복 등산화 스포츠의류및용품,1
돈가스 파스타,1
화장품 샴푸 헤어팩 에센스 앰플,1
즉석김구이,1
채소 과실소매업,1
"사료, 간식, 장난감, 의류, 케어용품 등",1
의약품및 건강기능식품,1
스크린 파크골프장,1
김밥 분식점,1
인형 및 장난감,1
여성 셔츠 및 블라우스,1
Fac&amp;Body 피부관리,1
샐러드 및 포케,1
"돈까스, 파스타, 샐러드, 볶음밥",1
상품도소매업,1
담배 및 기타소매업,1
한방관련물품,1
부대찌개 한식,1
"오리고기,돼지고기",1
동물용품및애견분양,1
소매업 편의점,1
과일즙 모든환,1
의료기기 및 전기제품,1
가정용 기물잡화,1
일반소매상품,1
"냉난방기, 에어컨, 가전제품",1
유무선통신기기 악세사리,1
요가서비스,1
인터넷PC방 식품접객업,1
"한우곰탕, 삼겹살",1
뷰티재료,1
택견교육,1
커피음료 커피원두,1
생활식료품,1
한과조청,1
"농산물, 의류",1
꽃차 농산품,1
꼬막 동태 들깨칼국수,1
"파스타,수제버거",1
"냉면, 갈비탕, 만두",1
"농임산물,수입식품,기타공식품,잡화,건강기능식품",1
반건조오징어,1
두부 청국장,1
수건.행주 및 각종 목욕용품,1
의류신발운동용품,1
자전거및자전거용품,1
순대식품잡화,1
식품잡화주류,1
일반식당,1
여성의류종합,1
토스트  아이스크림,1
돈가스외,1
그릇 가정주방용품,1
네일 문제성 발 관리,1
교욱서비스,1
레슬링,1
과자음료등,1
학원예체능,1
"육류, 어류, 주류, 식사류",1
속눈써펌,1
조명등기구,1
"냉동 오징어류, 냉동 굴비류, 황태,쥐포등 건어포류,참기름 등",1
칼국수 닭곰탕 삼계칼국수 만두,1
앞치마실내화등 가정용 직물제품,1
돼지고기 소고기 양념육,1
자동차용품 및 광택,1
외의 스포츠 의류,1
"남녀 겉옷, 셔츠 및 블라우스, 바지, 가방 및 신발, 모자, 벨트",1
실용음악 교육 서비스,1
"간편식사,주류,담배,과자",1
커피.포케.핫도그.스파게티,1
낙지 요리 전문점,1
"바지락칼국수, 해물파전, 보리밥",1
"음료,주류,담배 등 식품/비식품 일체",1
"농축수산물,기타상품",1
"젤리, 캔디",1
건강기능식품 잡화,1
정육 수산 청과 야채,1
생화식물소매,1
식음료담배가정용주류,1
속옷 및 스포츠의류용품,1
"김치,절임식품",1
임플란트 교정 치과,1
여성복소매,1
"쌀,계란,신선식품",1
의류스포츠잡화,1
"의류,스포츠의류,정장,구두",1
한과 과자,1
한과 건어물,1
양초및 불교용품,1
불교용품 및 종교용품,1
"의료기,서비스",1
"쌀엿, 조청",1
우동 짜장,1
청과외 식품,1
"커튼, 블라인드, 유니슬렛",1
방수제,1
"의류,용품",1
피씨서비스,1
뜨개소품,1
라면 음료 및 간식,1
햄,1
교육관련컨설팅,1
건강보조식품 영양제,1
치과진료 치아 교정치료,1
빵샌드위치커피,1
휴대폰파매업,1
"각종반찬, 김치류, 젓갈류",1
음악학숸,1
레스토랑 및 서양식 음식점업,1
"가발,이용원",1
"담배, 스낵, 주류 등",1
카페 및 휴게음식점,1
"음료,과자류",1
생계,1
기타 음식료품 및 일용잡화,1
서비스(스터디카페),1
"김밥, 닭강정, 음료, 컵라면",1
낚시용품. 스포츠레져용품,1
"앵글, 철물",1
"닭, 채소",1
음료아이스크림과자간편식,1
강아지 및 관련용품,1
"의료기, 보청기 등",1
음식(가공),1
미반 빵 주류 음료 잡화 등등,1
체육도장(복싱),1
"전동침대, 휠체어, 안전손잡이, 이동식변기, 혈압계, 당뇨기기, 기저귀",1
PT상품,1
통신기기(휴대폰),1
무인프린트,1
"생맥주, 병맥주",1
주류및양식,1
"집수리, 비누",1
"체력단련,체력단련용품",1
"김밥, 분식, 식사류, 찌개류, 돈가스, 음료",1
방향제 및 섬유탈취제,1
"한식,연어,해물",1
무한리필 샤브샤브,1
피부관리 마사지,1
"제과,빵류",1
일반음식점육류,1
"전기재료, 전기제품",1
농약농자재종자,1
"서적,도서",1
주류 및 안주일체,1
가스기구 및 전자제품,1
"담배, 주류, 기타",1
음료품배달,1
"도소매(휴대폰,액세서리)",1
노래교습,1
담배 음료 과자 잡화 우산 도장,1
"꼬치,오뎅",1
"헤어커트,파마,염색",1
과일 반찬,1
"파스타, 스테이크, 와인, 위스키",1
"커피, 치즈케이크",1
"분말류,건강환,각종약재 등",1
"베이커리,음료,샌드위치류",1
"식품, 주류",1
가공식품류,1
곱창배달포장,1
"식품잡화,담배",1
"제과,음료,꽃",1
주꾸미.꼼장어.키조개,1
두발미용업⅕,1
이탈리안,1
"액자제작, 문구완구소매",1
삼결삽.돼지갈비.소고기구이,1
요가 수강권,1
"침, 뜸, 한약 등",1
"자전거외부품 ,용품",1
닭도리탕 통닭,1
"기념품, 한지공예품,악세사리,소품",1
"소매업(식품,",1
슈퍼 주류 담배,1
일식 초밥,1
도매및소매업(전자상거래업),1
"상품대리,경영컨설팅",1
과일 야채 즉석조리식품,1
"식,음료,주류,담배,기타잡화등",1
오색,1
민물새우 등,1
광어.우럭회,1
패브릭 생활소품,1
체력단련장업(체육시설업),1
"축산물(한돈,한우,수입육)",1
"정육, 양념육, 분쇄가공육, 식육추출가공품",1
음료/먹거리,1
"빵, 커피ㅣㅣㅣㅣㅣㅣ",1
자전거악세사리,1
피날렐로 캐논데일 엔비,1
"소,돼지,육계",1
빙과류 과자,1
식ㆍ음료,1
"도자기,유리 공방",1
"한글, 독서학원",1
웨딩상담 및 기획,1
야채.미역,1
치킨피자주류,1
철물.전기,1
반려동물 위탁 및 미용업,1
철물.공구.안전용품.전기,1
"도장,시계",1
"추어탕, 육개장, 청국장, 돼지국밥, 순대국밥, 황태콩나물국밥, 얼큰수제비",1
의원 서비스,1
"중식, 양식",1
"한식,콩국수",1
간판 어닝,1
"한식,커피,악세사리",1
소매업(어패류),1
"김밥, 떡볶이 등",1
제과점업 및 참들기름 소매,1
한식 우동 돈가스,1
"오리백숙,닭백숙,오리탕등",1
"즉석빵,과자",1
"기타,드럼",1
1인세신샵,1
"생화,관상수",1
"중고휴대폰,악세사리",1
본죽 비빔밥,1
카세타,1
"부침,전",1
핸드폰통신,1
쭈꾸미 닭갈비,1
전기류,1
"가방, 소품, 의류",1
공간댜여 서비스업,1
자전거의류 용품,1
즉석제조가공식품,1
"육류, 소고기 등",1
"고기,빵류",1
한식뒷고기,1
공예재료공예품,1
"한약재,농임산물",1
"젓갈,절임식품",1
"국밥,뼈해장국",1
"두발,미용업",1
"식잡,사진,비디오",1
육류 요리 전문점,1
"피부, 네일",1
사진촬영및 편집,1
안마의자 체험 및 힐링 카페,1
"커피,디저트,와인",1
헬스 회원권 / PT,1
김치보쌈,1
도서류,1
"안경,안경렌즈,콘택트렌즈",1
"문구,사무용품,생활용품,전산용품등",1
이불/베개/쿠션,1
컷트. 파마,1
"돼지고기 및 소고기, 한식",1
"교육서비스, 상담",1
네일 및 미용,1
두발마용,1
두밸미용,1
"고무신,신발",1
"떡, 한과",1
베이커리케이크,1
"파스타,피자,스테이크",1
"부대찌개,떡볶이",1
콩나물불고기외 음식점,1
담배 주류 식품 등 소매업,1
감자탕 미니족발 제육볶음 김치찌개,1
"디저트, 커피, 음료",1
뽂음밥 덮밥 찌게류,1
휴대폰 휴대폰악세사리 충전기 등,1
철판쭈꾸미볶음,1
"한약, 쑥뜸용기",1
향수 만들기 체험,1
"파스타,피자,음료,주류",1
캠핑카 제작 및 부품,1
"한돈,한우,수입돈육,수입우육",1
"해산물,어패류",1
건강보조식품소매업,1
보건업 및 사회 복지,1
멸치회무침,1
"두부,묵,콩국,만두피 등",1
소비재,1
호두과자 와플 아이스크림,1
실 및 부자재,1
"고등어시래기조림, 참가자미조림",1
육회 육사시미,1
피아노 레슨 및 음악교육 서비스,1
애순네 순들깨수프,1
식품 비식품 등,1
"수의업, 용품소매",1
식음료 도소매,1
공구.잡자재,1
15,1
"치킨,햄버거",1
"네일, 화장품",1
점핑피트니스 서비스,1
바리스타제과제빵교육,1
"볼링장운영업, 매점",1
"휴게음식, 도서대여",1
돈카츠 및 소바,1
배달 삼겹,1
"한우곱창, 막창, 대창, 특양",1
"보드게임, 커피 및 음료, 스넥류",1
골프용품 파크골프 연습장,1
"은, 가구",1
"공산품(음료,주류,과자등)",1
여성 피부미용 및 체형관리,1
염색과두피관리,1
"커피,제과,제빵,원두",1
선어물,1
해버거 치킨,1
생화판매,1
3000,1
"가정용품, 캐릭터소품, 굿즈",1
베이킹 강습 체험,1
목공예 체험,1
센드위치,1
"한식,즉석판매제조가공",1
"메밀면, 국수",1
주류담배음료스낵 등등,1
휴대폰및 휴대폰 악세사리,1
소양념갈비 돼지목살양념갈비,1
동물의약품 및 진료 서비스,1
"음식, 음료,주류",1
"만두, 냉면",1
방탈출 서비스,1
김밥등 분식,1
야채/과일/수산/양속,1
필라테스강습,1
"천연염색, 여성의류, 소품",1
즉석판매저조가공업.과자.떡류판매,1
"체육시설,태닝",1
"실버주얼리,잡화",1
"관광기념품, 젤라또 등",1
주류 일반음식,1
휴대폰 통신,1
"피부과, 내과",1
일반의원 진료,1
"두부류,어묵류",1
바다장어 꼼장어,1
체력단련시설 운영,1
닭 돼지,1
"애견미용, 애견용품, 애견호텔",1
디자인업,1
셔츠.기타의복.스포츠의류,1
생활용품및 가공및신선식품,1
"분식,치킨,버거,주류",1
야챠,1
"한돈,한우",1
의료기기 임대,1
"카시트, 유모차",1
핸드메이드 공예품,1
육류 /치킨,1
"육류 (돼지고기,소고기)",1
낙지점문점,1
"속눈썹,피부",1
니퍼,1
모터싸이클 수리,1
크림,1
한복 및 전통액세서,1
닭 오리  요리 전문점,1
생활/기타,1
테블릿pc,1
튀김기,1
일식라멘 덮밥,1
"네일아트, 미용",1
"건강기능식품,쌀,견과류,약재",1
"견과류,건어물",1
핸드메이드 도자기,1
의류도소매 수선,1
진료비(외래/입원),1
"고기,한식",1
한우/돼지/주류음료 /야채/과일 / 라면,1
편의점 취급 품목 일체,1
"핸드폰, 컴퓨터",1
"네일,서비스업",1
"예술, 스포츠 및 여가관련 서비스업",1
바디왁싱,1
은공방,1
모바일 기기,1
편의점 상품 전반,1
식품/비식품,1
아이스크림 과자 등,1
아구전문,1
"태권도,줄넘기",1
반려동물 미용업 및 소매업,1
네일ㆍ피부미용,1
통신기기(휴대폰)등 판매,1
"꽃,과일",1
국수 비빔밥 등,1
"김밥,한식,분식",1
PC게임 및 먹거리,1
"의약품, 건강기능식품, 동물의약품 등",1
"찜, 탕",1
"파충류, 식물, 파충류용품",1
"소바, 돈가스",1
소매식품 및 비식품,1
밧데리 전동기,1
"악세서리,잡화,의류",1
"잡화, 스낵, 주류, 음료",1
"과자,음료수,빵,디저트,육가공,우유 등",1
수산물요리,1
"버섯,야채",1
"한식디저트,커피",1
"메이크업,속눈썹,반영구교육",1
학습공간 제공,1
헤어 컷 펌 등 시술,1
"의약품, 건강기능식품",1
태권도 기술 전파,1
"중고폰 매입 판매 ,알뜰통신 선/후불 개통",1
흑염소즙,1
"참치회, 숙성회, 초밥",1
휴대폰판매점,1
카페 샌드위치,1
"커트,파마,염색,가발",1
"식품, 생활잡화",1
농산물 및 기타 신선식품,1
PT/서비스업,1
음료카페,1
"킥복싱,무에타이,복싱",1
휴대폰 및 휴대폰 액세서리,1
콩부각,1
의류ㆍ스포츠,1
속눈썹펌 눈썹반영구,1
"주류, 담배, 가공식품 등",1
미용 및 화장품,1
복싱 교육 서비스,1
헤어커트 헤어펌 염색 클리닉케어 두피케어,1
동물 의료 서비스,1
"김치, 밑반찬",1
"한식음식, 서비스, 쿠킹클래스",1
"핸드메이드 액세서리, 주얼리공방",1
"떡, 음료, 커피",1
"탕수육,짬뽕,짜장",1
반려용 동물 및 관련용품 소매업,1
보쌈 쟁반국수 막국수 파전,1
돼지내장부속,1
"농수산물, 젓갈류, 반찬류",1
"문구류,초,중,고문제집",1
배드민턴용품외,1
음료업,1
치킨.주류,1
추출가공식풍,1
수박 멜론,1
"헤어미용,미용서비스업",1
튀김 순대,1
"안경, 선글라스, 콘택트렌즈",1
"주류, 담배 기타",1
"미용서비스,두피케어",1
문구 피규어 잡화,1
병천순대 순대국,1
인쇄재료 및 각종지류,1
"떡류,음료,수제디저트",1
배드민턴 서비스,1
"휴게음식, 네일아트",1
통신기기 및 통신요금,1
일반빵류 및 소매,1
상패트로피기념품제작판매,1
네일시술,1
인물사진촬영업,1
"커피, 음료,디저트",1
헤어에관련된 일,1
"마라탕, 마라샹궈, 꿔바로우 등",1
"만두,찐빵,도넛,고로캐,음료수,주류,등",1
글라스아트 시계 썬캐쳐 도어벨 인테리어소품,1
명상프로그램,1
미용 및 서비스업,1
하뇨ㅣㄱ,1
염색 헤드스파,1
초밥돈가스,1
"빵, 케익, 샌드위치",1
양념오뎅 김밥외,1
호떡 와플 빙수,1
한식조리판매,1
"피자,파스타,음료",1
필라테스 운동시설,1
이동통신기기및잡화,1
농.수산물 잡화,1
문구완구류,1
"타이어,정비",1
"과일,야채,수산물",1
"오뎅,꼬치",1
농축수산물 및 식료품,1
음료.과자.아이스크림,1
"담배, 주류 등",1
1차 육류 한우/한돈,1
커피 / 케이크 / 초콜릿 / 쿠키 / 생과일 쥬스,1
"실용음악교육(기타, 베이스, 보컬, 드럼, 피아노)",1
타코야끼 꽈배기 음료수,1
"대패삼겹살, 우삼겹",1
식물 화훼,1
두발  미용실,1
과일및식품,1
덮밥라멘소바카츠,1
웨딩패키지,1
샌드위치 양식,1
"종합짐수리, 전기, 수도, 타일, 변기, 싱크대",1
"안경  ,콘택트렌즈",1
죽 및 비빔밥 제조 판매,1
반찬/청과,1
생대패삼겹살 생대패목살 등 돼지고기 류,1
"휴대폰, 인터넷",1
"가공식품, 기타가공품 분말 등",1
"음료, 세제, 잡화, 식품",1
돈까스.카레,1
움료제조,1
일본가정식 치킨난반,1
한방보건,1
레저,1
"타이어,휠,자동차용품",1
"휘발유, 경유, 요소수, 첨가제, 각종오일",1
반려견미용실,1
"쭈꾸미,돼지고기",1
"커피, 음료 등",1
휴대폰과 악세사리,1
"의복,의류",1
"밤빵,음료,커피",1
"김치찌개,매운뼈찜,닭볶음탕",1
두발 염색,1
"자연산막회,골뱅이,문어",1
커피 파스타 샐러드 피자 디저트 등,1
"튀김류,볶음류,탕류",1
꽃다발. 화분,1
진로교육 예술심리,1
실내 스포츠,1
비빔밥 라면,1
소형전자제품,1
"떡볶이, 김밥 외 분식류",1
"소품,캐릭터상품",1
라면 등 일반식품,1
크림치즈,1
"풍선, 이벤트용품",1
일반소매식품 및 비식품,1
"전동공구, 잡자재, 일반철물 수공구 판매 임대 수리",1
"삼겹살,목살",1
휴대폰통신기기,1
"피부미용, 미용기기",1
"가공식품, 우유, 생활용품",1
"음료,커피",1
체육관 운영,1
식품.야채.과일,1
"즉석식품, 부대찌개",1
쥬얼리 및 악세사리만들기체험,1
달갈비,1
"편의점,담배소매업,자동판매기운영업",1
스포츠클라이밍 장비,1
커피.케입,1
일반음식 및 주류판매,1
"벽지,장판 등등",1
"커피,베이커리,디저트",1
"간편식,음료,스낵",1
족발 김치,1
일식우동,1
"낙지볶음, 오징어볶음",1
"헬스장, 체력단련업, 퍼스널트레이닝(PT), 운동지도",1
특공무술 및 양손라켓스포츠 듀오콕,1
디저트 빵,1
음식 제조,1
문구 완구 아이스크림 간식,1
"휴대폰, 인터넷, 렌탈 판매",1
소금빵 베이커리판매,1
"삼겹살, 목살, 갈비",1
순대국&amp;양선지해장국,1
"국밥,삼겹살",1
김밥 분식류,1
"서적, 모임, 커뮤니티 프로그램",1
자동차정비ㆍ검사,1
열대어물품ㆍ반려동물용품ㆍ꽃,1
자동차유리ㆍ썬팅,1
"빵,쿠키",1
누룽지과자,1
의료기기.좌욕기.화장품,1
수입소고기,1
"휴대폰, 통신기기",1
육회&amp;연어,1
화훼및묘목,1
수제반찬,1
"빵, 과자, 아이스크림",1
소매업/편의점,1
"식품잡화, 무역",1
"식품,잡화 등",1
아구.삼겹살,1
원단 및 부자재,1
샌드위치&amp;커피,1
인도카레,1
차 커피 연잎밥,1
"커피, 커피가공업",1
"커피,음료,간식",1
돈까스 호프,1
육개장칼국수,1
"샌드위치, 퍼지볼, 커피, 수제청음료",1
"닭강정,튀김",1
식료품 등 소매업,1
"대관, 소모임, 파티룸, 아이스크림,라면,과자,젤리,음료,간식 반려동물간식",1
헬스회원권 및 PT,1
"물회,중식",1
"양꼬치,마라탕",1
제과점.케잌류,1
"빵류,케이크,음료,선물류등",1
"휴대폰, 이동통신기기",1
만두. 꽈배기. 도넛,1
안경및 렌즈 콘택트렌즈,1
"스팀세차,유리막코팅제,발수코팅제,차량용품",1
ems운동,1
의류 ㆍ잡화,1
제철 야채류,1
복권.담배. 전자담배,1
미용 서비스 및 헤어케어제품,1
밀키트아이스크림음료수,1
체력단련 시설 운영업,1
의약품 기타 의료기기,1
"왁싱서비스,네일아트",1
농.축산물,1
"동물병원 진료 및 미용, 애완용품",1
제철식재료,1
"활어, 냉동수산물",1
"체력단련, 크로스핏 수업, 그룹운동, PT",1
핀셋,1
알뜰폰 휴대폰,1
함버거,1
빙과류 슈퍼마켓,1
뻥튀기 및 건강간식,1
"의류, 가방, 정장",1
치과의료서비스업,1
양식 호프,1
"한식,칼국수",1
pc방.휴게음식,1
과일.야채.건어물,1
속눈썹화장품잡화,1
화장품 소매,1
베이글(빵류),1
"커피, 음료 및 베이커리",1
부대찌배,1
덮밥 우동,1
모종 농자재  비료 농약,1
"모종,잡화,이불",1
"음료,과자, 주류 등",1
안경 콘텍트렌즈 패션잡화,1
"헤어컷, 펌 등",1
커피/음료/베이커리,1
운동화 가방 세척,1
"식육, 식육가공품, 식자재",1
"떡류,한식디저트",1
"커피,구운과자",1
"카페 음료, 전통차, 디저트",1
고기 음식,1
쭈꾸미전문점,1
"자전거 ,도,소매 판매",1
"광고대행,열쇠,도장",1
배터리판매,1
풍기인견 및 남녀의류,1
편의점일반상품,1
"낙지,바다장어",1
"식품, 주류, 의양품",1
식음료 외.,1
의류.악세사리,1
반려견 미용 및 의류,1
"케이스, 전자담배",1
김치류. 반찬,1
"체형교정 서비스, 안마기",1
운동기구.스포츠용품.잡화,1
"한약, 침, 부항, 추나",1
애견동물관련용품,1
이탈리안으묘ㅣㄱ,1
벽지.장판.인테리어,1
"여권사진, 증명사진, 비자사진, 사진복원, 가족사진, 사진출력, 액자제작",1
담배 및 식품,1
"휴대폰,중고폰,아이폰수리",1
"자전거,자전거용부품",1
냉면 칼국수 불고기 등,1
자전거 용품(신발 및 페달),1
자전거의류 및 용부품,1
"생화, 화분,",1
"비누, 생활용품 등",1
"안경, 선글라스, 콘택트렌즈, 안경용품등",1
침대 의자 식탁 주문제작가구 장농 소파,1
"돼지곱창,돼지막창,닭발,오돌뼈",1
자동차용품. 세차,1
"땅콩빵, 땅콩버터, 소프트아이스크림",1
중국 음식,1
"의약품, 의료기기, 화장품",1
"안경,선글라스,콘텍트렌즈",1
가방 및 가죽제품,1
병원서비스,1
과일 식품,1
즉석판매찌개,1
한식및일반음식,1
양모펠트,1
커피및음료  수공예액세사리,1
"구움과자,커피,음료",1
금.보석,1
족발.보쌈,1
비빔밤,1
문구. 휴게음식점,1
애완동물 및 용품,1
커피.디져트,1
"생활용품, 간펵식, 담배, 주류, 등등",1
"치킨, 호프",1
일본 가정식,1
커피 음료 및 아이스크림,1
"헤어커트, 헤어염색",1
"네일, 피부,메이크업, 화장품, 네일교육",1
여성용겉옷,1
"도넛, 커피, 음료",1
돼지부속뒷고기,1
"빵,과자,케이크,커피",1
의료기외,1
어묵 부침개,1
휴대폰 및 인터넷,1
사진 인화,1
쳔의점,1
토스트및음료,1
"문구, 완구, 화방, 도서, 생활용품, 사무용품, 전산용품",1
휴대폰소매업,1
"홍삼제품, 기타",1
"인삼,홍삼,흑삼 및 건강 보조 식품",1
"낙지, 보쌈",1
"수육, 전골",1
"한식,수산",1
실내골프연습장업,1
한식.패스트푸드,1
독서 교육,1
냉동가공식품,1
"양념육, 식육추출가공품 등",1
"음료,커피판매",1
"볼트,너트,기타철물,담배",1
테마파크 및 유아놀이시설 운영,1
한방발관리체험서비스,1
"케익,빵,음료,샌드위치,샐러드",1
생고기전문점,1
베이커리(카스테라외),1
컴퓨터 및 프린터 등 주변기기판매/수리,1
"카레,우동,덮밥,가츠",1
만두 음료수,1
"보쌈, 순두부, 부대찌개등",1
휴대전화 서비스,1
"어묵,연어,소고기,튀김 등",1
버섯찌개,1
"잡화, 문구",1
"사진촬영,프린트액자",1
"식자재마트, 양곡, 농수산물, 담배",1
돈까스포장,1
"수산물,회",1
"컵과일, 과일도시락, 생과일주스",1
한우.소고기,1
물회국수,1
돌판오징어,1
카페 음료 외,1
육류소매점,1
생선구이 회,1
"악세사리, 모자, 가발",1
"교육컨설팅 서비스, 학습공간 운영 자문",1
책상의자,1
닭강정호떡,1
정윳,1
치과의료서비스 및 구강용품,1
담배 주류 등등,1
개와 고양이의 진료,1
왁스,1
휴대폰 및 소모품 판매,1
"공산품, 일배상품",1
토스트 와플,1
"소갈비살, 토시살, 부채살",1
"커피,도서,책",1
마오차이(마라탕),1
"어묵,김,간장",1
아웃도어의류,1
커피.피자,1
"삼계탕,백숙",1
사진촬영 서비스,1
"줄눈, 스타라이크 에보",1
"커피, 음료,베이커리",1
맞춤형화장품,1
죽 한식,1
탁자,1
"샐러드, 포케, 샌드위치, 커피, 음료",1
"스포츠의류, 스포츠용품, 기타",1
"물, 우유",1
"문화체험, 기타 교육서비스",1
제육복음 순두부 뚝불 차돌된장,1
체형교정 재활PT,1
냉동참치,1
"음식,제과",1
교육서비스(태권도),1
"건어물, 식품류",1
만두.찐빵,1
"주방기구,침구류,잡화",1
조개찜 막회,1
"학생복, 체육복",1
"PT, 필라테스",1
고추.참기름.들기름.잡곡,1
"웨딩드레스대여,사진촬영",1
"짬뽕, 짜장면",1
씽크대 맞춤가구,1
나무가구,1
"농산물,생선",1
"일반 식품, 공산품 등",1
"꽃,풍선,파티용품",1
"커피,담배",1
일반식품 잡화,1
수의료 서비스,1
안경/콘택트,1
삼겹살 갈비탕 해장국,1
"화장품,발관리",1
"헐스기구관리,회원운동관리",1
공산품.음료.생수,1
"동물병원,사료",1
간호조무사학원,1
"펌,염색,컷트",1
"커피전문점,커피용품",1
김치찌개 동태찌개 알탕 닭도리탕,1
"자전거, 자전거정비, 로드사이클",1
네온싸인,1
자전거강습 자전거용품 자전거피팅,1
커피및음료디저트,1
자전거의류 및 용품,1
"숙성회,연어회",1
"면류, 음료, 안주, 도시락, 주먹밥 등",1
커피 외 비알콜성 음료,1
휴대폰 악세사리 및 잡화,1
"김밥, 분식, 식사류, 음료",1
반려견미용,1
자동자정비업,1
친구,1
치과의원 진료 서비스,1
일반음식점(호프),1
삼겹살 오징어볶음,1
"일반의약품, 동물의약품, 건강기능식품",1
"편의용품, 식품, 음료",1
"음료,식품등 소매",1
쭈꾸미볶음 및 식사류,1
"의약품, 의료용구, 복지용구, 의료기기",1
"사이클의류,악세사리",1
"자전거, 자전거 용부품, 자전거 정비",1
떡 음료,1
커트.팜.염색,1
비누.소금.,1
"샌드위치,카페",1
"돼지갈비, 삼겹살",1
공산품 주류 담배 음료 공산품 의약외품등,1
커피제조 및 판매,1
한식.치킨,1
"식품, 주류, 의약품",1
"디저트,커피,꽃",1
휴대폰 및 통신장비,1
음료 및 제과제빵류,1
제괴,1
두빌미용,1
"농산물(청과,야채)",1
기타 소매,1
타이어ㆍ자동차용품,1
의료기소매,1
담배및 식품 생필품,1
필라테스 자이로토닉,1
"구두, 스포츠레져용품",1
페인트 유리  도장공사 방수공사,1
편의점 물건,1
식품.소모품,1
"유아복,실내복,홈웨어,꿈돌이굿즈",1
체형분석 기반 자세·보행분석 및 1:1 운동지도,1
"왁싱,속눈썹펌,피부미용",1
음신점,1
"짜이, 커피, 샌드위치, 차, 와인, 위스키",1
"헬스회원권,PT수강권",1
"과자, 주류",1
탕수육 및 요리,1
"pc대여, 상품판매",1
체육시설 안전용품,1
"피아노,바이올린,드럼",1
소매 핸드메이드소품,1
층간소음매트 및 인테리어,1
미용개인서비스,1
뚝배기,1
일반,1
케틀벨,1
정보통신기기,1
건어물 고추,1
"선크림,시즌상품",1
"삼겹살,목살 등",1
꼼장어 및 오징어,1
기구필라테스 수강권,1
"커피, 샌드위치,샐러드, 포케",1
커피원두더치드립팩,1
반려동물 및 용품,1
햄버거.치킨.피자,1
"생선회,해산물",1
샐러드 외,1
"제빵, 제과, 커피 등",1
줄넘기교육서비스,1
음식 주류 판매,1
"쌀, 잡곡, 달걀",1
편의점판매품목,1
"커피,디저트,스폴리아텔라",1
건강보조용 액화식품,1
"채소, 차",1
카페 소품,1
"소매(도배,장판)",1
농업용기자재,1
"샌드위치,커피,디저트",1
"한우,비빔밥,불고기,곰탕,떡국,삼겹살",1
"휴대폰, 충전기, 케이스",1
과일컵 과일쥬스 외,1
돈까스 볶음밥,1
요가 플라잉요가 필라테스,1
카페 및 일반음식업,1
주류 음료,1
"면류, 건어물",1
주류 담배 식품 잡화,1
"가정용품, 소품",1
청과야채수산식품,1
커피 및 차류 도소매,1
자전거 판매수리,1
"안경,콘택트렌즈,썬그라스",1
"한복, 의류",1
김치찜보쌈,1
시설 대여 및 운동강습,1
