query_id,doc_id,rank,score,system
q_chicken_01,bdd0e5d6-cd9c-4797-b97a-4f19578f2611,1,5.669244641073839,bm25_regex_v1
q_chicken_01,dc7f7338-1d5b-4d2b-92e8-092734d8dafb,2,5.669244641073839,bm25_regex_v1
q_chicken_01,6d0b67c2-5e6b-4b3e-83ab-7a5b7560fa6a,3,5.669244641073839,bm25_regex_v1
q_chicken_01,da178971-1fbd-4187-a329-8c76e76592a7,4,5.669244641073839,bm25_regex_v1
q_chicken_01,7dd988f4-1f18-4615-966c-c8c2341979e3,5,5.669244641073839,bm25_regex_v1
q_chicken_01,eae27f47-79b1-4dc9-b4b8-1c7d3b6bafb9,6,5.669244641073839,bm25_regex_v1
q_chicken_01,a2185d69-3bee-4ea9-93f6-2971fa115128,7,5.669244641073839,bm25_regex_v1
q_chicken_01,24ee2f87-c8e1-42eb-8afd-5ae7157d5fa0,8,5.669244641073839,bm25_regex_v1
q_chicken_01,377a7e39-bf6e-43eb-817b-47369ca61e45,9,5.669244641073839,bm25_regex_v1
q_chicken_01,723796f3-5be8-44d4-8c5b-0f7501b33c8f,10,5.669244641073839,bm25_regex_v1
q_chicken_01,56bd464f-f59d-4895-b953-9fad9f9e1ea9,11,5.0462656964750146,bm25_regex_v1
q_chicken_01,ef97b881-55ea-458c-873f-23829be32bc3,12,5.0462656964750146,bm25_regex_v1
q_chicken_01,74f3d2f5-3680-454f-8995-c7bea35b6c4b,13,5.0462656964750146,bm25_regex_v1
q_chicken_01,dfcc1036-5661-448c-bdc1-2854eb01648a,14,5.0462656964750146,bm25_regex_v1
q_chicken_01,ae202574-67e5-4c8a-98fc-e54fe8f8715e,15,5.0462656964750146,bm25_regex_v1
q_chicken_01,1094e7cb-d9b7-4e7a-851f-2907df1ebfce,16,5.0462656964750146,bm25_regex_v1
q_chicken_01,23f7f2c4-ace5-47cf-85ca-8b4bbe042198,17,5.0462656964750146,bm25_regex_v1
q_chicken_01,70ecbe9f-9de0-4a8f-93b5-3281292f9417,18,5.0462656964750146,bm25_regex_v1
q_chicken_01,03770687-c528-4ce4-881e-eefbc9ec2a96,19,5.0462656964750146,bm25_regex_v1
q_chicken_01,358a0c52-8773-46f0-8790-2e222f73df5a,20,5.0462656964750146,bm25_regex_v1
q_chicken_01,99b7e75e-7f1f-4699-8a4d-0f4ea525fbac,21,5.0462656964750146,bm25_regex_v1
q_chicken_01,47b2eb4b-b451-495d-9152-cada4ee44815,22,5.0462656964750146,bm25_regex_v1
q_chicken_01,d33ea88b-7078-40f3-82b7-3a428e33d1a3,23,5.0462656964750146,bm25_regex_v1
q_chicken_01,f7eb2238-af4b-4b20-a1f9-1434d580d912,24,5.0462656964750146,bm25_regex_v1
q_chicken_01,565ee53b-8cba-4471-ac48-b3f5bfb17b79,25,4.636014888145598,bm25_regex_v1
q_chicken_01,05d79823-38fa-4dc0-b250-acb0dad84138,26,4.636014888145598,bm25_regex_v1
q_chicken_01,20ac60dd-eb26-48d5-b67a-f7241d5e8e22,27,4.636014888145598,bm25_regex_v1
q_chicken_01,3356890f-c863-45b4-87f7-cb3f53521044,28,4.636014888145598,bm25_regex_v1
q_chicken_01,2b178e93-db9c-480b-9373-f841a4d7e086,29,4.636014888145598,bm25_regex_v1
q_chicken_01,bfdf0884-80f5-4d39-8147-7ee879a1b299,30,4.636014888145598,bm25_regex_v1
q_chicken_01,d14dcdd7-0b50-4dbc-b8b9-c8b6a4b43655,31,4.636014888145598,bm25_regex_v1
q_chicken_01,049722c3-eb1f-498f-9cd3-e904f7b0dcf9,32,4.636014888145598,bm25_regex_v1
q_chicken_01,3009ee0f-4e2e-48d5-b653-d9656492289a,33,4.636014888145598,bm25_regex_v1
q_chicken_01,eedfee23-6001-4748-8db1-d27f9b4b680d,34,4.636014888145598,bm25_regex_v1
q_chicken_01,38838bd3-5f51-4c5a-a494-fb9470a65781,35,4.636014888145598,bm25_regex_v1
q_chicken_01,77f67fa1-0ccf-485f-aebc-c967aa544773,36,4.636014888145598,bm25_regex_v1
q_chicken_01,8fedfa97-78ef-4d2c-9a8b-e32bc37cea79,37,4.636014888145598,bm25_regex_v1
q_chicken_01,22c32805-29ec-436d-99c5-3e7e9e64fc39,38,4.636014888145598,bm25_regex_v1
q_chicken_01,7eabbc1d-5289-4522-9511-8beb7e1eca93,39,4.636014888145598,bm25_regex_v1
q_chicken_01,63fcce35-46f5-4b73-9754-ff42fb663e14,40,4.636014888145598,bm25_regex_v1
q_chicken_02,2341c6df-428f-4fc0-bc0a-af7f32171b23,1,9.00065549812948,bm25_regex_v1
q_chicken_02,945d57ed-d862-4779-8074-b1ffb53880c7,2,8.011596246338183,bm25_regex_v1
q_chicken_02,8309c219-49d8-4365-b007-985fe8d00527,3,8.011596246338183,bm25_regex_v1
q_chicken_02,f600a765-4c55-49ef-8017-22affb9f1597,4,7.360270288934658,bm25_regex_v1
q_chicken_02,89a01755-7699-4010-aa92-2701094e494c,5,7.360270288934658,bm25_regex_v1
q_chicken_02,a1f6c201-99b6-4e45-a303-f5b166b82db1,6,7.360270288934658,bm25_regex_v1
q_chicken_02,6ffafded-6862-409e-b692-6f4a1ee8415a,7,7.360270288934658,bm25_regex_v1
q_chicken_02,9dacaa73-dde1-4767-810f-2d0c63e14d00,8,7.360270288934658,bm25_regex_v1
q_chicken_02,2c0c0003-15cf-4a8d-8846-8cddb2edd585,9,7.360270288934658,bm25_regex_v1
q_chicken_02,afaa3bfc-a10b-4f5a-bb4c-8cbbfe275701,10,7.360270288934658,bm25_regex_v1
q_chicken_02,ac879c03-6ea6-4051-b3a8-895be1e363f5,11,7.360270288934658,bm25_regex_v1
q_chicken_02,0a5f0961-5e1b-4174-bad0-77a2440e8c36,12,7.360270288934658,bm25_regex_v1
q_chicken_02,110e0424-3c34-401d-b8a5-30b72db77c5f,13,7.360270288934658,bm25_regex_v1
q_chicken_02,654d38a7-2b6d-4003-9444-4cd17553c6f9,14,7.360270288934658,bm25_regex_v1
q_chicken_02,0f31486b-c34a-4a96-b5d7-1b2dc665e156,15,7.360270288934658,bm25_regex_v1
q_chicken_02,dc6f8a7a-5bc4-4c84-96d2-c1519d7ddbd2,16,7.360270288934658,bm25_regex_v1
q_chicken_02,cba32360-ca82-438b-8557-288278dab3ff,17,7.360270288934658,bm25_regex_v1
q_chicken_02,bef8149f-61b0-4c7d-a913-3851659e04bb,18,7.360270288934658,bm25_regex_v1
q_chicken_02,b5a7be8f-c26e-4fb7-8ce5-4ace6c8838a3,19,7.360270288934658,bm25_regex_v1
q_chicken_02,02a27b16-27f8-4934-967b-09afebc0294d,20,7.360270288934658,bm25_regex_v1
q_chicken_02,217cffef-44f3-4b01-923e-1061f61b5ee5,21,7.360270288934658,bm25_regex_v1
q_chicken_02,644db2aa-ed94-4fcd-962e-c904de9d525d,22,7.360270288934658,bm25_regex_v1
q_chicken_02,61fc2fd1-e87e-4819-86c4-5c0a9a483b26,23,7.360270288934658,bm25_regex_v1
q_chicken_02,25021431-d939-4c1c-b234-a40ca7740f58,24,7.360270288934658,bm25_regex_v1
q_chicken_02,fefa6220-b2b5-4fcf-8bf6-306e8efa9c2d,25,7.360270288934658,bm25_regex_v1
q_chicken_02,c28e3455-72db-4c4d-91b4-492506769c0b,26,7.360270288934658,bm25_regex_v1
q_chicken_02,6eb39588-72be-47b3-8b48-13383c2a0f76,27,7.360270288934658,bm25_regex_v1
q_chicken_02,888abe15-f9de-4010-95df-36e1ab8617e9,28,7.360270288934658,bm25_regex_v1
q_chicken_02,705d6b6c-01a2-430f-a273-bca9ad24a08e,29,7.360270288934658,bm25_regex_v1
q_chicken_02,b11367a6-5242-484c-bf09-cf6f75bcee1a,30,7.360270288934658,bm25_regex_v1
q_chicken_02,c3336606-c9cf-4a9c-8827-457e5ad77af6,31,7.360270288934658,bm25_regex_v1
q_chicken_02,96c7059b-32ee-471f-a8e0-5351b3c020c1,32,7.360270288934658,bm25_regex_v1
q_chicken_02,be8f93ee-a42e-4b86-8134-6edf88a9efeb,33,7.360270288934658,bm25_regex_v1
q_chicken_02,bc5d44fd-d688-40ee-82ab-eeb183e5619c,34,7.360270288934658,bm25_regex_v1
q_chicken_02,b131f198-f08f-4949-92c2-2fe62ee44b1c,35,7.360270288934658,bm25_regex_v1
q_chicken_02,9023fefd-882a-431a-9bed-1ac7e1dcacfa,36,7.360270288934658,bm25_regex_v1
q_chicken_02,057d8795-d916-4b5b-bbf2-7a723633562e,37,7.360270288934658,bm25_regex_v1
q_chicken_02,bd2095dd-802b-4395-8003-3ccab23a2e7c,38,7.360270288934658,bm25_regex_v1
q_chicken_02,8f6b32a3-5464-4b55-b90d-ed679922bbb4,39,7.360270288934658,bm25_regex_v1
q_chicken_02,a5f2e871-0520-4ebf-bbf4-1aaa7099d868,40,7.360270288934658,bm25_regex_v1
q_chicken_03,dc00a2bf-c650-4943-8394-df24fc14ffb1,1,11.946626329642136,bm25_regex_v1
q_chicken_03,21301aab-c5fa-4d5b-b66a-3ff1245b51c9,2,9.939720297290684,bm25_regex_v1
q_chicken_03,2f0f4d4a-8899-4ac8-8788-dfc6f9f0d37d,3,9.939720297290684,bm25_regex_v1
q_chicken_03,76a3551b-dae4-4326-92cc-662015aedbfb,4,9.713061568494638,bm25_regex_v1
q_chicken_03,24456103-f6b8-46af-8655-82e61d7265d8,5,8.316053173150372,bm25_regex_v1
q_chicken_03,c111ac9d-3f3a-405c-a8db-4d127ccda9e2,6,8.316053173150372,bm25_regex_v1
q_chicken_03,c161453d-f2c8-4b97-a2c3-a54e0cbdb7e8,7,8.01201882227563,bm25_regex_v1
q_chicken_03,2743811c-5e71-4d2b-aa75-1b0147d44f2d,8,7.270371540466384,bm25_regex_v1
q_chicken_04,aba76fc2-984e-4030-ba01-e2e7d78264c7,1,9.939720297290684,bm25_regex_v1
q_chicken_04,282b0e8b-051c-49f9-a707-b982df803589,2,8.510112072863361,bm25_regex_v1
q_chicken_04,f14df4d3-9858-4a8b-8597-20fd477d8e32,3,8.510112072863361,bm25_regex_v1
q_chicken_04,bdd0e5d6-cd9c-4797-b97a-4f19578f2611,4,5.669244641073839,bm25_regex_v1
q_chicken_04,6d0b67c2-5e6b-4b3e-83ab-7a5b7560fa6a,5,5.669244641073839,bm25_regex_v1
q_chicken_04,da178971-1fbd-4187-a329-8c76e76592a7,6,5.669244641073839,bm25_regex_v1
q_chicken_04,7dd988f4-1f18-4615-966c-c8c2341979e3,7,5.669244641073839,bm25_regex_v1
q_chicken_04,dc7f7338-1d5b-4d2b-92e8-092734d8dafb,8,5.669244641073839,bm25_regex_v1
q_chicken_04,24ee2f87-c8e1-42eb-8afd-5ae7157d5fa0,9,5.669244641073839,bm25_regex_v1
q_chicken_04,a2185d69-3bee-4ea9-93f6-2971fa115128,10,5.669244641073839,bm25_regex_v1
q_chicken_04,377a7e39-bf6e-43eb-817b-47369ca61e45,11,5.669244641073839,bm25_regex_v1
q_chicken_04,eae27f47-79b1-4dc9-b4b8-1c7d3b6bafb9,12,5.669244641073839,bm25_regex_v1
q_chicken_04,723796f3-5be8-44d4-8c5b-0f7501b33c8f,13,5.669244641073839,bm25_regex_v1
q_chicken_04,47b2eb4b-b451-495d-9152-cada4ee44815,14,5.0462656964750146,bm25_regex_v1
q_chicken_04,03770687-c528-4ce4-881e-eefbc9ec2a96,15,5.0462656964750146,bm25_regex_v1
q_chicken_04,ef97b881-55ea-458c-873f-23829be32bc3,16,5.0462656964750146,bm25_regex_v1
q_chicken_04,dfcc1036-5661-448c-bdc1-2854eb01648a,17,5.0462656964750146,bm25_regex_v1
q_chicken_04,1094e7cb-d9b7-4e7a-851f-2907df1ebfce,18,5.0462656964750146,bm25_regex_v1
q_chicken_04,56bd464f-f59d-4895-b953-9fad9f9e1ea9,19,5.0462656964750146,bm25_regex_v1
q_chicken_04,f7eb2238-af4b-4b20-a1f9-1434d580d912,20,5.0462656964750146,bm25_regex_v1
q_chicken_04,ae202574-67e5-4c8a-98fc-e54fe8f8715e,21,5.0462656964750146,bm25_regex_v1
q_chicken_04,74f3d2f5-3680-454f-8995-c7bea35b6c4b,22,5.0462656964750146,bm25_regex_v1
q_chicken_04,99b7e75e-7f1f-4699-8a4d-0f4ea525fbac,23,5.0462656964750146,bm25_regex_v1
q_chicken_04,d33ea88b-7078-40f3-82b7-3a428e33d1a3,24,5.0462656964750146,bm25_regex_v1
q_chicken_04,70ecbe9f-9de0-4a8f-93b5-3281292f9417,25,5.0462656964750146,bm25_regex_v1
q_chicken_04,23f7f2c4-ace5-47cf-85ca-8b4bbe042198,26,5.0462656964750146,bm25_regex_v1
q_chicken_04,358a0c52-8773-46f0-8790-2e222f73df5a,27,5.0462656964750146,bm25_regex_v1
q_chicken_04,63fcce35-46f5-4b73-9754-ff42fb663e14,28,4.636014888145598,bm25_regex_v1
q_chicken_04,9e31a821-0c6c-464e-8caa-9faa9e3431ef,29,4.636014888145598,bm25_regex_v1
q_chicken_04,d0cdbb3d-2077-4793-8ced-7a3fad3e9ca4,30,4.636014888145598,bm25_regex_v1
q_chicken_04,4d9fa5b9-72a7-4ceb-914c-a31d3c13e4a6,31,4.636014888145598,bm25_regex_v1
q_chicken_04,c16367a7-a513-412b-999d-e9956a10acb6,32,4.636014888145598,bm25_regex_v1
q_chicken_04,5ebfd47e-275b-4346-a459-b97004f40bba,33,4.636014888145598,bm25_regex_v1
q_chicken_04,97f2f4b4-abad-424d-a670-dada8effe1d1,34,4.636014888145598,bm25_regex_v1
q_chicken_04,736c9265-0b15-437b-b8d9-cc995fdb0394,35,4.636014888145598,bm25_regex_v1
q_chicken_04,061efff9-8154-4592-bbba-bfcf5d44cb60,36,4.636014888145598,bm25_regex_v1
q_chicken_04,a8fa7f79-cbef-4cfa-afe3-0fa20520e37f,37,4.636014888145598,bm25_regex_v1
q_chicken_04,70575daf-2858-4f22-8029-4a2a0762d17a,38,4.636014888145598,bm25_regex_v1
q_chicken_04,b4729bb0-f7be-45e5-9609-2ce2b6ac39b1,39,4.636014888145598,bm25_regex_v1
q_chicken_04,565ee53b-8cba-4471-ac48-b3f5bfb17b79,40,4.636014888145598,bm25_regex_v1
q_cafe_01,4705259f-33d4-4867-800b-f5b8b5c0ec0d,1,6.748634184412482,bm25_regex_v1
q_cafe_01,92c9fa55-f8c3-4148-8daa-5e92712afd36,2,6.748634184412482,bm25_regex_v1
q_cafe_01,a3de51ae-d04e-4190-be0d-57e7ff0fc419,3,6.748634184412482,bm25_regex_v1
q_cafe_01,48430f32-eddc-4711-af14-565111e632b7,4,6.748634184412482,bm25_regex_v1
q_cafe_01,8de237b2-907a-40ef-9ef2-ea23232b714e,5,6.748634184412482,bm25_regex_v1
q_cafe_01,6e08518c-0e13-4493-8541-2c5c34572560,6,6.748634184412482,bm25_regex_v1
q_cafe_01,eabb00d2-4105-4651-a280-fab5b15c938d,7,6.748634184412482,bm25_regex_v1
q_cafe_01,a5ea943f-1ebb-4111-b25b-9f15d71afedb,8,6.748634184412482,bm25_regex_v1
q_cafe_01,ba6ffc35-a0eb-448b-825f-2a845d9143db,9,6.748634184412482,bm25_regex_v1
q_cafe_01,8f32fd9f-33d1-440f-9ca7-bdf0f89a7602,10,6.748634184412482,bm25_regex_v1
q_cafe_01,5d44e5bd-a4f0-4d49-ba0e-281775f723c1,11,6.748634184412482,bm25_regex_v1
q_cafe_01,d456608d-728b-450f-a250-10ae314a0d7a,12,6.748634184412482,bm25_regex_v1
q_cafe_01,8a3fb8b1-4468-4191-a3f0-bd128719433e,13,6.748634184412482,bm25_regex_v1
q_cafe_01,d23617aa-29a3-4989-8aec-225dceed28e8,14,6.748634184412482,bm25_regex_v1
q_cafe_01,4d49ee8e-7ecd-49dc-a898-c0922043b6a6,15,6.748634184412482,bm25_regex_v1
q_cafe_01,b948ad13-1eb3-495a-860b-ed48b497e5fd,16,6.748634184412482,bm25_regex_v1
q_cafe_01,317b1407-0c4a-473e-98cb-af2285412d2e,17,6.748634184412482,bm25_regex_v1
q_cafe_01,086b8327-9ad9-4eed-8e13-da0eda96a63c,18,6.748634184412482,bm25_regex_v1
q_cafe_01,db903978-1412-44fa-b7b0-64ab95329f1a,19,6.748634184412482,bm25_regex_v1
q_cafe_01,e804dba8-26fd-413a-9f2d-4ea873dc979b,20,6.748634184412482,bm25_regex_v1
q_cafe_01,a9d9062e-8552-4d8c-8d64-97f2f46a5abd,21,6.748634184412482,bm25_regex_v1
q_cafe_01,c2f5ad57-f8df-4340-beef-cc98c74e8c7c,22,6.748634184412482,bm25_regex_v1
q_cafe_01,e8d71812-a078-4cce-8177-51387181bef4,23,6.748634184412482,bm25_regex_v1
q_cafe_01,5f0bac88-0df8-4e7f-96ba-1f26c1be66d3,24,6.748634184412482,bm25_regex_v1
q_cafe_01,79e2284e-e369-404a-8b81-ffd912189760,25,6.748634184412482,bm25_regex_v1
q_cafe_01,71af8a29-8a96-43f5-b0d4-bd4fc91ad096,26,6.748634184412482,bm25_regex_v1
q_cafe_01,b15d2f1d-757a-487f-a946-be370475f0c1,27,6.748634184412482,bm25_regex_v1
q_cafe_01,9d15cbbb-ab59-4b12-8172-7ecefc07fb7d,28,6.00704385485978,bm25_regex_v1
q_cafe_01,acc8cbee-c22e-4a70-b534-a0acdfc60e25,29,6.00704385485978,bm25_regex_v1
q_cafe_01,69da1e57-5e0f-4ff6-84cd-155077ea78df,30,6.00704385485978,bm25_regex_v1
q_cafe_01,08442e1a-4163-428d-90b3-3952a5b19330,31,6.00704385485978,bm25_regex_v1
q_cafe_01,2604a41c-f63a-487d-818b-c41ea539e74d,32,6.00704385485978,bm25_regex_v1
q_cafe_01,ec1fda61-0b16-4768-bbaa-0bf937f38623,33,6.00704385485978,bm25_regex_v1
q_cafe_01,8628389e-fec1-4e5f-a96d-47f52675502c,34,6.00704385485978,bm25_regex_v1
q_cafe_01,2621f9a5-c792-4a3e-9ef7-7dc53cc4d23d,35,6.00704385485978,bm25_regex_v1
q_cafe_01,f44c37c9-b976-4b1a-8b12-dea26a8db010,36,5.5186837990569435,bm25_regex_v1
q_cafe_01,0b96b509-2cdd-4638-bc4c-a632182c1285,37,5.5186837990569435,bm25_regex_v1
q_cafe_01,f8de28a1-9436-4259-9e73-75c49a964753,38,5.5186837990569435,bm25_regex_v1
q_cafe_01,1aa386d3-8379-44ef-8fdb-0fe1c98aa912,39,5.5186837990569435,bm25_regex_v1
q_cafe_01,2d7c3318-e581-415b-b4f8-625fec0a2b67,40,5.5186837990569435,bm25_regex_v1
q_cafe_02,a16e4943-ff0e-4d93-b96b-b841c98bbf3c,1,7.444686965725288,bm25_regex_v1
q_cafe_02,9c1ed907-377f-4187-822d-f328fd989d0a,2,7.444686965725288,bm25_regex_v1
q_cafe_02,22fca99b-3dba-41b9-9f45-d04dd37ffac0,3,7.444686965725288,bm25_regex_v1
q_cafe_02,71d3fe33-2f97-4507-a733-3ffc3a70fa05,4,7.444686965725288,bm25_regex_v1
q_cafe_02,ee50aa14-f958-420c-bf01-1653f72a7057,5,7.444686965725288,bm25_regex_v1
q_cafe_02,4759f4f0-2540-4148-820e-c62b366eb874,6,7.444686965725288,bm25_regex_v1
q_cafe_02,ecc73904-b075-4ed5-9b63-7d7733c817d0,7,7.444686965725288,bm25_regex_v1
q_cafe_02,5f072fda-dd86-467a-86c0-87ac9fbe547e,8,7.444686965725288,bm25_regex_v1
q_cafe_02,76f05e6c-6bde-4d37-893f-ff578f864df5,9,7.444686965725288,bm25_regex_v1
q_cafe_02,5bdc2d09-942a-49fa-9155-83ab959584fe,10,7.444686965725288,bm25_regex_v1
q_cafe_02,5e722ba2-494e-47da-a9cd-afc9bdd3366c,11,7.444686965725288,bm25_regex_v1
q_cafe_02,975dfebb-0d10-4ab8-8d3e-13ea3c4f0da4,12,7.444686965725288,bm25_regex_v1
q_cafe_02,23d66000-0e2a-4e9c-b8db-f1cba175bdda,13,7.444686965725288,bm25_regex_v1
q_cafe_02,3fafd654-a2cd-472b-859a-29ab841d9485,14,7.444686965725288,bm25_regex_v1
q_cafe_02,8c8202e2-fc6c-419f-b91d-bcee987c283b,15,7.444686965725288,bm25_regex_v1
q_cafe_02,7df636bb-fa98-4037-9d77-799fad17d518,16,7.444686965725288,bm25_regex_v1
q_cafe_02,6f7b0559-1d27-40d0-841b-27649db57866,17,7.444686965725288,bm25_regex_v1
q_cafe_02,eb3d9454-ba02-40dc-baa4-d30e5d14e2d6,18,7.444686965725288,bm25_regex_v1
q_cafe_02,c0258736-3e71-45a9-a256-a79fd78c638a,19,7.444686965725288,bm25_regex_v1
q_cafe_02,06f1190e-3aa6-40df-87c8-6c9c83c9e95f,20,7.444686965725288,bm25_regex_v1
q_cafe_02,3e9107ef-620c-4780-be9b-e744a50615d0,21,7.444686965725288,bm25_regex_v1
q_cafe_02,74cce420-3508-4825-af59-cba321863f90,22,7.444686965725288,bm25_regex_v1
q_cafe_02,32e816ce-adfe-4282-ad09-94589b971a2d,23,7.444686965725288,bm25_regex_v1
q_cafe_02,87980dff-aaa1-463c-a5c8-aa111006e6c6,24,7.444686965725288,bm25_regex_v1
q_cafe_02,de68d6fe-f90a-422c-a1a5-59aeae20723b,25,7.444686965725288,bm25_regex_v1
q_cafe_02,ac22c595-4441-47ec-abc2-fe7f7af397c1,26,7.444686965725288,bm25_regex_v1
q_cafe_02,e2a6ddd1-c896-494a-842c-5085c49398c9,27,7.444686965725288,bm25_regex_v1
q_cafe_02,51ea6877-951d-417b-a40e-ba7a86710145,28,7.444686965725288,bm25_regex_v1
q_cafe_02,d8827d58-f51f-4bbb-b628-7c11182794ef,29,7.444686965725288,bm25_regex_v1
q_cafe_02,e6a5ce4f-c532-475a-9a52-9123b65fc130,30,7.444686965725288,bm25_regex_v1
q_cafe_02,9b535fdb-d63f-47e2-8b45-1ca8f5493674,31,7.444686965725288,bm25_regex_v1
q_cafe_02,cff09982-51b6-4570-add7-518ed2ca2ed5,32,7.444686965725288,bm25_regex_v1
q_cafe_02,1cc6b8cb-0aef-43ce-ba51-a0f549ee0a19,33,7.444686965725288,bm25_regex_v1
q_cafe_02,6c59de3e-c4bc-4157-afe2-6344a8519c09,34,7.444686965725288,bm25_regex_v1
q_cafe_02,85fac7fb-515a-45f6-a50c-b12160f43c55,35,7.444686965725288,bm25_regex_v1
q_cafe_02,23c893bb-c086-41ff-b598-8b7512988ce6,36,7.444686965725288,bm25_regex_v1
q_cafe_02,a5d40dd4-422a-4323-a98d-4ab0e068909e,37,7.444686965725288,bm25_regex_v1
q_cafe_02,dc835701-965c-4910-a33f-8347b3152315,38,7.444686965725288,bm25_regex_v1
q_cafe_02,d5a4006b-9ded-44d3-beb5-381cf7694829,39,7.444686965725288,bm25_regex_v1
q_cafe_02,dad58840-7f1f-4764-a6e4-e23a99e5e888,40,7.444686965725288,bm25_regex_v1
q_cafe_03,c237aaf3-cefc-46b8-b351-d6524951e404,1,13.92896215065137,bm25_regex_v1
q_cafe_03,73180191-45a4-4c42-afde-d4356d34edc8,2,13.92896215065137,bm25_regex_v1
q_cafe_03,0f938025-2917-4de2-92fd-d1a7fcc8d4d9,3,12.325902399826711,bm25_regex_v1
q_cafe_03,8f8d13f9-a663-4077-bbb2-2d30b533fb58,4,12.325902399826711,bm25_regex_v1
q_cafe_03,70653d99-666d-410c-866d-57f33ccb8024,5,12.325902399826711,bm25_regex_v1
q_cafe_03,24456103-f6b8-46af-8655-82e61d7265d8,6,11.230791346131419,bm25_regex_v1
q_cafe_03,4b0b6c83-717b-4db2-81d1-6bb16b366800,7,9.837207834937383,bm25_regex_v1
q_cafe_03,2a1c1bf2-511d-4917-baec-f3f9253e76db,8,9.837207834937383,bm25_regex_v1
q_cafe_03,34687f80-8c3a-4f5d-b627-7c0808a6d3e4,9,9.837207834937383,bm25_regex_v1
q_cafe_03,10f56da7-d91c-427e-b0d6-47b3a477fe82,10,9.837207834937383,bm25_regex_v1
q_cafe_03,20d23562-e5a0-4810-9b59-d88b76a5eb38,11,9.837207834937383,bm25_regex_v1
q_cafe_03,72d60c22-a815-4fdf-a7c6-6f84c4ecdbf2,12,9.837207834937383,bm25_regex_v1
q_cafe_03,3f39c61b-7bdf-4105-898c-1ceb5dbe75ae,13,9.837207834937383,bm25_regex_v1
q_cafe_03,58d09887-0463-4826-a7dd-da2fb3c59742,14,9.837207834937383,bm25_regex_v1
q_cafe_03,94392e34-9f89-4255-a1ef-06a0bfc29665,15,9.837207834937383,bm25_regex_v1
q_cafe_03,c691a22d-7069-467e-8dc2-007300df4e95,16,9.837207834937383,bm25_regex_v1
q_cafe_03,d4379690-0a04-4294-9b56-edac4629d3fd,17,9.837207834937383,bm25_regex_v1
q_cafe_03,99c4bd97-e02f-4c4e-871b-bc9c140051c9,18,9.837207834937383,bm25_regex_v1
q_cafe_03,3f2d05aa-3faa-4fae-acdd-df338b3416da,19,9.837207834937383,bm25_regex_v1
q_cafe_03,36717e78-b268-4b15-ad11-6c7acf813b01,20,9.837207834937383,bm25_regex_v1
q_cafe_03,76a3551b-dae4-4326-92cc-662015aedbfb,21,9.713061568494638,bm25_regex_v1
q_cafe_03,c111ac9d-3f3a-405c-a8db-4d127ccda9e2,22,8.316053173150372,bm25_regex_v1
q_cafe_03,137b177e-1a8b-45bc-8229-0824af63eadc,23,8.184661651547867,bm25_regex_v1
q_cafe_03,7ca77490-7ed1-47f7-abbe-b7cbeb7c9200,24,8.184661651547867,bm25_regex_v1
q_cafe_03,11397d7e-3de2-49b5-8483-fd523ccb3487,25,8.184661651547867,bm25_regex_v1
q_cafe_03,2743811c-5e71-4d2b-aa75-1b0147d44f2d,26,7.270371540466384,bm25_regex_v1
q_cafe_03,2b2efd22-554f-4e63-a881-a37882320419,27,7.007479672453636,bm25_regex_v1
q_cafe_03,0108e643-fd1b-4a85-b405-4e003d477bc9,28,6.126341392993205,bm25_regex_v1
q_cafe_03,0ee6fdc3-eee5-41c5-96e6-982d6663aa61,29,5.003684583987849,bm25_regex_v1
q_cafe_03,d53b2b20-b6b7-45c7-8ad1-dcdcc5bba5f3,30,5.003684583987849,bm25_regex_v1
q_cafe_03,e8c8d59c-3f77-4552-a22e-d147809bbf23,31,5.003684583987849,bm25_regex_v1
q_cafe_03,d2e567ab-943e-4856-b23c-d991e10d0097,32,5.003684583987849,bm25_regex_v1
q_cafe_03,5bc4a470-01c7-4491-9010-d8d5b16e8b68,33,5.003684583987849,bm25_regex_v1
q_cafe_03,c3ca5d63-bb0c-42da-a7c9-fcf9e2e2b04f,34,5.003684583987849,bm25_regex_v1
q_cafe_03,2f7bdba1-2bfe-4b70-a6cd-010b98636b50,35,5.003684583987849,bm25_regex_v1
q_cafe_03,9bea613d-12ce-4048-98d5-e96297a837f1,36,5.003684583987849,bm25_regex_v1
q_cafe_03,15fd414a-3d05-43c2-8174-e6c56c324124,37,5.003684583987849,bm25_regex_v1
q_cafe_03,9f6992ff-071f-4beb-861e-97cf05fcc1cd,38,5.003684583987849,bm25_regex_v1
q_cafe_03,4e425458-a673-4667-bd63-f820409101f5,39,5.003684583987849,bm25_regex_v1
q_cafe_03,9bf211ee-5b8c-4216-a152-2d4c86662de8,40,5.003684583987849,bm25_regex_v1
q_cafe_04,aba76fc2-984e-4030-ba01-e2e7d78264c7,1,9.939720297290684,bm25_regex_v1
q_cafe_04,282b0e8b-051c-49f9-a707-b982df803589,2,8.510112072863361,bm25_regex_v1
q_cafe_04,f14df4d3-9858-4a8b-8597-20fd477d8e32,3,8.510112072863361,bm25_regex_v1
q_cafe_04,a8130f23-d98f-4305-8654-85aa364acb8f,4,5.003684583987849,bm25_regex_v1
q_cafe_04,57ac0fe3-cb75-4294-850a-9adbe009ee19,5,5.003684583987849,bm25_regex_v1
q_cafe_04,91dca623-25bb-4277-bc1b-5507c60c56f3,6,5.003684583987849,bm25_regex_v1
q_cafe_04,9bf211ee-5b8c-4216-a152-2d4c86662de8,7,5.003684583987849,bm25_regex_v1
q_cafe_04,e921b260-00df-403f-bf43-9691ff52e38f,8,5.003684583987849,bm25_regex_v1
q_cafe_04,0ee6fdc3-eee5-41c5-96e6-982d6663aa61,9,5.003684583987849,bm25_regex_v1
q_cafe_04,9bea613d-12ce-4048-98d5-e96297a837f1,10,5.003684583987849,bm25_regex_v1
q_cafe_04,c3ca5d63-bb0c-42da-a7c9-fcf9e2e2b04f,11,5.003684583987849,bm25_regex_v1
q_cafe_04,2f7bdba1-2bfe-4b70-a6cd-010b98636b50,12,5.003684583987849,bm25_regex_v1
q_cafe_04,5bc4a470-01c7-4491-9010-d8d5b16e8b68,13,5.003684583987849,bm25_regex_v1
q_cafe_04,71dffebb-3b6c-437b-b64c-c4e4a25ed7cb,14,5.003684583987849,bm25_regex_v1
q_cafe_04,d53b2b20-b6b7-45c7-8ad1-dcdcc5bba5f3,15,5.003684583987849,bm25_regex_v1
q_cafe_04,8b7378d0-35ec-4ebd-a80d-68e80e160b5c,16,5.003684583987849,bm25_regex_v1
q_cafe_04,9f6992ff-071f-4beb-861e-97cf05fcc1cd,17,5.003684583987849,bm25_regex_v1
q_cafe_04,15fd414a-3d05-43c2-8174-e6c56c324124,18,5.003684583987849,bm25_regex_v1
q_cafe_04,17f568de-0fa4-4c6f-bd3c-fed93fc110de,19,5.003684583987849,bm25_regex_v1
q_cafe_04,e8c8d59c-3f77-4552-a22e-d147809bbf23,20,5.003684583987849,bm25_regex_v1
q_cafe_04,4e425458-a673-4667-bd63-f820409101f5,21,5.003684583987849,bm25_regex_v1
q_cafe_04,cc436fa3-3906-46f0-a0b9-407b784a7b6d,22,5.003684583987849,bm25_regex_v1
q_cafe_04,d2e567ab-943e-4856-b23c-d991e10d0097,23,5.003684583987849,bm25_regex_v1
q_cafe_04,3cf0f3da-eeaf-4e0a-b8a3-a0cd3ed6787c,24,5.003684583987849,bm25_regex_v1
q_cafe_04,33dad3da-52a7-4f23-8334-8717c52d9216,25,5.003684583987849,bm25_regex_v1
q_cafe_04,d4d0e35e-7790-468a-a61b-7ac46b0daae5,26,5.003684583987849,bm25_regex_v1
q_cafe_04,156cd9d8-5fa0-4679-a844-e3d4435c58d4,27,5.003684583987849,bm25_regex_v1
q_cafe_04,0d04153e-5fc7-4ba1-964c-6b128b2c8a4f,28,5.003684583987849,bm25_regex_v1
q_cafe_04,8896722f-a836-4980-83a7-fe37d9af3f05,29,4.45384234951202,bm25_regex_v1
q_cafe_04,e324ea1e-8aeb-49db-b251-5d24e8a73ef5,30,4.45384234951202,bm25_regex_v1
q_cafe_04,bc86b5f9-4770-4c21-84f0-848d485f7137,31,4.45384234951202,bm25_regex_v1
q_cafe_04,a66e9835-849a-4668-bc0d-e9b323a03c71,32,4.45384234951202,bm25_regex_v1
q_cafe_04,ae132c00-95ee-4ded-bcee-4c07f6d8ba4f,33,4.45384234951202,bm25_regex_v1
q_cafe_04,489e1674-1800-4bab-aa6d-afed071ce03e,34,4.45384234951202,bm25_regex_v1
q_cafe_04,0464953f-9774-48ca-9060-17acec93d9b0,35,4.45384234951202,bm25_regex_v1
q_cafe_04,ef33d434-17aa-46b5-8be7-b12fb852387c,36,4.45384234951202,bm25_regex_v1
q_cafe_04,35fa3618-f986-4f69-86f2-20cf1f2553ac,37,4.45384234951202,bm25_regex_v1
q_cafe_04,dc0d07f8-d9ba-4c0c-baad-a86b9d744976,38,4.45384234951202,bm25_regex_v1
q_cafe_04,93c9aee8-81e5-4b6b-b687-80169142b0a4,39,4.45384234951202,bm25_regex_v1
q_cafe_04,b5696703-4a0a-4d6f-bb5a-c16bbc178a08,40,4.45384234951202,bm25_regex_v1
q_hair_01,8005a3c6-3e22-4f50-b725-0efc3232ce46,1,6.250899133746954,bm25_regex_v1
q_hair_01,52524a36-3f58-4863-9f24-8be27df2259a,2,6.250899133746954,bm25_regex_v1
q_hair_01,6b7db5a2-5695-46b3-8790-5dab9c7984e5,3,6.250899133746954,bm25_regex_v1
q_hair_01,a81ef669-e9b8-4562-866f-47e75bfda4ef,4,6.250899133746954,bm25_regex_v1
q_hair_01,5d0571b5-82f5-425e-9bc7-76d1212404ba,5,6.250899133746954,bm25_regex_v1
q_hair_01,3a3b0555-4866-4b5e-8e40-1eb71373573f,6,6.250899133746954,bm25_regex_v1
q_hair_01,49574481-cd63-481d-a878-da0d572bff08,7,6.250899133746954,bm25_regex_v1
q_hair_01,c7789f47-19dc-4c5c-bb5d-96ae4777c06c,8,6.250899133746954,bm25_regex_v1
q_hair_01,2d81de43-c5a6-4385-8f69-4de4d49d8c45,9,6.250899133746954,bm25_regex_v1
q_hair_01,86c668aa-1efe-4210-8d45-0c0b4596f056,10,6.250899133746954,bm25_regex_v1
q_hair_01,bf2cb979-4fab-4f31-8fa3-9b956412aac9,11,6.250899133746954,bm25_regex_v1
q_hair_01,6115eafa-1384-40c2-afc5-b4c65043af84,12,6.250899133746954,bm25_regex_v1
q_hair_01,54c920b0-93d5-48c6-a9fd-8c627002353f,13,6.250899133746954,bm25_regex_v1
q_hair_01,ad76dfec-545b-453f-9579-52304e1bd7f7,14,6.250899133746954,bm25_regex_v1
q_hair_01,c433cff3-740f-446d-9e44-e6e24e7d3247,15,6.250899133746954,bm25_regex_v1
q_hair_01,a4cc5558-7b32-49cb-bf02-8ca65ce23a0d,16,6.250899133746954,bm25_regex_v1
q_hair_01,928138ea-3d32-4f03-a232-33ea67d618c3,17,6.250899133746954,bm25_regex_v1
q_hair_01,3048ca00-7eeb-4c2d-8d75-9e78f3b15ae9,18,6.250899133746954,bm25_regex_v1
q_hair_01,13992db2-ff3c-42ea-97a5-271110dc96cf,19,6.250899133746954,bm25_regex_v1
q_hair_01,1280a99f-0d2b-416d-983b-692cab9af8a1,20,6.250899133746954,bm25_regex_v1
q_hair_01,eb79f1d6-055d-48bb-bfec-cda535911f7d,21,6.250899133746954,bm25_regex_v1
q_hair_01,65e30cb0-b0ca-4913-a9b7-597ba571f1b0,22,6.250899133746954,bm25_regex_v1
q_hair_01,f7fccf08-8e91-4311-ae38-905806b77309,23,6.250899133746954,bm25_regex_v1
q_hair_01,df290d0e-473e-41f1-a10a-1f3104d6e519,24,6.250899133746954,bm25_regex_v1
q_hair_01,da245727-0538-4a37-83e8-24fa327b09b3,25,6.250899133746954,bm25_regex_v1
q_hair_01,9fc76d34-10f1-432e-88ef-a6ca819e69a8,26,5.564003649131252,bm25_regex_v1
q_hair_01,b53b79ac-f2a6-4856-82d8-01011c9ee684,27,5.564003649131252,bm25_regex_v1
q_hair_01,c0563d68-0f81-4872-8cc5-47594d519241,28,5.564003649131252,bm25_regex_v1
q_hair_01,04264e04-5686-4478-bd92-032192c5fa1e,29,5.564003649131252,bm25_regex_v1
q_hair_01,e9f20112-79ff-4d9d-83b0-c17d28f23320,30,5.564003649131252,bm25_regex_v1
q_hair_01,55e061aa-c2f8-4f05-a8f0-79d0db848692,31,5.11166183205285,bm25_regex_v1
q_hair_01,976167e2-b231-44bc-9e2e-8635c9d0dbe4,32,5.11166183205285,bm25_regex_v1
q_hair_01,aa543299-a4d5-40fe-9202-a21b7c5749d1,33,5.11166183205285,bm25_regex_v1
q_hair_01,84243c72-e7ac-461c-af98-22dc18e9e740,34,5.11166183205285,bm25_regex_v1
q_hair_01,f3746831-c5c4-4879-8b05-ea90d9c5f8c7,35,5.11166183205285,bm25_regex_v1
q_hair_01,894c18d9-fc0e-4ea0-a2ff-8e7fcb3c63e9,36,5.11166183205285,bm25_regex_v1
q_hair_01,adee6520-b7de-4143-a2d6-e337ba674b71,37,5.11166183205285,bm25_regex_v1
q_hair_01,ec357e89-8fd7-44dd-984a-301fb1f809d6,38,5.11166183205285,bm25_regex_v1
q_hair_01,1efaf3ed-5284-40c8-b895-50650dd13589,39,5.11166183205285,bm25_regex_v1
q_hair_01,134fe1d4-9edf-4b11-bca7-ccc1fea77a2f,40,5.11166183205285,bm25_regex_v1
q_hair_02,761a8ec1-a8e7-45b9-9384-7d130f79c81a,1,10.225830564908508,bm25_regex_v1
q_hair_02,fc1529e7-f473-4301-acc6-32017a320e67,2,8.362155056619773,bm25_regex_v1
q_hair_02,d98d4c63-2025-465f-a7ab-e724b5452686,3,8.362155056619773,bm25_regex_v1
q_hair_02,4e77fc85-db07-43e1-88b6-950503fc641b,4,8.362155056619773,bm25_regex_v1
q_hair_02,8bcb74bb-9790-465f-8812-cb9d58dad714,5,8.362155056619773,bm25_regex_v1
q_hair_02,9b2e47d7-c73b-4997-9c05-8b92802a38de,6,8.362155056619773,bm25_regex_v1
q_hair_02,b6723c98-be3b-4966-8acb-feffa44ce8c0,7,8.362155056619773,bm25_regex_v1
q_hair_02,0fc7ab4b-bab7-4b7f-8720-8c1582d7da15,8,8.362155056619773,bm25_regex_v1
q_hair_02,f975ac27-a8d1-4362-8100-76b0cb988e3b,9,8.362155056619773,bm25_regex_v1
q_hair_02,dd525790-42e4-45b5-b576-487ccfc117f7,10,8.362155056619773,bm25_regex_v1
q_hair_02,f596754a-71f2-4485-8f28-b9afd71169fb,11,8.362155056619773,bm25_regex_v1
q_hair_02,920ec841-9f2b-4be8-b257-eb7583199eff,12,8.362155056619773,bm25_regex_v1
q_hair_02,bc7dcd12-97ec-4e6f-ae00-1bd7ef9d76f2,13,8.362155056619773,bm25_regex_v1
q_hair_02,84d92c94-a9c4-42e2-bbf7-575264f079a5,14,8.362155056619773,bm25_regex_v1
q_hair_02,c16c65ec-9d0f-494b-a2d5-bae5e009f95f,15,8.362155056619773,bm25_regex_v1
q_hair_02,c058f950-258b-4cae-b711-fc9a5ee98417,16,8.362155056619773,bm25_regex_v1
q_hair_02,47c1af37-38c4-4ef5-b2a6-34ec2ad59ef1,17,8.362155056619773,bm25_regex_v1
q_hair_02,50350d9c-651c-42cc-b756-4b1c7ea658c3,18,8.362155056619773,bm25_regex_v1
q_hair_02,b5de69bc-9dae-4d16-bdea-d9ea8cd8eb7d,19,8.362155056619773,bm25_regex_v1
q_hair_02,5046e824-bba0-43c4-8a83-c41055fd088a,20,8.362155056619773,bm25_regex_v1
q_hair_02,da3b1890-6c18-4f17-bcaa-00ffe79b640a,21,8.362155056619773,bm25_regex_v1
q_hair_02,4de1927b-1c4c-480d-98b5-7da73f548091,22,8.362155056619773,bm25_regex_v1
q_hair_02,f6446062-a4ba-43e1-a811-3b8ebbaa57ce,23,8.362155056619773,bm25_regex_v1
q_hair_02,50dbae39-8a50-45ce-a4fc-4d602d380423,24,8.362155056619773,bm25_regex_v1
q_hair_02,4461c60c-8b93-4726-9f53-f30fd0a57d25,25,8.362155056619773,bm25_regex_v1
q_hair_02,189bedff-090e-407c-bdde-b9fd9ece14ae,26,8.362155056619773,bm25_regex_v1
q_hair_02,04ab921c-4e3a-43af-9f25-a26c9dd23950,27,8.362155056619773,bm25_regex_v1
q_hair_02,95fdda30-8bc0-4e43-98ee-2c156b88e669,28,8.362155056619773,bm25_regex_v1
q_hair_02,d957836b-5869-4194-a08a-069586ad2ede,29,8.362155056619773,bm25_regex_v1
q_hair_02,d81dd1e5-a68a-44fd-a669-d2a10d53c697,30,8.362155056619773,bm25_regex_v1
q_hair_02,4328269b-93b7-4c8c-8bf7-1a920ad367c4,31,8.362155056619773,bm25_regex_v1
q_hair_02,b87effcb-f181-4a7a-84a7-eeebde8f4979,32,8.362155056619773,bm25_regex_v1
q_hair_02,7a15022a-04a7-4bd1-9e89-c273bbccc8be,33,8.362155056619773,bm25_regex_v1
q_hair_02,86798a19-fdd2-4af2-a5dd-8a0d7d3bde7a,34,8.362155056619773,bm25_regex_v1
q_hair_02,ac8fc8f5-ed7a-46bf-a27b-3eb1afe6a807,35,8.362155056619773,bm25_regex_v1
q_hair_02,4e42b911-d9ef-40d7-aa98-87aa5e8cebb4,36,8.362155056619773,bm25_regex_v1
q_hair_02,dc9af475-4d42-4f5b-ba5c-5c23ea8aa587,37,8.362155056619773,bm25_regex_v1
q_hair_02,9d73fa13-b1bd-4269-b815-c20e49735263,38,8.362155056619773,bm25_regex_v1
q_hair_02,3a16b661-8eba-41dc-94e9-46d54bc7b92d,39,8.362155056619773,bm25_regex_v1
q_hair_02,e985b0e8-d331-440b-843a-bb62169b6414,40,8.362155056619773,bm25_regex_v1
q_hair_03,b62872d8-28a5-42e3-90a7-43a1986d6d7a,1,10.755725906303345,bm25_regex_v1
q_hair_03,a72c4896-7140-49f1-8cc1-15e98c6cfe98,2,10.755725906303345,bm25_regex_v1
q_hair_03,22afdf71-1217-4bb8-838e-23a6534d5d55,3,10.755725906303345,bm25_regex_v1
q_hair_03,73777934-029d-4380-a099-e948644462b2,4,10.755725906303345,bm25_regex_v1
q_hair_03,c9e5208c-c135-4225-8f5d-e02e68d3a600,5,10.755725906303345,bm25_regex_v1
q_hair_03,76a3551b-dae4-4326-92cc-662015aedbfb,6,9.713061568494638,bm25_regex_v1
q_hair_03,c597521d-1273-43c9-b412-1c6036be4933,7,8.948878466024732,bm25_regex_v1
q_hair_03,c111ac9d-3f3a-405c-a8db-4d127ccda9e2,8,8.316053173150372,bm25_regex_v1
q_hair_03,24456103-f6b8-46af-8655-82e61d7265d8,9,8.316053173150372,bm25_regex_v1
q_hair_03,97abb828-d25d-4f36-bc22-de2bb95f156c,10,7.661780854443381,bm25_regex_v1
q_hair_03,60352ca5-d22b-456a-a8ab-b7e31e4bedf2,11,7.661780854443381,bm25_regex_v1
q_hair_03,2743811c-5e71-4d2b-aa75-1b0147d44f2d,12,7.270371540466384,bm25_regex_v1
q_hair_03,6bf34547-7852-41e7-8209-ffa42bb49076,13,6.698369083699956,bm25_regex_v1
q_hair_03,5fb945fc-398f-47b5-8863-77e64f5cd36a,14,5.352336365370395,bm25_regex_v1
q_hair_04,aba76fc2-984e-4030-ba01-e2e7d78264c7,1,9.939720297290684,bm25_regex_v1
q_hair_04,f14df4d3-9858-4a8b-8597-20fd477d8e32,2,8.510112072863361,bm25_regex_v1
q_hair_04,282b0e8b-051c-49f9-a707-b982df803589,3,8.510112072863361,bm25_regex_v1
q_clothing_01,69e68669-aa09-4e98-bff1-e5cb3e75ef14,1,9.939720297290684,bm25_regex_v1
q_clothing_01,453c7257-40ca-4674-9958-4a04b5f91301,2,8.510112072863361,bm25_regex_v1
q_clothing_01,c0933a71-92d8-46da-85f0-017c515458ec,3,8.510112072863361,bm25_regex_v1
q_clothing_01,4c6668f2-b448-46fc-b823-d760ddae8d77,4,4.075376451558599,bm25_regex_v1
q_clothing_01,15c4908d-376d-4d8e-b599-05bbfc8a64da,5,3.572257140498865,bm25_regex_v1
q_clothing_01,12e9b4c6-59aa-41b2-b4e1-267c2d66140a,6,3.572257140498865,bm25_regex_v1
q_clothing_01,61eb3e4c-7709-49c1-a45e-b98571e530c7,7,3.572257140498865,bm25_regex_v1
q_clothing_01,54fd77ae-f87c-428d-9cc5-b53e4ac45fd1,8,3.1797108448071576,bm25_regex_v1
q_clothing_01,66f30ca4-97b9-4ea3-97c7-cb8dcf88c2f1,9,3.1797108448071576,bm25_regex_v1
q_clothing_01,89bdb1aa-6c0a-4726-9f19-afc72614643e,10,3.1797108448071576,bm25_regex_v1
q_clothing_01,ad77ba1b-a8d0-4dc5-b106-b63cd89ae7b1,11,3.1797108448071576,bm25_regex_v1
q_clothing_01,c20fbbde-1985-4bf0-9919-1965ceb45dd9,12,3.1797108448071576,bm25_regex_v1
q_clothing_01,b4e80830-1eb7-4284-a970-f81e5a420972,13,2.9212070277673274,bm25_regex_v1
q_clothing_01,3284a32d-cfa8-422a-8f8c-e18828db694b,14,2.9212070277673274,bm25_regex_v1
q_clothing_01,f55b7c11-c9e3-433a-b571-14e8994c85f7,15,2.9212070277673274,bm25_regex_v1
q_clothing_01,3fbc9a3d-3684-49ab-bf09-52a5477cdc5f,16,2.9212070277673274,bm25_regex_v1
q_clothing_01,0a754265-2851-4711-a530-dffc7f762a85,17,2.9212070277673274,bm25_regex_v1
q_clothing_01,9e34a3ca-b0fc-4337-b2e7-1f6f6e9af18d,18,2.9212070277673274,bm25_regex_v1
q_clothing_01,57659014-bda8-4127-9cf4-6b5b0702fe73,19,2.9212070277673274,bm25_regex_v1
q_clothing_01,378a9fde-71b6-4c98-bc6c-e51749e88942,20,2.9212070277673274,bm25_regex_v1
q_clothing_01,e739ac90-8eb3-4685-9ad0-0775ccef3d2f,21,2.9212070277673274,bm25_regex_v1
q_clothing_01,385a596a-5731-46c2-b67a-9087b0598712,22,2.9212070277673274,bm25_regex_v1
q_clothing_01,9ec074fb-8b0c-4cb9-ae42-cf3fa0c064a6,23,2.9212070277673274,bm25_regex_v1
q_clothing_01,a96e3527-2025-4442-9e38-faa62c525d48,24,2.9212070277673274,bm25_regex_v1
q_clothing_01,193444be-71ac-4b80-bf18-949d2c643bda,25,2.9212070277673274,bm25_regex_v1
q_clothing_01,6654e40d-2302-4c15-b500-7ee55032956a,26,2.9212070277673274,bm25_regex_v1
q_clothing_01,513191ec-cb79-4474-856e-aa79fb2cb465,27,2.9212070277673274,bm25_regex_v1
q_clothing_01,ce2c7c47-7b5d-4cf9-97bb-36d058f60517,28,2.9212070277673274,bm25_regex_v1
q_clothing_01,28f4865a-0bc3-42a4-a826-ed20cedacb17,29,2.9212070277673274,bm25_regex_v1
q_clothing_01,4dc6dcc0-08bf-48ce-a016-c75c4e64780a,30,2.9212070277673274,bm25_regex_v1
q_clothing_01,bb2f37e0-f825-49d9-a9e5-31b336c6215f,31,2.9212070277673274,bm25_regex_v1
q_clothing_01,f95e4eb5-fb96-4d25-9be6-6399ecc01d13,32,2.9212070277673274,bm25_regex_v1
q_clothing_01,9c22580e-d4ec-4bdd-8212-471d3bd8f064,33,2.9212070277673274,bm25_regex_v1
q_clothing_01,bb59470d-477d-4f66-b99f-b879f2c9b4b1,34,2.9212070277673274,bm25_regex_v1
q_clothing_01,16ac2a7b-62fb-4d79-9d4b-a863084ac320,35,2.9212070277673274,bm25_regex_v1
q_clothing_01,d7ef6e4b-fad5-4d0a-a9fa-760386c3d76f,36,2.9212070277673274,bm25_regex_v1
q_clothing_01,686d9980-cfcd-48d4-97db-056202fae7de,37,2.9212070277673274,bm25_regex_v1
q_clothing_01,7089e7dd-32ce-42a0-8a4b-86eb2232951b,38,2.9212070277673274,bm25_regex_v1
q_clothing_01,af648692-e7c5-44f7-bacc-a2204f0b9534,39,2.9212070277673274,bm25_regex_v1
q_clothing_01,7176736e-3936-4f70-87d6-97de74d006f5,40,2.9212070277673274,bm25_regex_v1
q_clothing_02,2d9a91df-c256-4726-9e01-9e491c7b297a,1,10.141728547298712,bm25_regex_v1
q_clothing_02,ea8d26c6-86c4-4683-a101-8e2e01f1af4c,2,10.141728547298712,bm25_regex_v1
q_clothing_02,53776ad6-4a97-4445-b7f6-e236725c5048,3,10.141728547298712,bm25_regex_v1
q_clothing_02,c863d30a-e32a-4f76-8489-f038312d0efb,4,10.141728547298712,bm25_regex_v1
q_clothing_02,c115d208-d0ab-4b72-8587-94915033e911,5,10.141728547298712,bm25_regex_v1
q_clothing_02,af45c3e8-baa1-4e24-9772-f1a3d3693cbf,6,10.141728547298712,bm25_regex_v1
q_clothing_02,76abb76b-d19f-41ac-ad4d-26d32bffad62,7,8.43802612634466,bm25_regex_v1
q_clothing_02,29e20841-ac31-4769-a4db-a8afb6422a3d,8,8.43802612634466,bm25_regex_v1
q_clothing_02,1b9dbda0-81e6-486a-88ba-f4f47b83568d,9,8.43802612634466,bm25_regex_v1
q_clothing_02,16a18cfc-d396-49ba-ba8f-c5355159e161,10,8.43802612634466,bm25_regex_v1
q_clothing_02,512a7463-c2d0-429f-8df6-d5efe55c7bf5,11,8.43802612634466,bm25_regex_v1
q_clothing_02,60211cd4-80da-4e09-9412-f1293b737438,12,7.224403289146411,bm25_regex_v1
q_clothing_02,6d79bfe0-e33c-41e6-8c87-5a889cb1404b,13,7.224403289146411,bm25_regex_v1
q_clothing_02,990a8054-9e18-48ca-8214-4a7b25f40923,14,7.224403289146411,bm25_regex_v1
q_clothing_02,6a388653-18c0-46be-83c3-7051cbf3a7fb,15,7.224403289146411,bm25_regex_v1
q_clothing_02,addfbb58-1833-4ff7-9d78-1ec6189c5bd3,16,7.224403289146411,bm25_regex_v1
q_clothing_02,98cdf3e5-5ad6-4d6b-be49-ae26238af44f,17,5.610508859696398,bm25_regex_v1
q_clothing_02,1f7059df-bbbd-4b89-aea5-7adb17369b05,18,5.610508859696398,bm25_regex_v1
q_clothing_03,76a3551b-dae4-4326-92cc-662015aedbfb,1,9.713061568494638,bm25_regex_v1
q_clothing_03,77ea2c60-2f05-46cd-8449-7e5a16f40416,2,8.590826424954557,bm25_regex_v1
q_clothing_03,c111ac9d-3f3a-405c-a8db-4d127ccda9e2,3,8.316053173150372,bm25_regex_v1
q_clothing_03,24456103-f6b8-46af-8655-82e61d7265d8,4,8.316053173150372,bm25_regex_v1
q_clothing_03,c161453d-f2c8-4b97-a2c3-a54e0cbdb7e8,5,8.01201882227563,bm25_regex_v1
q_clothing_03,2743811c-5e71-4d2b-aa75-1b0147d44f2d,6,7.270371540466384,bm25_regex_v1
q_clothing_03,ad25c8a8-fcf3-4169-870d-06b96f93de16,7,7.025133281251395,bm25_regex_v1
q_clothing_03,3af9369c-1627-4640-9e24-2a80170f1ef6,8,7.025133281251395,bm25_regex_v1
q_clothing_03,413c17c7-cc44-4734-8980-f13b631b9629,9,7.025133281251395,bm25_regex_v1
q_clothing_03,e31d4049-65dc-4b56-9dc9-ff073b0dd0d9,10,7.025133281251395,bm25_regex_v1
q_clothing_03,841b2900-d736-4356-b077-ea6731baf9d1,11,7.025133281251395,bm25_regex_v1
q_clothing_03,1a8028e5-9951-4b99-9fb4-09cf9f5c1958,12,7.025133281251395,bm25_regex_v1
q_clothing_03,3d5956d4-0ca8-4f79-be24-a0e2c9286c9e,13,7.025133281251395,bm25_regex_v1
q_clothing_03,600a5c43-294c-4791-bc07-854be83091ff,14,7.025133281251395,bm25_regex_v1
q_clothing_03,4ee66f6f-09f7-4cc8-9449-a76374535d35,15,7.025133281251395,bm25_regex_v1
q_clothing_03,f4015506-d56c-4894-8a72-39fb86efec9c,16,7.025133281251395,bm25_regex_v1
q_clothing_03,6bf7d4d1-0596-40dd-8ff8-2c635c15f6ab,17,7.025133281251395,bm25_regex_v1
q_clothing_03,4c9ec80c-f903-4157-88ac-92f16af307fa,18,7.025133281251395,bm25_regex_v1
q_clothing_03,197a4575-5448-47fd-9a3a-a9a5cca7ec4b,19,7.025133281251395,bm25_regex_v1
q_clothing_03,d8bcea05-84ee-4c48-a547-041916842238,20,7.025133281251395,bm25_regex_v1
q_clothing_03,d0fa492c-3a34-4e56-bdb1-81c8d222e175,21,7.025133281251395,bm25_regex_v1
q_clothing_03,26220224-2c69-49c4-998f-cf019e71f136,22,7.025133281251395,bm25_regex_v1
q_clothing_03,641e76d3-ea66-458a-97ba-1882b4ab78b4,23,7.025133281251395,bm25_regex_v1
q_clothing_03,bd165bc3-a60b-481b-8760-5bce00a3cf4f,24,7.025133281251395,bm25_regex_v1
q_clothing_03,2dff2444-5de3-46aa-8cbe-2a5928b185dc,25,7.025133281251395,bm25_regex_v1
q_clothing_03,58f1076e-5a94-4c1b-bdcd-a3886a2b0f15,26,7.025133281251395,bm25_regex_v1
q_clothing_03,a301520d-59a2-4dfb-aa63-71f8212f58a9,27,7.025133281251395,bm25_regex_v1
q_clothing_03,f23b417a-8123-4389-b354-40e6f7f96924,28,7.025133281251395,bm25_regex_v1
q_clothing_03,d1ae6bf9-4e46-470d-b872-710693467a3d,29,7.025133281251395,bm25_regex_v1
q_clothing_03,07490210-f1e0-4a6e-8b2c-c549564745da,30,7.025133281251395,bm25_regex_v1
q_clothing_03,9c014e23-14c1-4797-8e5d-2d949b1cb8ee,31,7.025133281251395,bm25_regex_v1
q_clothing_03,0be4957d-6b1f-4146-82fd-f1c84ac6ca84,32,7.025133281251395,bm25_regex_v1
q_clothing_03,f51827ce-8d11-4ac7-b452-3b865b6bc90a,33,7.025133281251395,bm25_regex_v1
q_clothing_03,d9a6b700-9bb0-4940-aed0-1f6eefbde6d1,34,7.025133281251395,bm25_regex_v1
q_clothing_03,ffd7248d-a2ca-42d9-837e-04d04a4d300d,35,7.025133281251395,bm25_regex_v1
q_clothing_03,0d962cb0-9e7a-4c65-a83e-50ca752476c4,36,7.025133281251395,bm25_regex_v1
q_clothing_03,68331905-ce0e-4544-a338-03c530ceef03,37,7.025133281251395,bm25_regex_v1
q_clothing_03,101f067b-9256-4c87-aa09-8190370d38ae,38,7.025133281251395,bm25_regex_v1
q_clothing_03,bdd87a79-ec57-43d4-9edc-494f707a248a,39,7.025133281251395,bm25_regex_v1
q_clothing_03,159a2f7b-b9a8-4aaf-9cbd-2624c1910498,40,7.025133281251395,bm25_regex_v1
q_clothing_04,aba76fc2-984e-4030-ba01-e2e7d78264c7,1,9.939720297290684,bm25_regex_v1
q_clothing_04,77ea2c60-2f05-46cd-8449-7e5a16f40416,2,8.590826424954557,bm25_regex_v1
q_clothing_04,282b0e8b-051c-49f9-a707-b982df803589,3,8.510112072863361,bm25_regex_v1
q_clothing_04,f14df4d3-9858-4a8b-8597-20fd477d8e32,4,8.510112072863361,bm25_regex_v1
q_clothing_04,26220224-2c69-49c4-998f-cf019e71f136,5,7.025133281251395,bm25_regex_v1
q_clothing_04,bd165bc3-a60b-481b-8760-5bce00a3cf4f,6,7.025133281251395,bm25_regex_v1
q_clothing_04,3d5956d4-0ca8-4f79-be24-a0e2c9286c9e,7,7.025133281251395,bm25_regex_v1
q_clothing_04,4ee66f6f-09f7-4cc8-9449-a76374535d35,8,7.025133281251395,bm25_regex_v1
q_clothing_04,f4015506-d56c-4894-8a72-39fb86efec9c,9,7.025133281251395,bm25_regex_v1
q_clothing_04,d0fa492c-3a34-4e56-bdb1-81c8d222e175,10,7.025133281251395,bm25_regex_v1
q_clothing_04,e2c9e88c-d3b0-4c08-95eb-2e49f56f5120,11,7.025133281251395,bm25_regex_v1
q_clothing_04,641e76d3-ea66-458a-97ba-1882b4ab78b4,12,7.025133281251395,bm25_regex_v1
q_clothing_04,0352930b-2c8b-4c93-b1a5-4a873580604b,13,7.025133281251395,bm25_regex_v1
q_clothing_04,597c9513-9923-40d4-8505-9ad4f2c6b606,14,7.025133281251395,bm25_regex_v1
q_clothing_04,159a2f7b-b9a8-4aaf-9cbd-2624c1910498,15,7.025133281251395,bm25_regex_v1
q_clothing_04,39cdcf99-b246-4c92-a1ce-430456055aae,16,7.025133281251395,bm25_regex_v1
q_clothing_04,fceff6ad-e44f-40a3-8af2-e9642aa08ef6,17,7.025133281251395,bm25_regex_v1
q_clothing_04,9abffc7e-051d-4f6b-9e79-11136376f574,18,7.025133281251395,bm25_regex_v1
q_clothing_04,3048f878-8d02-4705-bc59-73bd2ebe9339,19,7.025133281251395,bm25_regex_v1
q_clothing_04,ac7b2f5d-646b-44e2-a850-a869cbb8fcc0,20,7.025133281251395,bm25_regex_v1
q_clothing_04,ec4d6f68-d1c4-4e1e-8727-8e6e93467e55,21,7.025133281251395,bm25_regex_v1
q_clothing_04,853bc8df-7829-4e64-8ff9-a603ff869e5c,22,7.025133281251395,bm25_regex_v1
q_clothing_04,5f7a9931-6680-4fcb-882a-78cddd3ad0f3,23,7.025133281251395,bm25_regex_v1
q_clothing_04,d9a6b700-9bb0-4940-aed0-1f6eefbde6d1,24,7.025133281251395,bm25_regex_v1
q_clothing_04,68331905-ce0e-4544-a338-03c530ceef03,25,7.025133281251395,bm25_regex_v1
q_clothing_04,63e4c97e-2b2d-4f3a-9f59-325531fd7d40,26,7.025133281251395,bm25_regex_v1
q_clothing_04,ad25c8a8-fcf3-4169-870d-06b96f93de16,27,7.025133281251395,bm25_regex_v1
q_clothing_04,441ab8f2-f52d-44c8-b8f7-8d2a5b1e4806,28,7.025133281251395,bm25_regex_v1
q_clothing_04,2dff2444-5de3-46aa-8cbe-2a5928b185dc,29,7.025133281251395,bm25_regex_v1
q_clothing_04,0a618541-1ad6-4688-bc49-dda573271f1d,30,7.025133281251395,bm25_regex_v1
q_clothing_04,916dd581-9795-44a6-a044-e206709803a4,31,7.025133281251395,bm25_regex_v1
q_clothing_04,2a1a27b5-6e8b-44a1-8971-a48abe0305fb,32,7.025133281251395,bm25_regex_v1
q_clothing_04,3f98149e-0427-4eec-8825-b864801c61c5,33,7.025133281251395,bm25_regex_v1
q_clothing_04,03bb289d-619e-4167-a4d6-867b6239e669,34,7.025133281251395,bm25_regex_v1
q_clothing_04,da257990-447d-4171-8f38-ef527039ecc8,35,7.025133281251395,bm25_regex_v1
q_clothing_04,10cf99d8-a820-4c81-8c3b-3d12c6c6feb8,36,7.025133281251395,bm25_regex_v1
q_clothing_04,32c42c1b-45d5-4679-97ee-9eafe613b030,37,7.025133281251395,bm25_regex_v1
q_clothing_04,afdd18fe-178a-4464-bb55-84bf8a01b443,38,7.025133281251395,bm25_regex_v1
q_clothing_04,7b072214-dae6-41c7-a5fe-8f8c64d98339,39,7.025133281251395,bm25_regex_v1
q_clothing_04,418b5888-d1b2-412f-9ee7-3833e60d7c79,40,7.025133281251395,bm25_regex_v1
q_pharmacy_01,2e81afae-c323-410c-9594-308d491038d9,1,7.967858988902673,bm25_regex_v1
q_pharmacy_01,d1baa10b-ecf1-4f80-8c6b-951a9c7b04f1,2,7.967858988902673,bm25_regex_v1
q_pharmacy_01,6f2858bf-1132-4950-a1d3-59e51b1b4332,3,7.967858988902673,bm25_regex_v1
q_pharmacy_01,0490f4d5-e6c2-47cf-a907-044c445946c0,4,7.967858988902673,bm25_regex_v1
q_pharmacy_01,64c3fb46-db34-4aae-bb26-f0d7ca5631dc,5,7.092291131474911,bm25_regex_v1
q_pharmacy_01,09e3c72c-0469-4c15-a060-8114a78d89ce,6,7.092291131474911,bm25_regex_v1
q_pharmacy_01,b40fe4dd-5aa7-40e9-9af5-9322bbe77a70,7,7.092291131474911,bm25_regex_v1
q_pharmacy_01,b3f08d6c-3d58-435d-bb15-fe04679b7fc8,8,7.092291131474911,bm25_regex_v1
q_pharmacy_01,cc4cb0b4-efc0-43a7-aaf8-c3be06baccbf,9,6.515702750164034,bm25_regex_v1
q_pharmacy_01,0d6924d4-fee7-4109-afea-a224322c86e8,10,6.515702750164034,bm25_regex_v1
q_pharmacy_01,640dd19b-6674-485a-98c3-595df88c96c5,11,6.515702750164034,bm25_regex_v1
q_pharmacy_01,c118f88e-16bb-4957-8de1-2bdf99b10471,12,6.515702750164034,bm25_regex_v1
q_pharmacy_01,0e234d09-3ef4-4174-a796-02637582c20a,13,6.515702750164034,bm25_regex_v1
q_pharmacy_01,615400b3-8a3e-4f26-8943-0b727b885352,14,6.515702750164034,bm25_regex_v1
q_pharmacy_01,85cdbf1a-60ed-454d-9e17-7a862bfe7e80,15,6.515702750164034,bm25_regex_v1
q_pharmacy_01,53449633-7842-47e3-a744-f50547575117,16,6.515702750164034,bm25_regex_v1
q_pharmacy_01,6c16ec91-174b-4bb4-927b-15545b0e4505,17,6.515702750164034,bm25_regex_v1
q_pharmacy_01,87b1f164-9bdd-4f28-b366-355e6506918a,18,6.515702750164034,bm25_regex_v1
q_pharmacy_01,0649a70e-7677-40ef-8fbd-f8eba9b6fe48,19,6.515702750164034,bm25_regex_v1
q_pharmacy_01,c4935183-6ecd-4aa6-9bd9-cce5f732d78a,20,6.515702750164034,bm25_regex_v1
q_pharmacy_01,e8ee5990-6d17-4c01-9f97-d9df30451010,21,6.515702750164034,bm25_regex_v1
q_pharmacy_01,e27933d0-8645-4e95-b039-50a08db373a4,22,6.515702750164034,bm25_regex_v1
q_pharmacy_01,ed72d25a-cccf-4b6d-908c-4d65fda5daf9,23,6.515702750164034,bm25_regex_v1
q_pharmacy_01,82866a9a-a135-46fa-b0c2-dbc2786c5d9b,24,6.515702750164034,bm25_regex_v1
q_pharmacy_01,d87b2e4a-b9df-4c04-bc30-faa3e781907c,25,6.515702750164034,bm25_regex_v1
q_pharmacy_01,dd45da4b-8ee2-494c-b04a-3eca5c5df708,26,6.515702750164034,bm25_regex_v1
q_pharmacy_01,9c79d17a-e97f-46fa-ae02-5f7ef9c39b8f,27,6.515702750164034,bm25_regex_v1
q_pharmacy_01,5218445b-3bfa-41a4-8e67-a3b31003530d,28,6.515702750164034,bm25_regex_v1
q_pharmacy_01,4d801219-e975-4c69-a2df-24c7eae219fa,29,6.515702750164034,bm25_regex_v1
q_pharmacy_01,4a0aa3ba-cfee-4fe8-a9c4-5ccbc1002663,30,6.515702750164034,bm25_regex_v1
q_pharmacy_01,3363390d-a16f-453c-a029-6fdb6c35a517,31,6.515702750164034,bm25_regex_v1
q_pharmacy_01,519cc487-432c-4c49-9c97-4076291c6ac3,32,6.515702750164034,bm25_regex_v1
q_pharmacy_01,39448cbc-2a6a-4ecd-bf7c-61de75b5b4f2,33,6.515702750164034,bm25_regex_v1
q_pharmacy_01,31672f01-4469-40cd-9a5c-5712d54915bf,34,6.515702750164034,bm25_regex_v1
q_pharmacy_01,ab3cdf2c-cde7-498b-8654-f151688af0da,35,6.515702750164034,bm25_regex_v1
q_pharmacy_01,a707784e-30e1-4701-9c36-8bbd04397e9f,36,6.515702750164034,bm25_regex_v1
q_pharmacy_01,8e97a180-474b-47ea-b08e-bbd924c20b51,37,6.515702750164034,bm25_regex_v1
q_pharmacy_01,70095cf4-dc6c-4faf-b74a-2eb258e4bba9,38,6.515702750164034,bm25_regex_v1
q_pharmacy_01,84c114e3-f8e0-4971-8503-ce83acfea251,39,6.515702750164034,bm25_regex_v1
q_pharmacy_01,25528554-50f3-4e82-b0aa-518d7c5a8774,40,6.515702750164034,bm25_regex_v1
q_pharmacy_02,38cec023-32ca-41be-9c90-2a94ef51c509,1,8.161099407317021,bm25_regex_v1
q_pharmacy_02,f3667c0f-72fe-4406-9f9b-1136d76250e4,2,7.134902054431808,bm25_regex_v1
q_pharmacy_02,29a2aad2-d17f-4c12-a988-a0b25c3764fc,3,7.134902054431808,bm25_regex_v1
q_pharmacy_02,76283f74-600b-4477-88c9-66dd919d5042,4,6.337951896789136,bm25_regex_v1
q_pharmacy_02,dd3f3ca4-102a-462d-b97d-95cab88f5168,5,6.337951896789136,bm25_regex_v1
q_pharmacy_02,ed881347-fbec-4bcf-b139-d58eaedbcbdd,6,5.2128985400481875,bm25_regex_v1
q_pharmacy_02,a8c4d68d-9c33-4438-88f5-b8595633227b,7,5.2128985400481875,bm25_regex_v1
q_pharmacy_02,034281ae-47fa-4317-b7de-ad8eda5fd58f,8,5.2128985400481875,bm25_regex_v1
q_pharmacy_02,68c9380a-4eef-42f7-8148-1fbe2baf30b5,9,5.2128985400481875,bm25_regex_v1
q_pharmacy_02,2143778b-1903-4d2a-8fb7-49c4066548b8,10,5.2128985400481875,bm25_regex_v1
q_pharmacy_02,e2fb31a1-c017-49a7-afaa-e2eb0cf3ede1,11,5.2128985400481875,bm25_regex_v1
q_pharmacy_02,0a38e3f4-39d4-4c86-9860-15c521a05fb2,12,5.2128985400481875,bm25_regex_v1
q_pharmacy_02,b5b4221d-cc4e-419d-8ff0-530ea0472346,13,5.2128985400481875,bm25_regex_v1
q_pharmacy_02,737c42d4-56fa-4184-91b4-5391830e84ab,14,5.2128985400481875,bm25_regex_v1
q_pharmacy_02,b8d3def2-0077-4897-8371-4ddc5154bc69,15,5.2128985400481875,bm25_regex_v1
q_pharmacy_02,23aae5d2-d813-439f-94f3-33dbd01f75cb,16,5.2128985400481875,bm25_regex_v1
q_pharmacy_02,7f285e7c-e19d-43bd-a23d-3d260ef6a19d,17,5.2128985400481875,bm25_regex_v1
q_pharmacy_02,642d6a2c-0023-45ec-abf5-df99fecd38f7,18,5.2128985400481875,bm25_regex_v1
q_pharmacy_02,19d0351d-00a1-45fc-8b37-a4767215e615,19,5.2128985400481875,bm25_regex_v1
q_pharmacy_02,97fa9477-2a88-45a8-aefd-20aa278289a9,20,5.2128985400481875,bm25_regex_v1
q_pharmacy_02,81f5156c-b98e-494c-96f1-262b2ff23d88,21,5.2128985400481875,bm25_regex_v1
q_pharmacy_02,19b10f19-86a0-4d5d-81e5-addbb0e8d166,22,5.2128985400481875,bm25_regex_v1
q_pharmacy_02,d67c3743-7191-4153-95df-9985cfb379f2,23,5.2128985400481875,bm25_regex_v1
q_pharmacy_02,7a8d5c49-b932-45a3-8041-09508e7dfe7d,24,5.2128985400481875,bm25_regex_v1
q_pharmacy_02,6c861454-db6f-4ec5-9a18-f5390c535c6c,25,5.2128985400481875,bm25_regex_v1
q_pharmacy_02,1f68f220-8902-4abf-8a26-61555953a00c,26,5.2128985400481875,bm25_regex_v1
q_pharmacy_02,e773fe06-21e5-4340-89cd-f33e6b18361b,27,5.2128985400481875,bm25_regex_v1
q_pharmacy_02,319ebe1e-6604-42f1-8f61-1ea0d98780b3,28,5.2128985400481875,bm25_regex_v1
q_pharmacy_02,19b67c02-0b61-41fe-8754-dff52c56ba88,29,5.2128985400481875,bm25_regex_v1
q_pharmacy_02,56e5b9a3-6ea3-4213-8563-007861bc8d4b,30,5.2128985400481875,bm25_regex_v1
q_pharmacy_02,752acd0d-f12e-4b25-bd29-12a0ec9f07bf,31,5.2128985400481875,bm25_regex_v1
q_pharmacy_02,6aef7a99-89a0-4ee4-b65f-bc5177b1b2c0,32,5.2128985400481875,bm25_regex_v1
q_pharmacy_02,d392529f-9945-48a3-b413-ef6fcb0d4385,33,5.2128985400481875,bm25_regex_v1
q_pharmacy_02,6cd789bc-bf33-44fc-9e96-742a27e010fe,34,5.2128985400481875,bm25_regex_v1
q_pharmacy_02,008f6b90-4bab-45de-be49-429a25b6ab04,35,5.2128985400481875,bm25_regex_v1
q_pharmacy_02,e878b1e0-c782-4a8c-b66e-0362d1cd7b5a,36,5.2128985400481875,bm25_regex_v1
q_pharmacy_02,18ac9e2d-4b4f-49dc-b5bc-92a6177121e9,37,5.2128985400481875,bm25_regex_v1
q_pharmacy_02,c9fd5157-0e3f-4f68-94b5-6b70a74668f8,38,5.2128985400481875,bm25_regex_v1
q_pharmacy_02,fe72bcc6-7983-4914-abbd-9cde4de2ebf5,39,5.2128985400481875,bm25_regex_v1
q_pharmacy_02,9ed7b3f5-94b7-4d37-98f2-5e8e0a778226,40,5.2128985400481875,bm25_regex_v1
q_pharmacy_03,76a3551b-dae4-4326-92cc-662015aedbfb,1,9.713061568494638,bm25_regex_v1
q_pharmacy_03,c111ac9d-3f3a-405c-a8db-4d127ccda9e2,2,8.316053173150372,bm25_regex_v1
q_pharmacy_03,24456103-f6b8-46af-8655-82e61d7265d8,3,8.316053173150372,bm25_regex_v1
q_pharmacy_03,56dc9104-83b1-42bf-81e7-a6f9bd4e0552,4,7.585053740146207,bm25_regex_v1
q_pharmacy_03,b9345d1f-69e3-48bc-b82e-a796af4f6956,5,7.585053740146207,bm25_regex_v1
q_pharmacy_03,9daf637b-95bc-4162-8087-aff4a8e54ba4,6,7.585053740146207,bm25_regex_v1
q_pharmacy_03,8fc53d4b-2748-46cb-bd31-5c94f81809b5,7,7.585053740146207,bm25_regex_v1
q_pharmacy_03,f8606881-4bc8-4c37-b05e-62f41b641ff7,8,7.585053740146207,bm25_regex_v1
q_pharmacy_03,472ec2d2-b9e4-4776-a1e5-7b6773de3ae7,9,7.585053740146207,bm25_regex_v1
q_pharmacy_03,f74c93bb-9559-439b-a998-b129c5381fe1,10,7.585053740146207,bm25_regex_v1
q_pharmacy_03,a77b643b-6b18-4c2d-bf70-a5eb0d94052d,11,7.585053740146207,bm25_regex_v1
q_pharmacy_03,cb5aab6f-8a96-4869-bf97-b1ff47ca5f8c,12,7.585053740146207,bm25_regex_v1
q_pharmacy_03,e3df78a6-fbf3-461f-be41-0b389333956c,13,7.585053740146207,bm25_regex_v1
q_pharmacy_03,80749931-eddc-4cab-804c-407480c96882,14,7.585053740146207,bm25_regex_v1
q_pharmacy_03,2a633b20-85c3-4a0f-b7a6-0a7dfca384c9,15,7.585053740146207,bm25_regex_v1
q_pharmacy_03,397afc8c-f4f1-4bed-bb40-156a737947d1,16,7.585053740146207,bm25_regex_v1
q_pharmacy_03,19696ed9-7515-4691-9eb6-4c7eef90cca6,17,7.585053740146207,bm25_regex_v1
q_pharmacy_03,6a110f69-bfac-401e-bba9-c0788d530655,18,7.585053740146207,bm25_regex_v1
q_pharmacy_03,68b302ed-2b36-478d-969a-f45a077fbaea,19,7.585053740146207,bm25_regex_v1
q_pharmacy_03,bcb66a5e-5838-4234-8209-75a7bc33a73b,20,7.585053740146207,bm25_regex_v1
q_pharmacy_03,269e7bb7-4484-4f82-9988-c213c94852df,21,7.585053740146207,bm25_regex_v1
q_pharmacy_03,69ec2005-e332-4a7d-997b-c8ee0762d909,22,7.585053740146207,bm25_regex_v1
q_pharmacy_03,dbaa02af-a653-42f1-b2b0-1a3f014573e4,23,7.585053740146207,bm25_regex_v1
q_pharmacy_03,f3ee6870-c07a-48c0-84d4-a24098c74c04,24,7.585053740146207,bm25_regex_v1
q_pharmacy_03,95260bfe-8803-4305-9217-b7848b52e8e1,25,7.585053740146207,bm25_regex_v1
q_pharmacy_03,ea77da95-88fa-4ef4-88a0-4ac1cc8f5ddd,26,7.585053740146207,bm25_regex_v1
q_pharmacy_03,f8f88404-e507-4828-8f8c-e3d7fd4b2a92,27,7.585053740146207,bm25_regex_v1
q_pharmacy_03,364b99d1-6cdf-4d54-b4c4-9ce4cfe6a1fa,28,7.585053740146207,bm25_regex_v1
q_pharmacy_03,53f408c2-5a97-4fbc-a2a6-645fde53638e,29,7.585053740146207,bm25_regex_v1
q_pharmacy_03,72ccc8ac-49dd-44bf-ba44-94696b4361e9,30,7.585053740146207,bm25_regex_v1
q_pharmacy_03,5b2acd9b-f13d-4940-a1fd-4a41a0846c2f,31,7.585053740146207,bm25_regex_v1
q_pharmacy_03,958e7efc-3f1d-4dc0-8e62-8a478095454c,32,7.585053740146207,bm25_regex_v1
q_pharmacy_03,4de1fef6-c21b-4942-a92a-e5d1906225fe,33,7.585053740146207,bm25_regex_v1
q_pharmacy_03,059295b5-0d3e-485e-b032-1ce49b173b89,34,7.585053740146207,bm25_regex_v1
q_pharmacy_03,94b2bcce-4a65-4dc0-b375-dc2c6694a73e,35,7.585053740146207,bm25_regex_v1
q_pharmacy_03,49d4edb2-6438-44c2-bffe-7743b41304a3,36,7.585053740146207,bm25_regex_v1
q_pharmacy_03,f495f606-120f-4dc4-a2c6-164b57a7e083,37,7.585053740146207,bm25_regex_v1
q_pharmacy_03,8bb213a2-4ac2-4af1-bf6f-338e9d5258d0,38,7.585053740146207,bm25_regex_v1
q_pharmacy_03,b42afb57-6801-47a6-8838-9165af6c767d,39,7.585053740146207,bm25_regex_v1
q_pharmacy_03,83adc225-4787-4ef9-970d-b90e53bb78b2,40,7.585053740146207,bm25_regex_v1
q_pharmacy_04,aba76fc2-984e-4030-ba01-e2e7d78264c7,1,9.939720297290684,bm25_regex_v1
q_pharmacy_04,f14df4d3-9858-4a8b-8597-20fd477d8e32,2,8.510112072863361,bm25_regex_v1
q_pharmacy_04,282b0e8b-051c-49f9-a707-b982df803589,3,8.510112072863361,bm25_regex_v1
q_pharmacy_04,c161453d-f2c8-4b97-a2c3-a54e0cbdb7e8,4,8.01201882227563,bm25_regex_v1
q_pharmacy_04,397afc8c-f4f1-4bed-bb40-156a737947d1,5,7.585053740146207,bm25_regex_v1
q_pharmacy_04,9daf637b-95bc-4162-8087-aff4a8e54ba4,6,7.585053740146207,bm25_regex_v1
q_pharmacy_04,f8606881-4bc8-4c37-b05e-62f41b641ff7,7,7.585053740146207,bm25_regex_v1
q_pharmacy_04,56dc9104-83b1-42bf-81e7-a6f9bd4e0552,8,7.585053740146207,bm25_regex_v1
q_pharmacy_04,cb5aab6f-8a96-4869-bf97-b1ff47ca5f8c,9,7.585053740146207,bm25_regex_v1
q_pharmacy_04,958e7efc-3f1d-4dc0-8e62-8a478095454c,10,7.585053740146207,bm25_regex_v1
q_pharmacy_04,f74c93bb-9559-439b-a998-b129c5381fe1,11,7.585053740146207,bm25_regex_v1
q_pharmacy_04,a77b643b-6b18-4c2d-bf70-a5eb0d94052d,12,7.585053740146207,bm25_regex_v1
q_pharmacy_04,80749931-eddc-4cab-804c-407480c96882,13,7.585053740146207,bm25_regex_v1
q_pharmacy_04,472ec2d2-b9e4-4776-a1e5-7b6773de3ae7,14,7.585053740146207,bm25_regex_v1
q_pharmacy_04,b9345d1f-69e3-48bc-b82e-a796af4f6956,15,7.585053740146207,bm25_regex_v1
q_pharmacy_04,8fc53d4b-2748-46cb-bd31-5c94f81809b5,16,7.585053740146207,bm25_regex_v1
q_pharmacy_04,f3ee6870-c07a-48c0-84d4-a24098c74c04,17,7.585053740146207,bm25_regex_v1
q_pharmacy_04,19696ed9-7515-4691-9eb6-4c7eef90cca6,18,7.585053740146207,bm25_regex_v1
q_pharmacy_04,5b2acd9b-f13d-4940-a1fd-4a41a0846c2f,19,7.585053740146207,bm25_regex_v1
q_pharmacy_04,68b302ed-2b36-478d-969a-f45a077fbaea,20,7.585053740146207,bm25_regex_v1
q_pharmacy_04,bcb66a5e-5838-4234-8209-75a7bc33a73b,21,7.585053740146207,bm25_regex_v1
q_pharmacy_04,269e7bb7-4484-4f82-9988-c213c94852df,22,7.585053740146207,bm25_regex_v1
q_pharmacy_04,69ec2005-e332-4a7d-997b-c8ee0762d909,23,7.585053740146207,bm25_regex_v1
q_pharmacy_04,dbaa02af-a653-42f1-b2b0-1a3f014573e4,24,7.585053740146207,bm25_regex_v1
q_pharmacy_04,ea77da95-88fa-4ef4-88a0-4ac1cc8f5ddd,25,7.585053740146207,bm25_regex_v1
q_pharmacy_04,364b99d1-6cdf-4d54-b4c4-9ce4cfe6a1fa,26,7.585053740146207,bm25_regex_v1
q_pharmacy_04,6a110f69-bfac-401e-bba9-c0788d530655,27,7.585053740146207,bm25_regex_v1
q_pharmacy_04,f8f88404-e507-4828-8f8c-e3d7fd4b2a92,28,7.585053740146207,bm25_regex_v1
q_pharmacy_04,95260bfe-8803-4305-9217-b7848b52e8e1,29,7.585053740146207,bm25_regex_v1
q_pharmacy_04,72ccc8ac-49dd-44bf-ba44-94696b4361e9,30,7.585053740146207,bm25_regex_v1
q_pharmacy_04,225e76fc-ea82-4f63-b3b4-f610fbd295ec,31,7.585053740146207,bm25_regex_v1
q_pharmacy_04,2a633b20-85c3-4a0f-b7a6-0a7dfca384c9,32,7.585053740146207,bm25_regex_v1
q_pharmacy_04,f13f34fd-f4e5-4ce0-b5c6-6f5ed847d631,33,7.585053740146207,bm25_regex_v1
q_pharmacy_04,4de1fef6-c21b-4942-a92a-e5d1906225fe,34,7.585053740146207,bm25_regex_v1
q_pharmacy_04,94b2bcce-4a65-4dc0-b375-dc2c6694a73e,35,7.585053740146207,bm25_regex_v1
q_pharmacy_04,e6f377f3-53e7-4b37-bfaf-b9d4cc043d14,36,7.585053740146207,bm25_regex_v1
q_pharmacy_04,f495f606-120f-4dc4-a2c6-164b57a7e083,37,7.585053740146207,bm25_regex_v1
q_pharmacy_04,8bb213a2-4ac2-4af1-bf6f-338e9d5258d0,38,7.585053740146207,bm25_regex_v1
q_pharmacy_04,b42afb57-6801-47a6-8838-9165af6c767d,39,7.585053740146207,bm25_regex_v1
q_pharmacy_04,49d4edb2-6438-44c2-bffe-7743b41304a3,40,7.585053740146207,bm25_regex_v1
q_butcher_01,607770d9-d4fb-4782-bc96-3bbcbbc116b4,1,8.515954093902634,bm25_regex_v1
q_butcher_01,de672acc-5df1-4c94-9328-01a72b7f4249,2,8.515954093902634,bm25_regex_v1
q_butcher_01,698cbd22-283d-4453-9bda-dc8099a5fdc7,3,8.515954093902634,bm25_regex_v1
q_butcher_01,61e6f691-ff99-4061-9c81-d5b3213a00aa,4,8.515954093902634,bm25_regex_v1
q_butcher_01,75cbc1a9-fe25-4a4c-8477-05ccf35ae51f,5,6.963906563506307,bm25_regex_v1
q_butcher_01,1f76b248-ba7f-4493-89ee-99687695ca6a,6,6.963906563506307,bm25_regex_v1
q_butcher_01,874797c6-8760-4861-bae0-866990abd9f4,7,6.963906563506307,bm25_regex_v1
q_butcher_01,d55885b2-81ff-44f1-9c74-124f8818ddab,8,6.963906563506307,bm25_regex_v1
q_butcher_01,272eca6c-ca8b-4d02-aeff-1d14ff621e5b,9,6.963906563506307,bm25_regex_v1
q_butcher_01,89ce291a-591a-44c8-b7a9-5a4082e6140c,10,6.963906563506307,bm25_regex_v1
q_butcher_01,415ba83b-41d0-49bf-a67e-a14abb8f1197,11,6.963906563506307,bm25_regex_v1
q_butcher_01,c618781b-dab6-4152-9e7e-522e1f7e62de,12,6.963906563506307,bm25_regex_v1
q_butcher_01,ea722d89-ecdc-44cd-b899-009a7b871d35,13,6.963906563506307,bm25_regex_v1
q_butcher_01,581e116f-2f89-43ea-9a32-57d7716c7830,14,6.963906563506307,bm25_regex_v1
q_butcher_01,ec807b7f-7c07-4671-a04b-e64a4cdde19a,15,6.963906563506307,bm25_regex_v1
q_butcher_01,d7923d99-60e6-420f-b939-ec87c2bbaed7,16,6.963906563506307,bm25_regex_v1
q_butcher_01,fc13655f-f132-47b4-9750-568f9a4329f9,17,6.963906563506307,bm25_regex_v1
q_butcher_01,2a82b7d1-7596-437b-b40d-ff687f04c2a0,18,6.963906563506307,bm25_regex_v1
q_butcher_01,be32b5ec-6c6a-4bef-b9b1-ffe9cff0e292,19,6.963906563506307,bm25_regex_v1
q_butcher_01,9ebf2c79-553c-4cd1-b07e-1379fdd1951f,20,6.963906563506307,bm25_regex_v1
q_butcher_01,14682983-45a2-4ef7-94f3-5c46f0f98d47,21,6.963906563506307,bm25_regex_v1
q_butcher_01,8a854eb5-9876-4b7d-be96-400ef0c7b4f1,22,6.963906563506307,bm25_regex_v1
q_butcher_01,46393e77-442c-4144-a574-b0f14777ce7e,23,6.963906563506307,bm25_regex_v1
q_butcher_01,38fc3e8a-6087-4c93-bf56-d53333f7a13d,24,6.963906563506307,bm25_regex_v1
q_butcher_01,f0883290-018a-432a-bc34-de576cf2a84d,25,6.963906563506307,bm25_regex_v1
q_butcher_01,5b1bffd4-1ee2-43de-8a9e-6355c700af5e,26,6.963906563506307,bm25_regex_v1
q_butcher_01,d0fa2e94-3351-4d69-b4c6-69d4714b4d51,27,6.963906563506307,bm25_regex_v1
q_butcher_01,d59b7757-2116-468c-a5f3-a520c23e2b09,28,6.963906563506307,bm25_regex_v1
q_butcher_01,9495bfb7-c97f-49c5-ad6a-348b0b239fac,29,6.963906563506307,bm25_regex_v1
q_butcher_01,1d995b95-6a25-450d-90ff-0cd871015735,30,6.963906563506307,bm25_regex_v1
q_butcher_01,c51b7c92-cc2b-4447-bbda-1c5efe71e848,31,6.963906563506307,bm25_regex_v1
q_butcher_01,c580ceea-a50e-4d51-a1ff-bd44f24dd7a3,32,6.963906563506307,bm25_regex_v1
q_butcher_01,f0f41e05-bf89-4d78-aa79-b07922648cda,33,6.963906563506307,bm25_regex_v1
q_butcher_01,2eb946e5-790c-4217-90cb-66b03e7f6661,34,6.963906563506307,bm25_regex_v1
q_butcher_01,89d09d1f-22b7-411f-8278-783b7e6ef26b,35,6.963906563506307,bm25_regex_v1
q_butcher_01,be9a70d3-838f-4ef2-a55e-eea38701d2e2,36,6.963906563506307,bm25_regex_v1
q_butcher_01,57175738-3aa8-4833-93b2-59a7bddab25c,37,6.963906563506307,bm25_regex_v1
q_butcher_01,874c51a9-7197-4a65-be73-25a3df0596e2,38,6.963906563506307,bm25_regex_v1
q_butcher_01,c4398faf-665a-4382-805c-0ac7549b1154,39,6.963906563506307,bm25_regex_v1
q_butcher_01,c1aa9093-c39f-4f99-bd05-cb146b5365d9,40,6.963906563506307,bm25_regex_v1
q_butcher_02,bf754421-0fa5-4d53-834c-9c9791627931,1,9.713778993717991,bm25_regex_v1
q_butcher_02,13633742-b737-42b8-b4c5-efff9dc6851d,2,7.943425779999964,bm25_regex_v1
q_butcher_02,c4cd913e-9cce-49d3-ba7d-c7b2a17b1ebf,3,7.943425779999964,bm25_regex_v1
q_butcher_02,4896c96f-af49-4355-a681-d93d7c438f21,4,7.943425779999964,bm25_regex_v1
q_butcher_02,a25fd45b-1e9c-4cfc-a607-046d91b5a5cb,5,7.943425779999964,bm25_regex_v1
q_butcher_02,b019866d-0ece-4f2b-9bce-a6f6fcfcea15,6,7.943425779999964,bm25_regex_v1
q_butcher_02,b380cb25-b629-4dab-9585-1f62c7bbb64a,7,7.943425779999964,bm25_regex_v1
q_butcher_02,4fe7f84f-f00c-427d-99a9-74319e7bf14e,8,7.943425779999964,bm25_regex_v1
q_butcher_02,71aebd10-3189-46fc-8212-80e06b43bda7,9,7.943425779999964,bm25_regex_v1
q_butcher_02,10515db9-c4d7-4154-aa8b-d21dc4dbb79f,10,7.943425779999964,bm25_regex_v1
q_butcher_02,165336b5-136d-475f-b0b8-c00f5caafdda,11,7.943425779999964,bm25_regex_v1
q_butcher_02,6b2e733c-4661-41b0-8b71-41fe34e1bce7,12,7.943425779999964,bm25_regex_v1
q_butcher_02,ddde331d-8379-4731-8ebf-f20b2a88569c,13,7.943425779999964,bm25_regex_v1
q_butcher_02,c03876f3-e321-4d01-b236-fee61276db34,14,7.943425779999964,bm25_regex_v1
q_butcher_02,56073db9-b8ba-4b49-8283-e1fc1b4d837d,15,7.943425779999964,bm25_regex_v1
q_butcher_02,46653b1d-5cf4-4214-b3e6-69a48a185820,16,7.943425779999964,bm25_regex_v1
q_butcher_02,9047422e-308a-41d1-97e3-fed6f2443250,17,7.943425779999964,bm25_regex_v1
q_butcher_02,bc77e8d3-42f7-4ce8-b427-e62787cf8afc,18,7.943425779999964,bm25_regex_v1
q_butcher_02,3ce6a432-bc05-4342-9aed-87d1af815451,19,7.943425779999964,bm25_regex_v1
q_butcher_02,06d5ff46-44d5-47d0-83b7-f8c6df4af169,20,7.943425779999964,bm25_regex_v1
q_butcher_02,13f1ea34-4c7a-4c2b-9952-3dd7251b4b5c,21,7.943425779999964,bm25_regex_v1
q_butcher_02,43207ab9-1aae-4898-8cff-584a4507513a,22,7.943425779999964,bm25_regex_v1
q_butcher_02,5059701c-6d8f-4550-86d7-963663805c1c,23,7.943425779999964,bm25_regex_v1
q_butcher_02,80009823-8bed-4194-8946-546870be5338,24,7.943425779999964,bm25_regex_v1
q_butcher_02,124d6e91-199b-4a5b-8e15-1f3a32344747,25,7.943425779999964,bm25_regex_v1
q_butcher_02,ad8d8e75-e76f-4ab9-b0cc-23ab6791360b,26,7.943425779999964,bm25_regex_v1
q_butcher_02,9211cda0-4ac6-4454-871b-59ae2b54ba9e,27,7.943425779999964,bm25_regex_v1
q_butcher_02,c1082f66-a832-4863-933d-c337d35d0299,28,7.943425779999964,bm25_regex_v1
q_butcher_02,38c6652d-812b-448a-8396-0b5dd54e9d2b,29,7.943425779999964,bm25_regex_v1
q_butcher_02,5225d591-28d0-4249-91cf-2b80449d55ac,30,7.943425779999964,bm25_regex_v1
q_butcher_02,4225c9ba-cfab-489f-b595-dac7030a92f7,31,7.943425779999964,bm25_regex_v1
q_butcher_02,974720cd-152d-4f3d-ac08-8f11fdbca904,32,7.943425779999964,bm25_regex_v1
q_butcher_02,32dd9f89-31de-4b45-bb67-6cefaa1f4748,33,7.943425779999964,bm25_regex_v1
q_butcher_02,59fd268f-ce4f-42cf-8723-6dc548238504,34,7.943425779999964,bm25_regex_v1
q_butcher_02,ec1a199f-1190-40bd-a53c-e80f95ae5e57,35,7.943425779999964,bm25_regex_v1
q_butcher_02,f84b131d-e06b-4f90-b314-b18e3203e88e,36,7.943425779999964,bm25_regex_v1
q_butcher_02,8bd20d7e-dbd7-4c2e-97fa-8178f63c2137,37,7.943425779999964,bm25_regex_v1
q_butcher_02,7ed8a0b8-e95d-4a9a-9a9f-5dd48315f429,38,7.943425779999964,bm25_regex_v1
q_butcher_02,bf78578b-f59c-407e-90ec-36c8a2368e3e,39,7.943425779999964,bm25_regex_v1
q_butcher_02,2a7eca4b-ca80-4652-b91b-182ccba77e24,40,7.943425779999964,bm25_regex_v1
q_butcher_03,76a3551b-dae4-4326-92cc-662015aedbfb,1,9.713061568494638,bm25_regex_v1
q_butcher_03,c111ac9d-3f3a-405c-a8db-4d127ccda9e2,2,8.316053173150372,bm25_regex_v1
q_butcher_03,24456103-f6b8-46af-8655-82e61d7265d8,3,8.316053173150372,bm25_regex_v1
q_butcher_03,c161453d-f2c8-4b97-a2c3-a54e0cbdb7e8,4,8.01201882227563,bm25_regex_v1
q_butcher_03,bb3b06a9-695f-4c7d-a3cd-ae3c9b0f628d,5,7.331847863497813,bm25_regex_v1
q_butcher_03,2743811c-5e71-4d2b-aa75-1b0147d44f2d,6,7.270371540466384,bm25_regex_v1
q_butcher_03,4f2eb289-2615-4541-ac4f-a1cb25e88c66,7,6.735784022735445,bm25_regex_v1
q_butcher_03,fad8905a-f3ea-419a-b846-9363525ba589,8,6.735784022735445,bm25_regex_v1
q_butcher_03,d1982de9-4db9-4a6b-bb74-ff7d3f7996fd,9,6.735784022735445,bm25_regex_v1
q_butcher_03,8a119df6-f706-46d4-aac7-2ea415318f6c,10,6.735784022735445,bm25_regex_v1
q_butcher_03,c17147fb-5a60-4b3a-9073-702cfab82041,11,6.735784022735445,bm25_regex_v1
q_butcher_03,ea4d7710-6662-44f8-8c89-03e095064f4a,12,6.735784022735445,bm25_regex_v1
q_butcher_03,99ae8ccd-ad8c-4c23-8435-7a6ec639d137,13,6.735784022735445,bm25_regex_v1
q_butcher_03,7c0e8db0-639e-49f5-b1d5-327d8ef1d69f,14,6.735784022735445,bm25_regex_v1
q_butcher_03,a02d67a0-6ef3-4ac6-b7b9-5ae01b9b2dec,15,6.735784022735445,bm25_regex_v1
q_butcher_03,6dbc706b-973f-4261-a856-2c145c345c47,16,6.735784022735445,bm25_regex_v1
q_butcher_03,0d59cc17-2fb1-4b9c-be93-f4b8d9305d1c,17,6.735784022735445,bm25_regex_v1
q_butcher_03,1556b93c-7074-4343-a4e3-67ba622bc4bc,18,6.735784022735445,bm25_regex_v1
q_butcher_03,14eeab5d-d179-42ca-b08c-16cf808b9092,19,6.735784022735445,bm25_regex_v1
q_butcher_03,4277402a-22c7-4928-b77c-1885226b9b30,20,6.735784022735445,bm25_regex_v1
q_butcher_03,88ca3040-9085-42db-a6b4-7491a1b5ef9f,21,6.735784022735445,bm25_regex_v1
q_butcher_03,4e82aa46-3dd8-466a-baf4-802b50982528,22,6.735784022735445,bm25_regex_v1
q_butcher_03,3c77c3ab-ffec-48ab-911b-24834e43d4c3,23,6.735784022735445,bm25_regex_v1
q_butcher_03,6658836c-e934-4620-8e07-d919b52b3400,24,6.735784022735445,bm25_regex_v1
q_butcher_03,50247b85-534a-4586-82ca-82a0b27a1382,25,6.735784022735445,bm25_regex_v1
q_butcher_03,26395110-ac4e-446c-96bb-fd8078f75c08,26,6.735784022735445,bm25_regex_v1
q_butcher_03,5164a722-6911-48c3-a31e-94e46d73d4bb,27,6.735784022735445,bm25_regex_v1
q_butcher_03,9ca86ba9-9f92-4915-b081-54f36f8c1374,28,6.735784022735445,bm25_regex_v1
q_butcher_03,848c9a77-a240-4fe8-a647-2d08163e02fa,29,6.735784022735445,bm25_regex_v1
q_butcher_03,4b4df366-9975-4daa-abaa-c1da3bc13e77,30,6.735784022735445,bm25_regex_v1
q_butcher_03,baba2ced-55e3-4183-b69c-232ac9bcb5be,31,6.735784022735445,bm25_regex_v1
q_butcher_03,921e2c40-7d8b-4b0b-855e-3c09189f6041,32,6.735784022735445,bm25_regex_v1
q_butcher_03,e3c52b87-c950-4132-a5d7-23df51efee5f,33,6.735784022735445,bm25_regex_v1
q_butcher_03,66d8e311-a6b1-46f3-8e0f-fb9989860b60,34,6.735784022735445,bm25_regex_v1
q_butcher_03,97dc33c2-9761-4ed6-a36d-2f5a3612b1d1,35,6.735784022735445,bm25_regex_v1
q_butcher_03,6e0dae0c-41a4-4bd2-ad22-6b9f0baa049f,36,6.735784022735445,bm25_regex_v1
q_butcher_03,0d885ea0-4abb-48be-b4ce-ed76673822f5,37,6.735784022735445,bm25_regex_v1
q_butcher_03,df31dd44-8488-4c6d-948c-11e641773681,38,6.735784022735445,bm25_regex_v1
q_butcher_03,ec00f0ed-8ac5-4d11-aae2-3816a6cc3cac,39,6.735784022735445,bm25_regex_v1
q_butcher_03,5a7cf655-da96-4399-870e-3a2d7bc8f9fb,40,6.735784022735445,bm25_regex_v1
q_butcher_04,9cccd09e-9238-428e-ba55-a62ca9e6dd1e,1,11.268524831667527,bm25_regex_v1
q_butcher_04,1d25228e-8fbf-418b-9a30-a837bf985745,2,10.03025515885126,bm25_regex_v1
q_butcher_04,aba76fc2-984e-4030-ba01-e2e7d78264c7,3,9.939720297290684,bm25_regex_v1
q_butcher_04,277eeef8-4048-484e-be30-2cb6aa510027,4,9.214816469298421,bm25_regex_v1
q_butcher_04,956c47d9-0ece-4bc4-901f-3ab31fa32d62,5,9.214816469298421,bm25_regex_v1
q_butcher_04,6166067b-a68e-4b32-b555-b1a965804cd3,6,9.214816469298421,bm25_regex_v1
q_butcher_04,a78c6b01-967c-423a-94a0-8bd04ac50ec6,7,9.214816469298421,bm25_regex_v1
q_butcher_04,d86a022d-fe17-41e0-a952-94ab78ef3e01,8,9.214816469298421,bm25_regex_v1
q_butcher_04,5a4ce519-80e3-4a19-81e9-0bf62289d448,9,9.214816469298421,bm25_regex_v1
q_butcher_04,7793d1b3-c08e-42f8-8332-f4840d11a17f,10,9.214816469298421,bm25_regex_v1
q_butcher_04,9cf570b0-be1e-40bb-9f4e-4dbd84f9be9c,11,9.214816469298421,bm25_regex_v1
q_butcher_04,b0cfb5d7-7e16-4ec0-aebf-2356a42e017c,12,9.214816469298421,bm25_regex_v1
q_butcher_04,7fa5e858-89b5-4106-8b7c-6c11e6d261c5,13,9.214816469298421,bm25_regex_v1
q_butcher_04,a41b0df6-ff92-46e4-beef-589269279433,14,9.214816469298421,bm25_regex_v1
q_butcher_04,3abf1401-e252-4663-8feb-617120c0d8d1,15,9.214816469298421,bm25_regex_v1
q_butcher_04,ac2aa038-d67b-4bab-b6e2-d3c8eb7552d1,16,9.214816469298421,bm25_regex_v1
q_butcher_04,4a5db804-760e-4d8c-95e0-5a7f3c6e07a2,17,9.214816469298421,bm25_regex_v1
q_butcher_04,cce2b46f-8486-478f-b237-f7f877bc0123,18,9.214816469298421,bm25_regex_v1
q_butcher_04,282b0e8b-051c-49f9-a707-b982df803589,19,8.510112072863361,bm25_regex_v1
q_butcher_04,f14df4d3-9858-4a8b-8597-20fd477d8e32,20,8.510112072863361,bm25_regex_v1
q_butcher_04,15e1d60d-9ac5-4983-b713-755d88e83a10,21,7.66682540898035,bm25_regex_v1
q_butcher_04,4ced1c53-d5cd-4c16-9f1a-b6a91c20bbb1,22,7.66682540898035,bm25_regex_v1
q_butcher_04,a4a55245-6d85-426c-9cab-2f01837b64a1,23,7.66682540898035,bm25_regex_v1
q_butcher_04,ced8b1ab-1800-4c81-94bb-226b24033a1f,24,7.66682540898035,bm25_regex_v1
q_butcher_04,0508deb9-1c79-49a5-a015-092d51aa4bc6,25,7.66682540898035,bm25_regex_v1
q_butcher_04,854cd04e-58ed-453d-bcb7-2babc9387908,26,7.66682540898035,bm25_regex_v1
q_butcher_04,974250a7-25c2-4aa9-929b-365750d56d15,27,7.66682540898035,bm25_regex_v1
q_butcher_04,14ab610f-1990-4653-aaec-5fbbff745ea2,28,7.66682540898035,bm25_regex_v1
q_butcher_04,7a24c3e8-9749-4587-85bb-c4d185062529,29,7.66682540898035,bm25_regex_v1
q_butcher_04,432228cf-c97f-4bec-872b-5e0ff165853d,30,7.66682540898035,bm25_regex_v1
q_butcher_04,aa8ef228-718e-4ed4-b80e-6471be74bbec,31,7.66682540898035,bm25_regex_v1
q_butcher_04,4d0f8d54-a472-4e75-94e6-b02d71536f0d,32,7.66682540898035,bm25_regex_v1
q_butcher_04,4577431c-72c4-4ba0-84ad-65add48aa83c,33,7.66682540898035,bm25_regex_v1
q_butcher_04,874a8615-3d73-491f-8f96-bb410a0cff98,34,7.66682540898035,bm25_regex_v1
q_butcher_04,4ab3ece8-9902-4f4d-b61d-128dd845d385,35,6.564122683742272,bm25_regex_v1
q_butcher_04,42ed3442-9b7d-493a-9842-51b88202be83,36,6.564122683742272,bm25_regex_v1
q_butcher_04,1f8995f0-3610-4085-85af-e4380987ccc8,37,6.564122683742272,bm25_regex_v1
q_butcher_04,4d133b16-4e08-416b-b45f-7b39dc5f66b1,38,6.564122683742272,bm25_regex_v1
q_butcher_04,617a69de-ddc4-44a7-8805-7e199e661233,39,6.564122683742272,bm25_regex_v1
q_butcher_04,1204e9de-e42e-487c-8949-cb88c336df29,40,6.564122683742272,bm25_regex_v1
q_bakery_01,74ebe765-fc19-4b65-8fd3-c7701354acc4,1,8.894642318353903,bm25_regex_v1
q_bakery_01,9c32ca55-a4f5-4eaa-847c-f321e03d22e4,2,8.894642318353903,bm25_regex_v1
q_bakery_01,3e382720-3656-4e4d-b73f-3d7b39209ecf,3,8.894642318353903,bm25_regex_v1
q_bakery_01,3227f307-dd08-45da-aa90-dc42dcbb7251,4,8.894642318353903,bm25_regex_v1
q_bakery_01,3abcd3b8-fc6d-4b1d-90bb-1e1811f41494,5,7.91723258656597,bm25_regex_v1
q_bakery_01,7d5801cc-8e16-4888-b54d-8206610cb602,6,7.2735781966198445,bm25_regex_v1
q_bakery_01,b95dc77a-7e44-426d-8d16-2dcf6f1674c5,7,7.2735781966198445,bm25_regex_v1
q_bakery_01,1b3c0f08-3d66-4f7b-a1a6-7ee19b937611,8,7.2735781966198445,bm25_regex_v1
q_bakery_01,a9536b56-d072-41be-b4c8-890c5f2e18b1,9,7.2735781966198445,bm25_regex_v1
q_bakery_01,da4df623-6618-40c7-a404-a8c23f99016f,10,7.2735781966198445,bm25_regex_v1
q_bakery_01,ae0def84-f98a-4520-9d4e-3ca45dd3b387,11,7.2735781966198445,bm25_regex_v1
q_bakery_01,c1d74b1f-2704-4bbd-a279-860ac6733e94,12,7.2735781966198445,bm25_regex_v1
q_bakery_01,426b4a20-6d96-4f5c-b847-545daa21d02c,13,7.2735781966198445,bm25_regex_v1
q_bakery_01,50949138-0c80-4d32-b9ea-68d4b7035ead,14,7.2735781966198445,bm25_regex_v1
q_bakery_01,9840a1ea-fe8b-41e1-a60c-96067aec8a85,15,7.2735781966198445,bm25_regex_v1
q_bakery_01,d48fa52e-138e-465e-8e3a-d472b70f28e9,16,7.2735781966198445,bm25_regex_v1
q_bakery_01,7c72c094-b63d-43c5-afb6-6fc775134bbd,17,7.2735781966198445,bm25_regex_v1
q_bakery_01,d373022b-492d-44bb-a91e-0173a8e56094,18,7.2735781966198445,bm25_regex_v1
q_bakery_01,ee543401-5db8-42ec-9852-1ad202ff261d,19,7.2735781966198445,bm25_regex_v1
q_bakery_01,43f89833-8e90-45ae-b6bb-2b00a1986e9f,20,7.2735781966198445,bm25_regex_v1
q_bakery_01,a34e252a-e381-487c-aa5d-1e4a13a28bbc,21,7.2735781966198445,bm25_regex_v1
q_bakery_01,f4c3c409-2010-4f94-9b3e-99deb21b585c,22,7.2735781966198445,bm25_regex_v1
q_bakery_01,5157c2ff-943c-4e37-affe-7d08bb53a8d5,23,7.2735781966198445,bm25_regex_v1
q_bakery_01,32c92327-4272-45d2-89e5-3b7cbe808c04,24,7.2735781966198445,bm25_regex_v1
q_bakery_01,aebc536e-be51-45c1-8101-d3e69e8f4e49,25,7.2735781966198445,bm25_regex_v1
q_bakery_01,cffa6983-a24b-4b38-9c33-55a993852db8,26,7.2735781966198445,bm25_regex_v1
q_bakery_01,3e98667a-44da-48a3-873c-d114c7680fec,27,7.2735781966198445,bm25_regex_v1
q_bakery_01,d56ab651-21db-4b8d-902e-7be19fc4c728,28,7.2735781966198445,bm25_regex_v1
q_bakery_01,5ccfc091-e02a-4359-8e71-c35ecf3dd6e9,29,7.2735781966198445,bm25_regex_v1
q_bakery_01,f6158125-abc8-460e-ae47-2b21c785a62e,30,7.2735781966198445,bm25_regex_v1
q_bakery_01,7429979e-38ce-4b2c-ad30-64761b330ed7,31,7.2735781966198445,bm25_regex_v1
q_bakery_01,e77df353-96f8-4096-9b03-a0175802d4af,32,7.2735781966198445,bm25_regex_v1
q_bakery_01,be3fec81-ecd4-4518-800b-8f5e660e94d4,33,7.2735781966198445,bm25_regex_v1
q_bakery_01,495954e3-8ed5-45e7-9975-e8269044e53a,34,7.2735781966198445,bm25_regex_v1
q_bakery_01,2b45d415-9575-4a6f-9c9f-81ea86caa572,35,7.2735781966198445,bm25_regex_v1
q_bakery_01,17420610-a61c-4f13-bfe8-7cb86c6bbf0a,36,7.2735781966198445,bm25_regex_v1
q_bakery_01,13a358d6-3370-4d21-9b53-d9ba2650d41e,37,7.2735781966198445,bm25_regex_v1
q_bakery_01,b5801045-482d-4643-91c1-49ad79bbd11e,38,7.2735781966198445,bm25_regex_v1
q_bakery_01,6dcd62dc-384e-4d4d-a8c2-e9ee2211f171,39,7.2735781966198445,bm25_regex_v1
q_bakery_01,3ff528ce-d204-4359-aca6-f79635aea7fa,40,7.2735781966198445,bm25_regex_v1
q_bakery_02,8a8e490f-889e-42d8-9932-8257e60f3d89,1,10.26575629512998,bm25_regex_v1
q_bakery_02,0a413ebb-2596-4b3f-b5aa-194b242ce558,2,10.26575629512998,bm25_regex_v1
q_bakery_02,d68ca51b-fcc9-4769-9b35-3dec4ae1bd4a,3,10.26575629512998,bm25_regex_v1
q_bakery_02,4253bd28-b4e2-42b7-9cd6-9c32d2541055,4,10.26575629512998,bm25_regex_v1
q_bakery_02,c1e8b9b6-342e-44c9-8aa2-5b78d6520087,5,10.26575629512998,bm25_regex_v1
q_bakery_02,990a2554-4864-4c2b-a360-564fbbd45a8e,6,10.26575629512998,bm25_regex_v1
q_bakery_02,2bca6c63-27ce-48ef-982a-173800c6c834,7,10.26575629512998,bm25_regex_v1
q_bakery_02,917c1b52-213d-4671-8763-cd186c6f90b8,8,8.541218533014892,bm25_regex_v1
q_bakery_02,96dfc6f9-b8ca-4001-b6a9-b91dbc2be22a,9,8.541218533014892,bm25_regex_v1
q_bakery_02,96f1eec3-3922-4596-afa8-2bbeed304a4b,10,8.541218533014892,bm25_regex_v1
q_bakery_02,972f10f2-7801-4dd7-a6ba-a4cd5e73181b,11,8.541218533014892,bm25_regex_v1
q_bakery_02,f30e7a0f-36e1-4998-9500-b59562ff044a,12,8.541218533014892,bm25_regex_v1
q_bakery_02,4cf56817-5229-4b61-a59d-0c26c1889def,13,8.541218533014892,bm25_regex_v1
q_bakery_02,008d07a3-ba18-4806-9ec7-48c0adb25276,14,8.541218533014892,bm25_regex_v1
q_bakery_02,74020711-f0a9-4331-a0a8-4befeaae3064,15,8.541218533014892,bm25_regex_v1
q_bakery_02,3835c270-8285-42d8-9095-4695dbacdc3b,16,7.3127537577276565,bm25_regex_v1
q_bakery_03,76a3551b-dae4-4326-92cc-662015aedbfb,1,9.713061568494638,bm25_regex_v1
q_bakery_03,24456103-f6b8-46af-8655-82e61d7265d8,2,8.316053173150372,bm25_regex_v1
q_bakery_03,c111ac9d-3f3a-405c-a8db-4d127ccda9e2,3,8.316053173150372,bm25_regex_v1
q_bakery_03,c161453d-f2c8-4b97-a2c3-a54e0cbdb7e8,4,8.01201882227563,bm25_regex_v1
q_bakery_03,09baec57-e4ce-4c5b-bb4e-c39562aae219,5,7.6075289819882554,bm25_regex_v1
q_bakery_03,2743811c-5e71-4d2b-aa75-1b0147d44f2d,6,7.270371540466384,bm25_regex_v1
q_bakery_03,574e4af4-1abb-48f5-be6b-fcda478ef9bc,7,6.7715568770155,bm25_regex_v1
q_bakery_03,bdca09f5-28d5-4022-a00e-baef9dfc2114,8,6.221043517327606,bm25_regex_v1
q_bakery_03,9d1f3616-d39d-447e-af4e-9bcad2faa22b,9,6.221043517327606,bm25_regex_v1
q_bakery_03,6f6f808d-060c-4238-924b-86c684653dfc,10,6.221043517327606,bm25_regex_v1
q_bakery_03,4ba6252a-0deb-4068-9a7c-a127bc1933d2,11,6.221043517327606,bm25_regex_v1
q_bakery_03,044dc36b-4675-432a-8391-b283e71e59c1,12,6.221043517327606,bm25_regex_v1
q_bakery_03,1da13a88-cc77-473f-9d87-f4c9d6d6ad66,13,6.221043517327606,bm25_regex_v1
q_bakery_03,06ad567c-07b8-447b-8c14-c351b2f95d8b,14,6.221043517327606,bm25_regex_v1
q_bakery_03,d6e82872-a7d0-4e6a-a302-4cf2156f5ac8,15,6.221043517327606,bm25_regex_v1
q_bakery_03,7086e937-d456-4d56-9b57-29e04bc83287,16,6.221043517327606,bm25_regex_v1
q_bakery_03,aa936541-d9bc-4616-9c06-83df36ba719c,17,6.221043517327606,bm25_regex_v1
q_bakery_03,2e4e6152-f3b1-42f4-bd38-839d8ea126a3,18,6.221043517327606,bm25_regex_v1
q_bakery_03,c9a0078b-91b3-495a-9b86-4be7248f6dfe,19,6.221043517327606,bm25_regex_v1
q_bakery_03,5adde790-a071-45c6-b923-cdc686e3892c,20,6.221043517327606,bm25_regex_v1
q_bakery_03,c90cbfff-9d5c-40d0-ad21-dbb8426a9526,21,6.221043517327606,bm25_regex_v1
q_bakery_03,fd473b5d-3add-4843-ad4f-4bf0068e9f90,22,6.221043517327606,bm25_regex_v1
q_bakery_03,99aba36d-4827-44f5-8d92-af61d33301d9,23,6.221043517327606,bm25_regex_v1
q_bakery_03,34130968-a3fc-4194-9cfd-8fd270546ebc,24,6.221043517327606,bm25_regex_v1
q_bakery_03,5f5769ff-0c6c-4938-8b56-c617d8dc83ec,25,6.221043517327606,bm25_regex_v1
q_bakery_03,d58a3a7b-c700-48c9-aaba-b0327832fa08,26,6.221043517327606,bm25_regex_v1
q_bakery_03,d94540bb-f5b9-47f1-acda-074d61e84083,27,6.221043517327606,bm25_regex_v1
q_bakery_03,eabfc54a-4e22-48aa-ae81-684422854778,28,6.221043517327606,bm25_regex_v1
q_bakery_03,5d9e4fac-65d1-48a9-80ed-033e07118737,29,6.221043517327606,bm25_regex_v1
q_bakery_03,f73c17f2-a2ce-4a92-a297-2b283f10e2b2,30,6.221043517327606,bm25_regex_v1
q_bakery_03,aa2a24cd-4543-4651-bc1b-26610d8eb44c,31,6.221043517327606,bm25_regex_v1
q_bakery_03,4743849c-4370-42e5-b1cb-c49c84c7e8bd,32,6.221043517327606,bm25_regex_v1
q_bakery_03,faf0f27d-7d25-44d7-b32f-0079b06aff04,33,6.221043517327606,bm25_regex_v1
q_bakery_03,75bb522e-2acb-4da7-8be9-ae179c67d711,34,6.221043517327606,bm25_regex_v1
q_bakery_03,06701969-f51d-485d-9fdb-8f7c6c055f78,35,6.221043517327606,bm25_regex_v1
q_bakery_03,13b00585-6e3f-4726-b5e8-1a3d7e0aacfd,36,6.221043517327606,bm25_regex_v1
q_bakery_03,637fcdc4-dd23-4d41-82e7-06f26d040e29,37,6.221043517327606,bm25_regex_v1
q_bakery_03,51d9a7e1-9c55-423b-97d6-a566e3f7c078,38,6.221043517327606,bm25_regex_v1
q_bakery_03,5995df18-6992-4d7c-81e4-afb5441c188a,39,6.221043517327606,bm25_regex_v1
q_bakery_03,793f221b-d1a5-4635-b3b1-ff4c205cc778,40,6.221043517327606,bm25_regex_v1
q_bakery_04,aba76fc2-984e-4030-ba01-e2e7d78264c7,1,9.939720297290684,bm25_regex_v1
q_bakery_04,282b0e8b-051c-49f9-a707-b982df803589,2,8.510112072863361,bm25_regex_v1
q_bakery_04,f14df4d3-9858-4a8b-8597-20fd477d8e32,3,8.510112072863361,bm25_regex_v1
q_bakery_04,09baec57-e4ce-4c5b-bb4e-c39562aae219,4,7.6075289819882554,bm25_regex_v1
q_bakery_04,574e4af4-1abb-48f5-be6b-fcda478ef9bc,5,6.7715568770155,bm25_regex_v1
q_bakery_04,1100864e-a8cd-4f8a-8912-052006506c20,6,6.221043517327606,bm25_regex_v1
q_bakery_04,5d9e4fac-65d1-48a9-80ed-033e07118737,7,6.221043517327606,bm25_regex_v1
q_bakery_04,83dbb5b7-a9f9-40e6-af0d-001f8be23fea,8,6.221043517327606,bm25_regex_v1
q_bakery_04,77ca8281-5946-4b6a-8c62-1ec0a32c27eb,9,6.221043517327606,bm25_regex_v1
q_bakery_04,9c2a0888-9c1d-4c8e-ba82-879726467330,10,6.221043517327606,bm25_regex_v1
q_bakery_04,a022cc59-d4a3-4854-8cb8-815b4b9a0116,11,6.221043517327606,bm25_regex_v1
q_bakery_04,2d6e4cb3-d7bf-4d94-a615-d8f1986df0ba,12,6.221043517327606,bm25_regex_v1
q_bakery_04,79575e6f-fd13-44c3-a027-5963f02ad17e,13,6.221043517327606,bm25_regex_v1
q_bakery_04,410515c8-28fd-4af7-a6f4-904c5d745b14,14,6.221043517327606,bm25_regex_v1
q_bakery_04,97a237ab-5c6e-426e-852c-2164e240e2cd,15,6.221043517327606,bm25_regex_v1
q_bakery_04,247b3f92-4dc9-435a-a63b-27c994d620ac,16,6.221043517327606,bm25_regex_v1
q_bakery_04,85411f89-92a8-46df-8b06-d0d1f4f385a3,17,6.221043517327606,bm25_regex_v1
q_bakery_04,e5fe0ba3-ae61-438b-93df-74715599062a,18,6.221043517327606,bm25_regex_v1
q_bakery_04,6599f830-7e49-4601-9d2e-05d5551dbcc7,19,6.221043517327606,bm25_regex_v1
q_bakery_04,8a0a05a8-7e2a-4f3e-a79e-072a5304a354,20,6.221043517327606,bm25_regex_v1
q_bakery_04,34130968-a3fc-4194-9cfd-8fd270546ebc,21,6.221043517327606,bm25_regex_v1
q_bakery_04,99aba36d-4827-44f5-8d92-af61d33301d9,22,6.221043517327606,bm25_regex_v1
q_bakery_04,a6a33b4b-1bad-40e9-857c-220bf3ec8c05,23,6.221043517327606,bm25_regex_v1
q_bakery_04,53467a61-3503-4765-8107-ec9c98eb13b4,24,6.221043517327606,bm25_regex_v1
q_bakery_04,d3033a2e-e2a6-4562-9212-be7486bd4b2e,25,6.221043517327606,bm25_regex_v1
q_bakery_04,316936fd-968d-4b1e-a3ea-5783f0c349a3,26,6.221043517327606,bm25_regex_v1
q_bakery_04,417d1f5a-a7dd-4bbd-8379-61d8d1e9dc3d,27,6.221043517327606,bm25_regex_v1
q_bakery_04,c0da382e-d2bf-4cb6-be42-b32f1ff0c610,28,6.221043517327606,bm25_regex_v1
q_bakery_04,ac919080-84bb-4270-9ac4-e637c3f779c4,29,6.221043517327606,bm25_regex_v1
q_bakery_04,90644fce-4ba9-47aa-b57e-5efcceb4c1a0,30,6.221043517327606,bm25_regex_v1
q_bakery_04,1ef0804f-f51f-404e-9b94-38d93103e7a6,31,6.221043517327606,bm25_regex_v1
q_bakery_04,c7e3bdcd-ac8a-4abf-9431-004975f16dc7,32,6.221043517327606,bm25_regex_v1
q_bakery_04,2ec7a1e3-1090-45be-aaa2-7b2e7dc1c6d5,33,6.221043517327606,bm25_regex_v1
q_bakery_04,db44c830-fe5d-407f-b076-c1ab3e70fd3b,34,6.221043517327606,bm25_regex_v1
q_bakery_04,b558d939-ef6e-41bf-8512-36a09989e50e,35,6.221043517327606,bm25_regex_v1
q_bakery_04,72144e83-5280-4b58-b6c8-a81d7132e8bd,36,6.221043517327606,bm25_regex_v1
q_bakery_04,f88f39b4-2fb6-4e8e-95ae-4df6b5ea1006,37,6.221043517327606,bm25_regex_v1
q_bakery_04,9891dda1-0fae-4901-81a7-58d595297177,38,6.221043517327606,bm25_regex_v1
q_bakery_04,4672ac8b-a5e3-439c-b36b-54d3cbc893c6,39,6.221043517327606,bm25_regex_v1
q_bakery_04,d9685093-950f-4c2c-b143-68fe6cf71cf2,40,6.221043517327606,bm25_regex_v1
q_korean_food_01,7b556e6b-9591-4667-bb1b-f281dd90a2ae,1,3.163097274329535,bm25_regex_v1
q_korean_food_01,0b79859e-a533-40da-9a8c-acda129e8875,2,2.815512520736686,bm25_regex_v1
q_korean_food_01,783b2fa2-3705-45b0-a51a-67f96efd78f0,3,2.815512520736686,bm25_regex_v1
q_korean_food_01,0e3c7fa6-61b7-435a-9f85-476839b53790,4,2.58661726294226,bm25_regex_v1
q_korean_food_01,243f1524-44f2-4b21-b6c4-bb7164381666,5,2.58661726294226,bm25_regex_v1
q_korean_food_01,03b1097e-2534-4cd2-aeb4-de3ba3f8f79a,6,2.58661726294226,bm25_regex_v1
q_korean_food_01,40661d78-9f10-4dde-8df6-7dda64daf9a7,7,2.58661726294226,bm25_regex_v1
q_korean_food_01,e3b0ace9-b7ba-4783-ac55-d62aa8ef5ed5,8,2.58661726294226,bm25_regex_v1
q_korean_food_01,cb75f477-e6fd-4024-a1c5-1a33872fb95b,9,2.58661726294226,bm25_regex_v1
q_korean_food_01,ce82553d-4c5c-45a3-b42b-32a36b7ed4ca,10,2.58661726294226,bm25_regex_v1
q_korean_food_01,6036fa29-8800-4881-8efe-d78287b443da,11,2.58661726294226,bm25_regex_v1
q_korean_food_01,24f0548f-89b9-4342-b0d6-ba9b223eac58,12,2.58661726294226,bm25_regex_v1
q_korean_food_01,fbd4db3b-ce7e-42fe-88d0-90a1e4c8d691,13,2.58661726294226,bm25_regex_v1
q_korean_food_01,7a382707-d75e-4f83-9ace-6f0c303ae305,14,2.58661726294226,bm25_regex_v1
q_korean_food_01,9477efc1-15b1-4520-b93c-e34bf529e9ae,15,2.58661726294226,bm25_regex_v1
q_korean_food_01,39f68902-705e-4ce5-8f25-a9d0ac8919ec,16,2.58661726294226,bm25_regex_v1
q_korean_food_01,e091d384-d7e7-47bb-8f60-5d6310a7221e,17,2.58661726294226,bm25_regex_v1
q_korean_food_01,b2d0e9d0-3930-4fea-895a-6b51bac5c966,18,2.58661726294226,bm25_regex_v1
q_korean_food_01,bcf2ddc4-3a81-4e0a-85cd-7fab4b7dba62,19,2.58661726294226,bm25_regex_v1
q_korean_food_01,4f0a5663-35a3-4aa7-9802-423cdbdbe1b3,20,2.58661726294226,bm25_regex_v1
q_korean_food_01,1506f3e7-b5e9-4f6c-b0bc-5de499b3e019,21,2.58661726294226,bm25_regex_v1
q_korean_food_01,323adf4a-64b9-4442-8234-fb970312706b,22,2.58661726294226,bm25_regex_v1
q_korean_food_01,6cf98418-9bbc-4f02-a94e-196d840d78c5,23,2.58661726294226,bm25_regex_v1
q_korean_food_01,eb20a0c6-06b9-4b6e-bda6-c44f28b29ebb,24,2.58661726294226,bm25_regex_v1
q_korean_food_01,308c8885-308e-4a97-8718-124f492245db,25,2.58661726294226,bm25_regex_v1
q_korean_food_01,94e6156e-23e1-42eb-8ede-91d82ff50a34,26,2.58661726294226,bm25_regex_v1
q_korean_food_01,f650a79a-ce87-4ff0-8847-6a6943656d5f,27,2.58661726294226,bm25_regex_v1
q_korean_food_01,0446c285-7406-4bba-a3b9-b00b634ae3af,28,2.58661726294226,bm25_regex_v1
q_korean_food_01,d23c4300-bd2e-4570-bd39-dded1d36b103,29,2.58661726294226,bm25_regex_v1
q_korean_food_01,192ab90c-7ffd-4e0b-96cd-24a80657c4c3,30,2.58661726294226,bm25_regex_v1
q_korean_food_01,59ab4fa1-5e4b-4b21-9000-3b78a18a9890,31,2.58661726294226,bm25_regex_v1
q_korean_food_01,ebfc9ee5-37c5-4d7c-9781-a42aa3af673f,32,2.58661726294226,bm25_regex_v1
q_korean_food_01,3944777f-592a-46d4-b58c-4dec9aff5516,33,2.58661726294226,bm25_regex_v1
q_korean_food_01,a91b5f4c-6c18-4ba3-889d-932342774115,34,2.58661726294226,bm25_regex_v1
q_korean_food_01,47acd028-03b5-4fad-b161-7baf3c75f58d,35,2.58661726294226,bm25_regex_v1
q_korean_food_01,87f0d820-2c57-4ba1-a342-5edabff7993d,36,2.58661726294226,bm25_regex_v1
q_korean_food_01,7de2bc22-eaaa-49df-a93c-7e3f3a78d57e,37,2.58661726294226,bm25_regex_v1
q_korean_food_01,95ac32fe-8b4e-4eb4-86e5-73b7495c33a1,38,2.58661726294226,bm25_regex_v1
q_korean_food_01,9e341d9b-4979-4ecf-881e-5d08209f8ccb,39,2.58661726294226,bm25_regex_v1
q_korean_food_01,85eaa676-591e-4b02-9f0a-9533fcd3f0ae,40,2.58661726294226,bm25_regex_v1
q_korean_food_02,5e93a6ca-95dc-4686-862a-cdb9364d8073,1,9.164369960940352,bm25_regex_v1
q_korean_food_03,76a3551b-dae4-4326-92cc-662015aedbfb,1,11.865154669958523,bm25_regex_v1
q_korean_food_03,24456103-f6b8-46af-8655-82e61d7265d8,2,8.316053173150372,bm25_regex_v1
q_korean_food_03,c111ac9d-3f3a-405c-a8db-4d127ccda9e2,3,8.316053173150372,bm25_regex_v1
q_korean_food_03,2743811c-5e71-4d2b-aa75-1b0147d44f2d,4,7.270371540466384,bm25_regex_v1
q_korean_food_03,7b556e6b-9591-4667-bb1b-f281dd90a2ae,5,3.163097274329535,bm25_regex_v1
q_korean_food_03,0b79859e-a533-40da-9a8c-acda129e8875,6,2.815512520736686,bm25_regex_v1
q_korean_food_03,783b2fa2-3705-45b0-a51a-67f96efd78f0,7,2.815512520736686,bm25_regex_v1
q_korean_food_03,70922c94-a9c9-4380-9bb3-183d4582c8ce,8,2.58661726294226,bm25_regex_v1
q_korean_food_03,47acd028-03b5-4fad-b161-7baf3c75f58d,9,2.58661726294226,bm25_regex_v1
q_korean_food_03,f7bee57f-84b8-44a6-8690-9b0c2957658e,10,2.58661726294226,bm25_regex_v1
q_korean_food_03,58dcfaad-df94-479e-97a5-908de69a29aa,11,2.58661726294226,bm25_regex_v1
q_korean_food_03,bbfe5497-4183-4367-ae25-662df7703639,12,2.58661726294226,bm25_regex_v1
q_korean_food_03,8bbfb7fd-e743-4215-b9bf-071a9bc063a7,13,2.58661726294226,bm25_regex_v1
q_korean_food_03,a91b5f4c-6c18-4ba3-889d-932342774115,14,2.58661726294226,bm25_regex_v1
q_korean_food_03,3944777f-592a-46d4-b58c-4dec9aff5516,15,2.58661726294226,bm25_regex_v1
q_korean_food_03,ebfc9ee5-37c5-4d7c-9781-a42aa3af673f,16,2.58661726294226,bm25_regex_v1
q_korean_food_03,59ab4fa1-5e4b-4b21-9000-3b78a18a9890,17,2.58661726294226,bm25_regex_v1
q_korean_food_03,192ab90c-7ffd-4e0b-96cd-24a80657c4c3,18,2.58661726294226,bm25_regex_v1
q_korean_food_03,0446c285-7406-4bba-a3b9-b00b634ae3af,19,2.58661726294226,bm25_regex_v1
q_korean_food_03,f650a79a-ce87-4ff0-8847-6a6943656d5f,20,2.58661726294226,bm25_regex_v1
q_korean_food_03,300804cc-d2e7-41c9-a309-f7f39dae22da,21,2.58661726294226,bm25_regex_v1
q_korean_food_03,39f68902-705e-4ce5-8f25-a9d0ac8919ec,22,2.58661726294226,bm25_regex_v1
q_korean_food_03,9477efc1-15b1-4520-b93c-e34bf529e9ae,23,2.58661726294226,bm25_regex_v1
q_korean_food_03,43c82ded-85ca-4882-99c5-08a99cfd93ee,24,2.58661726294226,bm25_regex_v1
q_korean_food_03,ea99a38d-ff34-460f-92ec-1f6531dc1e48,25,2.58661726294226,bm25_regex_v1
q_korean_food_03,18f08984-acf9-4aff-97ee-5a9f40bb365c,26,2.58661726294226,bm25_regex_v1
q_korean_food_03,be869627-bede-48cc-9e3a-23804ce60af4,27,2.58661726294226,bm25_regex_v1
q_korean_food_03,80467e20-2459-414d-8237-4f105ce83b22,28,2.58661726294226,bm25_regex_v1
q_korean_food_03,ab86763c-d984-4f2a-b400-c803be572fd0,29,2.58661726294226,bm25_regex_v1
q_korean_food_03,eea3a69a-93c4-46fa-ad9c-58e89f796ffb,30,2.58661726294226,bm25_regex_v1
q_korean_food_03,03b1097e-2534-4cd2-aeb4-de3ba3f8f79a,31,2.58661726294226,bm25_regex_v1
q_korean_food_03,243f1524-44f2-4b21-b6c4-bb7164381666,32,2.58661726294226,bm25_regex_v1
q_korean_food_03,0e3c7fa6-61b7-435a-9f85-476839b53790,33,2.58661726294226,bm25_regex_v1
q_korean_food_03,6036fa29-8800-4881-8efe-d78287b443da,34,2.58661726294226,bm25_regex_v1
q_korean_food_03,ce82553d-4c5c-45a3-b42b-32a36b7ed4ca,35,2.58661726294226,bm25_regex_v1
q_korean_food_03,cb75f477-e6fd-4024-a1c5-1a33872fb95b,36,2.58661726294226,bm25_regex_v1
q_korean_food_03,e3b0ace9-b7ba-4783-ac55-d62aa8ef5ed5,37,2.58661726294226,bm25_regex_v1
q_korean_food_03,40661d78-9f10-4dde-8df6-7dda64daf9a7,38,2.58661726294226,bm25_regex_v1
q_korean_food_03,85703a84-bf39-444d-a57a-7c522ccaf112,39,2.58661726294226,bm25_regex_v1
q_korean_food_03,3cfc6adb-9607-43d5-95d0-bcfe01e194c6,40,2.58661726294226,bm25_regex_v1
q_korean_food_04,a54422ab-e457-48f6-90bc-bfe7c5e9053d,1,11.984521760462767,bm25_regex_v1
q_korean_food_04,44cd80b2-6863-41bf-a834-e16e31fc5620,2,9.56475457420946,bm25_regex_v1
q_korean_food_04,b5410067-7538-48f5-99b6-2a6c66ee4498,3,9.56475457420946,bm25_regex_v1
q_korean_food_04,12b98dce-8922-41f9-aaff-e0b502aed76d,4,9.56475457420946,bm25_regex_v1
q_korean_food_04,5e93a6ca-95dc-4686-862a-cdb9364d8073,5,9.164369960940352,bm25_regex_v1
q_korean_food_04,1cfef4e0-3f5d-410c-bae2-bd67fd99af20,6,7.957977637919604,bm25_regex_v1
q_korean_food_04,b79d29da-85b8-4622-8acf-e3aaeb5775c0,7,7.957977637919604,bm25_regex_v1
q_korean_food_04,aea83108-49b6-4efd-808a-18ee61566514,8,7.957977637919604,bm25_regex_v1
q_korean_food_04,6e7fa5fe-03db-4b50-84a6-97970ab55e52,9,7.957977637919604,bm25_regex_v1
q_korean_food_04,3eacb9b3-eb80-4808-96f6-0ae431d2aed3,10,7.957977637919604,bm25_regex_v1
q_korean_food_04,98a62c74-d168-4402-aa13-6b37c7832925,11,7.957977637919604,bm25_regex_v1
q_korean_food_04,10816afe-6da9-4df1-a1b2-8580cae765fc,12,7.957977637919604,bm25_regex_v1
q_korean_food_04,ed6b8da8-a89c-4815-b4fd-1d6890a797de,13,7.957977637919604,bm25_regex_v1
q_korean_food_04,bb6be333-7cb5-424f-a1fe-96987b33fa07,14,7.957977637919604,bm25_regex_v1
q_korean_food_04,a81075f6-7751-44ad-b70a-b576ce24614e,15,7.957977637919604,bm25_regex_v1
q_korean_food_04,976123e6-3bf8-44f8-a769-0e4d57fad1e4,16,7.957977637919604,bm25_regex_v1
q_korean_food_04,9d7940bb-3dd5-4557-8448-ccb465df0b6a,17,7.957977637919604,bm25_regex_v1
q_korean_food_04,1ee94ac3-1afc-4538-9d5a-f0f3097a0f40,18,7.957977637919604,bm25_regex_v1
q_korean_food_04,4e18884b-b988-4e7c-ac2f-860c31c3ddb6,19,7.957977637919604,bm25_regex_v1
q_korean_food_04,e713f955-e56c-4fb5-88e6-dc05c8b00ed2,20,7.957977637919604,bm25_regex_v1
q_korean_food_04,15d1af00-33ca-479b-aee9-e167fbea65f9,21,6.81339912457053,bm25_regex_v1
q_korean_food_04,74267cae-9b6c-48f0-ad19-2e87c8ace3af,22,6.81339912457053,bm25_regex_v1
q_korean_food_04,aa5bf0a7-21ce-4510-8083-bda0c2c04d93,23,6.81339912457053,bm25_regex_v1
q_korean_food_04,1823f4db-20a6-4ee9-8fb1-a054386b2f09,24,6.81339912457053,bm25_regex_v1
q_korean_food_04,265124b0-be32-4c54-8013-34ddddb1adad,25,6.81339912457053,bm25_regex_v1
q_korean_food_04,0dd7ba01-eed2-4bfc-a0a3-a1fcbe88179b,26,6.81339912457053,bm25_regex_v1
q_korean_food_04,235b847a-0b3b-40ed-865d-89dcb24575b8,27,5.9566650257901665,bm25_regex_v1
q_korean_food_04,324e7edf-02a4-4650-b745-799d37ae3a4e,28,5.9566650257901665,bm25_regex_v1
q_korean_food_04,1703e1b1-e705-4cfd-8a8f-1ee7fb20785d,29,5.9566650257901665,bm25_regex_v1
q_korean_food_04,a046f22a-16ab-423b-acb3-2254c7dbae47,30,5.9566650257901665,bm25_regex_v1
q_korean_food_04,de84fc9f-b40a-4e34-9e49-12ab488220d2,31,5.9566650257901665,bm25_regex_v1
q_korean_food_04,a5ea95c1-c655-422d-b2a8-496bb72842d4,32,4.759677234186697,bm25_regex_v1
q_cosmetics_01,19eeb638-6694-402a-a234-71c2b828bc59,1,6.814376272710109,bm25_regex_v1
q_cosmetics_01,8afe54e0-103c-41f5-9834-68a1ccb1aca2,2,6.814376272710109,bm25_regex_v1
q_cosmetics_01,2ce3570b-16d5-451f-b441-12b5b0ffd802,3,6.120227883516164,bm25_regex_v1
q_cosmetics_01,70eb0ff6-4727-4c26-899d-eda982d640c6,4,5.973117965317052,bm25_regex_v1
q_cosmetics_01,5d79f4e1-5919-4815-bfa3-b8276b8b6c16,5,5.973117965317052,bm25_regex_v1
q_cosmetics_01,caa6cf2f-91b3-4bd9-a57a-cdb4fadf3cb3,6,5.973117965317052,bm25_regex_v1
q_cosmetics_01,d51bb28c-7b90-4786-923f-16b299e1d65d,7,5.973117965317052,bm25_regex_v1
q_cosmetics_01,36c76327-b17c-49aa-b4d6-7d4e0891acba,8,5.973117965317052,bm25_regex_v1
q_cosmetics_01,2aff4ec1-3422-4591-9052-75fa0851e04a,9,5.973117965317052,bm25_regex_v1
q_cosmetics_01,860a0059-75a9-49fc-beaa-094ee65b0627,10,5.973117965317052,bm25_regex_v1
q_cosmetics_01,e0774804-7f75-40bf-afbe-ef0a4f164204,11,5.973117965317052,bm25_regex_v1
q_cosmetics_01,58dba530-c10f-441c-a5df-9e8bf6b27415,12,5.973117965317052,bm25_regex_v1
q_cosmetics_01,2f69bec8-306e-4a50-ab87-a908eec2934a,13,5.973117965317052,bm25_regex_v1
q_cosmetics_01,42a05e96-34f9-42b3-910f-e38d86fcaa0d,14,5.973117965317052,bm25_regex_v1
q_cosmetics_01,48e16b0a-91a9-412d-8e10-ce39a8df7341,15,5.973117965317052,bm25_regex_v1
q_cosmetics_01,eb85bc78-3cba-4401-8426-e3ee7cc9af56,16,5.973117965317052,bm25_regex_v1
q_cosmetics_01,7683aea7-645e-4a86-8398-6e78c2872e99,17,5.973117965317052,bm25_regex_v1
q_cosmetics_01,f5fcd56b-89e6-4719-99f4-2f807524366d,18,5.973117965317052,bm25_regex_v1
q_cosmetics_01,fe6bbd24-a9a3-4750-843b-54154b113fe7,19,5.973117965317052,bm25_regex_v1
q_cosmetics_01,0ff24615-4ad7-4e5b-abaf-29b9d277810e,20,5.973117965317052,bm25_regex_v1
q_cosmetics_01,7f2bb43c-317c-4a43-8f2a-398d283affbe,21,5.973117965317052,bm25_regex_v1
q_cosmetics_01,4ecb7f69-cfc0-4f2c-a7ba-50d8f0898832,22,5.973117965317052,bm25_regex_v1
q_cosmetics_01,e980ca69-b7cf-4d31-b12b-101332012eea,23,5.973117965317052,bm25_regex_v1
q_cosmetics_01,28a8355a-d0d5-441c-b261-2a6590f6249a,24,5.973117965317052,bm25_regex_v1
q_cosmetics_01,4d5efbd7-9f1e-49ff-9119-175a5b65d483,25,5.973117965317052,bm25_regex_v1
q_cosmetics_01,9cfeb8e3-1576-447f-90da-59186c7384f1,26,5.973117965317052,bm25_regex_v1
q_cosmetics_01,1f954869-5905-4a02-980a-50ad8533496e,27,5.973117965317052,bm25_regex_v1
q_cosmetics_01,67045a10-41ce-4254-867e-3f29c7593769,28,5.973117965317052,bm25_regex_v1
q_cosmetics_01,8258057e-05a9-45a9-a9d8-9e93314a6401,29,5.316747150228597,bm25_regex_v1
q_cosmetics_01,ab133c7a-423d-42c9-9499-a7d72db1f6f2,30,5.316747150228597,bm25_regex_v1
q_cosmetics_01,3289cd30-9474-4d1b-ba09-48d454537988,31,5.316747150228597,bm25_regex_v1
q_cosmetics_01,7d04c7a3-d359-4185-b637-46fa74c82379,32,5.316747150228597,bm25_regex_v1
q_cosmetics_01,03556890-a970-4fbe-9dcd-92316614862e,33,5.316747150228597,bm25_regex_v1
q_cosmetics_01,3183d21d-dd2a-406d-9f6b-ff3a4866474f,34,5.316747150228597,bm25_regex_v1
q_cosmetics_01,372a3cd7-9f90-447c-b312-29c2c63333d2,35,5.316747150228597,bm25_regex_v1
q_cosmetics_01,04e1566d-2cb3-41c3-b46b-9d4017c03ee4,36,4.884506767486157,bm25_regex_v1
q_cosmetics_01,7c7886fb-1c5b-4e89-9cf8-c8be3299574b,37,4.884506767486157,bm25_regex_v1
q_cosmetics_01,5194815e-be89-4ac2-ac99-9f47a9094314,38,4.884506767486157,bm25_regex_v1
q_cosmetics_01,3531ad10-6f9d-4e70-9717-b442eb667322,39,4.884506767486157,bm25_regex_v1
q_cosmetics_01,1f699a26-6615-4fe2-8dad-2ff4bc27203c,40,4.884506767486157,bm25_regex_v1
q_cosmetics_02,c15b7d24-b90f-4edb-a4d7-38d243dad39e,1,12.311357881116114,bm25_regex_v1
q_cosmetics_02,8f1ab898-c235-484c-8412-21943c8b7a2d,2,10.243180831270307,bm25_regex_v1
q_cosmetics_02,8afe54e0-103c-41f5-9834-68a1ccb1aca2,3,6.814376272710109,bm25_regex_v1
q_cosmetics_02,19eeb638-6694-402a-a234-71c2b828bc59,4,6.814376272710109,bm25_regex_v1
q_cosmetics_02,2ce3570b-16d5-451f-b441-12b5b0ffd802,5,6.120227883516164,bm25_regex_v1
q_cosmetics_02,48e16b0a-91a9-412d-8e10-ce39a8df7341,6,5.973117965317052,bm25_regex_v1
q_cosmetics_02,eb85bc78-3cba-4401-8426-e3ee7cc9af56,7,5.973117965317052,bm25_regex_v1
q_cosmetics_02,36c76327-b17c-49aa-b4d6-7d4e0891acba,8,5.973117965317052,bm25_regex_v1
q_cosmetics_02,2f69bec8-306e-4a50-ab87-a908eec2934a,9,5.973117965317052,bm25_regex_v1
q_cosmetics_02,860a0059-75a9-49fc-beaa-094ee65b0627,10,5.973117965317052,bm25_regex_v1
q_cosmetics_02,2aff4ec1-3422-4591-9052-75fa0851e04a,11,5.973117965317052,bm25_regex_v1
q_cosmetics_02,e980ca69-b7cf-4d31-b12b-101332012eea,12,5.973117965317052,bm25_regex_v1
q_cosmetics_02,58dba530-c10f-441c-a5df-9e8bf6b27415,13,5.973117965317052,bm25_regex_v1
q_cosmetics_02,5d79f4e1-5919-4815-bfa3-b8276b8b6c16,14,5.973117965317052,bm25_regex_v1
q_cosmetics_02,e0774804-7f75-40bf-afbe-ef0a4f164204,15,5.973117965317052,bm25_regex_v1
q_cosmetics_02,d51bb28c-7b90-4786-923f-16b299e1d65d,16,5.973117965317052,bm25_regex_v1
q_cosmetics_02,4d5efbd7-9f1e-49ff-9119-175a5b65d483,17,5.973117965317052,bm25_regex_v1
q_cosmetics_02,fe6bbd24-a9a3-4750-843b-54154b113fe7,18,5.973117965317052,bm25_regex_v1
q_cosmetics_02,0ff24615-4ad7-4e5b-abaf-29b9d277810e,19,5.973117965317052,bm25_regex_v1
q_cosmetics_02,7683aea7-645e-4a86-8398-6e78c2872e99,20,5.973117965317052,bm25_regex_v1
q_cosmetics_02,67045a10-41ce-4254-867e-3f29c7593769,21,5.973117965317052,bm25_regex_v1
q_cosmetics_02,4ecb7f69-cfc0-4f2c-a7ba-50d8f0898832,22,5.973117965317052,bm25_regex_v1
q_cosmetics_02,f5fcd56b-89e6-4719-99f4-2f807524366d,23,5.973117965317052,bm25_regex_v1
q_cosmetics_02,28a8355a-d0d5-441c-b261-2a6590f6249a,24,5.973117965317052,bm25_regex_v1
q_cosmetics_02,7f2bb43c-317c-4a43-8f2a-398d283affbe,25,5.973117965317052,bm25_regex_v1
q_cosmetics_02,1f954869-5905-4a02-980a-50ad8533496e,26,5.973117965317052,bm25_regex_v1
q_cosmetics_02,42a05e96-34f9-42b3-910f-e38d86fcaa0d,27,5.973117965317052,bm25_regex_v1
q_cosmetics_02,9cfeb8e3-1576-447f-90da-59186c7384f1,28,5.973117965317052,bm25_regex_v1
q_cosmetics_02,70eb0ff6-4727-4c26-899d-eda982d640c6,29,5.973117965317052,bm25_regex_v1
q_cosmetics_02,caa6cf2f-91b3-4bd9-a57a-cdb4fadf3cb3,30,5.973117965317052,bm25_regex_v1
q_cosmetics_02,3289cd30-9474-4d1b-ba09-48d454537988,31,5.316747150228597,bm25_regex_v1
q_cosmetics_02,ab133c7a-423d-42c9-9499-a7d72db1f6f2,32,5.316747150228597,bm25_regex_v1
q_cosmetics_02,03556890-a970-4fbe-9dcd-92316614862e,33,5.316747150228597,bm25_regex_v1
q_cosmetics_02,3183d21d-dd2a-406d-9f6b-ff3a4866474f,34,5.316747150228597,bm25_regex_v1
q_cosmetics_02,372a3cd7-9f90-447c-b312-29c2c63333d2,35,5.316747150228597,bm25_regex_v1
q_cosmetics_02,8258057e-05a9-45a9-a9d8-9e93314a6401,36,5.316747150228597,bm25_regex_v1
q_cosmetics_02,7d04c7a3-d359-4185-b637-46fa74c82379,37,5.316747150228597,bm25_regex_v1
q_cosmetics_02,04e1566d-2cb3-41c3-b46b-9d4017c03ee4,38,4.884506767486157,bm25_regex_v1
q_cosmetics_02,1f699a26-6615-4fe2-8dad-2ff4bc27203c,39,4.884506767486157,bm25_regex_v1
q_cosmetics_02,09085d74-4295-4219-b37a-0f650fb75f88,40,4.884506767486157,bm25_regex_v1
q_cosmetics_03,76a3551b-dae4-4326-92cc-662015aedbfb,1,9.713061568494638,bm25_regex_v1
q_cosmetics_03,24456103-f6b8-46af-8655-82e61d7265d8,2,8.316053173150372,bm25_regex_v1
q_cosmetics_03,c111ac9d-3f3a-405c-a8db-4d127ccda9e2,3,8.316053173150372,bm25_regex_v1
q_cosmetics_03,c161453d-f2c8-4b97-a2c3-a54e0cbdb7e8,4,8.01201882227563,bm25_regex_v1
q_cosmetics_03,2743811c-5e71-4d2b-aa75-1b0147d44f2d,5,7.270371540466384,bm25_regex_v1
q_cosmetics_03,19eeb638-6694-402a-a234-71c2b828bc59,6,6.814376272710109,bm25_regex_v1
q_cosmetics_03,8afe54e0-103c-41f5-9834-68a1ccb1aca2,7,6.814376272710109,bm25_regex_v1
q_cosmetics_03,2ce3570b-16d5-451f-b441-12b5b0ffd802,8,6.120227883516164,bm25_regex_v1
q_cosmetics_03,2aff4ec1-3422-4591-9052-75fa0851e04a,9,5.973117965317052,bm25_regex_v1
q_cosmetics_03,e0774804-7f75-40bf-afbe-ef0a4f164204,10,5.973117965317052,bm25_regex_v1
q_cosmetics_03,d51bb28c-7b90-4786-923f-16b299e1d65d,11,5.973117965317052,bm25_regex_v1
q_cosmetics_03,36c76327-b17c-49aa-b4d6-7d4e0891acba,12,5.973117965317052,bm25_regex_v1
q_cosmetics_03,5d79f4e1-5919-4815-bfa3-b8276b8b6c16,13,5.973117965317052,bm25_regex_v1
q_cosmetics_03,caa6cf2f-91b3-4bd9-a57a-cdb4fadf3cb3,14,5.973117965317052,bm25_regex_v1
q_cosmetics_03,48e16b0a-91a9-412d-8e10-ce39a8df7341,15,5.973117965317052,bm25_regex_v1
q_cosmetics_03,70eb0ff6-4727-4c26-899d-eda982d640c6,16,5.973117965317052,bm25_regex_v1
q_cosmetics_03,f5fcd56b-89e6-4719-99f4-2f807524366d,17,5.973117965317052,bm25_regex_v1
q_cosmetics_03,e980ca69-b7cf-4d31-b12b-101332012eea,18,5.973117965317052,bm25_regex_v1
q_cosmetics_03,4ecb7f69-cfc0-4f2c-a7ba-50d8f0898832,19,5.973117965317052,bm25_regex_v1
q_cosmetics_03,58dba530-c10f-441c-a5df-9e8bf6b27415,20,5.973117965317052,bm25_regex_v1
q_cosmetics_03,0ff24615-4ad7-4e5b-abaf-29b9d277810e,21,5.973117965317052,bm25_regex_v1
q_cosmetics_03,860a0059-75a9-49fc-beaa-094ee65b0627,22,5.973117965317052,bm25_regex_v1
q_cosmetics_03,2f69bec8-306e-4a50-ab87-a908eec2934a,23,5.973117965317052,bm25_regex_v1
q_cosmetics_03,28a8355a-d0d5-441c-b261-2a6590f6249a,24,5.973117965317052,bm25_regex_v1
q_cosmetics_03,7683aea7-645e-4a86-8398-6e78c2872e99,25,5.973117965317052,bm25_regex_v1
q_cosmetics_03,fe6bbd24-a9a3-4750-843b-54154b113fe7,26,5.973117965317052,bm25_regex_v1
q_cosmetics_03,67045a10-41ce-4254-867e-3f29c7593769,27,5.973117965317052,bm25_regex_v1
q_cosmetics_03,1f954869-5905-4a02-980a-50ad8533496e,28,5.973117965317052,bm25_regex_v1
q_cosmetics_03,4d5efbd7-9f1e-49ff-9119-175a5b65d483,29,5.973117965317052,bm25_regex_v1
q_cosmetics_03,7f2bb43c-317c-4a43-8f2a-398d283affbe,30,5.973117965317052,bm25_regex_v1
q_cosmetics_03,42a05e96-34f9-42b3-910f-e38d86fcaa0d,31,5.973117965317052,bm25_regex_v1
q_cosmetics_03,eb85bc78-3cba-4401-8426-e3ee7cc9af56,32,5.973117965317052,bm25_regex_v1
q_cosmetics_03,9cfeb8e3-1576-447f-90da-59186c7384f1,33,5.973117965317052,bm25_regex_v1
q_cosmetics_03,3289cd30-9474-4d1b-ba09-48d454537988,34,5.316747150228597,bm25_regex_v1
q_cosmetics_03,3183d21d-dd2a-406d-9f6b-ff3a4866474f,35,5.316747150228597,bm25_regex_v1
q_cosmetics_03,8258057e-05a9-45a9-a9d8-9e93314a6401,36,5.316747150228597,bm25_regex_v1
q_cosmetics_03,7d04c7a3-d359-4185-b637-46fa74c82379,37,5.316747150228597,bm25_regex_v1
q_cosmetics_03,ab133c7a-423d-42c9-9499-a7d72db1f6f2,38,5.316747150228597,bm25_regex_v1
q_cosmetics_03,372a3cd7-9f90-447c-b312-29c2c63333d2,39,5.316747150228597,bm25_regex_v1
q_cosmetics_03,03556890-a970-4fbe-9dcd-92316614862e,40,5.316747150228597,bm25_regex_v1
q_cosmetics_04,aba76fc2-984e-4030-ba01-e2e7d78264c7,1,9.939720297290684,bm25_regex_v1
q_cosmetics_04,f14df4d3-9858-4a8b-8597-20fd477d8e32,2,8.510112072863361,bm25_regex_v1
q_cosmetics_04,282b0e8b-051c-49f9-a707-b982df803589,3,8.510112072863361,bm25_regex_v1
q_cosmetics_04,8afe54e0-103c-41f5-9834-68a1ccb1aca2,4,6.814376272710109,bm25_regex_v1
q_cosmetics_04,19eeb638-6694-402a-a234-71c2b828bc59,5,6.814376272710109,bm25_regex_v1
q_cosmetics_04,2ce3570b-16d5-451f-b441-12b5b0ffd802,6,6.120227883516164,bm25_regex_v1
q_cosmetics_04,70eb0ff6-4727-4c26-899d-eda982d640c6,7,5.973117965317052,bm25_regex_v1
q_cosmetics_04,5d79f4e1-5919-4815-bfa3-b8276b8b6c16,8,5.973117965317052,bm25_regex_v1
q_cosmetics_04,2aff4ec1-3422-4591-9052-75fa0851e04a,9,5.973117965317052,bm25_regex_v1
q_cosmetics_04,48e16b0a-91a9-412d-8e10-ce39a8df7341,10,5.973117965317052,bm25_regex_v1
q_cosmetics_04,860a0059-75a9-49fc-beaa-094ee65b0627,11,5.973117965317052,bm25_regex_v1
q_cosmetics_04,e0774804-7f75-40bf-afbe-ef0a4f164204,12,5.973117965317052,bm25_regex_v1
q_cosmetics_04,42a05e96-34f9-42b3-910f-e38d86fcaa0d,13,5.973117965317052,bm25_regex_v1
q_cosmetics_04,caa6cf2f-91b3-4bd9-a57a-cdb4fadf3cb3,14,5.973117965317052,bm25_regex_v1
q_cosmetics_04,d51bb28c-7b90-4786-923f-16b299e1d65d,15,5.973117965317052,bm25_regex_v1
q_cosmetics_04,36c76327-b17c-49aa-b4d6-7d4e0891acba,16,5.973117965317052,bm25_regex_v1
q_cosmetics_04,fe6bbd24-a9a3-4750-843b-54154b113fe7,17,5.973117965317052,bm25_regex_v1
q_cosmetics_04,0ff24615-4ad7-4e5b-abaf-29b9d277810e,18,5.973117965317052,bm25_regex_v1
q_cosmetics_04,e980ca69-b7cf-4d31-b12b-101332012eea,19,5.973117965317052,bm25_regex_v1
q_cosmetics_04,f5fcd56b-89e6-4719-99f4-2f807524366d,20,5.973117965317052,bm25_regex_v1
q_cosmetics_04,58dba530-c10f-441c-a5df-9e8bf6b27415,21,5.973117965317052,bm25_regex_v1
q_cosmetics_04,28a8355a-d0d5-441c-b261-2a6590f6249a,22,5.973117965317052,bm25_regex_v1
q_cosmetics_04,4ecb7f69-cfc0-4f2c-a7ba-50d8f0898832,23,5.973117965317052,bm25_regex_v1
q_cosmetics_04,2f69bec8-306e-4a50-ab87-a908eec2934a,24,5.973117965317052,bm25_regex_v1
q_cosmetics_04,7683aea7-645e-4a86-8398-6e78c2872e99,25,5.973117965317052,bm25_regex_v1
q_cosmetics_04,67045a10-41ce-4254-867e-3f29c7593769,26,5.973117965317052,bm25_regex_v1
q_cosmetics_04,9cfeb8e3-1576-447f-90da-59186c7384f1,27,5.973117965317052,bm25_regex_v1
q_cosmetics_04,1f954869-5905-4a02-980a-50ad8533496e,28,5.973117965317052,bm25_regex_v1
q_cosmetics_04,7f2bb43c-317c-4a43-8f2a-398d283affbe,29,5.973117965317052,bm25_regex_v1
q_cosmetics_04,eb85bc78-3cba-4401-8426-e3ee7cc9af56,30,5.973117965317052,bm25_regex_v1
q_cosmetics_04,4d5efbd7-9f1e-49ff-9119-175a5b65d483,31,5.973117965317052,bm25_regex_v1
q_cosmetics_04,7d04c7a3-d359-4185-b637-46fa74c82379,32,5.316747150228597,bm25_regex_v1
q_cosmetics_04,03556890-a970-4fbe-9dcd-92316614862e,33,5.316747150228597,bm25_regex_v1
q_cosmetics_04,3183d21d-dd2a-406d-9f6b-ff3a4866474f,34,5.316747150228597,bm25_regex_v1
q_cosmetics_04,ab133c7a-423d-42c9-9499-a7d72db1f6f2,35,5.316747150228597,bm25_regex_v1
q_cosmetics_04,372a3cd7-9f90-447c-b312-29c2c63333d2,36,5.316747150228597,bm25_regex_v1
q_cosmetics_04,8258057e-05a9-45a9-a9d8-9e93314a6401,37,5.316747150228597,bm25_regex_v1
q_cosmetics_04,3289cd30-9474-4d1b-ba09-48d454537988,38,5.316747150228597,bm25_regex_v1
q_cosmetics_04,04e1566d-2cb3-41c3-b46b-9d4017c03ee4,39,4.884506767486157,bm25_regex_v1
q_cosmetics_04,3531ad10-6f9d-4e70-9717-b442eb667322,40,4.884506767486157,bm25_regex_v1
q_nail_01,49a94171-cff6-4cdf-b63c-1b133a1d364d,1,7.403085459739147,bm25_regex_v1
q_nail_01,f4baf839-a137-4e84-bb89-a11d1bc9a58c,2,7.403085459739147,bm25_regex_v1
q_nail_01,05b77861-16d7-4c19-9479-80fc7279d3b1,3,6.801230151939706,bm25_regex_v1
q_nail_01,25e391e8-a2a9-4d17-a6e8-941771778a50,4,6.801230151939706,bm25_regex_v1
q_nail_01,1f2f2c08-b622-4937-bf24-fa007606f8d3,5,6.801230151939706,bm25_regex_v1
q_nail_01,8c0ed015-c09d-468b-8169-8ab30a5d38fb,6,6.801230151939706,bm25_regex_v1
q_nail_01,289e5a7f-3726-4bdb-a44d-84e3b79a5a3e,7,6.801230151939706,bm25_regex_v1
q_nail_01,c977f5eb-a010-4738-bf79-3644fb719ab7,8,6.801230151939706,bm25_regex_v1
q_nail_01,8d2e7058-6387-4492-ae62-195ed8286108,9,6.801230151939706,bm25_regex_v1
q_nail_01,007fee80-11ba-4073-92f1-c67de14eebd2,10,6.801230151939706,bm25_regex_v1
q_nail_01,b477b637-8971-41d2-ae1d-15fbab81e223,11,6.801230151939706,bm25_regex_v1
q_nail_01,641ebd0b-d341-4904-8d4e-1f5485efc92a,12,6.801230151939706,bm25_regex_v1
q_nail_01,caa57b8a-9ffa-43c2-835b-dd5a9ec4d212,13,6.801230151939706,bm25_regex_v1
q_nail_01,3383b8fa-d6bb-47aa-bc12-d4ab8bb30234,14,6.801230151939706,bm25_regex_v1
q_nail_01,f0cfae43-a930-4947-a4ba-ed73042d67e2,15,6.801230151939706,bm25_regex_v1
q_nail_01,9dcadbb9-0c5c-4edd-83fd-adc78ece98f2,16,6.801230151939706,bm25_regex_v1
q_nail_01,ab84ed46-df48-46b9-b205-ee1791df3579,17,6.801230151939706,bm25_regex_v1
q_nail_01,3cf5926b-4b27-40b5-adee-573c7aa812e3,18,6.801230151939706,bm25_regex_v1
q_nail_01,68c40973-2809-4e7b-89dc-5c117bf5fef2,19,6.801230151939706,bm25_regex_v1
q_nail_01,5c7238a4-3156-44c5-930e-2c2c77158092,20,6.801230151939706,bm25_regex_v1
q_nail_01,116ad352-49a8-48e6-b767-2f01c2140742,21,6.801230151939706,bm25_regex_v1
q_nail_01,d6237cb8-a7c5-4f59-ab7b-5e5858110006,22,6.801230151939706,bm25_regex_v1
q_nail_01,f26dcf1a-d768-469f-9a10-075c2465c454,23,6.801230151939706,bm25_regex_v1
q_nail_01,7acd1fed-4d04-46e7-86fe-0e262bbd068c,24,6.801230151939706,bm25_regex_v1
q_nail_01,05baba8d-0e0e-493a-b5cf-4926da9f70f8,25,6.801230151939706,bm25_regex_v1
q_nail_01,37f0bc5e-5019-4abd-95f0-50722c277400,26,6.801230151939706,bm25_regex_v1
q_nail_01,e08b774a-c521-42d7-a733-fdfd53b1c8e9,27,6.801230151939706,bm25_regex_v1
q_nail_01,160fd7ef-51d8-4e29-925e-6b51627760a8,28,6.801230151939706,bm25_regex_v1
q_nail_01,d5da111d-1b5b-4450-9a35-1e9dd7d76543,29,6.801230151939706,bm25_regex_v1
q_nail_01,4623a72d-49b2-46a6-9c7d-62ab810ed089,30,6.801230151939706,bm25_regex_v1
q_nail_01,d3fd3cca-0c7e-42d9-93c2-0857fd3722c8,31,6.801230151939706,bm25_regex_v1
q_nail_01,45179022-0b01-40d3-9c28-a75ab1096252,32,6.801230151939706,bm25_regex_v1
q_nail_01,4b39fd40-1dd1-4296-96da-ec41294b16cf,33,6.801230151939706,bm25_regex_v1
q_nail_01,a8ab3c58-9f4b-424e-a753-5e15347a3165,34,6.801230151939706,bm25_regex_v1
q_nail_01,f30b6505-27eb-4104-8b19-98c5c2b10544,35,6.801230151939706,bm25_regex_v1
q_nail_01,6bbdd3d3-db98-442a-92d2-ca7c7238c65e,36,6.801230151939706,bm25_regex_v1
q_nail_01,9c12b347-acb1-41ba-b317-288da081f7f7,37,6.801230151939706,bm25_regex_v1
q_nail_01,f1e081c4-49e8-4a12-a79b-f6cf4739539a,38,6.801230151939706,bm25_regex_v1
q_nail_01,03755fb1-c790-4c78-9623-5d3855f0bdce,39,6.801230151939706,bm25_regex_v1
q_nail_01,4cffe4bb-b60c-4c5f-9c1c-9fe8ea2ae3d5,40,6.801230151939706,bm25_regex_v1
q_nail_02,78d65982-f477-4f27-8f08-eda02e7f2db8,1,11.075625596789916,bm25_regex_v1
q_nail_02,43fd2b92-cad5-47c6-b4f9-6732d25b6618,2,8.8393715416006,bm25_regex_v1
q_nail_02,e2bad5c7-ea54-4687-bc72-a92d93719e3e,3,8.8393715416006,bm25_regex_v1
q_nail_02,d0df74e7-92da-4361-8cf6-e336f0b8450a,4,8.8393715416006,bm25_regex_v1
q_nail_02,ed74e008-9af7-4852-8852-b94abcb400c1,5,8.8393715416006,bm25_regex_v1
q_nail_02,0cfe753a-a75d-45b6-823e-13bb2b29d3fa,6,8.8393715416006,bm25_regex_v1
q_nail_02,5891c532-bd60-4bfc-9a1b-fad270897d50,7,8.8393715416006,bm25_regex_v1
q_nail_02,c018852a-a361-49d8-9cd5-54e4ea3fcf3d,8,8.8393715416006,bm25_regex_v1
q_nail_02,46a41a39-bb2b-4895-a49a-197e0febb649,9,8.8393715416006,bm25_regex_v1
q_nail_02,88ec4c30-883f-483a-8729-c36d65cd1943,10,8.8393715416006,bm25_regex_v1
q_nail_02,df8a572d-4742-4bf9-bebc-22af935c6920,11,8.8393715416006,bm25_regex_v1
q_nail_02,b0d93586-2ac7-407b-b4a1-295afa974218,12,8.8393715416006,bm25_regex_v1
q_nail_02,89995266-a376-49fd-8427-392ca4d6c8a4,13,8.8393715416006,bm25_regex_v1
q_nail_02,28357908-0550-4db7-96bc-36888efe3a94,14,8.8393715416006,bm25_regex_v1
q_nail_02,d07fea72-cddd-4bac-b879-77270c1f0388,15,8.8393715416006,bm25_regex_v1
q_nail_02,d2cfc577-2727-43a8-94c8-eb8d60e707ca,16,8.8393715416006,bm25_regex_v1
q_nail_02,706151c9-981a-4b6f-8bfc-7e4481514cd8,17,8.8393715416006,bm25_regex_v1
q_nail_02,8ca9647a-29af-4859-a038-c98dfb8f53f2,18,8.8393715416006,bm25_regex_v1
q_nail_02,74b77a80-0bc5-48a6-820d-9f0dd947191e,19,8.8393715416006,bm25_regex_v1
q_nail_02,f676a6de-aecf-4eaa-a5a4-8d6f4d2185d5,20,8.8393715416006,bm25_regex_v1
q_nail_02,853f15f1-48d6-4576-a815-1c1abf2af7f3,21,8.8393715416006,bm25_regex_v1
q_nail_02,4a8bf8ef-2ed0-4262-b5a8-a81198e62940,22,8.8393715416006,bm25_regex_v1
q_nail_02,2b4cda8a-1bc9-4274-8bce-ed110ed5c040,23,8.8393715416006,bm25_regex_v1
q_nail_02,e30ab297-c92f-4d02-badb-5f097b4258c8,24,8.8393715416006,bm25_regex_v1
q_nail_02,2b50bccc-3a29-4485-b5aa-8577a179d57a,25,8.8393715416006,bm25_regex_v1
q_nail_02,e95e67f2-05ff-49ad-b335-e73eabd44049,26,8.8393715416006,bm25_regex_v1
q_nail_02,729c8b22-34a0-4c68-919c-68d76fb16cd1,27,8.8393715416006,bm25_regex_v1
q_nail_02,10829a71-dc73-4f77-9196-8d9e4c52f988,28,8.8393715416006,bm25_regex_v1
q_nail_02,67204a9e-67fe-4def-816f-72bc2ab8d1c7,29,8.8393715416006,bm25_regex_v1
q_nail_02,a76d5bb6-6249-4bdb-9801-30b732aa7075,30,8.8393715416006,bm25_regex_v1
q_nail_02,1534b599-72c2-4df1-bf31-331c4366be56,31,8.8393715416006,bm25_regex_v1
q_nail_02,3d31c15c-5c17-4d6d-a961-4f892fde6984,32,8.8393715416006,bm25_regex_v1
q_nail_02,1bcccb0e-91ba-4245-9cc1-ed6646801628,33,8.8393715416006,bm25_regex_v1
q_nail_02,4b1951d4-aa67-4b08-91a6-de7833c6387c,34,8.8393715416006,bm25_regex_v1
q_nail_02,053d5ae8-ba7f-44b3-aaa0-a0265c922b10,35,8.8393715416006,bm25_regex_v1
q_nail_02,6ec912e5-bb70-4bfc-8010-5664e7d3f314,36,8.8393715416006,bm25_regex_v1
q_nail_02,903ae331-865e-412c-81ff-3cc95a7620f1,37,8.8393715416006,bm25_regex_v1
q_nail_02,1296029d-9183-4e5b-8ab0-308ce0b1b2c3,38,8.8393715416006,bm25_regex_v1
q_nail_02,499fe9a0-9d38-4cfe-975d-33b75fff5a6a,39,8.8393715416006,bm25_regex_v1
q_nail_02,2f7d86fd-73bc-4e64-85d6-4a511961168c,40,8.8393715416006,bm25_regex_v1
q_nail_03,f316fbf7-589e-4e03-adc0-3687950303da,1,10.141728547298712,bm25_regex_v1
q_nail_03,81a86fc2-6fca-4820-b0b4-77df1c636435,2,10.141728547298712,bm25_regex_v1
q_nail_03,76a3551b-dae4-4326-92cc-662015aedbfb,3,9.713061568494638,bm25_regex_v1
q_nail_03,14ecd542-a1bb-475f-b26c-3e807e0f9e16,4,9.599729510903945,bm25_regex_v1
q_nail_03,b086d5e4-9aae-4f01-8b7a-86ea7bb2d4be,5,8.43802612634466,bm25_regex_v1
q_nail_03,caa0c013-f250-4ba4-a9d7-975609a8f41d,6,8.43802612634466,bm25_regex_v1
q_nail_03,1541829b-2117-454a-a680-e49e16d561a8,7,8.43802612634466,bm25_regex_v1
q_nail_03,24456103-f6b8-46af-8655-82e61d7265d8,8,8.316053173150372,bm25_regex_v1
q_nail_03,c111ac9d-3f3a-405c-a8db-4d127ccda9e2,9,8.316053173150372,bm25_regex_v1
q_nail_03,9e491526-e765-4456-a8fd-69a4e6c63277,10,7.9870771576138,bm25_regex_v1
q_nail_03,340ac757-2017-410b-8327-2b0286767291,11,7.9870771576138,bm25_regex_v1
q_nail_03,7507af5d-dcb0-4f35-a5b5-ecd1b2a3f3e0,12,7.9870771576138,bm25_regex_v1
q_nail_03,6c09e698-19e4-4522-990b-f4904a65ba38,13,7.9870771576138,bm25_regex_v1
q_nail_03,dea099a4-1ca1-4348-b55b-3681daabcc7d,14,7.9870771576138,bm25_regex_v1
q_nail_03,45323599-97a8-4945-8067-a8ea77bf0ff0,15,7.9870771576138,bm25_regex_v1
q_nail_03,e1ef4f13-83c7-402e-97a3-47b88a065eb0,16,7.9870771576138,bm25_regex_v1
q_nail_03,c8d90403-d778-42b6-b99f-62bc9e7c9948,17,7.9870771576138,bm25_regex_v1
q_nail_03,2743811c-5e71-4d2b-aa75-1b0147d44f2d,18,7.270371540466384,bm25_regex_v1
q_nail_03,27e4048a-bff5-425f-a30d-bb17047bf285,19,7.224403289146411,bm25_regex_v1
q_nail_03,58da1b66-2ee7-4c35-ab39-8c2fcebd2e2c,20,7.224403289146411,bm25_regex_v1
q_nail_03,9981d8a8-fa07-4320-bb67-a22d20d99a14,21,7.224403289146411,bm25_regex_v1
q_nail_03,a7c8c129-c702-4c20-a729-2bcf043a55c3,22,7.224403289146411,bm25_regex_v1
q_nail_03,f06ea9b7-6cbb-4260-b37d-b1356a3fbc45,23,7.224403289146411,bm25_regex_v1
q_nail_03,e21c4a07-df26-4e42-8398-50c890e0aa82,24,7.224403289146411,bm25_regex_v1
q_nail_03,4f15d033-da64-49eb-b7f3-a1810535de5a,25,7.224403289146411,bm25_regex_v1
q_nail_03,2be3342e-2517-4382-8c8b-6df3e64851ea,26,7.224403289146411,bm25_regex_v1
q_nail_03,504d1357-a49f-4cf4-8610-7018a712c931,27,6.838313324010489,bm25_regex_v1
q_nail_03,56197780-5425-480c-a2fa-f31ba0d5798e,28,6.838313324010489,bm25_regex_v1
q_nail_03,4faa9206-a549-4d82-b171-f7efaec362e3,29,6.838313324010489,bm25_regex_v1
q_nail_03,935e1d45-2b5a-4579-b45f-fbf790cc0687,30,6.838313324010489,bm25_regex_v1
q_nail_03,bae5b4ac-2e89-4bb0-8962-b0c8077f7ec1,31,6.838313324010489,bm25_regex_v1
q_nail_03,cf45caa2-d0a5-44f5-b8b5-0a2bbbc8b7cf,32,6.838313324010489,bm25_regex_v1
q_nail_03,99973d84-7f47-4547-b51f-169ec7a326e1,33,6.838313324010489,bm25_regex_v1
q_nail_03,ee7be07a-9d93-47ec-aa6e-79b5d6ac0408,34,6.838313324010489,bm25_regex_v1
q_nail_03,248cd01f-7e85-424a-b3c0-8c72f4333aa4,35,6.838313324010489,bm25_regex_v1
q_nail_03,5d0903f5-1862-447c-9fcf-2321fbfc0408,36,6.315988483556568,bm25_regex_v1
q_nail_03,626761c4-ecd9-44d9-8f8f-ee2756400cea,37,5.978446450558661,bm25_regex_v1
q_nail_03,dac2cb07-7728-4595-97ad-b0fd6f41f08b,38,5.978446450558661,bm25_regex_v1
q_nail_03,4bc2215b-77e3-45cd-b997-c9f173f6aa39,39,5.978446450558661,bm25_regex_v1
q_nail_03,f724a1d0-309a-4ac4-931e-847b5bb09c9d,40,5.978446450558661,bm25_regex_v1
q_nail_04,aba76fc2-984e-4030-ba01-e2e7d78264c7,1,9.939720297290684,bm25_regex_v1
q_nail_04,282b0e8b-051c-49f9-a707-b982df803589,2,8.510112072863361,bm25_regex_v1
q_nail_04,f14df4d3-9858-4a8b-8597-20fd477d8e32,3,8.510112072863361,bm25_regex_v1
q_nail_04,c286fd29-1ad1-4bae-b8d1-4e2889eceda0,4,8.170732348004545,bm25_regex_v1
q_nail_04,721dc7a7-9bfd-4160-8782-d3355ef3b93c,5,7.162027194347056,bm25_regex_v1
q_nail_04,eb659763-904e-434c-8301-1f7835b70859,6,7.162027194347056,bm25_regex_v1
q_nail_04,914a0671-d6f9-4308-9872-9be9242c6a63,7,7.162027194347056,bm25_regex_v1
q_nail_04,0b955278-5139-41f5-83e0-16c7b7360903,8,7.162027194347056,bm25_regex_v1
q_nail_04,c50854e7-b741-47c7-8f5b-420626c54691,9,7.162027194347056,bm25_regex_v1
q_nail_04,b5ad9033-3947-4851-a724-15b5e76b6f02,10,7.162027194347056,bm25_regex_v1
q_nail_04,a6228180-90b5-4b60-97b3-bbd7ca1254a2,11,7.162027194347056,bm25_regex_v1
q_nail_04,cb92911e-9b5f-42f2-8031-d2a59d0aa586,12,7.162027194347056,bm25_regex_v1
q_nail_04,6b6f7e04-9b8f-4c93-a699-7e8ea453b0d2,13,7.162027194347056,bm25_regex_v1
q_nail_04,1b961aef-8558-4285-9c71-83c931d92d4c,14,7.162027194347056,bm25_regex_v1
q_nail_04,c714ef26-e1da-49d3-b4ef-be76eb2dfe4a,15,7.162027194347056,bm25_regex_v1
q_nail_04,11b9b0eb-f4d7-4b5d-ba54-2dd56b508a1c,16,7.162027194347056,bm25_regex_v1
q_nail_04,f176fdc4-6367-4233-9019-e8d2f5b075d8,17,7.162027194347056,bm25_regex_v1
q_nail_04,6a7aa0be-2ebc-476d-b5d1-47110140173d,18,7.162027194347056,bm25_regex_v1
q_nail_04,36b702c5-1ca6-4299-9d52-a8c44e1add82,19,7.162027194347056,bm25_regex_v1
q_nail_04,f2da6916-c7d4-4ebe-8e94-5e58765ff124,20,7.162027194347056,bm25_regex_v1
q_nail_04,148d3f70-ecec-4a83-9d99-d7b82c848252,21,7.162027194347056,bm25_regex_v1
q_nail_04,2a316971-3aef-4d8a-8b64-e0393fbe8467,22,7.162027194347056,bm25_regex_v1
q_nail_04,0b45756a-83b1-41aa-a27e-5c7a1a63992d,23,7.162027194347056,bm25_regex_v1
q_nail_04,f4e2dc33-a5a5-4964-bed5-78b1c4b5bef0,24,7.162027194347056,bm25_regex_v1
q_nail_04,a804dfd9-8dfa-4711-a7dd-fa66e2262375,25,7.162027194347056,bm25_regex_v1
q_nail_04,fbe9a2d0-7d05-401e-a347-3bba3f5e7d39,26,7.162027194347056,bm25_regex_v1
q_nail_04,d9f1ce22-36d6-4787-b4f9-2702573bfd29,27,7.162027194347056,bm25_regex_v1
q_nail_04,19f5e2ba-a0ce-4fb8-a252-fe8123cf3306,28,7.162027194347056,bm25_regex_v1
q_nail_04,34bd002d-73f1-4e93-b09d-a3f04437f6e4,29,7.162027194347056,bm25_regex_v1
q_nail_04,05fe1168-d3ee-4e6d-846d-66cb682fbaf6,30,7.162027194347056,bm25_regex_v1
q_nail_04,bc24cd1c-0522-4cbe-a79e-b77ca8512ab0,31,7.162027194347056,bm25_regex_v1
q_nail_04,ad835a2e-cc70-4ebe-a5e1-65f81eb2bb8e,32,7.162027194347056,bm25_regex_v1
q_nail_04,f86a50fe-ba1e-433e-ab03-541e32563800,33,7.162027194347056,bm25_regex_v1
q_nail_04,e91b5d68-9b1e-4bc7-9008-b7266955d56d,34,7.162027194347056,bm25_regex_v1
q_nail_04,dcc82117-0866-41ff-927e-32abd66d9e66,35,7.162027194347056,bm25_regex_v1
q_nail_04,540e61c2-2f18-47a6-930f-735f7e8e2fb0,36,7.162027194347056,bm25_regex_v1
q_nail_04,7e6d6ec7-7dbd-48d0-aa0f-0f13ab72353a,37,7.162027194347056,bm25_regex_v1
q_nail_04,eef74bd7-0758-405d-9551-5bd1bacae635,38,7.162027194347056,bm25_regex_v1
q_nail_04,e3bfbb35-8e57-490d-9c73-3262b83106d3,39,7.162027194347056,bm25_regex_v1
q_nail_04,61287ca4-e962-44c7-b3ac-92d1cce6ac45,40,7.162027194347056,bm25_regex_v1
q_pizza_01,670321d0-6986-48d9-badf-da51a1db1f31,1,7.21872123599914,bm25_regex_v1
q_pizza_01,ee1d9f19-0756-4e61-9c90-7dab30471f24,2,7.21872123599914,bm25_regex_v1
q_pizza_01,9fa92010-4783-4070-9c85-c1a9624b4628,3,7.21872123599914,bm25_regex_v1
q_pizza_01,d0748c55-21ac-441e-9ed5-bbc001435913,4,7.21872123599914,bm25_regex_v1
q_pizza_01,b07f1cbf-3655-4a07-8de2-dfa245d76faa,5,7.21872123599914,bm25_regex_v1
q_pizza_01,013420d6-557d-45f7-9c34-e9fb1e490077,6,7.21872123599914,bm25_regex_v1
q_pizza_01,a7112e8a-d7aa-4d2e-a5fe-21312b42487b,7,7.21872123599914,bm25_regex_v1
q_pizza_01,70e102b2-70aa-4e1c-92fc-c52d3c9fd891,8,6.425474230150394,bm25_regex_v1
q_pizza_01,38b9ea42-90e7-4f3e-b81f-81df9e9f7143,9,6.425474230150394,bm25_regex_v1
q_pizza_01,4209d884-013a-4299-a7b7-242cbbf8ed42,10,6.425474230150394,bm25_regex_v1
q_pizza_01,2bbb35e5-c07b-4878-a27c-0ad2922d2e9b,11,6.425474230150394,bm25_regex_v1
q_pizza_01,c5a399a4-9a8c-456d-b029-0c423415279b,12,6.425474230150394,bm25_regex_v1
q_pizza_01,806a4f97-f01f-4744-af66-634815a5f71c,13,6.425474230150394,bm25_regex_v1
q_pizza_01,13cd2c30-8314-49f2-8405-859b4a2b6719,14,6.425474230150394,bm25_regex_v1
q_pizza_01,4132feeb-e165-4e87-a835-dd16090f3e60,15,6.425474230150394,bm25_regex_v1
q_pizza_01,5d8115f1-46fe-49fb-94d0-7be256af703e,16,6.425474230150394,bm25_regex_v1
q_pizza_01,00f98bb9-7973-4aef-97f9-9a91ac74e6d0,17,6.425474230150394,bm25_regex_v1
q_pizza_01,7209ab0e-ac7b-4cea-9df7-aeae728a6421,18,5.903096663178365,bm25_regex_v1
q_pizza_01,7c758a6b-d59b-4892-a53c-d68ce1fb7b83,19,5.903096663178365,bm25_regex_v1
q_pizza_01,c49501f3-cb59-409e-83cf-9c2ddc6b299b,20,5.903096663178365,bm25_regex_v1
q_pizza_01,0192b290-81c9-4c12-a7ac-6e280f467e17,21,5.903096663178365,bm25_regex_v1
q_pizza_01,e97d56e2-8cd4-4297-a056-87b58809d763,22,5.903096663178365,bm25_regex_v1
q_pizza_01,4173b56a-7292-46ba-a9a6-44ca1a980b0a,23,5.903096663178365,bm25_regex_v1
q_pizza_01,f34ac804-049e-4e41-a2d3-c9f7fefb5845,24,5.903096663178365,bm25_regex_v1
q_pizza_01,605719d3-47d2-45a4-b4de-7c0aa9e45991,25,5.903096663178365,bm25_regex_v1
q_pizza_01,29c3339f-e9ae-4863-9054-e49c76621671,26,5.903096663178365,bm25_regex_v1
q_pizza_01,5799098b-8df3-421d-9239-c4d2d3dc3337,27,5.903096663178365,bm25_regex_v1
q_pizza_01,47a9f6e5-fa52-4983-b44b-ccd2a6930907,28,5.903096663178365,bm25_regex_v1
q_pizza_01,c09ac229-ff98-44dd-af9a-90824b2f68d0,29,5.903096663178365,bm25_regex_v1
q_pizza_01,1e305b3d-87f9-4b8e-9c4c-52550a958ed7,30,5.903096663178365,bm25_regex_v1
q_pizza_01,8eda080f-0523-4f84-8bb4-2a5d47dd9475,31,5.903096663178365,bm25_regex_v1
q_pizza_01,59eec93e-2d99-4dcf-94f3-e9a630df2b91,32,5.903096663178365,bm25_regex_v1
q_pizza_01,6f38857c-3541-4a52-a0da-fc6a9ea81019,33,5.903096663178365,bm25_regex_v1
q_pizza_01,bd3d02d7-b04a-4fe8-8e1a-f656b91ca63d,34,5.903096663178365,bm25_regex_v1
q_pizza_01,8b97a73d-184e-44f6-b82f-8c46ac9fe9e9,35,5.903096663178365,bm25_regex_v1
q_pizza_01,1d89f31a-a76b-4414-9539-863d6852482f,36,5.903096663178365,bm25_regex_v1
q_pizza_01,8498dbec-5729-4fc3-8311-8d04f6942df5,37,5.903096663178365,bm25_regex_v1
q_pizza_01,4bbd141f-54d7-4608-87dd-36ce0e35d628,38,5.903096663178365,bm25_regex_v1
q_pizza_01,157fc9e0-fc3e-4bee-8790-78d06ebf6dc1,39,5.903096663178365,bm25_regex_v1
q_pizza_01,6d452665-0df8-47f8-81d3-4c5db1333c53,40,5.903096663178365,bm25_regex_v1
q_pizza_03,76a3551b-dae4-4326-92cc-662015aedbfb,1,9.713061568494638,bm25_regex_v1
q_pizza_03,24456103-f6b8-46af-8655-82e61d7265d8,2,8.316053173150372,bm25_regex_v1
q_pizza_03,c111ac9d-3f3a-405c-a8db-4d127ccda9e2,3,8.316053173150372,bm25_regex_v1
q_pizza_03,c161453d-f2c8-4b97-a2c3-a54e0cbdb7e8,4,8.01201882227563,bm25_regex_v1
q_pizza_03,2743811c-5e71-4d2b-aa75-1b0147d44f2d,5,7.270371540466384,bm25_regex_v1
q_pizza_03,a7112e8a-d7aa-4d2e-a5fe-21312b42487b,6,7.21872123599914,bm25_regex_v1
q_pizza_03,9fa92010-4783-4070-9c85-c1a9624b4628,7,7.21872123599914,bm25_regex_v1
q_pizza_03,b07f1cbf-3655-4a07-8de2-dfa245d76faa,8,7.21872123599914,bm25_regex_v1
q_pizza_03,d0748c55-21ac-441e-9ed5-bbc001435913,9,7.21872123599914,bm25_regex_v1
q_pizza_03,670321d0-6986-48d9-badf-da51a1db1f31,10,7.21872123599914,bm25_regex_v1
q_pizza_03,013420d6-557d-45f7-9c34-e9fb1e490077,11,7.21872123599914,bm25_regex_v1
q_pizza_03,ee1d9f19-0756-4e61-9c90-7dab30471f24,12,7.21872123599914,bm25_regex_v1
q_pizza_03,70e102b2-70aa-4e1c-92fc-c52d3c9fd891,13,6.425474230150394,bm25_regex_v1
q_pizza_03,806a4f97-f01f-4744-af66-634815a5f71c,14,6.425474230150394,bm25_regex_v1
q_pizza_03,c5a399a4-9a8c-456d-b029-0c423415279b,15,6.425474230150394,bm25_regex_v1
q_pizza_03,38b9ea42-90e7-4f3e-b81f-81df9e9f7143,16,6.425474230150394,bm25_regex_v1
q_pizza_03,2bbb35e5-c07b-4878-a27c-0ad2922d2e9b,17,6.425474230150394,bm25_regex_v1
q_pizza_03,5d8115f1-46fe-49fb-94d0-7be256af703e,18,6.425474230150394,bm25_regex_v1
q_pizza_03,00f98bb9-7973-4aef-97f9-9a91ac74e6d0,19,6.425474230150394,bm25_regex_v1
q_pizza_03,4209d884-013a-4299-a7b7-242cbbf8ed42,20,6.425474230150394,bm25_regex_v1
q_pizza_03,13cd2c30-8314-49f2-8405-859b4a2b6719,21,6.425474230150394,bm25_regex_v1
q_pizza_03,4132feeb-e165-4e87-a835-dd16090f3e60,22,6.425474230150394,bm25_regex_v1
q_pizza_03,1e305b3d-87f9-4b8e-9c4c-52550a958ed7,23,5.903096663178365,bm25_regex_v1
q_pizza_03,80e3a7e4-1d07-42a3-bc74-ab7f2bc71a8c,24,5.903096663178365,bm25_regex_v1
q_pizza_03,0c84dc13-27bf-430a-9f88-1434a2840905,25,5.903096663178365,bm25_regex_v1
q_pizza_03,4fbabc49-4ebc-4e5c-a8de-37304dae95de,26,5.903096663178365,bm25_regex_v1
q_pizza_03,32236125-57b5-49f9-9470-dcf5cfcc8a33,27,5.903096663178365,bm25_regex_v1
q_pizza_03,6cfd0d20-6f47-484e-9e5b-0eddbb25c445,28,5.903096663178365,bm25_regex_v1
q_pizza_03,e5175862-05e1-417a-8787-6c5686078db5,29,5.903096663178365,bm25_regex_v1
q_pizza_03,fe586ef0-79d4-470f-b0b1-57a87471e8ed,30,5.903096663178365,bm25_regex_v1
q_pizza_03,775f5540-934f-40a1-a0b5-9f7e4ee71dc7,31,5.903096663178365,bm25_regex_v1
q_pizza_03,1cf25a88-fd6d-4d4d-b821-cc8c3bdcd632,32,5.903096663178365,bm25_regex_v1
q_pizza_03,51e76f85-bdc6-4cd5-a59d-53ac2bbbd304,33,5.903096663178365,bm25_regex_v1
q_pizza_03,9393cecb-f792-4135-aec6-5d7883086f3f,34,5.903096663178365,bm25_regex_v1
q_pizza_03,5605e0db-bcab-4881-8c8b-86726ffaf03d,35,5.903096663178365,bm25_regex_v1
q_pizza_03,87732cce-01af-4f19-bf7b-bc22434cd904,36,5.903096663178365,bm25_regex_v1
q_pizza_03,7209ab0e-ac7b-4cea-9df7-aeae728a6421,37,5.903096663178365,bm25_regex_v1
q_pizza_03,93381f15-1c83-4f0e-8f8f-438dbb1aa17a,38,5.903096663178365,bm25_regex_v1
q_pizza_03,4536b718-e667-4304-81c8-680c57ee3dd4,39,5.903096663178365,bm25_regex_v1
q_pizza_03,2cf20b07-7876-4144-b058-d9d8f693e132,40,5.903096663178365,bm25_regex_v1
q_pizza_04,aba76fc2-984e-4030-ba01-e2e7d78264c7,1,9.939720297290684,bm25_regex_v1
q_pizza_04,282b0e8b-051c-49f9-a707-b982df803589,2,8.510112072863361,bm25_regex_v1
q_pizza_04,f14df4d3-9858-4a8b-8597-20fd477d8e32,3,8.510112072863361,bm25_regex_v1
q_pizza_04,ee1d9f19-0756-4e61-9c90-7dab30471f24,4,7.21872123599914,bm25_regex_v1
q_pizza_04,d0748c55-21ac-441e-9ed5-bbc001435913,5,7.21872123599914,bm25_regex_v1
q_pizza_04,b07f1cbf-3655-4a07-8de2-dfa245d76faa,6,7.21872123599914,bm25_regex_v1
q_pizza_04,9fa92010-4783-4070-9c85-c1a9624b4628,7,7.21872123599914,bm25_regex_v1
q_pizza_04,013420d6-557d-45f7-9c34-e9fb1e490077,8,7.21872123599914,bm25_regex_v1
q_pizza_04,a7112e8a-d7aa-4d2e-a5fe-21312b42487b,9,7.21872123599914,bm25_regex_v1
q_pizza_04,670321d0-6986-48d9-badf-da51a1db1f31,10,7.21872123599914,bm25_regex_v1
q_pizza_04,2bbb35e5-c07b-4878-a27c-0ad2922d2e9b,11,6.425474230150394,bm25_regex_v1
q_pizza_04,4209d884-013a-4299-a7b7-242cbbf8ed42,12,6.425474230150394,bm25_regex_v1
q_pizza_04,c5a399a4-9a8c-456d-b029-0c423415279b,13,6.425474230150394,bm25_regex_v1
q_pizza_04,70e102b2-70aa-4e1c-92fc-c52d3c9fd891,14,6.425474230150394,bm25_regex_v1
q_pizza_04,5d8115f1-46fe-49fb-94d0-7be256af703e,15,6.425474230150394,bm25_regex_v1
q_pizza_04,4132feeb-e165-4e87-a835-dd16090f3e60,16,6.425474230150394,bm25_regex_v1
q_pizza_04,13cd2c30-8314-49f2-8405-859b4a2b6719,17,6.425474230150394,bm25_regex_v1
q_pizza_04,806a4f97-f01f-4744-af66-634815a5f71c,18,6.425474230150394,bm25_regex_v1
q_pizza_04,38b9ea42-90e7-4f3e-b81f-81df9e9f7143,19,6.425474230150394,bm25_regex_v1
q_pizza_04,00f98bb9-7973-4aef-97f9-9a91ac74e6d0,20,6.425474230150394,bm25_regex_v1
q_pizza_04,fae2d562-3505-41e5-94df-965d7ebe9b7b,21,5.903096663178365,bm25_regex_v1
q_pizza_04,6d452665-0df8-47f8-81d3-4c5db1333c53,22,5.903096663178365,bm25_regex_v1
q_pizza_04,b1db6c58-1782-467c-87b6-eb175e30ddfa,23,5.903096663178365,bm25_regex_v1
q_pizza_04,f7f43515-a48e-4038-9428-75fd996f018e,24,5.903096663178365,bm25_regex_v1
q_pizza_04,8b5eab44-953b-44ff-b5df-ca8e0eafae85,25,5.903096663178365,bm25_regex_v1
q_pizza_04,1cc8f93c-0797-4af9-9de0-0573ba23dddf,26,5.903096663178365,bm25_regex_v1
q_pizza_04,a566378a-36fe-4348-8e58-3d26cb32e075,27,5.903096663178365,bm25_regex_v1
q_pizza_04,30b55019-b21a-4e71-bbff-a562872140fb,28,5.903096663178365,bm25_regex_v1
q_pizza_04,1ffc8675-dd73-468a-a79d-14c79a62bfb8,29,5.903096663178365,bm25_regex_v1
q_pizza_04,12f1f78e-5e42-48c4-841e-d25f18c1240c,30,5.903096663178365,bm25_regex_v1
q_pizza_04,068adc84-fef9-4327-af24-3bb532b145d1,31,5.903096663178365,bm25_regex_v1
q_pizza_04,35586e2f-08bf-493f-8667-246042bdd8fd,32,5.903096663178365,bm25_regex_v1
q_pizza_04,a905ef2b-9ae1-457e-8368-54e2aa25439c,33,5.903096663178365,bm25_regex_v1
q_pizza_04,cd98c27a-3a35-4cc0-a66f-d767b3785d78,34,5.903096663178365,bm25_regex_v1
q_pizza_04,0192b290-81c9-4c12-a7ac-6e280f467e17,35,5.903096663178365,bm25_regex_v1
q_pizza_04,e97d56e2-8cd4-4297-a056-87b58809d763,36,5.903096663178365,bm25_regex_v1
q_pizza_04,32236125-57b5-49f9-9470-dcf5cfcc8a33,37,5.903096663178365,bm25_regex_v1
q_pizza_04,87732cce-01af-4f19-bf7b-bc22434cd904,38,5.903096663178365,bm25_regex_v1
q_pizza_04,5605e0db-bcab-4881-8c8b-86726ffaf03d,39,5.903096663178365,bm25_regex_v1
q_pizza_04,9393cecb-f792-4135-aec6-5d7883086f3f,40,5.903096663178365,bm25_regex_v1
q_rice_cake_01,a4641b28-37b6-4342-ad2d-97d6ba03de0a,1,6.146602782645986,bm25_regex_v1
q_rice_cake_01,12e6c17b-a043-4fde-86ca-de15d08c8c06,2,6.146602782645986,bm25_regex_v1
q_rice_cake_01,cfb28a15-a3a6-4039-9b45-8bf6f4465dc7,3,5.471168160075934,bm25_regex_v1
q_rice_cake_01,4993bc6a-1aa2-4e35-a0b7-5ae7ba352d9f,4,5.471168160075934,bm25_regex_v1
q_rice_cake_01,d4714410-87d6-4726-94ed-208c22bea955,5,5.026373673383485,bm25_regex_v1
q_rice_cake_01,584576c8-ae54-4e87-91ac-89bd57874b0e,6,5.026373673383485,bm25_regex_v1
q_rice_cake_01,c95e94c8-f981-44a9-9e66-05b6b60fcb19,7,5.026373673383485,bm25_regex_v1
q_rice_cake_01,359b44bc-382d-4209-9f35-12d175902676,8,5.026373673383485,bm25_regex_v1
q_rice_cake_01,0ac1ac5e-ad58-482e-9f5e-0957aa78fca8,9,5.026373673383485,bm25_regex_v1
q_rice_cake_01,88cc264d-1e91-4771-9586-cdc8f71ba843,10,5.026373673383485,bm25_regex_v1
q_rice_cake_01,3d5d845d-6f54-4bbb-b245-ab0173b26255,11,5.026373673383485,bm25_regex_v1
q_rice_cake_01,630e7b90-6e65-48d6-89e9-92c272ad2513,12,5.026373673383485,bm25_regex_v1
q_rice_cake_01,2fea38c1-32c3-4051-bcf1-b790f9c70302,13,5.026373673383485,bm25_regex_v1
q_rice_cake_01,7343c438-6ce0-4b77-96ae-8010171079e0,14,5.026373673383485,bm25_regex_v1
q_rice_cake_01,2daf6a0b-665f-4511-961e-282c2d1ad887,15,5.026373673383485,bm25_regex_v1
q_rice_cake_01,073f9328-3071-45bb-909a-f69eecbfff85,16,5.026373673383485,bm25_regex_v1
q_rice_cake_01,ca57e8bb-2598-4430-85c9-64ec9235d6b9,17,5.026373673383485,bm25_regex_v1
q_rice_cake_01,d38fb055-aa53-4311-9ba5-541c791785c9,18,5.026373673383485,bm25_regex_v1
q_rice_cake_01,ed57aba7-55d6-4299-bca9-e1a85dceb439,19,5.026373673383485,bm25_regex_v1
q_rice_cake_01,940ae0c9-943c-41ad-84ac-e30cf6270abf,20,5.026373673383485,bm25_regex_v1
q_rice_cake_01,e97f8e73-5af0-4246-b0b0-4db877f97506,21,5.026373673383485,bm25_regex_v1
q_rice_cake_01,d8f43c37-e25f-400b-95c4-87ae23d0248d,22,5.026373673383485,bm25_regex_v1
q_rice_cake_01,b403d9e8-254c-4bce-9fab-21fc0dd7c072,23,5.026373673383485,bm25_regex_v1
q_rice_cake_01,7904cc8a-6f76-4234-85df-dc049f1d38d8,24,5.026373673383485,bm25_regex_v1
q_rice_cake_01,0cebe95b-f4fc-40d0-a784-9dbfd82723bd,25,5.026373673383485,bm25_regex_v1
q_rice_cake_01,beaf4e0c-80c3-4321-8b7f-d23bcb640c42,26,5.026373673383485,bm25_regex_v1
q_rice_cake_01,ddad3660-a2bb-49d9-bbc8-eb0ca9d9e042,27,5.026373673383485,bm25_regex_v1
q_rice_cake_01,6f6ac640-9501-4e5d-85f5-f59eee13dadc,28,5.026373673383485,bm25_regex_v1
q_rice_cake_01,60be6e13-bfd4-4a35-8581-4a35afde04c1,29,5.026373673383485,bm25_regex_v1
q_rice_cake_01,664c30e3-c6fd-4cde-b7d6-940cd8769113,30,5.026373673383485,bm25_regex_v1
q_rice_cake_01,56ce032d-0423-4f75-9fa5-8ecbe1a0aa6e,31,5.026373673383485,bm25_regex_v1
q_rice_cake_01,8de677ed-1177-4dd2-a070-fa5b415aece1,32,5.026373673383485,bm25_regex_v1
q_rice_cake_01,e998bc26-5401-4932-ae20-827bb2eb6832,33,5.026373673383485,bm25_regex_v1
q_rice_cake_01,a810e8c3-7d0f-4757-a1bb-94357f61a9d0,34,5.026373673383485,bm25_regex_v1
q_rice_cake_01,a91197b4-e4c8-4265-8993-33b671099371,35,5.026373673383485,bm25_regex_v1
q_rice_cake_01,d11147c0-77dd-4279-8f96-7a362a7b42d2,36,5.026373673383485,bm25_regex_v1
q_rice_cake_01,c924bfd8-d7fb-4043-9aa4-b5a5f1058d9f,37,5.026373673383485,bm25_regex_v1
q_rice_cake_01,ba8f0eec-9029-4672-913b-e3aa2e99f0b2,38,5.026373673383485,bm25_regex_v1
q_rice_cake_01,ea7401e0-5e98-4778-804f-0f03257bf958,39,5.026373673383485,bm25_regex_v1
q_rice_cake_01,5956e3f2-d4d7-4421-ac8b-185825f5924e,40,5.026373673383485,bm25_regex_v1
q_rice_cake_02,9767f968-1569-4d86-a8d2-4ebaae51feb0,1,8.254157356883162,bm25_regex_v1
q_rice_cake_02,7c155bc1-60c9-475d-ade3-bd2ce9822837,2,8.254157356883162,bm25_regex_v1
q_rice_cake_02,813ce9a1-a0a1-456a-bdee-e7cfce6a368b,3,8.254157356883162,bm25_regex_v1
q_rice_cake_02,0ebed360-1c2b-4e0d-9243-4be66f3111f4,4,8.254157356883162,bm25_regex_v1
q_rice_cake_02,f2e95edb-c506-4b03-bd1d-b93dedd952a7,5,8.254157356883162,bm25_regex_v1
q_rice_cake_02,7e9443d4-3c9b-4f6a-b538-e2caecb1b393,6,8.254157356883162,bm25_regex_v1
q_rice_cake_02,342d3acb-4c96-4d15-996b-3dbf39f04f45,7,8.254157356883162,bm25_regex_v1
q_rice_cake_02,41df4206-66f7-42a5-a7cc-7afabcf90682,8,8.254157356883162,bm25_regex_v1
q_rice_cake_02,33f24661-1324-4c7a-84be-61a69e78e7fc,9,8.254157356883162,bm25_regex_v1
q_rice_cake_02,7fc972be-2dd1-4770-a09d-a266709770ce,10,8.254157356883162,bm25_regex_v1
q_rice_cake_02,a869a6e3-f723-4629-b496-4fb996cc89d4,11,8.254157356883162,bm25_regex_v1
q_rice_cake_02,6d6e9dfd-2cd3-4362-b9de-9f75ec0182d9,12,8.254157356883162,bm25_regex_v1
q_rice_cake_02,801e6f7f-4ac4-42fc-b1bc-7d442d5c9d7c,13,8.254157356883162,bm25_regex_v1
q_rice_cake_02,84b49d2b-ff52-4e6d-beb8-e676755052e7,14,8.254157356883162,bm25_regex_v1
q_rice_cake_02,d29cfb0f-02c3-489d-b3f4-cb7e719b3b7c,15,8.254157356883162,bm25_regex_v1
q_rice_cake_02,57a37fcc-91a4-45a1-91b9-c43052e58553,16,8.254157356883162,bm25_regex_v1
q_rice_cake_02,ae2b11fd-24eb-48a3-b4bc-05b6d50b1aaf,17,8.254157356883162,bm25_regex_v1
q_rice_cake_02,4520084e-2438-4541-8f51-9ec27717a243,18,8.254157356883162,bm25_regex_v1
q_rice_cake_02,6199925a-ee50-42b9-b3a2-5ec51aa71115,19,8.254157356883162,bm25_regex_v1
q_rice_cake_02,81fac342-30b9-4966-92dd-24e0de2ebc1d,20,8.254157356883162,bm25_regex_v1
q_rice_cake_02,de8a5bc7-8736-455c-872b-db04aa2d0778,21,8.254157356883162,bm25_regex_v1
q_rice_cake_02,ced7f0fb-4c74-4252-85b8-b5c89ccb408f,22,8.254157356883162,bm25_regex_v1
q_rice_cake_02,f8ea7fa9-4623-4665-bb71-c109ace053fb,23,8.254157356883162,bm25_regex_v1
q_rice_cake_02,23a281e5-490a-4194-9c38-6d1fa6ead2b4,24,8.254157356883162,bm25_regex_v1
q_rice_cake_02,b5504773-441d-4f64-8b2d-2ce302c10a2b,25,8.254157356883162,bm25_regex_v1
q_rice_cake_02,4ca54a53-36e0-4ae1-ad01-e1eceabc7c3a,26,8.254157356883162,bm25_regex_v1
q_rice_cake_02,bce257b0-09af-4689-8224-6ccc13258493,27,8.254157356883162,bm25_regex_v1
q_rice_cake_02,c31ee53d-fc38-4e74-be51-3df3f95e8f7c,28,8.254157356883162,bm25_regex_v1
q_rice_cake_02,5c82baa8-304c-4b86-8ed3-3033fc88133c,29,8.254157356883162,bm25_regex_v1
q_rice_cake_02,fe9fe588-736d-41d5-9b73-586c31d9b359,30,8.254157356883162,bm25_regex_v1
q_rice_cake_02,94f12e63-24cb-4d29-a12d-ee9f3c85d90e,31,8.254157356883162,bm25_regex_v1
q_rice_cake_02,de405390-31a7-4f67-ad18-d86791e9d027,32,8.254157356883162,bm25_regex_v1
q_rice_cake_02,ba05b3dd-1bf9-42b0-a7c4-a64500e6cf2e,33,8.254157356883162,bm25_regex_v1
q_rice_cake_02,5b4dfa76-495e-46f9-8711-3e2e957e333c,34,8.254157356883162,bm25_regex_v1
q_rice_cake_02,4b76bfc1-92a6-4ea7-b8a2-4803af5a0f1e,35,8.254157356883162,bm25_regex_v1
q_rice_cake_02,d1682d4e-ec7e-4ac6-8dd5-11f764c022cd,36,8.254157356883162,bm25_regex_v1
q_rice_cake_02,eb4434b2-f3df-4d4c-87b9-51f897afb7df,37,8.254157356883162,bm25_regex_v1
q_rice_cake_02,f26771c6-e819-4076-bd53-07ac364212ff,38,8.254157356883162,bm25_regex_v1
q_rice_cake_02,9a7a3da1-a357-41a0-b3c4-62fff9411ead,39,8.254157356883162,bm25_regex_v1
q_rice_cake_02,34c65d3d-e21a-4925-a300-fc1849ac8717,40,8.254157356883162,bm25_regex_v1
q_rice_cake_03,76a3551b-dae4-4326-92cc-662015aedbfb,1,9.713061568494638,bm25_regex_v1
q_rice_cake_03,24456103-f6b8-46af-8655-82e61d7265d8,2,8.316053173150372,bm25_regex_v1
q_rice_cake_03,c111ac9d-3f3a-405c-a8db-4d127ccda9e2,3,8.316053173150372,bm25_regex_v1
q_rice_cake_03,c161453d-f2c8-4b97-a2c3-a54e0cbdb7e8,4,8.01201882227563,bm25_regex_v1
q_rice_cake_03,2743811c-5e71-4d2b-aa75-1b0147d44f2d,5,7.270371540466384,bm25_regex_v1
q_rice_cake_03,a4641b28-37b6-4342-ad2d-97d6ba03de0a,6,6.146602782645986,bm25_regex_v1
q_rice_cake_03,12e6c17b-a043-4fde-86ca-de15d08c8c06,7,6.146602782645986,bm25_regex_v1
q_rice_cake_03,cfb28a15-a3a6-4039-9b45-8bf6f4465dc7,8,5.471168160075934,bm25_regex_v1
q_rice_cake_03,4993bc6a-1aa2-4e35-a0b7-5ae7ba352d9f,9,5.471168160075934,bm25_regex_v1
q_rice_cake_03,d4714410-87d6-4726-94ed-208c22bea955,10,5.026373673383485,bm25_regex_v1
q_rice_cake_03,359b44bc-382d-4209-9f35-12d175902676,11,5.026373673383485,bm25_regex_v1
q_rice_cake_03,0ac1ac5e-ad58-482e-9f5e-0957aa78fca8,12,5.026373673383485,bm25_regex_v1
q_rice_cake_03,88cc264d-1e91-4771-9586-cdc8f71ba843,13,5.026373673383485,bm25_regex_v1
q_rice_cake_03,3d5d845d-6f54-4bbb-b245-ab0173b26255,14,5.026373673383485,bm25_regex_v1
q_rice_cake_03,630e7b90-6e65-48d6-89e9-92c272ad2513,15,5.026373673383485,bm25_regex_v1
q_rice_cake_03,2fea38c1-32c3-4051-bcf1-b790f9c70302,16,5.026373673383485,bm25_regex_v1
q_rice_cake_03,7343c438-6ce0-4b77-96ae-8010171079e0,17,5.026373673383485,bm25_regex_v1
q_rice_cake_03,2daf6a0b-665f-4511-961e-282c2d1ad887,18,5.026373673383485,bm25_regex_v1
q_rice_cake_03,7867846c-86c8-49dd-9fc0-899bbefb447d,19,5.026373673383485,bm25_regex_v1
q_rice_cake_03,d11147c0-77dd-4279-8f96-7a362a7b42d2,20,5.026373673383485,bm25_regex_v1
q_rice_cake_03,bd26cadb-c62f-407a-a48b-a30a49310f59,21,5.026373673383485,bm25_regex_v1
q_rice_cake_03,dca2ceba-aaeb-427b-8a23-edb7810865b8,22,5.026373673383485,bm25_regex_v1
q_rice_cake_03,00da7b0f-5f2e-4d01-a02e-1da17167ed5b,23,5.026373673383485,bm25_regex_v1
q_rice_cake_03,073f9328-3071-45bb-909a-f69eecbfff85,24,5.026373673383485,bm25_regex_v1
q_rice_cake_03,940ae0c9-943c-41ad-84ac-e30cf6270abf,25,5.026373673383485,bm25_regex_v1
q_rice_cake_03,ca57e8bb-2598-4430-85c9-64ec9235d6b9,26,5.026373673383485,bm25_regex_v1
q_rice_cake_03,8de677ed-1177-4dd2-a070-fa5b415aece1,27,5.026373673383485,bm25_regex_v1
q_rice_cake_03,5c5b9a71-7aa2-41d0-908e-02a230dc47a7,28,5.026373673383485,bm25_regex_v1
q_rice_cake_03,47e390fd-0436-4ed9-8895-e4e4127d656d,29,5.026373673383485,bm25_regex_v1
q_rice_cake_03,995b8e96-6238-4ac4-8f31-6568e8d93436,30,5.026373673383485,bm25_regex_v1
q_rice_cake_03,4665bb5e-2bb2-4a06-8e88-1425e3301e66,31,5.026373673383485,bm25_regex_v1
q_rice_cake_03,63c85a82-950d-40e5-89de-9124e22dc9ef,32,5.026373673383485,bm25_regex_v1
q_rice_cake_03,4c3d83eb-b1a9-4000-a898-86c96ad1b494,33,5.026373673383485,bm25_regex_v1
q_rice_cake_03,b4a25c53-b06b-4b66-a258-d8c440da1400,34,5.026373673383485,bm25_regex_v1
q_rice_cake_03,1adda4fa-7603-4680-98a5-2620bbcb8c52,35,5.026373673383485,bm25_regex_v1
q_rice_cake_03,e97f8e73-5af0-4246-b0b0-4db877f97506,36,5.026373673383485,bm25_regex_v1
q_rice_cake_03,8bd74968-686d-40ea-ac24-d4f9c3b3c6db,37,5.026373673383485,bm25_regex_v1
q_rice_cake_03,e998bc26-5401-4932-ae20-827bb2eb6832,38,5.026373673383485,bm25_regex_v1
q_rice_cake_03,a810e8c3-7d0f-4757-a1bb-94357f61a9d0,39,5.026373673383485,bm25_regex_v1
q_rice_cake_03,a91197b4-e4c8-4265-8993-33b671099371,40,5.026373673383485,bm25_regex_v1
q_rice_cake_04,aba76fc2-984e-4030-ba01-e2e7d78264c7,1,9.939720297290684,bm25_regex_v1
q_rice_cake_04,282b0e8b-051c-49f9-a707-b982df803589,2,8.510112072863361,bm25_regex_v1
q_rice_cake_04,f14df4d3-9858-4a8b-8597-20fd477d8e32,3,8.510112072863361,bm25_regex_v1
q_rice_cake_04,a4641b28-37b6-4342-ad2d-97d6ba03de0a,4,6.146602782645986,bm25_regex_v1
q_rice_cake_04,12e6c17b-a043-4fde-86ca-de15d08c8c06,5,6.146602782645986,bm25_regex_v1
q_rice_cake_04,cfb28a15-a3a6-4039-9b45-8bf6f4465dc7,6,5.471168160075934,bm25_regex_v1
q_rice_cake_04,4993bc6a-1aa2-4e35-a0b7-5ae7ba352d9f,7,5.471168160075934,bm25_regex_v1
q_rice_cake_04,716dd4aa-f889-4399-b33e-2bcc7d54e0e6,8,5.026373673383485,bm25_regex_v1
q_rice_cake_04,63c85a82-950d-40e5-89de-9124e22dc9ef,9,5.026373673383485,bm25_regex_v1
q_rice_cake_04,584576c8-ae54-4e87-91ac-89bd57874b0e,10,5.026373673383485,bm25_regex_v1
q_rice_cake_04,c95e94c8-f981-44a9-9e66-05b6b60fcb19,11,5.026373673383485,bm25_regex_v1
q_rice_cake_04,359b44bc-382d-4209-9f35-12d175902676,12,5.026373673383485,bm25_regex_v1
q_rice_cake_04,0ac1ac5e-ad58-482e-9f5e-0957aa78fca8,13,5.026373673383485,bm25_regex_v1
q_rice_cake_04,88cc264d-1e91-4771-9586-cdc8f71ba843,14,5.026373673383485,bm25_regex_v1
q_rice_cake_04,3d5d845d-6f54-4bbb-b245-ab0173b26255,15,5.026373673383485,bm25_regex_v1
q_rice_cake_04,630e7b90-6e65-48d6-89e9-92c272ad2513,16,5.026373673383485,bm25_regex_v1
q_rice_cake_04,2fea38c1-32c3-4051-bcf1-b790f9c70302,17,5.026373673383485,bm25_regex_v1
q_rice_cake_04,7343c438-6ce0-4b77-96ae-8010171079e0,18,5.026373673383485,bm25_regex_v1
q_rice_cake_04,7867846c-86c8-49dd-9fc0-899bbefb447d,19,5.026373673383485,bm25_regex_v1
q_rice_cake_04,d11147c0-77dd-4279-8f96-7a362a7b42d2,20,5.026373673383485,bm25_regex_v1
q_rice_cake_04,bd26cadb-c62f-407a-a48b-a30a49310f59,21,5.026373673383485,bm25_regex_v1
q_rice_cake_04,dca2ceba-aaeb-427b-8a23-edb7810865b8,22,5.026373673383485,bm25_regex_v1
q_rice_cake_04,6a720a9c-3713-4038-b99a-d020aa4688be,23,5.026373673383485,bm25_regex_v1
q_rice_cake_04,1adda4fa-7603-4680-98a5-2620bbcb8c52,24,5.026373673383485,bm25_regex_v1
q_rice_cake_04,ddad3660-a2bb-49d9-bbc8-eb0ca9d9e042,25,5.026373673383485,bm25_regex_v1
q_rice_cake_04,6f6ac640-9501-4e5d-85f5-f59eee13dadc,26,5.026373673383485,bm25_regex_v1
q_rice_cake_04,60be6e13-bfd4-4a35-8581-4a35afde04c1,27,5.026373673383485,bm25_regex_v1
q_rice_cake_04,664c30e3-c6fd-4cde-b7d6-940cd8769113,28,5.026373673383485,bm25_regex_v1
q_rice_cake_04,56ce032d-0423-4f75-9fa5-8ecbe1a0aa6e,29,5.026373673383485,bm25_regex_v1
q_rice_cake_04,8de677ed-1177-4dd2-a070-fa5b415aece1,30,5.026373673383485,bm25_regex_v1
q_rice_cake_04,a8219f5b-2413-4d23-b442-88ca257a08ad,31,5.026373673383485,bm25_regex_v1
q_rice_cake_04,47e390fd-0436-4ed9-8895-e4e4127d656d,32,5.026373673383485,bm25_regex_v1
q_rice_cake_04,995b8e96-6238-4ac4-8f31-6568e8d93436,33,5.026373673383485,bm25_regex_v1
q_rice_cake_04,8bd74968-686d-40ea-ac24-d4f9c3b3c6db,34,5.026373673383485,bm25_regex_v1
q_rice_cake_04,e998bc26-5401-4932-ae20-827bb2eb6832,35,5.026373673383485,bm25_regex_v1
q_rice_cake_04,a810e8c3-7d0f-4757-a1bb-94357f61a9d0,36,5.026373673383485,bm25_regex_v1
q_rice_cake_04,a91197b4-e4c8-4265-8993-33b671099371,37,5.026373673383485,bm25_regex_v1
q_rice_cake_04,940ae0c9-943c-41ad-84ac-e30cf6270abf,38,5.026373673383485,bm25_regex_v1
q_rice_cake_04,4d64b087-300f-4cf3-a6dc-a45c2a7f8eaf,39,5.026373673383485,bm25_regex_v1
q_rice_cake_04,c924bfd8-d7fb-4043-9aa4-b5a5f1058d9f,40,5.026373673383485,bm25_regex_v1
q_side_dish_01,1510630a-6048-429b-8fae-b646ad87cdff,1,6.509327882885832,bm25_regex_v1
q_side_dish_01,ba700003-d433-4456-b281-b42eb7f309a6,2,6.509327882885832,bm25_regex_v1
q_side_dish_01,4b729a89-4176-4d25-a35b-d171a8e1575e,3,6.509327882885832,bm25_regex_v1
q_side_dish_01,204b41cd-53e6-4dc5-9d65-4608c638e12d,4,6.509327882885832,bm25_regex_v1
q_side_dish_01,8e5b909c-3602-4e5b-a7d4-ecb5553e6ed7,5,6.509327882885832,bm25_regex_v1
q_side_dish_01,4658bfbd-42d4-44fb-a444-501a71965109,6,6.509327882885832,bm25_regex_v1
q_side_dish_01,40cf4e56-206a-46b6-9fcd-fc3c992c1f5f,7,6.509327882885832,bm25_regex_v1
q_side_dish_01,f8120578-03c4-4d62-bf22-06b8e5525049,8,6.509327882885832,bm25_regex_v1
q_side_dish_01,7c24df41-9cf9-4aa3-8cf4-dbf4a06f69e9,9,6.509327882885832,bm25_regex_v1
q_side_dish_01,9008a3ab-7b65-4bc8-9485-7067a3a54921,10,6.509327882885832,bm25_regex_v1
q_side_dish_01,8bc63909-e2ea-42b7-8856-377a4c7c6645,11,6.509327882885832,bm25_regex_v1
q_side_dish_01,9b8a7b96-d16f-4406-be01-995f079a5994,12,6.509327882885832,bm25_regex_v1
q_side_dish_01,c364337f-5d9b-4ddd-88dc-836a1c848d63,13,6.509327882885832,bm25_regex_v1
q_side_dish_01,1bc0b5f7-1137-407d-8ccd-6d4bf30f539f,14,6.509327882885832,bm25_regex_v1
q_side_dish_01,ded5c0af-7dfc-4a3f-9a85-f87f7ab12441,15,6.509327882885832,bm25_regex_v1
q_side_dish_01,30890df3-24f3-4574-8e78-a01a53296273,16,6.509327882885832,bm25_regex_v1
q_side_dish_01,c83a1240-fc90-44c3-bda6-61093e7478b1,17,6.509327882885832,bm25_regex_v1
q_side_dish_01,33f1d07a-7a7d-4fe3-91fc-a248891e86d8,18,6.509327882885832,bm25_regex_v1
q_side_dish_01,4e6480e4-404f-413e-a393-f4366640c571,19,6.509327882885832,bm25_regex_v1
q_side_dish_01,d5089369-1891-4707-a5c1-3c5618717a57,20,6.509327882885832,bm25_regex_v1
q_side_dish_01,1f28d7a5-8a2f-4bf4-a188-4f7f819a3121,21,6.509327882885832,bm25_regex_v1
q_side_dish_01,7eacdc5e-11d2-4113-a134-a6fff6e16e34,22,6.509327882885832,bm25_regex_v1
q_side_dish_01,1cb5a37a-653b-4305-b818-e8e11077a327,23,6.509327882885832,bm25_regex_v1
q_side_dish_01,5f4a8966-f5a9-4505-9636-eb631cdb94dc,24,6.509327882885832,bm25_regex_v1
q_side_dish_01,4f92f4ed-eabc-4a21-a8cd-bb0d66279e9b,25,6.509327882885832,bm25_regex_v1
q_side_dish_01,1a0003b8-f0c1-4b9f-b563-3174aad152ae,26,6.509327882885832,bm25_regex_v1
q_side_dish_01,31896345-eca2-4f2f-a848-d3e86069c408,27,6.509327882885832,bm25_regex_v1
q_side_dish_01,2412aca5-cf5c-4f20-9d72-1b098c7ae2cd,28,6.509327882885832,bm25_regex_v1
q_side_dish_01,e4bb3fba-10a1-4cd4-a8ec-6ce9a0d06fa4,29,6.509327882885832,bm25_regex_v1
q_side_dish_01,aa0da5a7-b892-4417-92b6-c4d48368ba7d,30,6.509327882885832,bm25_regex_v1
q_side_dish_01,f1b5d59d-54c8-415d-b89f-9cdeca8827fb,31,6.509327882885832,bm25_regex_v1
q_side_dish_01,8c829eff-e92e-467b-b16e-6f6bc93283ab,32,6.509327882885832,bm25_regex_v1
q_side_dish_01,f0fc6a26-f167-4cde-97e4-5fa6665a38a7,33,6.509327882885832,bm25_regex_v1
q_side_dish_01,bd3d49b1-c294-49c9-b65a-dae46086e1e4,34,6.509327882885832,bm25_regex_v1
q_side_dish_01,decfb173-110f-4f1d-a848-b0e9b0478701,35,5.794034317117288,bm25_regex_v1
q_side_dish_01,56c84255-0b9e-4c24-ac33-3688cc4f4b8a,36,5.794034317117288,bm25_regex_v1
q_side_dish_01,ad65c557-bd79-4792-a778-6431e31c3e22,37,5.794034317117288,bm25_regex_v1
q_side_dish_01,1139de72-64f6-480d-ba93-09f3309fec0b,38,5.794034317117288,bm25_regex_v1
q_side_dish_01,cff4c2f5-4277-498a-894e-7312accbb501,39,5.794034317117288,bm25_regex_v1
q_side_dish_01,a805a95b-8fb1-42b2-a2c1-04c2754f61b2,40,5.794034317117288,bm25_regex_v1
q_side_dish_02,8cc37527-661e-45d1-a12c-62839828bd03,1,9.721664890769551,bm25_regex_v1
q_side_dish_02,53706764-3f12-4f2a-a5ae-79800a8af8a0,2,8.931313942239058,bm25_regex_v1
q_side_dish_02,e7d99fed-785c-453d-924c-b057d85ca19a,3,8.931313942239058,bm25_regex_v1
q_side_dish_02,3234f939-835f-4c48-8b65-a79ea9b55dbe,4,8.931313942239058,bm25_regex_v1
q_side_dish_02,076afb19-33fa-4d4b-ac28-ae9c058c986d,5,8.931313942239058,bm25_regex_v1
q_side_dish_02,7df1a71c-580b-406b-ba5a-f11f602dc463,6,8.931313942239058,bm25_regex_v1
q_side_dish_02,2ea8c99f-1cdb-400c-be88-7e7d7ff1a511,7,8.931313942239058,bm25_regex_v1
q_side_dish_02,6f898587-05a7-46a8-853c-2f103ebbfbac,8,8.931313942239058,bm25_regex_v1
q_side_dish_02,b8e5fe96-164b-4fcc-b8c8-a54af08b7a47,9,8.931313942239058,bm25_regex_v1
q_side_dish_02,22d60d58-ccd2-470e-813e-8e198d45925f,10,8.931313942239058,bm25_regex_v1
q_side_dish_02,a8b6037d-cc4a-4bcf-8e58-13c94c37a175,11,8.931313942239058,bm25_regex_v1
q_side_dish_02,3608f8a5-a23e-4e3d-be6c-144ea6187e61,12,8.931313942239058,bm25_regex_v1
q_side_dish_02,7a2e4c60-e9fa-4fdd-b42f-175214773202,13,8.931313942239058,bm25_regex_v1
q_side_dish_02,6d1972d3-5852-465f-9756-a9ec80be64cc,14,8.931313942239058,bm25_regex_v1
q_side_dish_02,cebf979a-c2f6-46fc-b406-be585aacaee8,15,8.931313942239058,bm25_regex_v1
q_side_dish_02,400a0438-6ea6-452b-aa85-6c4704067bd3,16,8.931313942239058,bm25_regex_v1
q_side_dish_02,95f24fc5-5763-4fb1-bde3-30c0d846026a,17,8.931313942239058,bm25_regex_v1
q_side_dish_02,26f69065-b92a-4afe-9313-a716d624f101,18,8.931313942239058,bm25_regex_v1
q_side_dish_02,b9350978-7d13-4e26-af40-323d5fd29efb,19,8.931313942239058,bm25_regex_v1
q_side_dish_02,758d3108-bf4c-4d83-8bcb-3dcda9d5b34c,20,8.931313942239058,bm25_regex_v1
q_side_dish_02,4c14001a-c7d3-41c3-95ae-f09530fd9d22,21,8.931313942239058,bm25_regex_v1
q_side_dish_02,e81c4722-809a-47db-94df-5494e8fcf266,22,8.931313942239058,bm25_regex_v1
q_side_dish_02,a9379967-dfdc-47aa-9cfb-295cf49b370e,23,8.931313942239058,bm25_regex_v1
q_side_dish_02,5bd78493-cac6-403d-a57b-970a64922c3c,24,8.931313942239058,bm25_regex_v1
q_side_dish_02,e0d9885e-a62d-40cc-8fbb-bea8a4bc200b,25,8.931313942239058,bm25_regex_v1
q_side_dish_02,3d24f1c5-bc98-4cee-84af-3e5aa0fd0a53,26,8.931313942239058,bm25_regex_v1
q_side_dish_02,cfa0879e-0f08-4b0a-b488-29c47f40bd7a,27,8.931313942239058,bm25_regex_v1
q_side_dish_02,f5856f07-f7d0-4895-a007-63fd459a221c,28,8.931313942239058,bm25_regex_v1
q_side_dish_02,97d0e15b-9a97-4054-8226-e42a013fb15d,29,8.931313942239058,bm25_regex_v1
q_side_dish_02,33a74e6c-daea-4afa-b2b2-31cca3aed37d,30,7.430948288127139,bm25_regex_v1
q_side_dish_02,d53ba630-8fa6-4b7a-9aa5-535ce99c6e23,31,7.430948288127139,bm25_regex_v1
q_side_dish_02,cc46029a-4815-4bc8-bb41-7eef57aa909b,32,7.430948288127139,bm25_regex_v1
q_side_dish_02,2b649b1d-9602-41a2-bf54-17456cb4b235,33,7.430948288127139,bm25_regex_v1
q_side_dish_02,67000a87-4b07-4083-a94f-d8e4b0af0afd,34,7.430948288127139,bm25_regex_v1
q_side_dish_02,74f180db-2ed1-4958-b3c7-8af23c094b21,35,7.430948288127139,bm25_regex_v1
q_side_dish_02,60ca3c1d-7f18-4ced-b343-8b0be32d9b6e,36,7.430948288127139,bm25_regex_v1
q_side_dish_02,82bf66dc-a09e-420c-b59e-30107004b6c2,37,7.430948288127139,bm25_regex_v1
q_side_dish_02,534e84e9-a7c3-42e9-bbef-1ba649f27260,38,7.430948288127139,bm25_regex_v1
q_side_dish_02,ad9a2a4b-5cb8-49df-b4d7-5fae4217a988,39,7.430948288127139,bm25_regex_v1
q_side_dish_02,77503870-aa92-4d97-9004-56cdbd227676,40,7.430948288127139,bm25_regex_v1
q_side_dish_03,76a3551b-dae4-4326-92cc-662015aedbfb,1,9.713061568494638,bm25_regex_v1
q_side_dish_03,24456103-f6b8-46af-8655-82e61d7265d8,2,8.316053173150372,bm25_regex_v1
q_side_dish_03,c111ac9d-3f3a-405c-a8db-4d127ccda9e2,3,8.316053173150372,bm25_regex_v1
q_side_dish_03,c161453d-f2c8-4b97-a2c3-a54e0cbdb7e8,4,8.01201882227563,bm25_regex_v1
q_side_dish_03,2743811c-5e71-4d2b-aa75-1b0147d44f2d,5,7.270371540466384,bm25_regex_v1
q_side_dish_03,ba700003-d433-4456-b281-b42eb7f309a6,6,6.509327882885832,bm25_regex_v1
q_side_dish_03,8e5b909c-3602-4e5b-a7d4-ecb5553e6ed7,7,6.509327882885832,bm25_regex_v1
q_side_dish_03,1510630a-6048-429b-8fae-b646ad87cdff,8,6.509327882885832,bm25_regex_v1
q_side_dish_03,9008a3ab-7b65-4bc8-9485-7067a3a54921,9,6.509327882885832,bm25_regex_v1
q_side_dish_03,40cf4e56-206a-46b6-9fcd-fc3c992c1f5f,10,6.509327882885832,bm25_regex_v1
q_side_dish_03,4658bfbd-42d4-44fb-a444-501a71965109,11,6.509327882885832,bm25_regex_v1
q_side_dish_03,f8120578-03c4-4d62-bf22-06b8e5525049,12,6.509327882885832,bm25_regex_v1
q_side_dish_03,9b8a7b96-d16f-4406-be01-995f079a5994,13,6.509327882885832,bm25_regex_v1
q_side_dish_03,8bc63909-e2ea-42b7-8856-377a4c7c6645,14,6.509327882885832,bm25_regex_v1
q_side_dish_03,4b729a89-4176-4d25-a35b-d171a8e1575e,15,6.509327882885832,bm25_regex_v1
q_side_dish_03,204b41cd-53e6-4dc5-9d65-4608c638e12d,16,6.509327882885832,bm25_regex_v1
q_side_dish_03,1cb5a37a-653b-4305-b818-e8e11077a327,17,6.509327882885832,bm25_regex_v1
q_side_dish_03,5f4a8966-f5a9-4505-9636-eb631cdb94dc,18,6.509327882885832,bm25_regex_v1
q_side_dish_03,c364337f-5d9b-4ddd-88dc-836a1c848d63,19,6.509327882885832,bm25_regex_v1
q_side_dish_03,ded5c0af-7dfc-4a3f-9a85-f87f7ab12441,20,6.509327882885832,bm25_regex_v1
q_side_dish_03,d5089369-1891-4707-a5c1-3c5618717a57,21,6.509327882885832,bm25_regex_v1
q_side_dish_03,30890df3-24f3-4574-8e78-a01a53296273,22,6.509327882885832,bm25_regex_v1
q_side_dish_03,1f28d7a5-8a2f-4bf4-a188-4f7f819a3121,23,6.509327882885832,bm25_regex_v1
q_side_dish_03,4e6480e4-404f-413e-a393-f4366640c571,24,6.509327882885832,bm25_regex_v1
q_side_dish_03,7eacdc5e-11d2-4113-a134-a6fff6e16e34,25,6.509327882885832,bm25_regex_v1
q_side_dish_03,aa0da5a7-b892-4417-92b6-c4d48368ba7d,26,6.509327882885832,bm25_regex_v1
q_side_dish_03,f1b5d59d-54c8-415d-b89f-9cdeca8827fb,27,6.509327882885832,bm25_regex_v1
q_side_dish_03,c83a1240-fc90-44c3-bda6-61093e7478b1,28,6.509327882885832,bm25_regex_v1
q_side_dish_03,8c829eff-e92e-467b-b16e-6f6bc93283ab,29,6.509327882885832,bm25_regex_v1
q_side_dish_03,4f92f4ed-eabc-4a21-a8cd-bb0d66279e9b,30,6.509327882885832,bm25_regex_v1
q_side_dish_03,1bc0b5f7-1137-407d-8ccd-6d4bf30f539f,31,6.509327882885832,bm25_regex_v1
q_side_dish_03,7c24df41-9cf9-4aa3-8cf4-dbf4a06f69e9,32,6.509327882885832,bm25_regex_v1
q_side_dish_03,f0fc6a26-f167-4cde-97e4-5fa6665a38a7,33,6.509327882885832,bm25_regex_v1
q_side_dish_03,31896345-eca2-4f2f-a848-d3e86069c408,34,6.509327882885832,bm25_regex_v1
q_side_dish_03,2412aca5-cf5c-4f20-9d72-1b098c7ae2cd,35,6.509327882885832,bm25_regex_v1
q_side_dish_03,bd3d49b1-c294-49c9-b65a-dae46086e1e4,36,6.509327882885832,bm25_regex_v1
q_side_dish_03,1a0003b8-f0c1-4b9f-b563-3174aad152ae,37,6.509327882885832,bm25_regex_v1
q_side_dish_03,e4bb3fba-10a1-4cd4-a8ec-6ce9a0d06fa4,38,6.509327882885832,bm25_regex_v1
q_side_dish_03,33f1d07a-7a7d-4fe3-91fc-a248891e86d8,39,6.509327882885832,bm25_regex_v1
q_side_dish_03,cff4c2f5-4277-498a-894e-7312accbb501,40,5.794034317117288,bm25_regex_v1
q_side_dish_04,aba76fc2-984e-4030-ba01-e2e7d78264c7,1,9.939720297290684,bm25_regex_v1
q_side_dish_04,282b0e8b-051c-49f9-a707-b982df803589,2,8.510112072863361,bm25_regex_v1
q_side_dish_04,f14df4d3-9858-4a8b-8597-20fd477d8e32,3,8.510112072863361,bm25_regex_v1
q_side_dish_04,1510630a-6048-429b-8fae-b646ad87cdff,4,6.509327882885832,bm25_regex_v1
q_side_dish_04,8e5b909c-3602-4e5b-a7d4-ecb5553e6ed7,5,6.509327882885832,bm25_regex_v1
q_side_dish_04,4658bfbd-42d4-44fb-a444-501a71965109,6,6.509327882885832,bm25_regex_v1
q_side_dish_04,4b729a89-4176-4d25-a35b-d171a8e1575e,7,6.509327882885832,bm25_regex_v1
q_side_dish_04,ba700003-d433-4456-b281-b42eb7f309a6,8,6.509327882885832,bm25_regex_v1
q_side_dish_04,9b8a7b96-d16f-4406-be01-995f079a5994,9,6.509327882885832,bm25_regex_v1
q_side_dish_04,f8120578-03c4-4d62-bf22-06b8e5525049,10,6.509327882885832,bm25_regex_v1
q_side_dish_04,9008a3ab-7b65-4bc8-9485-7067a3a54921,11,6.509327882885832,bm25_regex_v1
q_side_dish_04,8bc63909-e2ea-42b7-8856-377a4c7c6645,12,6.509327882885832,bm25_regex_v1
q_side_dish_04,1bc0b5f7-1137-407d-8ccd-6d4bf30f539f,13,6.509327882885832,bm25_regex_v1
q_side_dish_04,7c24df41-9cf9-4aa3-8cf4-dbf4a06f69e9,14,6.509327882885832,bm25_regex_v1
q_side_dish_04,40cf4e56-206a-46b6-9fcd-fc3c992c1f5f,15,6.509327882885832,bm25_regex_v1
q_side_dish_04,204b41cd-53e6-4dc5-9d65-4608c638e12d,16,6.509327882885832,bm25_regex_v1
q_side_dish_04,4f92f4ed-eabc-4a21-a8cd-bb0d66279e9b,17,6.509327882885832,bm25_regex_v1
q_side_dish_04,1cb5a37a-653b-4305-b818-e8e11077a327,18,6.509327882885832,bm25_regex_v1
q_side_dish_04,d5089369-1891-4707-a5c1-3c5618717a57,19,6.509327882885832,bm25_regex_v1
q_side_dish_04,30890df3-24f3-4574-8e78-a01a53296273,20,6.509327882885832,bm25_regex_v1
q_side_dish_04,4e6480e4-404f-413e-a393-f4366640c571,21,6.509327882885832,bm25_regex_v1
q_side_dish_04,1f28d7a5-8a2f-4bf4-a188-4f7f819a3121,22,6.509327882885832,bm25_regex_v1
q_side_dish_04,5f4a8966-f5a9-4505-9636-eb631cdb94dc,23,6.509327882885832,bm25_regex_v1
q_side_dish_04,7eacdc5e-11d2-4113-a134-a6fff6e16e34,24,6.509327882885832,bm25_regex_v1
q_side_dish_04,33f1d07a-7a7d-4fe3-91fc-a248891e86d8,25,6.509327882885832,bm25_regex_v1
q_side_dish_04,31896345-eca2-4f2f-a848-d3e86069c408,26,6.509327882885832,bm25_regex_v1
q_side_dish_04,e4bb3fba-10a1-4cd4-a8ec-6ce9a0d06fa4,27,6.509327882885832,bm25_regex_v1
q_side_dish_04,aa0da5a7-b892-4417-92b6-c4d48368ba7d,28,6.509327882885832,bm25_regex_v1
q_side_dish_04,c83a1240-fc90-44c3-bda6-61093e7478b1,29,6.509327882885832,bm25_regex_v1
q_side_dish_04,8c829eff-e92e-467b-b16e-6f6bc93283ab,30,6.509327882885832,bm25_regex_v1
q_side_dish_04,ded5c0af-7dfc-4a3f-9a85-f87f7ab12441,31,6.509327882885832,bm25_regex_v1
q_side_dish_04,c364337f-5d9b-4ddd-88dc-836a1c848d63,32,6.509327882885832,bm25_regex_v1
q_side_dish_04,f0fc6a26-f167-4cde-97e4-5fa6665a38a7,33,6.509327882885832,bm25_regex_v1
q_side_dish_04,2412aca5-cf5c-4f20-9d72-1b098c7ae2cd,34,6.509327882885832,bm25_regex_v1
q_side_dish_04,1a0003b8-f0c1-4b9f-b563-3174aad152ae,35,6.509327882885832,bm25_regex_v1
q_side_dish_04,bd3d49b1-c294-49c9-b65a-dae46086e1e4,36,6.509327882885832,bm25_regex_v1
q_side_dish_04,f1b5d59d-54c8-415d-b89f-9cdeca8827fb,37,6.509327882885832,bm25_regex_v1
q_side_dish_04,a805a95b-8fb1-42b2-a2c1-04c2754f61b2,38,5.794034317117288,bm25_regex_v1
q_side_dish_04,cff4c2f5-4277-498a-894e-7312accbb501,39,5.794034317117288,bm25_regex_v1
q_side_dish_04,1139de72-64f6-480d-ba93-09f3309fec0b,40,5.794034317117288,bm25_regex_v1
q_shoes_01,0a9d199e-da1a-4582-9aff-13ff074e77c7,1,7.1506802786627315,bm25_regex_v1
q_shoes_01,9cd73ef3-ca9c-4815-9b1e-aadd62213ca1,2,7.1506802786627315,bm25_regex_v1
q_shoes_01,5650208c-f39a-4335-a529-bc240f72e218,3,6.267904079169964,bm25_regex_v1
q_shoes_01,9d710b4d-26ba-4af7-b20c-335553fb14e8,4,6.267904079169964,bm25_regex_v1
q_shoes_01,6782a82f-0397-496e-bcf7-68a797023cac,5,6.267904079169964,bm25_regex_v1
q_shoes_01,4aed4f53-2068-4910-98e9-4388995bbe3e,6,5.125567596426117,bm25_regex_v1
q_shoes_01,fffa84e1-80e8-4a7a-93d9-dfaa6ce9036d,7,5.125567596426117,bm25_regex_v1
q_shoes_01,8c72de43-484d-48d6-9f62-41b911c030b3,8,5.125567596426117,bm25_regex_v1
q_shoes_01,961f3ef3-6ed6-41ab-9fce-cab3e633b06b,9,5.125567596426117,bm25_regex_v1
q_shoes_01,0fc38db8-6b70-4f57-bccc-19fdf12722f4,10,5.125567596426117,bm25_regex_v1
q_shoes_01,da70d189-9ad9-4e80-be72-6ec463f6c5e3,11,5.125567596426117,bm25_regex_v1
q_shoes_01,79e4fba0-8cad-4a89-8d31-3c4fc0c4ebbb,12,5.125567596426117,bm25_regex_v1
q_shoes_01,41a6c71f-e6fc-41cf-921b-fb650a9dc6ca,13,5.125567596426117,bm25_regex_v1
q_shoes_01,0e0fc959-4db3-46c4-b127-09562236da29,14,5.125567596426117,bm25_regex_v1
q_shoes_01,ac07859c-68af-40e1-a99d-2cf52809dfb8,15,5.125567596426117,bm25_regex_v1
q_shoes_01,09313120-d6fe-43ba-85a1-be85a6d9c672,16,5.125567596426117,bm25_regex_v1
q_shoes_01,ff36e7af-4517-4ec0-b04f-86beff7c291a,17,5.125567596426117,bm25_regex_v1
q_shoes_01,b20cdf6d-b5f8-4cbe-9c8c-a539fd65688e,18,5.125567596426117,bm25_regex_v1
q_shoes_01,19b1a437-17aa-4ae2-962a-23546ead6127,19,5.125567596426117,bm25_regex_v1
q_shoes_01,c07b6503-af33-42ca-8d00-ff045d551982,20,5.125567596426117,bm25_regex_v1
q_shoes_01,6d2225ad-d226-4ed1-86d8-8ecb0260cb7c,21,5.125567596426117,bm25_regex_v1
q_shoes_01,7a2ca7b4-40b2-4985-bc24-5f8ac72db364,22,5.125567596426117,bm25_regex_v1
q_shoes_01,d2aebcbf-2cb3-42a7-ae12-764a604f13e3,23,5.125567596426117,bm25_regex_v1
q_shoes_01,96d5aef1-99a7-46a8-a6a1-aa247dce2b4f,24,5.125567596426117,bm25_regex_v1
q_shoes_01,821ba0fe-d328-4cd9-972c-66de5a81155d,25,5.125567596426117,bm25_regex_v1
q_shoes_01,bce65314-3217-4082-b8d9-2c114e68ae97,26,5.125567596426117,bm25_regex_v1
q_shoes_01,3faafa5e-a475-48eb-bf32-45cf2174f61b,27,5.125567596426117,bm25_regex_v1
q_shoes_01,efe4f80d-c25e-4ae0-8409-6a5c2f9240d1,28,5.125567596426117,bm25_regex_v1
q_shoes_01,63282c6d-a091-4ff2-9cbc-5aa2c330c08d,29,5.125567596426117,bm25_regex_v1
q_shoes_01,b1ac0817-dc70-49a2-8cf8-4009ebe0878d,30,5.125567596426117,bm25_regex_v1
q_shoes_01,89a7ff1f-dbb3-46d9-aa16-c380bd4f12a9,31,5.125567596426117,bm25_regex_v1
q_shoes_01,ff1c8a15-d5d3-4692-963c-034a26f24192,32,5.125567596426117,bm25_regex_v1
q_shoes_01,0619b383-c2b1-4ae9-9bf5-6299a288135c,33,5.125567596426117,bm25_regex_v1
q_shoes_01,7aaab353-043b-4496-8ca8-80d928b239e3,34,5.125567596426117,bm25_regex_v1
q_shoes_01,4a73e68c-5b8e-4a82-ae90-8301e244a4ef,35,5.125567596426117,bm25_regex_v1
q_shoes_01,a874cffc-f553-44ff-b5c0-c561a8027a8a,36,5.125567596426117,bm25_regex_v1
q_shoes_01,17badfdc-a36e-4a86-86bd-159c089b4761,37,5.125567596426117,bm25_regex_v1
q_shoes_01,f7224a4e-c59f-4a88-9d8e-6add76959c12,38,5.125567596426117,bm25_regex_v1
q_shoes_01,b13d39e3-0adb-49f4-aac5-b45c8f92c489,39,5.125567596426117,bm25_regex_v1
q_shoes_01,d0811618-c35a-4a9e-b0ba-5974f95ed44d,40,5.125567596426117,bm25_regex_v1
q_shoes_03,76a3551b-dae4-4326-92cc-662015aedbfb,1,9.713061568494638,bm25_regex_v1
q_shoes_03,24456103-f6b8-46af-8655-82e61d7265d8,2,8.316053173150372,bm25_regex_v1
q_shoes_03,c111ac9d-3f3a-405c-a8db-4d127ccda9e2,3,8.316053173150372,bm25_regex_v1
q_shoes_03,c161453d-f2c8-4b97-a2c3-a54e0cbdb7e8,4,8.01201882227563,bm25_regex_v1
q_shoes_03,2743811c-5e71-4d2b-aa75-1b0147d44f2d,5,7.270371540466384,bm25_regex_v1
q_shoes_03,0a9d199e-da1a-4582-9aff-13ff074e77c7,6,7.1506802786627315,bm25_regex_v1
q_shoes_03,9cd73ef3-ca9c-4815-9b1e-aadd62213ca1,7,7.1506802786627315,bm25_regex_v1
q_shoes_03,9d710b4d-26ba-4af7-b20c-335553fb14e8,8,6.267904079169964,bm25_regex_v1
q_shoes_03,6782a82f-0397-496e-bcf7-68a797023cac,9,6.267904079169964,bm25_regex_v1
q_shoes_03,5650208c-f39a-4335-a529-bc240f72e218,10,6.267904079169964,bm25_regex_v1
q_shoes_03,821ba0fe-d328-4cd9-972c-66de5a81155d,11,5.125567596426117,bm25_regex_v1
q_shoes_03,4603433e-4c20-4276-9af5-82d64c6b7b78,12,5.125567596426117,bm25_regex_v1
q_shoes_03,598bbd22-d948-4629-977a-298cfadb9394,13,5.125567596426117,bm25_regex_v1
q_shoes_03,1c1fccc4-cc0d-403f-b274-fe850a56328b,14,5.125567596426117,bm25_regex_v1
q_shoes_03,58514664-4012-42fb-a9ed-fff1eed19fc9,15,5.125567596426117,bm25_regex_v1
q_shoes_03,977c19c9-c7e1-4bba-94ed-c5907c7284b7,16,5.125567596426117,bm25_regex_v1
q_shoes_03,595d8dc3-6b63-4a3f-9842-daaaeaacd12e,17,5.125567596426117,bm25_regex_v1
q_shoes_03,1e045bd0-2557-476f-9403-96d24dcf186a,18,5.125567596426117,bm25_regex_v1
q_shoes_03,2bb4733c-e8b5-40e2-8159-f76c0e303a0d,19,5.125567596426117,bm25_regex_v1
q_shoes_03,d0811618-c35a-4a9e-b0ba-5974f95ed44d,20,5.125567596426117,bm25_regex_v1
q_shoes_03,b13d39e3-0adb-49f4-aac5-b45c8f92c489,21,5.125567596426117,bm25_regex_v1
q_shoes_03,f7224a4e-c59f-4a88-9d8e-6add76959c12,22,5.125567596426117,bm25_regex_v1
q_shoes_03,0fc38db8-6b70-4f57-bccc-19fdf12722f4,23,5.125567596426117,bm25_regex_v1
q_shoes_03,961f3ef3-6ed6-41ab-9fce-cab3e633b06b,24,5.125567596426117,bm25_regex_v1
q_shoes_03,8c72de43-484d-48d6-9f62-41b911c030b3,25,5.125567596426117,bm25_regex_v1
q_shoes_03,23caf4f1-b61d-46a5-8f79-f4b7f9b02d7e,26,5.125567596426117,bm25_regex_v1
q_shoes_03,36ef7c2c-f43d-45c8-b5e1-03a0ab2bb6fb,27,5.125567596426117,bm25_regex_v1
q_shoes_03,29392358-4cb7-43be-aaed-e30a7c476b2a,28,5.125567596426117,bm25_regex_v1
q_shoes_03,6c6ec650-0cc0-408e-9e2b-ee28dd878728,29,5.125567596426117,bm25_regex_v1
q_shoes_03,9f7d74b8-3250-4e99-90ff-692d1ad30be8,30,5.125567596426117,bm25_regex_v1
q_shoes_03,1c8025e2-1ae8-4623-bd6c-be22eed63a48,31,5.125567596426117,bm25_regex_v1
q_shoes_03,9b07af97-65d3-410c-ba8f-d5b3e85eccf6,32,5.125567596426117,bm25_regex_v1
q_shoes_03,0c60c82b-eca7-4042-b867-0e183bcfc5ff,33,5.125567596426117,bm25_regex_v1
q_shoes_03,8cfc7a63-ba96-4a29-8a4d-0ca814d3e5bb,34,5.125567596426117,bm25_regex_v1
q_shoes_03,8b286dd7-74e8-4ac7-99a8-f4a071cdcb2e,35,5.125567596426117,bm25_regex_v1
q_shoes_03,d2aebcbf-2cb3-42a7-ae12-764a604f13e3,36,5.125567596426117,bm25_regex_v1
q_shoes_03,3ed2fb56-5e77-4d1d-a6a3-954c8b9d00ee,37,5.125567596426117,bm25_regex_v1
q_shoes_03,17badfdc-a36e-4a86-86bd-159c089b4761,38,5.125567596426117,bm25_regex_v1
q_shoes_03,c07b6503-af33-42ca-8d00-ff045d551982,39,5.125567596426117,bm25_regex_v1
q_shoes_03,507cbcae-930c-4d57-abff-81feca64ef1b,40,5.125567596426117,bm25_regex_v1
q_shoes_04,aba76fc2-984e-4030-ba01-e2e7d78264c7,1,9.939720297290684,bm25_regex_v1
q_shoes_04,f14df4d3-9858-4a8b-8597-20fd477d8e32,2,8.510112072863361,bm25_regex_v1
q_shoes_04,282b0e8b-051c-49f9-a707-b982df803589,3,8.510112072863361,bm25_regex_v1
q_shoes_04,0a9d199e-da1a-4582-9aff-13ff074e77c7,4,7.1506802786627315,bm25_regex_v1
q_shoes_04,9cd73ef3-ca9c-4815-9b1e-aadd62213ca1,5,7.1506802786627315,bm25_regex_v1
q_shoes_04,9d710b4d-26ba-4af7-b20c-335553fb14e8,6,6.267904079169964,bm25_regex_v1
q_shoes_04,6782a82f-0397-496e-bcf7-68a797023cac,7,6.267904079169964,bm25_regex_v1
q_shoes_04,5650208c-f39a-4335-a529-bc240f72e218,8,6.267904079169964,bm25_regex_v1
q_shoes_04,d0811618-c35a-4a9e-b0ba-5974f95ed44d,9,5.125567596426117,bm25_regex_v1
q_shoes_04,7aaab353-043b-4496-8ca8-80d928b239e3,10,5.125567596426117,bm25_regex_v1
q_shoes_04,b1ac0817-dc70-49a2-8cf8-4009ebe0878d,11,5.125567596426117,bm25_regex_v1
q_shoes_04,29392358-4cb7-43be-aaed-e30a7c476b2a,12,5.125567596426117,bm25_regex_v1
q_shoes_04,6c6ec650-0cc0-408e-9e2b-ee28dd878728,13,5.125567596426117,bm25_regex_v1
q_shoes_04,2f40598d-4e32-49d2-bd34-3e727026f03c,14,5.125567596426117,bm25_regex_v1
q_shoes_04,a4fc01e6-75db-4daa-b679-de3a37bbcf02,15,5.125567596426117,bm25_regex_v1
q_shoes_04,613d820a-3c9a-49f3-9246-7980d075c3a6,16,5.125567596426117,bm25_regex_v1
q_shoes_04,6d2225ad-d226-4ed1-86d8-8ecb0260cb7c,17,5.125567596426117,bm25_regex_v1
q_shoes_04,06086d9d-f406-4f0e-a974-49ce84d9fbd4,18,5.125567596426117,bm25_regex_v1
q_shoes_04,7d94222a-a0ea-4341-af79-7a27f054c09c,19,5.125567596426117,bm25_regex_v1
q_shoes_04,fb423892-c417-4475-b0b0-049ab9a12800,20,5.125567596426117,bm25_regex_v1
q_shoes_04,507cbcae-930c-4d57-abff-81feca64ef1b,21,5.125567596426117,bm25_regex_v1
q_shoes_04,16beed2f-1005-42d6-a25a-e6a301b6ef7f,22,5.125567596426117,bm25_regex_v1
q_shoes_04,5102f869-9fa7-4552-977a-21c358a80dca,23,5.125567596426117,bm25_regex_v1
q_shoes_04,850efc67-4453-4681-8c66-b70c1e62f661,24,5.125567596426117,bm25_regex_v1
q_shoes_04,76cc78f7-0b47-46d6-9475-c8381d1e9af7,25,5.125567596426117,bm25_regex_v1
q_shoes_04,b13d39e3-0adb-49f4-aac5-b45c8f92c489,26,5.125567596426117,bm25_regex_v1
q_shoes_04,f7224a4e-c59f-4a88-9d8e-6add76959c12,27,5.125567596426117,bm25_regex_v1
q_shoes_04,0fc38db8-6b70-4f57-bccc-19fdf12722f4,28,5.125567596426117,bm25_regex_v1
q_shoes_04,961f3ef3-6ed6-41ab-9fce-cab3e633b06b,29,5.125567596426117,bm25_regex_v1
q_shoes_04,8c72de43-484d-48d6-9f62-41b911c030b3,30,5.125567596426117,bm25_regex_v1
q_shoes_04,fffa84e1-80e8-4a7a-93d9-dfaa6ce9036d,31,5.125567596426117,bm25_regex_v1
q_shoes_04,7a2ca7b4-40b2-4985-bc24-5f8ac72db364,32,5.125567596426117,bm25_regex_v1
q_shoes_04,3af66a5e-6493-469f-9240-43c4bad15585,33,5.125567596426117,bm25_regex_v1
q_shoes_04,6e18a2a4-f1cf-4efa-b5fe-5b484a9fdb98,34,5.125567596426117,bm25_regex_v1
q_shoes_04,8beae513-00d3-40c9-897b-a9f280a4ff67,35,5.125567596426117,bm25_regex_v1
q_shoes_04,02d56330-075a-487a-8609-27a29254cd97,36,5.125567596426117,bm25_regex_v1
q_shoes_04,f56f6bb2-5ef3-4ba6-829c-da8a815cf99e,37,5.125567596426117,bm25_regex_v1
q_shoes_04,a56cc315-89cb-4244-bc9e-0ae16af57709,38,5.125567596426117,bm25_regex_v1
q_shoes_04,678d6c53-037b-4fd1-b2f3-6d6dd53176cc,39,5.125567596426117,bm25_regex_v1
q_shoes_04,821ba0fe-d328-4cd9-972c-66de5a81155d,40,5.125567596426117,bm25_regex_v1
q_fruit_01,d250e4cb-997d-44f8-8d99-5d9505ec8cb4,1,6.688795270177611,bm25_regex_v1
q_fruit_01,234ee312-05ba-4183-af7a-8a8ac8f25047,2,6.688795270177611,bm25_regex_v1
q_fruit_01,31b0bfe3-cac5-47f0-867d-5552d8f0972a,3,5.863040371666494,bm25_regex_v1
q_fruit_01,26bec8be-7e70-41c6-b463-833aa0224e18,4,5.863040371666494,bm25_regex_v1
q_fruit_01,b6843f2b-0cdc-4ea9-8219-8af49e11779d,5,5.863040371666494,bm25_regex_v1
q_fruit_01,0a616092-c136-486a-be27-0dc7a2116f6f,6,5.863040371666494,bm25_regex_v1
q_fruit_01,6bc9b36a-31f2-49da-8924-672493958b94,7,5.863040371666494,bm25_regex_v1
q_fruit_01,1732b474-5fd1-4efa-b932-ca82015e604d,8,5.863040371666494,bm25_regex_v1
q_fruit_01,a794767b-9613-4dc6-a8f8-429ea10e8546,9,5.863040371666494,bm25_regex_v1
q_fruit_01,bb18c45d-9514-47c4-9b16-0ba51cbff6a7,10,5.863040371666494,bm25_regex_v1
q_fruit_01,ccc63c2c-1b36-40f1-8e62-09fbe3c7217e,11,5.863040371666494,bm25_regex_v1
q_fruit_01,07f5dcc1-080d-4db8-807f-7c2904ee20b2,12,5.863040371666494,bm25_regex_v1
q_fruit_01,d5e7658d-de05-4ed1-ae04-73b13b79ddfd,13,5.863040371666494,bm25_regex_v1
q_fruit_01,84de0b35-60d6-46d3-b0aa-79e52ffe213f,14,5.863040371666494,bm25_regex_v1
q_fruit_01,9066a406-0030-4259-94ad-e96c0715fe88,15,5.863040371666494,bm25_regex_v1
q_fruit_01,36fbb793-24e5-4f3f-948e-522b0f86b8b9,16,5.863040371666494,bm25_regex_v1
q_fruit_01,3847397b-c8df-4285-91bd-f01548bf6a31,17,5.863040371666494,bm25_regex_v1
q_fruit_01,a846d2f2-7cfa-494f-8d7a-56c61bf00d2d,18,5.863040371666494,bm25_regex_v1
q_fruit_01,e50663cb-2e0e-4fb8-b139-7bd05c5cfe02,19,5.863040371666494,bm25_regex_v1
q_fruit_01,0ebab450-c982-4695-9b6e-a7eff5d8d0c5,20,5.863040371666494,bm25_regex_v1
q_fruit_01,33718306-2235-4dc8-980f-6194b2d058b8,21,5.863040371666494,bm25_regex_v1
q_fruit_01,18603839-70c1-4941-8f60-f20154907e00,22,5.2187657047349845,bm25_regex_v1
q_fruit_01,d90ec355-3194-4734-965a-995e2aed7423,23,5.2187657047349845,bm25_regex_v1
q_fruit_01,5797f002-48ee-4167-835b-c246efb39cab,24,5.2187657047349845,bm25_regex_v1
q_fruit_01,5b20aaf0-37b4-4889-9660-c83968384f0b,25,5.2187657047349845,bm25_regex_v1
q_fruit_01,d5d5ed39-23d8-43d9-9798-1cae81971165,26,5.2187657047349845,bm25_regex_v1
q_fruit_01,0165a7f2-4303-433a-a548-17d89cb6fa0f,27,5.2187657047349845,bm25_regex_v1
q_fruit_01,28707b87-2080-466f-ac49-5684a21c41f6,28,4.794491007834874,bm25_regex_v1
q_fruit_01,109d73d2-717c-40e8-a8f6-a1bb3dcf719a,29,4.794491007834874,bm25_regex_v1
q_fruit_01,6ec6598a-72bf-42bb-bc0f-b0a90d58e02f,30,4.794491007834874,bm25_regex_v1
q_fruit_01,67fdb6a6-516f-4ab5-97cc-870939a1ac89,31,4.794491007834874,bm25_regex_v1
q_fruit_01,8a0e1e5b-92ef-4e85-b26b-1954a25e82d8,32,4.794491007834874,bm25_regex_v1
q_fruit_01,8e877536-9def-46fd-9648-58da4b6230ee,33,4.794491007834874,bm25_regex_v1
q_fruit_01,ab565df0-5322-4f50-a1b0-86f369e76f0d,34,4.794491007834874,bm25_regex_v1
q_fruit_01,db00e4d7-ac50-41de-9261-5dba7cea1e99,35,4.794491007834874,bm25_regex_v1
q_fruit_01,85a25e3b-d855-41e5-9389-8fc2da55980f,36,4.794491007834874,bm25_regex_v1
q_fruit_01,84b2117e-0363-4bfd-b6d7-b9c5adb68bbf,37,4.794491007834874,bm25_regex_v1
q_fruit_01,ca7d06e4-65b3-49b5-9437-c15afd5967c0,38,4.794491007834874,bm25_regex_v1
q_fruit_01,a5ada226-75a9-4784-8742-6e6dd9dc140e,39,4.794491007834874,bm25_regex_v1
q_fruit_01,5196aac6-522c-4328-8360-a778c0ee8e1e,40,4.794491007834874,bm25_regex_v1
q_fruit_02,f94dd518-390d-47c1-87aa-5fc4d38b7874,1,7.617249833986615,bm25_regex_v1
q_fruit_02,fb215998-cd77-4314-b499-d9c728e8154b,2,7.617249833986615,bm25_regex_v1
q_fruit_02,e8a4c29d-5d25-4811-a090-87aed2bc36ee,3,7.617249833986615,bm25_regex_v1
q_fruit_02,0c51b967-d106-4c6e-b0d8-04bd27020a49,4,7.617249833986615,bm25_regex_v1
q_fruit_02,6ecca49a-1c56-4208-85ae-09ffcec68a59,5,6.7802095291914934,bm25_regex_v1
q_fruit_02,5ddd768f-5c2c-4fbf-84dd-b76040d0afcf,6,6.7802095291914934,bm25_regex_v1
q_fruit_02,84e60536-4168-4ed7-9df9-71a69684d308,7,6.228992727044779,bm25_regex_v1
q_fruit_02,d6570ad2-3041-4112-b70e-951c66e49685,8,6.228992727044779,bm25_regex_v1
q_fruit_02,90631a8d-3731-4e88-a692-fcdafa9ed753,9,6.228992727044779,bm25_regex_v1
q_fruit_02,bb3f8b16-545d-4512-99b9-a4b5f06b9969,10,6.228992727044779,bm25_regex_v1
q_fruit_02,dc527ec3-4d61-46e2-b191-f172bbdf2fb9,11,6.228992727044779,bm25_regex_v1
q_fruit_02,18a52d66-978d-4d47-9061-fd2825607c5f,12,6.228992727044779,bm25_regex_v1
q_fruit_02,948ae9b5-6e9e-44f6-b405-fa4b348e9413,13,6.228992727044779,bm25_regex_v1
q_fruit_02,5935a533-fc72-4875-931b-9e7488725c1f,14,6.228992727044779,bm25_regex_v1
q_fruit_02,0d4b57c7-bcd2-4850-88e8-24c4052948c4,15,6.228992727044779,bm25_regex_v1
q_fruit_02,13b21326-7304-465d-b4d9-d4b223ed808c,16,6.228992727044779,bm25_regex_v1
q_fruit_02,d376dae7-676e-4e1a-80b5-c01477769571,17,6.228992727044779,bm25_regex_v1
q_fruit_02,1344afc4-e148-48f3-a7cb-3c925453b217,18,6.228992727044779,bm25_regex_v1
q_fruit_02,c8aa34f0-5c3b-4e39-a128-1ce8bc3d5673,19,6.228992727044779,bm25_regex_v1
q_fruit_02,0d45d8ed-b132-47ec-b2ac-7756631cc331,20,6.228992727044779,bm25_regex_v1
q_fruit_02,605d57ae-bf81-4782-9985-9f6ab08f8a13,21,6.228992727044779,bm25_regex_v1
q_fruit_02,20c12ad6-1ed2-49d6-9c1a-37ffade68e8d,22,6.228992727044779,bm25_regex_v1
q_fruit_02,0539c329-c22d-4dde-bff3-e041be120b79,23,6.228992727044779,bm25_regex_v1
q_fruit_02,171766d8-8c80-4cd1-b1db-b3592fce76b5,24,6.228992727044779,bm25_regex_v1
q_fruit_02,b879d170-d7f2-4b29-a200-93e2cc735276,25,6.228992727044779,bm25_regex_v1
q_fruit_02,e6b5fa9c-e6d1-4581-92bf-0a7ed6fa6bd4,26,6.228992727044779,bm25_regex_v1
q_fruit_02,38ca19aa-623c-47fb-ba82-ce71af07bdd6,27,6.228992727044779,bm25_regex_v1
q_fruit_02,aab5cef5-67b4-4e83-ab04-ebb6e2d0bbd4,28,6.228992727044779,bm25_regex_v1
q_fruit_02,4bada717-683c-4f6a-9705-d69b567b7dd4,29,6.228992727044779,bm25_regex_v1
q_fruit_02,a50c8d81-c587-41c6-8327-725bb7569f90,30,6.228992727044779,bm25_regex_v1
q_fruit_02,7b678ee6-c33e-4a5d-a65b-15ae98fafc4e,31,6.228992727044779,bm25_regex_v1
q_fruit_02,9220c7d2-acdb-4fea-953f-d4d0271c751a,32,6.228992727044779,bm25_regex_v1
q_fruit_02,a9ccd761-9ef7-4515-9a43-e625b725af26,33,6.228992727044779,bm25_regex_v1
q_fruit_02,b140a887-6a04-4114-93fb-10995066c338,34,6.228992727044779,bm25_regex_v1
q_fruit_02,dab3ad9b-2b94-41fe-a6c1-061d227abc7c,35,6.228992727044779,bm25_regex_v1
q_fruit_02,adec8fb8-b023-4e14-8e58-5f245904c82c,36,6.228992727044779,bm25_regex_v1
q_fruit_02,d3869c18-5c53-4a30-b814-904dc57d7288,37,6.228992727044779,bm25_regex_v1
q_fruit_02,76e8ebac-7b90-4392-a53c-c7e5a42b2f3e,38,6.228992727044779,bm25_regex_v1
q_fruit_02,f4fd8dc7-1ca0-4aa6-9a76-88d4129d2ad9,39,6.228992727044779,bm25_regex_v1
q_fruit_02,07bbbe31-f816-4ff2-901c-81ca9eb38f16,40,6.228992727044779,bm25_regex_v1
q_fruit_03,76a3551b-dae4-4326-92cc-662015aedbfb,1,9.713061568494638,bm25_regex_v1
q_fruit_03,24456103-f6b8-46af-8655-82e61d7265d8,2,8.316053173150372,bm25_regex_v1
q_fruit_03,c111ac9d-3f3a-405c-a8db-4d127ccda9e2,3,8.316053173150372,bm25_regex_v1
q_fruit_03,c161453d-f2c8-4b97-a2c3-a54e0cbdb7e8,4,8.01201882227563,bm25_regex_v1
q_fruit_03,2743811c-5e71-4d2b-aa75-1b0147d44f2d,5,7.270371540466384,bm25_regex_v1
q_fruit_03,234ee312-05ba-4183-af7a-8a8ac8f25047,6,6.688795270177611,bm25_regex_v1
q_fruit_03,d250e4cb-997d-44f8-8d99-5d9505ec8cb4,7,6.688795270177611,bm25_regex_v1
q_fruit_03,84de0b35-60d6-46d3-b0aa-79e52ffe213f,8,5.863040371666494,bm25_regex_v1
q_fruit_03,0ebab450-c982-4695-9b6e-a7eff5d8d0c5,9,5.863040371666494,bm25_regex_v1
q_fruit_03,33718306-2235-4dc8-980f-6194b2d058b8,10,5.863040371666494,bm25_regex_v1
q_fruit_03,ccc63c2c-1b36-40f1-8e62-09fbe3c7217e,11,5.863040371666494,bm25_regex_v1
q_fruit_03,a794767b-9613-4dc6-a8f8-429ea10e8546,12,5.863040371666494,bm25_regex_v1
q_fruit_03,07f5dcc1-080d-4db8-807f-7c2904ee20b2,13,5.863040371666494,bm25_regex_v1
q_fruit_03,d5e7658d-de05-4ed1-ae04-73b13b79ddfd,14,5.863040371666494,bm25_regex_v1
q_fruit_03,a846d2f2-7cfa-494f-8d7a-56c61bf00d2d,15,5.863040371666494,bm25_regex_v1
q_fruit_03,bb18c45d-9514-47c4-9b16-0ba51cbff6a7,16,5.863040371666494,bm25_regex_v1
q_fruit_03,3847397b-c8df-4285-91bd-f01548bf6a31,17,5.863040371666494,bm25_regex_v1
q_fruit_03,6bc9b36a-31f2-49da-8924-672493958b94,18,5.863040371666494,bm25_regex_v1
q_fruit_03,1732b474-5fd1-4efa-b932-ca82015e604d,19,5.863040371666494,bm25_regex_v1
q_fruit_03,36fbb793-24e5-4f3f-948e-522b0f86b8b9,20,5.863040371666494,bm25_regex_v1
q_fruit_03,0a616092-c136-486a-be27-0dc7a2116f6f,21,5.863040371666494,bm25_regex_v1
q_fruit_03,9066a406-0030-4259-94ad-e96c0715fe88,22,5.863040371666494,bm25_regex_v1
q_fruit_03,e50663cb-2e0e-4fb8-b139-7bd05c5cfe02,23,5.863040371666494,bm25_regex_v1
q_fruit_03,b6843f2b-0cdc-4ea9-8219-8af49e11779d,24,5.863040371666494,bm25_regex_v1
q_fruit_03,31b0bfe3-cac5-47f0-867d-5552d8f0972a,25,5.863040371666494,bm25_regex_v1
q_fruit_03,26bec8be-7e70-41c6-b463-833aa0224e18,26,5.863040371666494,bm25_regex_v1
q_fruit_03,0165a7f2-4303-433a-a548-17d89cb6fa0f,27,5.2187657047349845,bm25_regex_v1
q_fruit_03,5b20aaf0-37b4-4889-9660-c83968384f0b,28,5.2187657047349845,bm25_regex_v1
q_fruit_03,d90ec355-3194-4734-965a-995e2aed7423,29,5.2187657047349845,bm25_regex_v1
q_fruit_03,5797f002-48ee-4167-835b-c246efb39cab,30,5.2187657047349845,bm25_regex_v1
q_fruit_03,18603839-70c1-4941-8f60-f20154907e00,31,5.2187657047349845,bm25_regex_v1
q_fruit_03,d5d5ed39-23d8-43d9-9798-1cae81971165,32,5.2187657047349845,bm25_regex_v1
q_fruit_03,28af9e0d-500b-41f1-8bef-d5421714c15f,33,4.794491007834874,bm25_regex_v1
q_fruit_03,1102444e-cdcf-4822-afd6-cb712f6677d5,34,4.794491007834874,bm25_regex_v1
q_fruit_03,0889ecee-f388-40dd-a7dc-1b2b0167c5cf,35,4.794491007834874,bm25_regex_v1
q_fruit_03,b8f0e68e-bb3f-4993-bf4c-530ed5fa0cc9,36,4.794491007834874,bm25_regex_v1
q_fruit_03,3781b795-dc3a-4e0a-9aeb-a896efaa51a1,37,4.794491007834874,bm25_regex_v1
q_fruit_03,ac830611-6a55-4e52-85e6-49726339153a,38,4.794491007834874,bm25_regex_v1
q_fruit_03,e21222b7-9d80-444d-8522-dee3f1f2046b,39,4.794491007834874,bm25_regex_v1
q_fruit_03,bf9d3dcb-e5da-4ee8-b781-e4939b5f3abc,40,4.794491007834874,bm25_regex_v1
q_fruit_04,aba76fc2-984e-4030-ba01-e2e7d78264c7,1,9.939720297290684,bm25_regex_v1
q_fruit_04,282b0e8b-051c-49f9-a707-b982df803589,2,8.510112072863361,bm25_regex_v1
q_fruit_04,f14df4d3-9858-4a8b-8597-20fd477d8e32,3,8.510112072863361,bm25_regex_v1
q_fruit_04,234ee312-05ba-4183-af7a-8a8ac8f25047,4,6.688795270177611,bm25_regex_v1
q_fruit_04,d250e4cb-997d-44f8-8d99-5d9505ec8cb4,5,6.688795270177611,bm25_regex_v1
q_fruit_04,a846d2f2-7cfa-494f-8d7a-56c61bf00d2d,6,5.863040371666494,bm25_regex_v1
q_fruit_04,a794767b-9613-4dc6-a8f8-429ea10e8546,7,5.863040371666494,bm25_regex_v1
q_fruit_04,84de0b35-60d6-46d3-b0aa-79e52ffe213f,8,5.863040371666494,bm25_regex_v1
q_fruit_04,9066a406-0030-4259-94ad-e96c0715fe88,9,5.863040371666494,bm25_regex_v1
q_fruit_04,07f5dcc1-080d-4db8-807f-7c2904ee20b2,10,5.863040371666494,bm25_regex_v1
q_fruit_04,0a616092-c136-486a-be27-0dc7a2116f6f,11,5.863040371666494,bm25_regex_v1
q_fruit_04,33718306-2235-4dc8-980f-6194b2d058b8,12,5.863040371666494,bm25_regex_v1
q_fruit_04,36fbb793-24e5-4f3f-948e-522b0f86b8b9,13,5.863040371666494,bm25_regex_v1
q_fruit_04,d5e7658d-de05-4ed1-ae04-73b13b79ddfd,14,5.863040371666494,bm25_regex_v1
q_fruit_04,ccc63c2c-1b36-40f1-8e62-09fbe3c7217e,15,5.863040371666494,bm25_regex_v1
q_fruit_04,bb18c45d-9514-47c4-9b16-0ba51cbff6a7,16,5.863040371666494,bm25_regex_v1
q_fruit_04,3847397b-c8df-4285-91bd-f01548bf6a31,17,5.863040371666494,bm25_regex_v1
q_fruit_04,26bec8be-7e70-41c6-b463-833aa0224e18,18,5.863040371666494,bm25_regex_v1
q_fruit_04,0ebab450-c982-4695-9b6e-a7eff5d8d0c5,19,5.863040371666494,bm25_regex_v1
q_fruit_04,1732b474-5fd1-4efa-b932-ca82015e604d,20,5.863040371666494,bm25_regex_v1
q_fruit_04,6bc9b36a-31f2-49da-8924-672493958b94,21,5.863040371666494,bm25_regex_v1
q_fruit_04,31b0bfe3-cac5-47f0-867d-5552d8f0972a,22,5.863040371666494,bm25_regex_v1
q_fruit_04,e50663cb-2e0e-4fb8-b139-7bd05c5cfe02,23,5.863040371666494,bm25_regex_v1
q_fruit_04,b6843f2b-0cdc-4ea9-8219-8af49e11779d,24,5.863040371666494,bm25_regex_v1
q_fruit_04,5b20aaf0-37b4-4889-9660-c83968384f0b,25,5.2187657047349845,bm25_regex_v1
q_fruit_04,0165a7f2-4303-433a-a548-17d89cb6fa0f,26,5.2187657047349845,bm25_regex_v1
q_fruit_04,5797f002-48ee-4167-835b-c246efb39cab,27,5.2187657047349845,bm25_regex_v1
q_fruit_04,d90ec355-3194-4734-965a-995e2aed7423,28,5.2187657047349845,bm25_regex_v1
q_fruit_04,18603839-70c1-4941-8f60-f20154907e00,29,5.2187657047349845,bm25_regex_v1
q_fruit_04,d5d5ed39-23d8-43d9-9798-1cae81971165,30,5.2187657047349845,bm25_regex_v1
q_fruit_04,c5b3f2cd-a8b7-477a-8384-7be635074766,31,4.794491007834874,bm25_regex_v1
q_fruit_04,a8b8c85d-0a12-4ffb-90a2-ad2416b37d4f,32,4.794491007834874,bm25_regex_v1
q_fruit_04,1102444e-cdcf-4822-afd6-cb712f6677d5,33,4.794491007834874,bm25_regex_v1
q_fruit_04,0889ecee-f388-40dd-a7dc-1b2b0167c5cf,34,4.794491007834874,bm25_regex_v1
q_fruit_04,b8f0e68e-bb3f-4993-bf4c-530ed5fa0cc9,35,4.794491007834874,bm25_regex_v1
q_fruit_04,3781b795-dc3a-4e0a-9aeb-a896efaa51a1,36,4.794491007834874,bm25_regex_v1
q_fruit_04,ac830611-6a55-4e52-85e6-49726339153a,37,4.794491007834874,bm25_regex_v1
q_fruit_04,e21222b7-9d80-444d-8522-dee3f1f2046b,38,4.794491007834874,bm25_regex_v1
q_fruit_04,bf9d3dcb-e5da-4ee8-b781-e4939b5f3abc,39,4.794491007834874,bm25_regex_v1
q_fruit_04,22d89c98-8869-4e78-922d-3dd3e7e4cd9f,40,4.794491007834874,bm25_regex_v1
q_vegetable_01,cb85d4c6-1179-419e-833a-a803adff67ee,1,6.584759683269327,bm25_regex_v1
q_vegetable_01,19f80ad5-7c10-4c16-bff4-8218962d912e,2,5.861177107876531,bm25_regex_v1
q_vegetable_01,dff05377-4eb9-45b8-a1f9-b4c7c3917eb0,3,5.3846757124094085,bm25_regex_v1
q_vegetable_01,1da692e3-166b-4191-a497-fc8507d39f24,4,5.3846757124094085,bm25_regex_v1
q_vegetable_01,a4030d8f-2eb7-42cc-9cd3-a37f93562392,5,5.3846757124094085,bm25_regex_v1
q_vegetable_01,bcbd70df-974e-4978-a2a0-9db31f25f5da,6,5.3846757124094085,bm25_regex_v1
q_vegetable_01,4051742c-2682-4127-9910-7c7df5577754,7,5.3846757124094085,bm25_regex_v1
q_vegetable_01,a950c2ba-6695-4d0d-aecf-9b3baadd50d9,8,5.3846757124094085,bm25_regex_v1
q_vegetable_01,081e5a59-6409-4aa2-be1f-52a4a6d6ae84,9,5.3846757124094085,bm25_regex_v1
q_vegetable_01,7af46642-0758-40bb-9697-1d42370dec58,10,5.3846757124094085,bm25_regex_v1
q_vegetable_01,8e9529ce-197c-41c5-a471-f794ddd95368,11,5.3846757124094085,bm25_regex_v1
q_vegetable_01,7549a385-4351-4d2c-9dec-e3c00423fcc8,12,5.3846757124094085,bm25_regex_v1
q_vegetable_01,5ff21a88-9cf2-4f06-9212-f563daeea347,13,5.3846757124094085,bm25_regex_v1
q_vegetable_01,3d7157f4-0e98-40c6-b6c7-bf3414ec6af7,14,5.3846757124094085,bm25_regex_v1
q_vegetable_01,9a19e75c-32ee-4a79-a1ba-536d9c3224d1,15,5.3846757124094085,bm25_regex_v1
q_vegetable_01,7844e557-1d48-454d-9149-e2a3babceea5,16,5.3846757124094085,bm25_regex_v1
q_vegetable_01,9dd34df2-6ad5-4181-ae5c-ad03fb6a14dd,17,5.3846757124094085,bm25_regex_v1
q_vegetable_01,caf6b472-9520-45e6-9d3d-ed5b9b178eb5,18,5.3846757124094085,bm25_regex_v1
q_vegetable_01,1f81549b-14c1-4d40-8eb8-fc02761fcbe3,19,5.3846757124094085,bm25_regex_v1
q_vegetable_01,6a502068-35ba-4e0d-9376-c33798e182ff,20,5.3846757124094085,bm25_regex_v1
q_vegetable_01,e6b1b9e7-be39-491d-ac2b-f22370440245,21,5.3846757124094085,bm25_regex_v1
q_vegetable_01,2d46893f-d0a7-4039-9a24-f22cf4c0a725,22,5.3846757124094085,bm25_regex_v1
q_vegetable_01,78a9534c-4bf0-45c7-b5c8-39460fc76435,23,5.3846757124094085,bm25_regex_v1
q_vegetable_01,a886d079-e2c9-4f62-8a59-615f9e18b14b,24,5.3846757124094085,bm25_regex_v1
q_vegetable_01,bd6f342d-5f6d-4972-8dfd-ae48461eec88,25,5.3846757124094085,bm25_regex_v1
q_vegetable_01,eeb6e637-0301-4d24-8739-d7e4d01eeb8f,26,5.3846757124094085,bm25_regex_v1
q_vegetable_01,7bf1e6b4-a754-489b-9f7b-ad68cd686a92,27,5.3846757124094085,bm25_regex_v1
q_vegetable_01,314f20d4-4645-4f81-81c8-cc8ae0c3c32c,28,5.3846757124094085,bm25_regex_v1
q_vegetable_01,9a954674-9f54-4fff-8ce1-725488e64ec9,29,5.3846757124094085,bm25_regex_v1
q_vegetable_01,681f31ae-6c32-4124-bf9f-20a52500742a,30,5.3846757124094085,bm25_regex_v1
q_vegetable_01,1700e86c-7b01-47e8-9e50-7cc1cf92940f,31,5.3846757124094085,bm25_regex_v1
q_vegetable_01,be436d5b-51f1-4676-a782-2d8b4a272ff1,32,5.3846757124094085,bm25_regex_v1
q_vegetable_01,e622af7f-065f-4b6f-a47a-c97160ba36a7,33,5.3846757124094085,bm25_regex_v1
q_vegetable_01,92dd49f0-3dfd-4523-89e6-43bfbbe43007,34,5.3846757124094085,bm25_regex_v1
q_vegetable_01,dbb74a68-9f45-4942-a99c-ac3e4d7b2665,35,5.3846757124094085,bm25_regex_v1
q_vegetable_01,0a4b1046-fda3-4295-88a3-f8574a7921d1,36,5.3846757124094085,bm25_regex_v1
q_vegetable_01,d46c28bc-f666-4e53-8736-aee7f72cab32,37,5.3846757124094085,bm25_regex_v1
q_vegetable_01,2165f004-4591-41e8-805e-08be082aa28c,38,5.3846757124094085,bm25_regex_v1
q_vegetable_01,0374d7c1-7ee0-4a6b-9d23-31b38f559a4a,39,5.3846757124094085,bm25_regex_v1
q_vegetable_01,340131e4-e488-467c-93a1-c2c1a38c97fc,40,5.3846757124094085,bm25_regex_v1
q_vegetable_02,bbe5cca7-e37a-44f6-a94a-94e0dd85243e,1,11.12046758684224,bm25_regex_v1
q_vegetable_02,45629af1-7f77-40b6-baaf-c8f833278a94,2,11.12046758684224,bm25_regex_v1
q_vegetable_02,9dbe0617-8eba-4b00-b2c1-63f46a410bcf,3,11.12046758684224,bm25_regex_v1
q_vegetable_02,7c8050e5-ae3e-4e86-9a04-af76b4619b75,4,9.252347427494206,bm25_regex_v1
q_vegetable_02,bce0ff4d-8e8b-4a27-8693-fa2127904e47,5,9.252347427494206,bm25_regex_v1
q_vegetable_02,200f925a-5372-40fc-bef6-7121cda3f85d,6,6.925520130290562,bm25_regex_v1
q_vegetable_02,c50fb70f-de10-490a-b1b5-04eb3509718c,7,6.925520130290562,bm25_regex_v1
q_vegetable_03,76a3551b-dae4-4326-92cc-662015aedbfb,1,9.713061568494638,bm25_regex_v1
q_vegetable_03,24456103-f6b8-46af-8655-82e61d7265d8,2,8.316053173150372,bm25_regex_v1
q_vegetable_03,c111ac9d-3f3a-405c-a8db-4d127ccda9e2,3,8.316053173150372,bm25_regex_v1
q_vegetable_03,c161453d-f2c8-4b97-a2c3-a54e0cbdb7e8,4,8.01201882227563,bm25_regex_v1
q_vegetable_03,2743811c-5e71-4d2b-aa75-1b0147d44f2d,5,7.270371540466384,bm25_regex_v1
q_vegetable_03,7fdbfbd2-930f-4329-a225-ca7b797e3274,6,7.134496736600375,bm25_regex_v1
q_vegetable_03,0174d58f-3182-48ce-9bb7-0818d21a6763,7,6.407739184738476,bm25_regex_v1
q_vegetable_03,8dac30b5-783c-4f90-964b-b5384fe436df,8,6.253718451319878,bm25_regex_v1
q_vegetable_03,f3539f44-25e6-4272-9151-40710d2a1e81,9,6.253718451319878,bm25_regex_v1
q_vegetable_03,cca58370-ec22-4be6-8ceb-a1c4d990af36,10,6.253718451319878,bm25_regex_v1
q_vegetable_03,cf5d0c45-d9f1-4aa2-80a7-7e2f603b9b62,11,6.253718451319878,bm25_regex_v1
q_vegetable_03,82bf2105-0a85-4fe7-8777-8f049077d57f,12,6.253718451319878,bm25_regex_v1
q_vegetable_03,9ec64f37-ccdb-46e2-b52b-29b2b8501659,13,5.566513159031855,bm25_regex_v1
q_vegetable_03,0848a3c5-f008-4d16-9ceb-3f90198c778e,14,5.566513159031855,bm25_regex_v1
q_vegetable_03,be798674-992b-461a-997f-4b62483bc8bf,15,5.566513159031855,bm25_regex_v1
q_vegetable_03,651acbd2-2e15-476d-8198-dc2227854d2f,16,5.566513159031855,bm25_regex_v1
q_vegetable_03,6684b231-e4c5-47b5-b2e2-6b0ef23ee2f9,17,5.566513159031855,bm25_regex_v1
q_vegetable_03,d39c66ad-1a4d-46e0-9cfc-f7157bff2af1,18,5.566513159031855,bm25_regex_v1
q_vegetable_03,57fce58f-de42-4488-94fa-5511619da0ae,19,5.566513159031855,bm25_regex_v1
q_vegetable_03,30c729cc-f578-48a6-9b55-08219c4f38db,20,5.566513159031855,bm25_regex_v1
q_vegetable_03,ebcfbe39-0735-4a32-8b00-31ce940756ea,21,5.113967324066334,bm25_regex_v1
q_vegetable_03,511a3791-bc82-4544-9ffc-f7620be133d6,22,5.113967324066334,bm25_regex_v1
q_vegetable_03,48a7610f-8466-4a72-b8c5-ac150bbd87ee,23,5.113967324066334,bm25_regex_v1
q_vegetable_03,2cf11cc5-9022-4eb1-8719-3842cd345da4,24,5.113967324066334,bm25_regex_v1
q_vegetable_03,dab3a00c-faca-4ab5-bf89-cc9a14bd95bf,25,5.113967324066334,bm25_regex_v1
q_vegetable_03,abf7f4e2-8174-48ee-b932-ed986e900b4d,26,5.113967324066334,bm25_regex_v1
q_vegetable_03,11fc575f-379a-4acb-b191-8fc2793543bd,27,5.113967324066334,bm25_regex_v1
q_vegetable_03,90eda389-44fa-4cc1-9155-a2d0713a828d,28,5.113967324066334,bm25_regex_v1
q_vegetable_03,317bc44d-d6e1-4c8a-99ad-2e79ce21c843,29,5.113967324066334,bm25_regex_v1
q_vegetable_03,e1a8626f-a222-4cea-a51b-20cf709828ad,30,5.113967324066334,bm25_regex_v1
q_vegetable_03,2385215d-5191-4480-b3cf-b47070fb4681,31,5.113967324066334,bm25_regex_v1
q_vegetable_03,70934fce-553c-492e-933e-6ab62f6d6097,32,5.113967324066334,bm25_regex_v1
q_vegetable_03,1e79e0aa-b7e1-460d-a477-11c95addfc36,33,5.113967324066334,bm25_regex_v1
q_vegetable_03,6b053edb-9c80-4cf2-aca8-b22e619ebe9a,34,5.113967324066334,bm25_regex_v1
q_vegetable_03,8ce43e5d-cf32-47d0-a412-17c71e79f71d,35,5.113967324066334,bm25_regex_v1
q_vegetable_03,c0fb41c3-5a59-49db-8a12-de301c4d7fe4,36,5.113967324066334,bm25_regex_v1
q_vegetable_03,7e4f631a-1eb4-4a1d-aeef-cefecc53a3ea,37,5.113967324066334,bm25_regex_v1
q_vegetable_03,1ad4711d-8b4e-46c3-ba87-3754ea3b2ed8,38,5.113967324066334,bm25_regex_v1
q_vegetable_03,6ca921a9-8db7-49f9-b8d0-6e6dc887cc2e,39,5.113967324066334,bm25_regex_v1
q_vegetable_03,8fc54e1e-5a71-49cc-9b3a-2a30e7a82641,40,5.113967324066334,bm25_regex_v1
q_vegetable_04,aba76fc2-984e-4030-ba01-e2e7d78264c7,1,9.939720297290684,bm25_regex_v1
q_vegetable_04,f14df4d3-9858-4a8b-8597-20fd477d8e32,2,8.510112072863361,bm25_regex_v1
q_vegetable_04,282b0e8b-051c-49f9-a707-b982df803589,3,8.510112072863361,bm25_regex_v1
q_vegetable_04,cb85d4c6-1179-419e-833a-a803adff67ee,4,6.584759683269327,bm25_regex_v1
q_vegetable_04,19f80ad5-7c10-4c16-bff4-8218962d912e,5,5.861177107876531,bm25_regex_v1
q_vegetable_04,6d9f545f-ca9c-479c-8eaa-1470aec4994c,6,5.3846757124094085,bm25_regex_v1
q_vegetable_04,34b9ac8e-e715-4cbd-8ecc-ab6c21775817,7,5.3846757124094085,bm25_regex_v1
q_vegetable_04,1ca7b792-9350-4c78-88ce-80d12cf01a50,8,5.3846757124094085,bm25_regex_v1
q_vegetable_04,ad39de5b-b6b9-4f3d-bd0d-79464ec27355,9,5.3846757124094085,bm25_regex_v1
q_vegetable_04,530e8c7d-4476-41cd-98e5-d6d8a71f82c6,10,5.3846757124094085,bm25_regex_v1
q_vegetable_04,9ac244b8-9fc1-4477-adfd-13882109a6b1,11,5.3846757124094085,bm25_regex_v1
q_vegetable_04,77728fb7-88a3-4af7-b429-12276e358a94,12,5.3846757124094085,bm25_regex_v1
q_vegetable_04,dc36b3cd-55a1-4ef4-8b39-1207ee18740b,13,5.3846757124094085,bm25_regex_v1
q_vegetable_04,0e0865e7-732d-4b06-b3ab-ea1437d98b11,14,5.3846757124094085,bm25_regex_v1
q_vegetable_04,43712ad7-9ddc-4f80-a87d-f71e03532f8e,15,5.3846757124094085,bm25_regex_v1
q_vegetable_04,806b0ed0-125a-45b3-89a2-7af488c13bb2,16,5.3846757124094085,bm25_regex_v1
q_vegetable_04,61e954d0-c1fe-4ed5-a3ff-de2aa1849d07,17,5.3846757124094085,bm25_regex_v1
q_vegetable_04,7ff1a1b0-1547-4ab3-9dd0-a48265949d0d,18,5.3846757124094085,bm25_regex_v1
q_vegetable_04,caf6b472-9520-45e6-9d3d-ed5b9b178eb5,19,5.3846757124094085,bm25_regex_v1
q_vegetable_04,984743b4-7f66-4395-a108-68d4be8e0284,20,5.3846757124094085,bm25_regex_v1
q_vegetable_04,b7dde3f3-c8d6-480c-b5a1-27bcde25d7a5,21,5.3846757124094085,bm25_regex_v1
q_vegetable_04,e78cf66f-c6f3-44d3-ac7d-24984cd9cffe,22,5.3846757124094085,bm25_regex_v1
q_vegetable_04,ec52f98b-b3b8-442e-9d79-fd69b73de377,23,5.3846757124094085,bm25_regex_v1
q_vegetable_04,5ff21a88-9cf2-4f06-9212-f563daeea347,24,5.3846757124094085,bm25_regex_v1
q_vegetable_04,3d7157f4-0e98-40c6-b6c7-bf3414ec6af7,25,5.3846757124094085,bm25_regex_v1
q_vegetable_04,9a19e75c-32ee-4a79-a1ba-536d9c3224d1,26,5.3846757124094085,bm25_regex_v1
q_vegetable_04,7844e557-1d48-454d-9149-e2a3babceea5,27,5.3846757124094085,bm25_regex_v1
q_vegetable_04,05c76e94-955a-4fc9-a37c-59f7295ce5af,28,5.3846757124094085,bm25_regex_v1
q_vegetable_04,2d46893f-d0a7-4039-9a24-f22cf4c0a725,29,5.3846757124094085,bm25_regex_v1
q_vegetable_04,78a9534c-4bf0-45c7-b5c8-39460fc76435,30,5.3846757124094085,bm25_regex_v1
q_vegetable_04,a886d079-e2c9-4f62-8a59-615f9e18b14b,31,5.3846757124094085,bm25_regex_v1
q_vegetable_04,bd6f342d-5f6d-4972-8dfd-ae48461eec88,32,5.3846757124094085,bm25_regex_v1
q_vegetable_04,eeb6e637-0301-4d24-8739-d7e4d01eeb8f,33,5.3846757124094085,bm25_regex_v1
q_vegetable_04,2cddfc7a-87a2-4c8a-9ef4-161ce8b88525,34,5.3846757124094085,bm25_regex_v1
q_vegetable_04,92dd49f0-3dfd-4523-89e6-43bfbbe43007,35,5.3846757124094085,bm25_regex_v1
q_vegetable_04,dff05377-4eb9-45b8-a1f9-b4c7c3917eb0,36,5.3846757124094085,bm25_regex_v1
q_vegetable_04,314f20d4-4645-4f81-81c8-cc8ae0c3c32c,37,5.3846757124094085,bm25_regex_v1
q_vegetable_04,0a4b1046-fda3-4295-88a3-f8574a7921d1,38,5.3846757124094085,bm25_regex_v1
q_vegetable_04,d46c28bc-f666-4e53-8736-aee7f72cab32,39,5.3846757124094085,bm25_regex_v1
q_vegetable_04,2165f004-4591-41e8-805e-08be082aa28c,40,5.3846757124094085,bm25_regex_v1
q_seafood_01,370ee592-00d8-4d50-854e-1417f0f0d838,1,5.064012873926391,bm25_regex_v1
q_seafood_01,0d85c4c2-aa3d-483a-9875-297ffd5e0d98,2,5.064012873926391,bm25_regex_v1
q_seafood_01,35f30d35-05c3-4dea-8e20-e2d3e59f1663,3,5.064012873926391,bm25_regex_v1
q_seafood_01,2d5f3edf-8246-47ab-908c-a4297de2da37,4,4.50754131636172,bm25_regex_v1
q_seafood_01,9f6d557a-7010-47ef-bef3-8fe3f1568fe5,5,4.50754131636172,bm25_regex_v1
q_seafood_01,e17ffacd-6c7d-4b01-8a10-fc6a398f7ad4,6,4.141087669280199,bm25_regex_v1
q_seafood_01,6622925b-1d28-4009-87a0-e5465f941316,7,4.141087669280199,bm25_regex_v1
q_seafood_01,9d89368f-804c-41db-b373-34d9f2079d68,8,4.141087669280199,bm25_regex_v1
q_seafood_01,80f012ef-65df-4eff-85ac-71fc130a8d04,9,4.141087669280199,bm25_regex_v1
q_seafood_01,665206ae-f697-4a9c-ae09-d3f2d3621bde,10,4.141087669280199,bm25_regex_v1
q_seafood_01,7b35659a-2089-4767-8748-23aa4aaee785,11,4.141087669280199,bm25_regex_v1
q_seafood_01,241446d3-9ca8-4dfa-bdc6-f0da0217b93f,12,4.141087669280199,bm25_regex_v1
q_seafood_01,3abe6af4-b96b-4a84-91fa-e8e9e8a704f1,13,4.141087669280199,bm25_regex_v1
q_seafood_01,c1e825d3-acfd-4821-98d6-046334440954,14,4.141087669280199,bm25_regex_v1
q_seafood_01,21256821-9ed0-46e4-bffb-09e608730ef1,15,4.141087669280199,bm25_regex_v1
q_seafood_01,1fbf71be-f979-4211-b21c-578267760e91,16,4.141087669280199,bm25_regex_v1
q_seafood_01,925cb9a9-1d75-4d2f-a20d-bac3db6578b6,17,4.141087669280199,bm25_regex_v1
q_seafood_01,8a306189-132a-4457-ae93-573b97cb796f,18,4.141087669280199,bm25_regex_v1
q_seafood_01,ae18877b-e44e-4d28-a122-76a0c27534d4,19,4.141087669280199,bm25_regex_v1
q_seafood_01,15e99335-cd45-40e7-a9ea-bc10dcb6ee89,20,4.141087669280199,bm25_regex_v1
q_seafood_01,8bae6d1a-fa71-44d2-8b5f-a43bb20df5d4,21,4.141087669280199,bm25_regex_v1
q_seafood_01,ed548651-26db-49f3-b5fe-c359962700e6,22,4.141087669280199,bm25_regex_v1
q_seafood_01,bbe684a3-81cc-4205-b59a-f6524aeeaa40,23,4.141087669280199,bm25_regex_v1
q_seafood_01,9895cc82-b105-438f-99b4-1c48ff93a636,24,4.141087669280199,bm25_regex_v1
q_seafood_01,305d4fa0-d3d2-4a33-b5e1-babfbb5167cb,25,4.141087669280199,bm25_regex_v1
q_seafood_01,b913deee-fad0-42d5-ba28-71a2183cb1cb,26,4.141087669280199,bm25_regex_v1
q_seafood_01,222f36da-0076-4e8d-a655-b4b83834e38f,27,4.141087669280199,bm25_regex_v1
q_seafood_01,106c0d6c-a768-455d-9a65-0879865da808,28,4.141087669280199,bm25_regex_v1
q_seafood_01,12420841-4ff0-45b9-a68c-5c26dea858af,29,4.141087669280199,bm25_regex_v1
q_seafood_01,af6f5211-7ea4-4e46-95b7-970d884c5703,30,4.141087669280199,bm25_regex_v1
q_seafood_01,c52074ba-556c-4e45-bccf-c6b304918196,31,4.141087669280199,bm25_regex_v1
q_seafood_01,f0c66e50-9d8a-4cc1-9f53-35c234f3be79,32,4.141087669280199,bm25_regex_v1
q_seafood_01,64fe9572-b828-42bb-930b-1edbb7ea3bd3,33,4.141087669280199,bm25_regex_v1
q_seafood_01,c22e4cbf-50b3-442d-8f70-5e202da88f8d,34,4.141087669280199,bm25_regex_v1
q_seafood_01,2e2f8604-15f4-462f-b03f-4350a19098ef,35,4.141087669280199,bm25_regex_v1
q_seafood_01,0438edb7-d1cb-481b-b1d0-71b2506262a6,36,4.141087669280199,bm25_regex_v1
q_seafood_01,20388042-3f0e-4a60-b2e9-c28491c7500d,37,4.141087669280199,bm25_regex_v1
q_seafood_01,81cbd8c7-ecaa-4fb4-ad84-a86f3043d56e,38,4.141087669280199,bm25_regex_v1
q_seafood_01,c1f96614-349c-4e5c-b69b-b81c3549af48,39,4.141087669280199,bm25_regex_v1
q_seafood_01,6763a7f6-b591-45b7-8082-f50c8b7faa62,40,4.141087669280199,bm25_regex_v1
q_seafood_02,5a1261cc-3882-4c42-8f25-6b1092b5ee20,1,10.201969775309884,bm25_regex_v1
q_seafood_02,46b87ca3-96d0-437d-a35e-32807787080a,2,10.201969775309884,bm25_regex_v1
q_seafood_02,9cdbc05e-dc4f-4e5c-a70e-5213ac6dbdb0,3,10.201969775309884,bm25_regex_v1
q_seafood_02,3a51a8da-a810-424e-882d-f9d4cc6f0b31,4,10.201969775309884,bm25_regex_v1
q_seafood_02,f2fa327e-e6c8-4be1-80f7-0fafc0eb3d68,5,10.201969775309884,bm25_regex_v1
q_seafood_02,e671a54b-686e-448b-9474-308ac2f4cef9,6,8.4881474694146,bm25_regex_v1
q_seafood_02,11e2c3e3-d170-49d6-bc52-77d4f5daef55,7,8.4881474694146,bm25_regex_v1
q_seafood_02,4b72e8f8-17b1-4bea-ba72-fb03413724d8,8,8.4881474694146,bm25_regex_v1
q_seafood_02,65119698-0626-42bb-a45c-4dd819846c06,9,8.4881474694146,bm25_regex_v1
q_seafood_02,ab92020b-1fa3-4351-9322-28a848b6d0f5,10,8.4881474694146,bm25_regex_v1
q_seafood_02,3968be8a-e03e-4a3e-bf45-d6d923a56c75,11,8.4881474694146,bm25_regex_v1
q_seafood_02,f72a0ccb-f9fe-4883-96d7-3d5a672c82e2,12,7.267315789097126,bm25_regex_v1
q_seafood_02,315e0ae4-48ca-4462-9a34-92a07f1aceec,13,7.267315789097126,bm25_regex_v1
q_seafood_02,97d47447-4ba7-4704-af74-b8879bb34e90,14,7.267315789097126,bm25_regex_v1
q_seafood_02,faa4dbc5-691a-464d-affe-5e1fa3fb58c3,15,7.267315789097126,bm25_regex_v1
q_seafood_02,269ae136-bca9-4912-95ed-c269260ac75e,16,5.643834928511924,bm25_regex_v1
q_seafood_02,b2c9baa9-b5de-4561-b6f0-7c3ca6ccc305,17,5.076772530508617,bm25_regex_v1
q_seafood_03,76a3551b-dae4-4326-92cc-662015aedbfb,1,9.713061568494638,bm25_regex_v1
q_seafood_03,80ea62f6-fafe-43fa-8198-ea06fda62f4b,2,8.830008721190978,bm25_regex_v1
q_seafood_03,c111ac9d-3f3a-405c-a8db-4d127ccda9e2,3,8.316053173150372,bm25_regex_v1
q_seafood_03,24456103-f6b8-46af-8655-82e61d7265d8,4,8.316053173150372,bm25_regex_v1
q_seafood_03,c161453d-f2c8-4b97-a2c3-a54e0cbdb7e8,5,8.01201882227563,bm25_regex_v1
q_seafood_03,2743811c-5e71-4d2b-aa75-1b0147d44f2d,6,7.270371540466384,bm25_regex_v1
q_seafood_03,e55f75f3-26bf-4dba-9e87-15ff7cf4b4da,7,7.22072418560208,bm25_regex_v1
q_seafood_03,15ff42ba-12cd-4bb1-b7e5-f6d9c0e21c7e,8,7.22072418560208,bm25_regex_v1
q_seafood_03,00f2b0df-41ab-4323-9e97-8a36a70c72dc,9,7.22072418560208,bm25_regex_v1
q_seafood_03,6b361318-0451-4450-97f0-a8922a74ed8e,10,7.22072418560208,bm25_regex_v1
q_seafood_03,dbf1c2e8-b9d2-42fb-a867-53014dc657d4,11,7.22072418560208,bm25_regex_v1
q_seafood_03,55509f64-21c0-4331-a898-2d6773343b0b,12,7.22072418560208,bm25_regex_v1
q_seafood_03,44ac5b4a-fb53-42e1-8d88-d94dab393371,13,7.22072418560208,bm25_regex_v1
q_seafood_03,2c4be565-bb0a-4907-8062-e09dfdab482d,14,7.22072418560208,bm25_regex_v1
q_seafood_03,3adbefec-0d50-419a-9fa4-3ea9cd13a77d,15,7.22072418560208,bm25_regex_v1
q_seafood_03,e283eca8-998a-445b-9278-06af2039f388,16,7.22072418560208,bm25_regex_v1
q_seafood_03,1499f5d4-8564-4507-b60e-16d0b82a66bd,17,7.22072418560208,bm25_regex_v1
q_seafood_03,fc8fb8cb-1292-44e7-8f08-f144f1e3dcce,18,7.22072418560208,bm25_regex_v1
q_seafood_03,4b55daec-a3bc-4dc6-9a84-91aa1d6f398a,19,7.22072418560208,bm25_regex_v1
q_seafood_03,59a97761-657f-4f31-a1f7-5517fbbe9d58,20,7.22072418560208,bm25_regex_v1
q_seafood_03,59c27054-96cb-46a7-86c6-ca403fd9b795,21,7.22072418560208,bm25_regex_v1
q_seafood_03,bd9162c7-b9a8-4a4c-bffe-a466aad169dc,22,7.22072418560208,bm25_regex_v1
q_seafood_03,c90120c9-896b-4f7a-8bca-84de8872d85f,23,7.22072418560208,bm25_regex_v1
q_seafood_03,5de2721c-ae31-4ffe-b6c1-39f699001118,24,7.22072418560208,bm25_regex_v1
q_seafood_03,1332a409-094c-48e5-9c73-b72279e2af27,25,7.22072418560208,bm25_regex_v1
q_seafood_03,a71625a5-3847-416f-8298-10af4eb30056,26,7.22072418560208,bm25_regex_v1
q_seafood_03,838e978c-5784-45cb-b73d-e44f9c773758,27,7.22072418560208,bm25_regex_v1
q_seafood_03,0c3b8779-121d-47f0-849c-682b3472b490,28,7.22072418560208,bm25_regex_v1
q_seafood_03,1bde5aca-2afb-456e-a196-271edbfe6abb,29,7.22072418560208,bm25_regex_v1
q_seafood_03,870abd75-5e66-4780-900e-f42a5e692af6,30,7.22072418560208,bm25_regex_v1
q_seafood_03,74c89370-aa17-46d2-bbd2-bf690fa810f6,31,7.22072418560208,bm25_regex_v1
q_seafood_03,10ec274b-c128-4aed-bf30-dcc1e804dbe9,32,7.22072418560208,bm25_regex_v1
q_seafood_03,2463cf8a-98c7-4351-a3d9-b858ff48b359,33,7.22072418560208,bm25_regex_v1
q_seafood_03,f035a93b-0d0d-452e-903c-4d35a9756cf8,34,7.22072418560208,bm25_regex_v1
q_seafood_03,14bdd11c-fe68-4aa9-8659-86c1f0c8498d,35,7.22072418560208,bm25_regex_v1
q_seafood_03,1c027898-fec7-42dd-8259-0c7e2ae2cc68,36,7.22072418560208,bm25_regex_v1
q_seafood_03,58da5bf1-394e-47ba-abf5-94805807e50f,37,7.22072418560208,bm25_regex_v1
q_seafood_03,1ea83d6a-b542-4392-9eb2-c2e44ccc28a4,38,7.22072418560208,bm25_regex_v1
q_seafood_03,6d122be3-0e7d-49dd-8b65-95fc67f5b1a6,39,7.22072418560208,bm25_regex_v1
q_seafood_03,2c0b969c-c1a1-4918-b0a8-19679c0c4c8b,40,7.22072418560208,bm25_regex_v1
q_seafood_04,aba76fc2-984e-4030-ba01-e2e7d78264c7,1,9.939720297290684,bm25_regex_v1
q_seafood_04,282b0e8b-051c-49f9-a707-b982df803589,2,8.510112072863361,bm25_regex_v1
q_seafood_04,f14df4d3-9858-4a8b-8597-20fd477d8e32,3,8.510112072863361,bm25_regex_v1
q_seafood_04,370ee592-00d8-4d50-854e-1417f0f0d838,4,5.064012873926391,bm25_regex_v1
q_seafood_04,35f30d35-05c3-4dea-8e20-e2d3e59f1663,5,5.064012873926391,bm25_regex_v1
q_seafood_04,0d85c4c2-aa3d-483a-9875-297ffd5e0d98,6,5.064012873926391,bm25_regex_v1
q_seafood_04,2d5f3edf-8246-47ab-908c-a4297de2da37,7,4.50754131636172,bm25_regex_v1
q_seafood_04,9f6d557a-7010-47ef-bef3-8fe3f1568fe5,8,4.50754131636172,bm25_regex_v1
q_seafood_04,84f355fb-d0f7-452f-b877-fd6e0dbff85d,9,4.141087669280199,bm25_regex_v1
q_seafood_04,d26bd6cd-aab3-4f38-8dbd-8358d4fbf170,10,4.141087669280199,bm25_regex_v1
q_seafood_04,fbede1a2-193e-40ca-9f6c-73b784953ad8,11,4.141087669280199,bm25_regex_v1
q_seafood_04,7189a33b-0dde-457f-a50d-7fccae839de3,12,4.141087669280199,bm25_regex_v1
q_seafood_04,dd997235-72c6-4496-9a53-10fe8f33afa1,13,4.141087669280199,bm25_regex_v1
q_seafood_04,0530624b-f5a8-426d-ae91-3a4c77da9de6,14,4.141087669280199,bm25_regex_v1
q_seafood_04,a1fdc76b-8a9b-47d4-aca7-f48d46b1bf02,15,4.141087669280199,bm25_regex_v1
q_seafood_04,bd907b95-f5d8-4c51-a432-a3474dd3bbf0,16,4.141087669280199,bm25_regex_v1
q_seafood_04,64aa26d0-e9bd-4ab1-8226-3ef254166400,17,4.141087669280199,bm25_regex_v1
q_seafood_04,b653c678-684a-4908-9e40-be3c66ac6091,18,4.141087669280199,bm25_regex_v1
q_seafood_04,793a4c3f-860a-435a-8586-968f3022c36f,19,4.141087669280199,bm25_regex_v1
q_seafood_04,0b90c094-aaf6-4903-b761-052f399b1c2c,20,4.141087669280199,bm25_regex_v1
q_seafood_04,c65828c8-d4a7-4a15-9e4b-e3cd028ffeef,21,4.141087669280199,bm25_regex_v1
q_seafood_04,b2c3c0d1-226c-470a-b3bd-d6dfa32fbd20,22,4.141087669280199,bm25_regex_v1
q_seafood_04,aca09e66-64c2-4867-a84b-36baf51e1dc8,23,4.141087669280199,bm25_regex_v1
q_seafood_04,c1e825d3-acfd-4821-98d6-046334440954,24,4.141087669280199,bm25_regex_v1
q_seafood_04,47bb37ee-51f3-4aaf-9f21-7ff318f82ef3,25,4.141087669280199,bm25_regex_v1
q_seafood_04,e9e4b016-0172-4609-8833-e8ec6cd0c665,26,4.141087669280199,bm25_regex_v1
q_seafood_04,15e99335-cd45-40e7-a9ea-bc10dcb6ee89,27,4.141087669280199,bm25_regex_v1
q_seafood_04,b99bb3ee-c97a-4618-9c7e-b5b0b5ed1926,28,4.141087669280199,bm25_regex_v1
q_seafood_04,1fbf71be-f979-4211-b21c-578267760e91,29,4.141087669280199,bm25_regex_v1
q_seafood_04,21256821-9ed0-46e4-bffb-09e608730ef1,30,4.141087669280199,bm25_regex_v1
q_seafood_04,f5d3b6ca-5ab3-4d63-807a-a717d895e59e,31,4.141087669280199,bm25_regex_v1
q_seafood_04,bbe684a3-81cc-4205-b59a-f6524aeeaa40,32,4.141087669280199,bm25_regex_v1
q_seafood_04,9895cc82-b105-438f-99b4-1c48ff93a636,33,4.141087669280199,bm25_regex_v1
q_seafood_04,305d4fa0-d3d2-4a33-b5e1-babfbb5167cb,34,4.141087669280199,bm25_regex_v1
q_seafood_04,b913deee-fad0-42d5-ba28-71a2183cb1cb,35,4.141087669280199,bm25_regex_v1
q_seafood_04,222f36da-0076-4e8d-a655-b4b83834e38f,36,4.141087669280199,bm25_regex_v1
q_seafood_04,eb86512d-0b88-4434-8004-4ec6c13e2985,37,4.141087669280199,bm25_regex_v1
q_seafood_04,d44d1311-2821-4def-b683-2ce4957a8cce,38,4.141087669280199,bm25_regex_v1
q_seafood_04,e9e9be71-da94-4ee5-894a-e478b63b31e1,39,4.141087669280199,bm25_regex_v1
q_seafood_04,72161e0e-aa9d-4a20-9dff-a8962b46f695,40,4.141087669280199,bm25_regex_v1
q_books_01,3a43f0ef-d5b8-449d-83aa-3c2af57b63be,1,9.764199259207246,bm25_regex_v1
q_books_01,9fbd3a7d-0680-46bd-90af-6d3e6c13808e,2,8.970390355808158,bm25_regex_v1
q_books_01,e62d1f55-65bd-441a-824f-07ffdf14b804,3,8.970390355808158,bm25_regex_v1
q_books_01,29251653-4c52-4caa-b06f-fe1f7c4c88a7,4,8.970390355808158,bm25_regex_v1
q_books_01,0a55ce53-29fe-42e8-8305-303701bbf348,5,8.970390355808158,bm25_regex_v1
q_books_01,15b1a07a-e814-48af-8757-0e4154ed49a2,6,8.970390355808158,bm25_regex_v1
q_books_01,63b056a6-9d23-4081-b83e-4fb9df222136,7,8.970390355808158,bm25_regex_v1
q_books_01,f7350843-6a7c-43c0-8651-822b2bc6b4a8,8,8.970390355808158,bm25_regex_v1
q_books_01,ffbb1ad0-bc73-46e3-8f4a-69f4124808ec,9,8.970390355808158,bm25_regex_v1
q_books_01,d4d8a87f-716a-464a-b0f5-d4e0f9947f5b,10,8.970390355808158,bm25_regex_v1
q_books_01,cd95d114-b71e-46ea-beec-e277bfa86aeb,11,8.970390355808158,bm25_regex_v1
q_books_01,c6ef8233-b6c4-4ea9-99d4-6f3cd2004e0a,12,8.970390355808158,bm25_regex_v1
q_books_01,547ebbd3-926b-4524-9f26-ae7d5fcf16c9,13,8.970390355808158,bm25_regex_v1
q_books_01,706aaf51-8e59-48cb-8ded-f799b33666c3,14,8.970390355808158,bm25_regex_v1
q_books_01,712de9a6-46fb-4428-bd99-c04f345fa13b,15,8.970390355808158,bm25_regex_v1
q_books_01,9d3212d4-80ee-453c-9c3b-1b01afc53c02,16,8.970390355808158,bm25_regex_v1
q_books_01,664a121f-322e-4cbd-89ed-6e45776ae34f,17,8.970390355808158,bm25_regex_v1
q_books_01,ad852156-5699-40fc-870d-7e3a3a7358c2,18,8.970390355808158,bm25_regex_v1
q_books_01,a0ed983b-98ea-48ff-82b0-8779997d8349,19,8.970390355808158,bm25_regex_v1
q_books_01,5eedd2a0-41d7-4b79-b8bc-a2a95564a6d4,20,8.970390355808158,bm25_regex_v1
q_books_01,2097c225-751a-41c3-8ffe-933e12e1d108,21,8.970390355808158,bm25_regex_v1
q_books_01,e6848009-c075-4c76-82c5-d797649101b6,22,8.970390355808158,bm25_regex_v1
q_books_01,a05d93fe-bbd4-4660-8b0e-de288d3f60ae,23,8.970390355808158,bm25_regex_v1
q_books_01,eaeeedbc-a0c7-4514-b017-3c45d09fb9a0,24,8.970390355808158,bm25_regex_v1
q_books_01,a1813f15-599c-425c-897d-d95d955d3ce1,25,8.970390355808158,bm25_regex_v1
q_books_01,ee755d5f-f620-4808-962f-fcaa60462729,26,8.970390355808158,bm25_regex_v1
q_books_01,baed26e3-1376-4436-ba41-3ea8c0c5e5c1,27,8.970390355808158,bm25_regex_v1
q_books_01,3e36a603-ef6f-4787-a1ac-67ac9b45ad67,28,8.970390355808158,bm25_regex_v1
q_books_01,313bfb9b-905a-4300-86b3-b749f0fb6007,29,8.970390355808158,bm25_regex_v1
q_books_01,601e26d4-3595-44a9-87b2-40c1a3c36e6c,30,8.970390355808158,bm25_regex_v1
q_books_01,0b4bdfd4-7ffe-4bef-8a0a-a9a3ae1e54be,31,8.970390355808158,bm25_regex_v1
q_books_01,3ca3d322-76c4-4bac-9e05-8d7ac6d8666f,32,8.970390355808158,bm25_regex_v1
q_books_01,153c7990-0dd2-40ea-b45f-41afef98da9c,33,8.970390355808158,bm25_regex_v1
q_books_01,26fd76b3-26cc-4bb6-a9cd-51933663be5c,34,8.970390355808158,bm25_regex_v1
q_books_01,14e71015-6ca8-4e99-8be3-a6d85f8f4dc7,35,7.463460280247825,bm25_regex_v1
q_books_01,4ab4f0c6-f652-429f-941b-663479252998,36,7.463460280247825,bm25_regex_v1
q_books_01,caa26bb5-fa81-4333-9f92-665f56f1a194,37,7.463460280247825,bm25_regex_v1
q_books_01,2426064b-8346-4af8-bc3d-5827b1dc1ade,38,7.463460280247825,bm25_regex_v1
q_books_01,a9ce30ed-0197-4394-a099-e87bf23a4222,39,7.463460280247825,bm25_regex_v1
q_books_01,941876a0-914b-4e1c-9c4b-ae03708463bd,40,7.463460280247825,bm25_regex_v1
q_books_02,69e68669-aa09-4e98-bff1-e5cb3e75ef14,1,9.939720297290684,bm25_regex_v1
q_books_02,c0933a71-92d8-46da-85f0-017c515458ec,2,8.510112072863361,bm25_regex_v1
q_books_02,453c7257-40ca-4674-9958-4a04b5f91301,3,8.510112072863361,bm25_regex_v1
q_books_02,4bce58b1-8812-4612-bd5e-ee10de92cde0,4,7.525661317395429,bm25_regex_v1
q_books_02,5a53648b-39c5-4530-a140-a45cf31f827c,5,7.525661317395429,bm25_regex_v1
q_books_02,a671ea6f-dda9-4351-9e42-ba747891e7c5,6,7.525661317395429,bm25_regex_v1
q_books_02,43207362-9def-4db6-b03a-718d292a7e0d,7,7.525661317395429,bm25_regex_v1
q_books_02,87989ed6-052f-4502-863f-b444a7f98c9d,8,7.525661317395429,bm25_regex_v1
q_books_02,13b21477-00c8-4e96-961c-e93dc0f9bfae,9,7.525661317395429,bm25_regex_v1
q_books_02,5e564b4b-a721-486b-8dc6-2b3875079eb5,10,7.525661317395429,bm25_regex_v1
q_books_02,2c5ae20e-9073-4ad8-a6cf-79e9e245d64e,11,7.525661317395429,bm25_regex_v1
q_books_02,de0510fe-57c8-4dc1-beea-fc29fc9d07b3,12,7.525661317395429,bm25_regex_v1
q_books_02,a332bf44-ad15-4207-a304-17a3ceed4b1e,13,7.525661317395429,bm25_regex_v1
q_books_02,3ca55cab-e22d-44fe-87ce-4e9d178167d8,14,7.525661317395429,bm25_regex_v1
q_books_02,25a4cb48-4d01-4bbf-aa38-ef6d52935439,15,7.525661317395429,bm25_regex_v1
q_books_02,0b3509e0-c23a-4af6-9821-44762d81a112,16,7.525661317395429,bm25_regex_v1
q_books_02,9a04a40e-a8db-4f6d-8481-a8c399e6b1b2,17,7.525661317395429,bm25_regex_v1
q_books_02,e2b27739-4ae9-4294-9ab1-fbfe110b70ec,18,7.525661317395429,bm25_regex_v1
q_books_02,98173a52-da33-4f00-adb6-efb3ecc46b8f,19,7.525661317395429,bm25_regex_v1
q_books_02,ccb37c53-9d4a-415f-974c-c0e07a76a9a2,20,7.525661317395429,bm25_regex_v1
q_books_02,4323dce3-bac2-4d4d-9beb-e77e2c1f005f,21,7.525661317395429,bm25_regex_v1
q_books_02,3e351aa9-45ff-4ce7-81f8-aaa2bf3ea0d5,22,7.525661317395429,bm25_regex_v1
q_books_02,dd0f8880-948d-4c63-84b0-ecee071a0255,23,7.525661317395429,bm25_regex_v1
q_books_02,ba10233f-36dd-48fb-800a-fb1b9e379f09,24,7.525661317395429,bm25_regex_v1
q_books_02,ff3be542-2a2d-42ca-86f9-fbf519afe77b,25,7.525661317395429,bm25_regex_v1
q_books_02,95c597f8-ea1c-414a-80ac-939af09c9646,26,7.525661317395429,bm25_regex_v1
q_books_02,74671ef2-57d2-42ca-9352-9a69608ee963,27,7.525661317395429,bm25_regex_v1
q_books_02,5e0e3aec-8c65-4c20-8724-4c70e9393f3f,28,7.525661317395429,bm25_regex_v1
q_books_02,acde45d2-b6c0-4816-8877-a4004a64721b,29,7.525661317395429,bm25_regex_v1
q_books_02,9af85e0a-01b0-468c-98b5-6fd42d8403eb,30,7.525661317395429,bm25_regex_v1
q_books_02,a8df2036-e1ce-4785-aeb2-2922d80b48b2,31,7.525661317395429,bm25_regex_v1
q_books_02,2641de84-9040-4246-bc8d-bd0e762cf5e4,32,7.525661317395429,bm25_regex_v1
q_books_02,b06da4c7-b8e3-4b08-8856-35cdc2ea7ab1,33,7.525661317395429,bm25_regex_v1
q_books_02,61961f00-b0f8-43d8-a274-1d4eff366fc1,34,7.525661317395429,bm25_regex_v1
q_books_02,093496fc-7989-4d88-b9be-24c2ea15dcdc,35,7.525661317395429,bm25_regex_v1
q_books_02,1cbab52d-8ac1-4929-9ec7-17e8e72e050d,36,7.525661317395429,bm25_regex_v1
q_books_02,f6d8b707-79ec-4d58-83e3-2c111654ce28,37,7.525661317395429,bm25_regex_v1
q_books_02,3fe53988-9ba0-42c2-aefc-8e4b702f61a2,38,7.525661317395429,bm25_regex_v1
q_books_02,773ca92f-af46-4690-a2bd-31788b14b3b8,39,7.525661317395429,bm25_regex_v1
q_books_02,21feaa68-e09a-4320-b7f8-231062c46637,40,7.525661317395429,bm25_regex_v1
q_books_03,76a3551b-dae4-4326-92cc-662015aedbfb,1,9.713061568494638,bm25_regex_v1
q_books_03,7390584b-4990-4f7d-a714-d3a79f35d4aa,2,9.142509689991028,bm25_regex_v1
q_books_03,e48725c2-9e8b-43c5-bda7-b408ac5c0b8c,3,9.142509689991028,bm25_regex_v1
q_books_03,f15c2a5b-74e2-44a5-b6e2-4684fc77b894,4,9.142509689991028,bm25_regex_v1
q_books_03,24a705bd-78c4-4ce4-8bb1-8248d9782be2,5,9.142509689991028,bm25_regex_v1
q_books_03,347d0df7-16f2-416a-a201-030880eebfb7,6,9.142509689991028,bm25_regex_v1
q_books_03,7dc44662-16cc-4e93-a976-1ab87312e2c0,7,9.142509689991028,bm25_regex_v1
q_books_03,9747d321-5deb-4570-8724-9a6ff1cf92bc,8,9.142509689991028,bm25_regex_v1
q_books_03,4e9b9cf5-6872-43eb-ad69-3cda8cee0407,9,9.142509689991028,bm25_regex_v1
q_books_03,481ec122-2a64-45ea-b3a6-f9702e4eaeaa,10,9.142509689991028,bm25_regex_v1
q_books_03,2e70721b-3b7c-45bb-b95d-fd778dcc5518,11,9.142509689991028,bm25_regex_v1
q_books_03,efe55d9f-aae5-494d-85e5-265dd3b07f62,12,9.142509689991028,bm25_regex_v1
q_books_03,b04bb21c-6afd-440e-b435-5f65ed75b20b,13,9.142509689991028,bm25_regex_v1
q_books_03,e87e71bd-aa94-48db-8d42-50e099bad0eb,14,9.142509689991028,bm25_regex_v1
q_books_03,deb2dc6a-8c31-49d3-b7a9-519960f0dde5,15,9.142509689991028,bm25_regex_v1
q_books_03,78af4e58-fbb3-48fc-a451-728becf545e7,16,9.142509689991028,bm25_regex_v1
q_books_03,74eaa3c6-38c9-4ac7-b39a-76f79c7594af,17,9.142509689991028,bm25_regex_v1
q_books_03,53330011-cc13-41a5-95e3-a3f198dce327,18,9.142509689991028,bm25_regex_v1
q_books_03,ebacb746-27ce-47f2-b880-4380f99dd4ec,19,9.142509689991028,bm25_regex_v1
q_books_03,cc30e1bc-07d8-4b83-8d54-c2f53c45946b,20,9.142509689991028,bm25_regex_v1
q_books_03,683aa6ca-3623-41e0-807c-b3a8fa0cffad,21,9.142509689991028,bm25_regex_v1
q_books_03,00e3accd-f689-498e-b702-f483624f2d91,22,9.142509689991028,bm25_regex_v1
q_books_03,7de49ca7-6094-4d66-9c2b-92946beb6b99,23,9.142509689991028,bm25_regex_v1
q_books_03,67b6faea-363b-499c-8276-5d2778a39aa0,24,9.142509689991028,bm25_regex_v1
q_books_03,e81920e1-a9c4-4efe-881a-0bfacbc9d5cb,25,9.142509689991028,bm25_regex_v1
q_books_03,0ca62bc5-ce9d-48b8-9a4f-9955cf16e593,26,9.142509689991028,bm25_regex_v1
q_books_03,7415e50a-23db-4a83-a246-86925403d40d,27,9.142509689991028,bm25_regex_v1
q_books_03,72051c3a-a1de-40b8-a406-271700df1c71,28,9.142509689991028,bm25_regex_v1
q_books_03,24456103-f6b8-46af-8655-82e61d7265d8,29,8.316053173150372,bm25_regex_v1
q_books_03,c111ac9d-3f3a-405c-a8db-4d127ccda9e2,30,8.316053173150372,bm25_regex_v1
q_books_03,c161453d-f2c8-4b97-a2c3-a54e0cbdb7e8,31,8.01201882227563,bm25_regex_v1
q_books_03,82c4a15d-a23f-4c32-9e1c-a8aded5a5ac0,32,7.60666539877478,bm25_regex_v1
q_books_03,26e68024-d662-49c0-b5ad-903ef7a9fb76,33,7.60666539877478,bm25_regex_v1
q_books_03,a1933421-af98-4b22-b1d9-c1dab1e3adbb,34,7.60666539877478,bm25_regex_v1
q_books_03,9bfb80f5-4a9c-4992-8cda-2ca84a6e53c0,35,7.60666539877478,bm25_regex_v1
q_books_03,941876a0-914b-4e1c-9c4b-ae03708463bd,36,7.60666539877478,bm25_regex_v1
q_books_03,d0cb77e9-45eb-43de-b768-78aba1a63995,37,7.60666539877478,bm25_regex_v1
q_books_03,c817a456-31fe-4040-8e96-83555751472d,38,7.60666539877478,bm25_regex_v1
q_books_03,173b639e-9ce0-4a79-af7c-e1c0c4c04db6,39,7.60666539877478,bm25_regex_v1
q_books_03,af3298d4-b921-4b74-accc-4e49afb200a8,40,7.60666539877478,bm25_regex_v1
q_books_04,aba76fc2-984e-4030-ba01-e2e7d78264c7,1,9.939720297290684,bm25_regex_v1
q_books_04,7390584b-4990-4f7d-a714-d3a79f35d4aa,2,9.142509689991028,bm25_regex_v1
q_books_04,f15c2a5b-74e2-44a5-b6e2-4684fc77b894,3,9.142509689991028,bm25_regex_v1
q_books_04,9747d321-5deb-4570-8724-9a6ff1cf92bc,4,9.142509689991028,bm25_regex_v1
q_books_04,24a705bd-78c4-4ce4-8bb1-8248d9782be2,5,9.142509689991028,bm25_regex_v1
q_books_04,347d0df7-16f2-416a-a201-030880eebfb7,6,9.142509689991028,bm25_regex_v1
q_books_04,7dc44662-16cc-4e93-a976-1ab87312e2c0,7,9.142509689991028,bm25_regex_v1
q_books_04,e48725c2-9e8b-43c5-bda7-b408ac5c0b8c,8,9.142509689991028,bm25_regex_v1
q_books_04,481ec122-2a64-45ea-b3a6-f9702e4eaeaa,9,9.142509689991028,bm25_regex_v1
q_books_04,4e9b9cf5-6872-43eb-ad69-3cda8cee0407,10,9.142509689991028,bm25_regex_v1
q_books_04,67b6faea-363b-499c-8276-5d2778a39aa0,11,9.142509689991028,bm25_regex_v1
q_books_04,683aa6ca-3623-41e0-807c-b3a8fa0cffad,12,9.142509689991028,bm25_regex_v1
q_books_04,2e70721b-3b7c-45bb-b95d-fd778dcc5518,13,9.142509689991028,bm25_regex_v1
q_books_04,b04bb21c-6afd-440e-b435-5f65ed75b20b,14,9.142509689991028,bm25_regex_v1
q_books_04,e87e71bd-aa94-48db-8d42-50e099bad0eb,15,9.142509689991028,bm25_regex_v1
q_books_04,78af4e58-fbb3-48fc-a451-728becf545e7,16,9.142509689991028,bm25_regex_v1
q_books_04,74eaa3c6-38c9-4ac7-b39a-76f79c7594af,17,9.142509689991028,bm25_regex_v1
q_books_04,7de49ca7-6094-4d66-9c2b-92946beb6b99,18,9.142509689991028,bm25_regex_v1
q_books_04,ebacb746-27ce-47f2-b880-4380f99dd4ec,19,9.142509689991028,bm25_regex_v1
q_books_04,53330011-cc13-41a5-95e3-a3f198dce327,20,9.142509689991028,bm25_regex_v1
q_books_04,cc30e1bc-07d8-4b83-8d54-c2f53c45946b,21,9.142509689991028,bm25_regex_v1
q_books_04,efe55d9f-aae5-494d-85e5-265dd3b07f62,22,9.142509689991028,bm25_regex_v1
q_books_04,e81920e1-a9c4-4efe-881a-0bfacbc9d5cb,23,9.142509689991028,bm25_regex_v1
q_books_04,deb2dc6a-8c31-49d3-b7a9-519960f0dde5,24,9.142509689991028,bm25_regex_v1
q_books_04,00e3accd-f689-498e-b702-f483624f2d91,25,9.142509689991028,bm25_regex_v1
q_books_04,7415e50a-23db-4a83-a246-86925403d40d,26,9.142509689991028,bm25_regex_v1
q_books_04,72051c3a-a1de-40b8-a406-271700df1c71,27,9.142509689991028,bm25_regex_v1
q_books_04,0ca62bc5-ce9d-48b8-9a4f-9955cf16e593,28,9.142509689991028,bm25_regex_v1
q_books_04,f14df4d3-9858-4a8b-8597-20fd477d8e32,29,8.510112072863361,bm25_regex_v1
q_books_04,282b0e8b-051c-49f9-a707-b982df803589,30,8.510112072863361,bm25_regex_v1
q_books_04,9bfb80f5-4a9c-4992-8cda-2ca84a6e53c0,31,7.60666539877478,bm25_regex_v1
q_books_04,c817a456-31fe-4040-8e96-83555751472d,32,7.60666539877478,bm25_regex_v1
q_books_04,84dce069-774f-445a-a37f-17fec5291fd9,33,7.60666539877478,bm25_regex_v1
q_books_04,26e68024-d662-49c0-b5ad-903ef7a9fb76,34,7.60666539877478,bm25_regex_v1
q_books_04,af3298d4-b921-4b74-accc-4e49afb200a8,35,7.60666539877478,bm25_regex_v1
q_books_04,941876a0-914b-4e1c-9c4b-ae03708463bd,36,7.60666539877478,bm25_regex_v1
q_books_04,82c4a15d-a23f-4c32-9e1c-a8aded5a5ac0,37,7.60666539877478,bm25_regex_v1
q_books_04,173b639e-9ce0-4a79-af7c-e1c0c4c04db6,38,7.60666539877478,bm25_regex_v1
q_books_04,d0cb77e9-45eb-43de-b768-78aba1a63995,39,7.60666539877478,bm25_regex_v1
q_books_04,fe52a83d-bed1-4fcc-b2e4-de376137c808,40,7.60666539877478,bm25_regex_v1
q_eyewear_01,2f7eef32-f435-41ff-89e7-3a2aa3684ec9,1,10.405828324846265,bm25_regex_v1
q_eyewear_01,69663322-f83a-40a4-9e35-ca9e447d1d8e,2,10.405828324846265,bm25_regex_v1
q_eyewear_01,7902063b-e68b-420f-bd25-2f639f6af2c7,3,10.405828324846265,bm25_regex_v1
q_eyewear_01,e4a58baa-c133-4274-993e-2a575d0d0bf2,4,10.405828324846265,bm25_regex_v1
q_eyewear_01,9efe0ed4-05ae-4e01-b929-f7a7264dc509,5,10.405828324846265,bm25_regex_v1
q_eyewear_01,450983d8-f478-43bb-8b9d-626522d87470,6,10.405828324846265,bm25_regex_v1
q_eyewear_01,7ef5a7a8-b7e5-48a2-b948-721ad8df8b40,7,10.405828324846265,bm25_regex_v1
q_eyewear_01,f16d8585-a220-4392-a0b3-d0d12e5f80e3,8,10.405828324846265,bm25_regex_v1
q_eyewear_01,4bb121fc-94a9-451d-a540-5434cd150d5c,9,10.405828324846265,bm25_regex_v1
q_eyewear_01,400c6b41-33b0-4863-be59-ba4629f81565,10,10.405828324846265,bm25_regex_v1
q_eyewear_01,c084d751-d7c2-4476-9772-fdd11bf7c932,11,8.657759953030608,bm25_regex_v1
q_eyewear_01,b1c4bf9c-500e-40e6-8eca-cbed44faa858,12,8.657759953030608,bm25_regex_v1
q_eyewear_01,4f65a125-27a6-4c33-a1de-cd30a51b0dd3,13,8.657759953030608,bm25_regex_v1
q_eyewear_01,b8db8c8c-b47f-4d70-902a-a4b18d8dbb2e,14,7.412533280269627,bm25_regex_v1
q_eyewear_02,c15b7d24-b90f-4edb-a4d7-38d243dad39e,1,12.311357881116114,bm25_regex_v1
q_eyewear_02,8f1ab898-c235-484c-8412-21943c8b7a2d,2,10.243180831270307,bm25_regex_v1
q_eyewear_02,586cb130-b586-4d53-959f-c2534361da51,3,6.37778922402558,bm25_regex_v1
q_eyewear_02,e631c7fc-9962-4bc4-af1c-6aa64bd9cff8,4,6.37778922402558,bm25_regex_v1
q_eyewear_02,0f0f7f91-5504-4d69-a3cc-dd8e3df100b2,5,6.37778922402558,bm25_regex_v1
q_eyewear_02,f2466ce6-f8e5-4241-ac26-6bb54cefe8c6,6,6.37778922402558,bm25_regex_v1
q_eyewear_02,4805e403-d672-4fbb-a5cf-1d066818ee54,7,6.37778922402558,bm25_regex_v1
q_eyewear_02,10262624-5d0a-4091-8c44-f6c713d3c98c,8,6.37778922402558,bm25_regex_v1
q_eyewear_02,8e42c7f1-86b7-4617-9bd9-b82f43740f08,9,6.37778922402558,bm25_regex_v1
q_eyewear_02,b43b445d-a1f7-4019-991b-e20e37e04409,10,6.37778922402558,bm25_regex_v1
q_eyewear_02,92b49116-07cc-4994-b827-ea8003be5bf0,11,6.37778922402558,bm25_regex_v1
q_eyewear_02,c0d0d1da-b940-4da1-8b13-2798e066f63c,12,6.37778922402558,bm25_regex_v1
q_eyewear_02,ccb032f5-c6e0-4c4a-8c8c-4df73fca757e,13,6.37778922402558,bm25_regex_v1
q_eyewear_02,6c7c780f-f95e-4f75-a58f-c94454ca1362,14,6.37778922402558,bm25_regex_v1
q_eyewear_02,8a7e4c58-2e87-4ff2-bd8e-f452de6a0476,15,6.37778922402558,bm25_regex_v1
q_eyewear_02,da1ab000-5bdd-42d8-8b40-5918cd11b076,16,6.37778922402558,bm25_regex_v1
q_eyewear_02,ab27f098-a2a2-4833-93d4-230e881a6d0c,17,6.37778922402558,bm25_regex_v1
q_eyewear_02,3e7ab85c-ea7f-44ee-bee2-67947757b532,18,6.37778922402558,bm25_regex_v1
q_eyewear_02,f5e0d3c3-efa0-472f-a04b-0f015728d54b,19,6.37778922402558,bm25_regex_v1
q_eyewear_02,a7697009-fd36-4e9d-9a3b-b4fc889dcfd5,20,5.67695010855135,bm25_regex_v1
q_eyewear_02,05cc841f-4ab1-443b-b975-5d9a4ddb6710,21,5.67695010855135,bm25_regex_v1
q_eyewear_02,920324cf-5110-4da6-8002-dc987b41faee,22,5.67695010855135,bm25_regex_v1
q_eyewear_02,192cd801-dacc-4251-8e50-ccfc6c1c9a9c,23,5.67695010855135,bm25_regex_v1
q_eyewear_02,963c1f03-89bf-45e4-b272-d9083b710c24,24,5.67695010855135,bm25_regex_v1
q_eyewear_02,2ecd6752-24ff-4ed7-8176-efde9c229108,25,5.67695010855135,bm25_regex_v1
q_eyewear_02,0e87829e-6dba-4e48-bccd-1fa6a2b1dd99,26,5.67695010855135,bm25_regex_v1
q_eyewear_02,24d4d97d-3a87-478d-93a1-332d5fed6f57,27,5.67695010855135,bm25_regex_v1
q_eyewear_02,5bc718eb-884b-481b-a511-1ca7b581aaf8,28,5.67695010855135,bm25_regex_v1
q_eyewear_02,c2928fd2-ba68-4781-89cd-bad1f2b88985,29,5.67695010855135,bm25_regex_v1
q_eyewear_02,55abecfb-4113-4780-8cc9-30c4b8465e48,30,5.67695010855135,bm25_regex_v1
q_eyewear_02,ce27011c-4968-4ffa-a8c3-56f37ea28e0c,31,5.67695010855135,bm25_regex_v1
q_eyewear_02,8dc7efad-9458-486d-bc8e-d5f14f7e99d9,32,5.67695010855135,bm25_regex_v1
q_eyewear_02,b762886c-8852-454c-bcb2-9634ab85cb3f,33,5.67695010855135,bm25_regex_v1
q_eyewear_02,855bc04f-da0b-4ad7-b133-55177429c9a8,34,5.67695010855135,bm25_regex_v1
q_eyewear_02,d20a1a7c-9d70-4a96-a046-73063a8dfa0d,35,5.67695010855135,bm25_regex_v1
q_eyewear_02,375a2c65-f9d0-4a3b-a517-be37d79675d2,36,5.67695010855135,bm25_regex_v1
q_eyewear_02,9d3b400b-5b1e-4f4b-8ed0-aa8b535fee99,37,5.67695010855135,bm25_regex_v1
q_eyewear_02,289d3329-ed00-4d54-808e-9a25d20f9b38,38,5.67695010855135,bm25_regex_v1
q_eyewear_02,a510b7c6-56f3-4eed-a34f-6c78d56593dc,39,5.67695010855135,bm25_regex_v1
q_eyewear_02,aacac575-3e2e-4fbf-9844-aa541c66b631,40,5.67695010855135,bm25_regex_v1
q_eyewear_03,76a3551b-dae4-4326-92cc-662015aedbfb,1,9.713061568494638,bm25_regex_v1
q_eyewear_03,24456103-f6b8-46af-8655-82e61d7265d8,2,8.316053173150372,bm25_regex_v1
q_eyewear_03,c111ac9d-3f3a-405c-a8db-4d127ccda9e2,3,8.316053173150372,bm25_regex_v1
q_eyewear_03,2743811c-5e71-4d2b-aa75-1b0147d44f2d,4,7.270371540466384,bm25_regex_v1
q_eyewear_03,92b49116-07cc-4994-b827-ea8003be5bf0,5,6.37778922402558,bm25_regex_v1
q_eyewear_03,8e42c7f1-86b7-4617-9bd9-b82f43740f08,6,6.37778922402558,bm25_regex_v1
q_eyewear_03,ccb032f5-c6e0-4c4a-8c8c-4df73fca757e,7,6.37778922402558,bm25_regex_v1
q_eyewear_03,8a7e4c58-2e87-4ff2-bd8e-f452de6a0476,8,6.37778922402558,bm25_regex_v1
q_eyewear_03,6c7c780f-f95e-4f75-a58f-c94454ca1362,9,6.37778922402558,bm25_regex_v1
q_eyewear_03,0f0f7f91-5504-4d69-a3cc-dd8e3df100b2,10,6.37778922402558,bm25_regex_v1
q_eyewear_03,586cb130-b586-4d53-959f-c2534361da51,11,6.37778922402558,bm25_regex_v1
q_eyewear_03,10262624-5d0a-4091-8c44-f6c713d3c98c,12,6.37778922402558,bm25_regex_v1
q_eyewear_03,f2466ce6-f8e5-4241-ac26-6bb54cefe8c6,13,6.37778922402558,bm25_regex_v1
q_eyewear_03,e631c7fc-9962-4bc4-af1c-6aa64bd9cff8,14,6.37778922402558,bm25_regex_v1
q_eyewear_03,c0d0d1da-b940-4da1-8b13-2798e066f63c,15,6.37778922402558,bm25_regex_v1
q_eyewear_03,4805e403-d672-4fbb-a5cf-1d066818ee54,16,6.37778922402558,bm25_regex_v1
q_eyewear_03,da1ab000-5bdd-42d8-8b40-5918cd11b076,17,6.37778922402558,bm25_regex_v1
q_eyewear_03,f5e0d3c3-efa0-472f-a04b-0f015728d54b,18,6.37778922402558,bm25_regex_v1
q_eyewear_03,3e7ab85c-ea7f-44ee-bee2-67947757b532,19,6.37778922402558,bm25_regex_v1
q_eyewear_03,ab27f098-a2a2-4833-93d4-230e881a6d0c,20,6.37778922402558,bm25_regex_v1
q_eyewear_03,b43b445d-a1f7-4019-991b-e20e37e04409,21,6.37778922402558,bm25_regex_v1
q_eyewear_03,5bc718eb-884b-481b-a511-1ca7b581aaf8,22,5.67695010855135,bm25_regex_v1
q_eyewear_03,aacac575-3e2e-4fbf-9844-aa541c66b631,23,5.67695010855135,bm25_regex_v1
q_eyewear_03,192cd801-dacc-4251-8e50-ccfc6c1c9a9c,24,5.67695010855135,bm25_regex_v1
q_eyewear_03,8dc7efad-9458-486d-bc8e-d5f14f7e99d9,25,5.67695010855135,bm25_regex_v1
q_eyewear_03,855bc04f-da0b-4ad7-b133-55177429c9a8,26,5.67695010855135,bm25_regex_v1
q_eyewear_03,55abecfb-4113-4780-8cc9-30c4b8465e48,27,5.67695010855135,bm25_regex_v1
q_eyewear_03,a510b7c6-56f3-4eed-a34f-6c78d56593dc,28,5.67695010855135,bm25_regex_v1
q_eyewear_03,375a2c65-f9d0-4a3b-a517-be37d79675d2,29,5.67695010855135,bm25_regex_v1
q_eyewear_03,289d3329-ed00-4d54-808e-9a25d20f9b38,30,5.67695010855135,bm25_regex_v1
q_eyewear_03,d20a1a7c-9d70-4a96-a046-73063a8dfa0d,31,5.67695010855135,bm25_regex_v1
q_eyewear_03,2ecd6752-24ff-4ed7-8176-efde9c229108,32,5.67695010855135,bm25_regex_v1
q_eyewear_03,0e87829e-6dba-4e48-bccd-1fa6a2b1dd99,33,5.67695010855135,bm25_regex_v1
q_eyewear_03,05cc841f-4ab1-443b-b975-5d9a4ddb6710,34,5.67695010855135,bm25_regex_v1
q_eyewear_03,920324cf-5110-4da6-8002-dc987b41faee,35,5.67695010855135,bm25_regex_v1
q_eyewear_03,ce27011c-4968-4ffa-a8c3-56f37ea28e0c,36,5.67695010855135,bm25_regex_v1
q_eyewear_03,a7697009-fd36-4e9d-9a3b-b4fc889dcfd5,37,5.67695010855135,bm25_regex_v1
q_eyewear_03,24d4d97d-3a87-478d-93a1-332d5fed6f57,38,5.67695010855135,bm25_regex_v1
q_eyewear_03,963c1f03-89bf-45e4-b272-d9083b710c24,39,5.67695010855135,bm25_regex_v1
q_eyewear_03,c2928fd2-ba68-4781-89cd-bad1f2b88985,40,5.67695010855135,bm25_regex_v1
q_eyewear_04,aba76fc2-984e-4030-ba01-e2e7d78264c7,1,9.939720297290684,bm25_regex_v1
q_eyewear_04,f14df4d3-9858-4a8b-8597-20fd477d8e32,2,8.510112072863361,bm25_regex_v1
q_eyewear_04,282b0e8b-051c-49f9-a707-b982df803589,3,8.510112072863361,bm25_regex_v1
q_eyewear_04,8250eb33-1668-4487-9d99-1bac4e7f832f,4,7.596210217833456,bm25_regex_v1
q_eyewear_04,b0b9aeca-7955-4b61-a25e-593af048a8ec,5,7.596210217833456,bm25_regex_v1
q_eyewear_04,c3a2e429-e02d-4e81-85f5-40f88e4d47e9,6,7.596210217833456,bm25_regex_v1
q_eyewear_04,d6558c59-1756-4a6b-9aeb-cd8a92f095fd,7,7.596210217833456,bm25_regex_v1
q_eyewear_04,5f56355f-6910-4a8c-9f19-9ce134456afe,8,7.596210217833456,bm25_regex_v1
q_eyewear_04,4d1a589f-851f-4eca-80e2-d4ce036dd044,9,7.596210217833456,bm25_regex_v1
q_eyewear_04,292af149-3dba-414b-841f-71e79246654b,10,7.596210217833456,bm25_regex_v1
q_eyewear_04,780465cb-fe30-4c80-a260-660331b14690,11,7.596210217833456,bm25_regex_v1
q_eyewear_04,42ac710d-407c-45af-b649-cab2013f7c2f,12,7.449777776599241,bm25_regex_v1
q_eyewear_04,02822efb-f50a-45c4-8f4d-bfbba20a01e4,13,6.320127775097811,bm25_regex_v1
q_eyewear_04,3581316b-89a8-4d80-a4fd-80fcff4ed254,14,6.320127775097811,bm25_regex_v1
q_eyewear_04,76e6c0ff-802c-4c0d-b966-f968bcba2908,15,6.320127775097811,bm25_regex_v1
q_eyewear_04,d635e5eb-3dcb-4aeb-b0ef-fc18c897828b,16,6.320127775097811,bm25_regex_v1
q_eyewear_04,53228670-876c-47d9-a06e-9b857d9fdd3a,17,6.320127775097811,bm25_regex_v1
q_eyewear_04,94a507d3-995f-4b99-92ce-f1bc0b5ea16b,18,6.320127775097811,bm25_regex_v1
q_eyewear_04,04f19476-e44a-4945-b12f-11a8056325b4,19,6.320127775097811,bm25_regex_v1
q_eyewear_04,a95c60e1-aaaa-40ea-9a13-c0d46d15faad,20,6.320127775097811,bm25_regex_v1
q_eyewear_04,a79d36de-b347-412c-9a46-21d3dc50400d,21,6.320127775097811,bm25_regex_v1
q_eyewear_04,852c8b79-b5bb-4f13-bf62-2569ba232090,22,6.320127775097811,bm25_regex_v1
q_eyewear_04,eac7f4bc-5efe-45c8-9168-d54b23b16198,23,6.320127775097811,bm25_regex_v1
q_eyewear_04,e0525c7a-7eef-489e-a78a-48774c606008,24,6.320127775097811,bm25_regex_v1
q_eyewear_04,9e75b522-64fb-42b7-98f8-986d09920282,25,6.320127775097811,bm25_regex_v1
q_eyewear_04,99b4c566-a24b-4a51-9d24-290641877ab5,26,6.320127775097811,bm25_regex_v1
q_eyewear_04,28e011e4-3fdd-48e9-88ed-86412ac7a545,27,6.320127775097811,bm25_regex_v1
q_eyewear_04,bccee839-1de7-4a1f-9ee8-4d66faa8632b,28,6.320127775097811,bm25_regex_v1
q_eyewear_04,3b75bb9d-5840-4896-97da-1e84b7cfe1b5,29,6.320127775097811,bm25_regex_v1
q_eyewear_04,5e3235d3-1536-4ab1-947c-19b874ca7db7,30,6.320127775097811,bm25_regex_v1
q_eyewear_04,5f69b91d-194d-4a9b-ba41-90a048731b5f,31,6.320127775097811,bm25_regex_v1
q_eyewear_04,ad140c2f-41a0-4ecc-93ea-40c929fc173e,32,6.320127775097811,bm25_regex_v1
q_eyewear_04,32a34358-ac1f-4072-82b8-397f8d8f53d3,33,6.320127775097811,bm25_regex_v1
q_eyewear_04,94121930-553d-45f5-8314-4bd835d4c5e1,34,6.320127775097811,bm25_regex_v1
q_eyewear_04,5c623ee6-27f0-4ec5-b753-74706fe64692,35,6.320127775097811,bm25_regex_v1
q_eyewear_04,0900572f-f432-40a1-b404-ea203bd83729,36,6.320127775097811,bm25_regex_v1
q_eyewear_04,138c83ce-e576-43b5-aaee-8a04dc980d85,37,6.320127775097811,bm25_regex_v1
q_eyewear_04,3fc51420-c045-4cbe-9e76-89be72e99351,38,6.320127775097811,bm25_regex_v1
q_eyewear_04,1af08a20-d71c-4412-b7b5-62cc240b9e66,39,6.320127775097811,bm25_regex_v1
q_eyewear_04,6f464dc0-8e05-4805-8d72-fc6e52462d02,40,6.320127775097811,bm25_regex_v1
q_flowers_01,76e6d125-64c6-4956-b374-9a908d9c7ced,1,10.725852335820484,bm25_regex_v1
q_flowers_01,6192e0ca-16f5-4699-a35d-f4b952842b23,2,8.771046985105288,bm25_regex_v1
q_flowers_01,4b8d360b-2a99-46a9-8fa2-cefd7c23aa34,3,8.771046985105288,bm25_regex_v1
q_flowers_01,c2c6f758-2b78-413c-b6c6-9f3348af86c0,4,8.771046985105288,bm25_regex_v1
q_flowers_01,5c409cc2-cfed-4726-ae67-caf3350c80a6,5,8.771046985105288,bm25_regex_v1
q_flowers_01,139f6d68-83b9-40cc-8339-120b154b8714,6,8.771046985105288,bm25_regex_v1
q_flowers_01,7952b3db-31ab-4427-b30a-1e073265a065,7,8.771046985105288,bm25_regex_v1
q_flowers_01,d4315754-5332-4a7c-9955-aed475690a82,8,8.771046985105288,bm25_regex_v1
q_flowers_01,67ae06c5-5250-4bfe-9a0c-661f49694b6c,9,8.771046985105288,bm25_regex_v1
q_flowers_01,19df6713-324c-4735-9d58-5bd62b617486,10,8.771046985105288,bm25_regex_v1
q_flowers_01,c982a516-7110-4738-ad3c-dfb2513c736b,11,8.771046985105288,bm25_regex_v1
q_flowers_01,bebbcc5a-7cca-445a-b398-8d5069c8c1f9,12,8.771046985105288,bm25_regex_v1
q_flowers_01,1e82dd11-c331-4fb1-a897-60d259d3960c,13,8.771046985105288,bm25_regex_v1
q_flowers_01,2c599e14-7e33-4651-9ff3-a34a73f7cc3e,14,8.771046985105288,bm25_regex_v1
q_flowers_01,a6427c37-a1c9-4693-80f8-5d4a34c9937f,15,8.771046985105288,bm25_regex_v1
q_flowers_01,5710315b-3754-44ff-82d5-6af37e637d74,16,8.771046985105288,bm25_regex_v1
q_flowers_01,21917a35-0b5a-4960-859f-c13a13fd614b,17,8.771046985105288,bm25_regex_v1
q_flowers_01,65fd7b2b-a15b-4706-8260-0a3420441b1f,18,8.771046985105288,bm25_regex_v1
q_flowers_01,1efe5c1e-357b-4186-81c7-88bf538f3a57,19,8.771046985105288,bm25_regex_v1
q_flowers_01,08b9f9fd-7584-41c1-ba08-8a0cbb126f18,20,8.771046985105288,bm25_regex_v1
q_flowers_01,4e0beb5c-fc71-441c-981f-70b83382cf7d,21,8.771046985105288,bm25_regex_v1
q_flowers_01,d261f436-b600-4104-982e-ca592fd34fee,22,8.771046985105288,bm25_regex_v1
q_flowers_01,fcc936b2-3189-4ead-98dc-c4c49f968d9d,23,8.771046985105288,bm25_regex_v1
q_flowers_01,b63a09d7-f4f1-4a85-9654-35a7f50acc1b,24,8.771046985105288,bm25_regex_v1
q_flowers_01,308f2f39-3c42-41c5-9a51-a4469d825859,25,8.771046985105288,bm25_regex_v1
q_flowers_01,604fd235-a1b1-49c1-8450-7136c8f727c3,26,8.771046985105288,bm25_regex_v1
q_flowers_01,cdb13f1a-1aa8-45fc-9c64-0a7078a1e43d,27,8.771046985105288,bm25_regex_v1
q_flowers_01,4825acae-5ec9-42a7-a4dd-bcaabd92399d,28,8.771046985105288,bm25_regex_v1
q_flowers_01,2b921088-aee2-45fb-941f-864337394f39,29,8.771046985105288,bm25_regex_v1
q_flowers_01,cf118645-a54a-45ab-a7c8-aebcd44ed261,30,8.771046985105288,bm25_regex_v1
q_flowers_01,708e9945-9b7a-4b0c-b6e3-5187ae60bb0f,31,8.771046985105288,bm25_regex_v1
q_flowers_01,e56553fb-0d58-4e21-ac49-b47a33c5fa52,32,8.771046985105288,bm25_regex_v1
q_flowers_01,f8d52913-22cb-4465-9eb4-f12e7f675bf9,33,8.771046985105288,bm25_regex_v1
q_flowers_01,fff0cefc-6fb6-4102-ba21-0b820e052c61,34,8.771046985105288,bm25_regex_v1
q_flowers_01,f9287260-6a4b-43c7-af66-94138cbbc90b,35,8.771046985105288,bm25_regex_v1
q_flowers_01,625a945c-bd99-484b-b606-b3ad7cce42d2,36,8.771046985105288,bm25_regex_v1
q_flowers_01,f06e2882-121d-4a4c-938a-e0e4f5705f7f,37,8.771046985105288,bm25_regex_v1
q_flowers_01,e7a29284-ce04-4b43-bbbf-117cedfb8892,38,8.771046985105288,bm25_regex_v1
q_flowers_01,b673ed87-58db-4d09-be60-f04dbbc336a8,39,7.297604473492629,bm25_regex_v1
q_flowers_01,4ed75aae-093c-4ead-8698-d743aeef147f,40,7.297604473492629,bm25_regex_v1
q_flowers_02,c15b7d24-b90f-4edb-a4d7-38d243dad39e,1,12.311357881116114,bm25_regex_v1
q_flowers_02,8f1ab898-c235-484c-8412-21943c8b7a2d,2,10.243180831270307,bm25_regex_v1
q_flowers_02,ae506f36-f439-4362-b38a-435fb7e2f7f7,3,6.412784199541524,bm25_regex_v1
q_flowers_02,ef6221e3-3811-47ca-84e1-83a5117d248a,4,6.412784199541524,bm25_regex_v1
q_flowers_02,852d020b-e1be-4d1e-801e-f68e7646aa0b,5,6.412784199541524,bm25_regex_v1
q_flowers_02,9afdf371-e71a-4ff9-9bc8-e80d64be3725,6,6.412784199541524,bm25_regex_v1
q_flowers_02,48c47d12-58fc-4fdf-b24a-572bdf89b475,7,6.412784199541524,bm25_regex_v1
q_flowers_02,32ce5003-63d5-48dc-9fe7-641b6cf3546b,8,6.412784199541524,bm25_regex_v1
q_flowers_02,3abec203-e819-4033-8688-86ca9225f7ef,9,6.412784199541524,bm25_regex_v1
q_flowers_02,5421f17d-f25c-4c6a-a86a-2d99185bcdfb,10,6.412784199541524,bm25_regex_v1
q_flowers_02,006964ff-b2f9-421f-8fa7-f87219c26c0a,11,6.412784199541524,bm25_regex_v1
q_flowers_02,20f8d8ad-7455-44a9-9d60-70be01215023,12,6.412784199541524,bm25_regex_v1
q_flowers_02,7a242fbd-249d-4ae5-8ddb-add211b09ba2,13,6.412784199541524,bm25_regex_v1
q_flowers_02,38e277c7-2df1-4eb6-8ea6-2e802481eb45,14,6.412784199541524,bm25_regex_v1
q_flowers_02,ad97653a-310a-4f12-bf37-2a8aef6887f8,15,6.412784199541524,bm25_regex_v1
q_flowers_02,193f0a1e-c87b-4765-9f64-3a944b6ed4bc,16,6.412784199541524,bm25_regex_v1
q_flowers_02,848a5f9a-f20b-4191-99a8-2050e9548ce7,17,6.412784199541524,bm25_regex_v1
q_flowers_02,8dcea9b1-25b6-4857-8b49-2759be790044,18,6.412784199541524,bm25_regex_v1
q_flowers_02,8129f771-1471-400f-a731-fdc1077ede4b,19,6.412784199541524,bm25_regex_v1
q_flowers_02,babdcb82-00c8-4c64-bfe6-42a0c73cc2ed,20,6.412784199541524,bm25_regex_v1
q_flowers_02,bd77ab23-18d2-46a1-8289-eb65f2363e8e,21,6.412784199541524,bm25_regex_v1
q_flowers_02,ff2cb867-696a-42eb-a0e8-f83d3e7a8f8d,22,6.412784199541524,bm25_regex_v1
q_flowers_02,09ac7cf1-86a5-4f4d-80d7-72710de26799,23,6.412784199541524,bm25_regex_v1
q_flowers_02,f1aaa72e-df72-417e-82bd-4b63d96fcd1c,24,6.412784199541524,bm25_regex_v1
q_flowers_02,b2911090-1c12-4790-a449-24c4b68d9e95,25,6.412784199541524,bm25_regex_v1
q_flowers_02,055a5292-5619-4ef0-a8fa-36b412d0675e,26,6.412784199541524,bm25_regex_v1
q_flowers_02,57c89bdd-b60f-402d-a8f1-6381779b8f52,27,6.412784199541524,bm25_regex_v1
q_flowers_02,59da01ae-74d1-4d55-9970-54aefbb8d8f8,28,6.412784199541524,bm25_regex_v1
q_flowers_02,d630c14a-a78a-495d-ac65-1973237b56d8,29,6.412784199541524,bm25_regex_v1
q_flowers_02,00b13ca2-ef5b-4243-9a38-2de8507a2c21,30,6.412784199541524,bm25_regex_v1
q_flowers_02,0e4020f9-303d-4110-86ef-0e31dcc34f37,31,6.412784199541524,bm25_regex_v1
q_flowers_02,cdd35578-75ac-4981-bcb3-8d0e17cdd6ea,32,6.412784199541524,bm25_regex_v1
q_flowers_02,e9a6ca5f-2ce0-493d-b577-f87948d627c2,33,6.412784199541524,bm25_regex_v1
q_flowers_02,196142aa-e94d-4f68-ad52-a9f7454123a9,34,6.412784199541524,bm25_regex_v1
q_flowers_02,820c4f5c-ff0f-43a3-919c-547058041634,35,6.412784199541524,bm25_regex_v1
q_flowers_02,185e630e-7590-4f3b-91c6-8c084194f803,36,6.412784199541524,bm25_regex_v1
q_flowers_02,8d3d8a5f-5f50-49f9-a3f6-2dbfb2828cd4,37,6.412784199541524,bm25_regex_v1
q_flowers_02,1b65bc5a-36bb-4ba5-a838-b9ea81b463fb,38,6.412784199541524,bm25_regex_v1
q_flowers_02,a936f2f5-32ba-4870-9cb5-5fcd9ff7458b,39,6.412784199541524,bm25_regex_v1
q_flowers_02,e6ea3226-d51d-4709-a9bb-79e6a10ad404,40,6.412784199541524,bm25_regex_v1
q_flowers_03,76a3551b-dae4-4326-92cc-662015aedbfb,1,9.713061568494638,bm25_regex_v1
q_flowers_03,c111ac9d-3f3a-405c-a8db-4d127ccda9e2,2,8.316053173150372,bm25_regex_v1
q_flowers_03,24456103-f6b8-46af-8655-82e61d7265d8,3,8.316053173150372,bm25_regex_v1
q_flowers_03,9beeedf7-e6fd-4d10-b713-a195f9452adf,4,8.30247753427578,bm25_regex_v1
q_flowers_03,de6704ee-63f8-4250-85b0-38da5a1b0209,5,8.30247753427578,bm25_regex_v1
q_flowers_03,fb1202dc-261e-4768-a390-5ba3de8e9aba,6,8.30247753427578,bm25_regex_v1
q_flowers_03,08466db9-c2a5-487a-b866-956e229fdc9b,7,8.30247753427578,bm25_regex_v1
q_flowers_03,c161453d-f2c8-4b97-a2c3-a54e0cbdb7e8,8,8.01201882227563,bm25_regex_v1
q_flowers_03,2743811c-5e71-4d2b-aa75-1b0147d44f2d,9,7.270371540466384,bm25_regex_v1
q_flowers_03,5014d54a-b5f8-499b-a6e2-87cd2ba7e0b7,10,7.108350354524154,bm25_regex_v1
q_flowers_03,b2985855-e1b8-485e-ad15-d495cc453736,11,7.108350354524154,bm25_regex_v1
q_flowers_03,c2385b8c-427c-456d-b2cd-9348ab49a18b,12,7.108350354524154,bm25_regex_v1
q_flowers_03,7856c111-baf2-4da2-8108-222d665901ee,13,7.108350354524154,bm25_regex_v1
q_flowers_03,1d9b9636-ffa3-4b67-b16c-1e6a0ba61ff0,14,7.108350354524154,bm25_regex_v1
q_flowers_03,7ee8c1d2-4b06-4517-8127-0d6d42a4a697,15,7.108350354524154,bm25_regex_v1
q_flowers_03,fc594302-f669-4e1b-89cf-bd5db04ae722,16,6.214528339483723,bm25_regex_v1
q_flowers_03,6547a5c2-a40d-46ee-9600-744fb29da73f,17,6.214528339483723,bm25_regex_v1
q_flowers_03,f3602c06-803c-4cba-95e5-27f51cdb7d4a,18,5.520381552037626,bm25_regex_v1
q_flowers_03,1880a34b-0ea4-4248-90cc-2b48f613180d,19,5.520381552037626,bm25_regex_v1
q_flowers_03,3a18fa30-9423-4252-b2e4-c29bc867ae66,20,5.520381552037626,bm25_regex_v1
q_flowers_03,1df50f85-2e24-471e-9955-64cfe30d014e,21,5.520381552037626,bm25_regex_v1
q_flowers_03,0cfffb5d-5240-4c84-8fef-ef393cd00d05,22,5.520381552037626,bm25_regex_v1
q_flowers_03,f8b6dbb7-a5f0-42f7-8b13-a4d609de71f9,23,5.520381552037626,bm25_regex_v1
q_flowers_03,3604b7c6-0c52-41d4-8067-d6603b8ee6f0,24,4.965723090115343,bm25_regex_v1
q_flowers_03,b26d1af4-a593-4973-a22b-cde4ec7cf3ea,25,4.512346597916733,bm25_regex_v1
q_flowers_03,6db25e14-436f-49e1-aaca-aa863607185a,26,4.512346597916733,bm25_regex_v1
q_flowers_04,aba76fc2-984e-4030-ba01-e2e7d78264c7,1,9.939720297290684,bm25_regex_v1
q_flowers_04,282b0e8b-051c-49f9-a707-b982df803589,2,8.510112072863361,bm25_regex_v1
q_flowers_04,f14df4d3-9858-4a8b-8597-20fd477d8e32,3,8.510112072863361,bm25_regex_v1
q_flowers_04,3a781f2e-8202-470c-befb-3c36411033bf,4,7.9754957783831735,bm25_regex_v1
q_flowers_04,46090ff9-d080-41b3-82dc-f3e2d4029e36,5,7.9754957783831735,bm25_regex_v1
q_flowers_04,015a9bf5-459a-4d82-bb4d-f6b4136ffda5,6,7.9754957783831735,bm25_regex_v1
q_flowers_04,5f39317e-2916-47e2-9fee-ede53deff33a,7,7.9754957783831735,bm25_regex_v1
q_flowers_04,9fd9bf80-f13f-47fe-a5f0-8417e68b1c88,8,7.9754957783831735,bm25_regex_v1
q_flowers_04,c728980b-26ee-46a1-8b26-54cc22a40c48,9,7.9754957783831735,bm25_regex_v1
q_flowers_04,aace9af5-85fc-4ea3-ae03-bb77ad69d32d,10,7.0990887334883155,bm25_regex_v1
q_flowers_04,0165a7f2-4303-433a-a548-17d89cb6fa0f,11,7.0990887334883155,bm25_regex_v1
q_flowers_04,8f2d4f86-310f-4248-855e-e1ee8027bbaf,12,7.0990887334883155,bm25_regex_v1
q_flowers_04,d44114b6-26ce-4a36-aeff-94f7bae6a6ab,13,7.0990887334883155,bm25_regex_v1
q_flowers_04,b6202898-a9c7-454b-865f-a75428f5e858,14,6.521947721402835,bm25_regex_v1
q_flowers_04,a2753a1b-f34d-4e5e-a36d-58dd0caa86ca,15,6.521947721402835,bm25_regex_v1
q_flowers_04,416f3ce1-792d-42cd-a396-916074b99167,16,6.521947721402835,bm25_regex_v1
q_flowers_04,7d1ac177-c0be-4079-b7e9-bdf7857c9f41,17,6.521947721402835,bm25_regex_v1
q_flowers_04,7e6c6a7c-67fb-4e79-b3e0-a9a30a8d62a3,18,6.521947721402835,bm25_regex_v1
q_flowers_04,68768347-697e-44c9-9438-db42d626fde2,19,6.521947721402835,bm25_regex_v1
q_flowers_04,29bb914e-74ed-4b8b-b26d-3cbb892a1182,20,6.521947721402835,bm25_regex_v1
q_flowers_04,35f59ce8-12bc-4d2a-9da0-730332584a02,21,6.521947721402835,bm25_regex_v1
q_flowers_04,b85a1186-2171-487e-a9c3-bda720b4f26e,22,6.521947721402835,bm25_regex_v1
q_flowers_04,8d650c6a-5a65-4333-8344-0f9eda52ffa4,23,6.521947721402835,bm25_regex_v1
q_flowers_04,f5fe5b04-934a-4757-a624-a8e3059081ec,24,6.521947721402835,bm25_regex_v1
q_flowers_04,7ae29025-65ab-442e-a993-44a76f1040c7,25,6.521947721402835,bm25_regex_v1
q_flowers_04,d7ed43b7-3ccd-46eb-b959-fb6d7b683cee,26,6.521947721402835,bm25_regex_v1
q_flowers_04,b719ea37-b62a-4ab1-bdc0-173303a70688,27,6.521947721402835,bm25_regex_v1
q_flowers_04,7d7bba07-5cc6-455a-9a92-b98726b97de1,28,6.521947721402835,bm25_regex_v1
q_flowers_04,cdba5a1d-e2d0-43f8-840f-9c83308ceef2,29,6.521947721402835,bm25_regex_v1
q_flowers_04,2441ce2f-57c7-453e-80a4-0a4e41d5d0ec,30,6.521947721402835,bm25_regex_v1
q_flowers_04,17d73f2c-e906-4804-ba93-8fcbbed7099c,31,6.521947721402835,bm25_regex_v1
q_flowers_04,00b20e6f-4b2f-410f-984c-b6a206704138,32,6.521947721402835,bm25_regex_v1
q_flowers_04,d2ea14c2-e186-4317-9e87-7ed2568dcf5b,33,6.521947721402835,bm25_regex_v1
q_flowers_04,010fea22-a965-4d8e-a805-083042a361ec,34,6.521947721402835,bm25_regex_v1
q_flowers_04,d31a8752-dd4d-4fe2-a513-c93a96253557,35,6.521947721402835,bm25_regex_v1
q_flowers_04,86f3d7ec-5dae-4c95-9b50-8947d2239853,36,6.521947721402835,bm25_regex_v1
q_flowers_04,92340aa1-95cb-43c2-a683-6a93c40fb2f4,37,6.521947721402835,bm25_regex_v1
q_flowers_04,989fb6d4-ed19-46cb-8322-9e6e9194211c,38,6.521947721402835,bm25_regex_v1
q_flowers_04,9a5c0258-950c-478e-83b6-c33660b6e704,39,6.521947721402835,bm25_regex_v1
q_flowers_04,43cc0cc5-f6d4-4de9-9829-b922a8267f42,40,6.521947721402835,bm25_regex_v1
q_fitness_01,a151d33f-690f-43ab-b351-64fc0d0823db,1,8.223748426764027,bm25_regex_v1
q_fitness_01,eb59f390-37b0-4bfc-9917-aa2a909ba775,2,8.223748426764027,bm25_regex_v1
q_fitness_01,9dac3be2-407e-4e63-9798-3ef1c972d0e0,3,8.223748426764027,bm25_regex_v1
q_fitness_01,af0be4e3-7515-4b1d-b830-d7d9a8213af3,4,8.223748426764027,bm25_regex_v1
q_fitness_01,98ba58a4-61a5-4768-a36e-e1cbd2f82d45,5,8.223748426764027,bm25_regex_v1
q_fitness_01,d472d3a3-37fc-45ec-96bf-2749138b839c,6,8.223748426764027,bm25_regex_v1
q_fitness_01,5de85a90-09e9-48cb-a893-e5f822667d43,7,8.223748426764027,bm25_regex_v1
q_fitness_01,b4f979c5-4f1e-4697-8977-6238d65f450a,8,8.223748426764027,bm25_regex_v1
q_fitness_01,1b4dce18-d5c1-4c8c-b9d2-fca5df0d9bbc,9,8.223748426764027,bm25_regex_v1
q_fitness_01,57645c5a-23b7-4d44-8f29-86f9ba797c98,10,8.223748426764027,bm25_regex_v1
q_fitness_01,10fdb2a6-75ae-42a1-b5dc-6fac1bb8b49a,11,8.223748426764027,bm25_regex_v1
q_fitness_01,5363b9b0-bdef-4975-9fcf-06d122655da9,12,8.223748426764027,bm25_regex_v1
q_fitness_01,073b6728-4270-4ed1-a901-a680d4cf10d0,13,8.223748426764027,bm25_regex_v1
q_fitness_01,e1ac4db5-4603-4b41-8625-a80a6a4c9151,14,8.223748426764027,bm25_regex_v1
q_fitness_01,6d73f137-53fe-45f9-8ddd-eb1d99f6a3f1,15,8.223748426764027,bm25_regex_v1
q_fitness_01,64c6105b-6bda-4f90-b68a-155ddf4a4bbd,16,8.223748426764027,bm25_regex_v1
q_fitness_01,1ba7f986-6c90-4064-947e-be6d0328a9ff,17,8.223748426764027,bm25_regex_v1
q_fitness_01,cf124091-833c-4e80-b342-a6c29fe44082,18,8.223748426764027,bm25_regex_v1
q_fitness_01,9ebd7ffe-692e-451d-8e11-f588fe436083,19,8.223748426764027,bm25_regex_v1
q_fitness_01,b85ad62f-dabc-40c2-a50f-971fbc65525f,20,8.223748426764027,bm25_regex_v1
q_fitness_01,1d6a614a-f027-4b4b-9d78-830a9a3436e6,21,8.223748426764027,bm25_regex_v1
q_fitness_01,b0fa6140-a098-4d5c-bb00-a6e18dcc8081,22,8.223748426764027,bm25_regex_v1
q_fitness_01,a1570a46-6991-4ffd-9812-bcbac43742da,23,8.223748426764027,bm25_regex_v1
q_fitness_01,ed2510fd-25e6-4664-9693-c4387003c8f4,24,8.223748426764027,bm25_regex_v1
q_fitness_01,02afd03f-1610-49f8-8e3d-e8dc8df6c0bc,25,8.223748426764027,bm25_regex_v1
q_fitness_01,212fedd4-b260-437e-a514-f03a1684e65e,26,8.223748426764027,bm25_regex_v1
q_fitness_01,074ab624-d672-4af0-aefa-1e755549e6df,27,8.223748426764027,bm25_regex_v1
q_fitness_01,a6a4c671-77de-4540-a173-08c2d2e34022,28,8.223748426764027,bm25_regex_v1
q_fitness_01,db53e9d1-551a-49c7-9652-6174e6ef0ac5,29,8.223748426764027,bm25_regex_v1
q_fitness_01,0080a859-c5d8-4b43-b14c-d5eb844118a0,30,8.223748426764027,bm25_regex_v1
q_fitness_01,e6598e81-3b47-4549-ae8b-cc72760c1af4,31,8.223748426764027,bm25_regex_v1
q_fitness_01,5287d2f8-f8ba-4ef2-bf01-b7b40dc7079b,32,8.223748426764027,bm25_regex_v1
q_fitness_01,93705db9-8401-4488-a4d7-1e98f0ef0b57,33,8.223748426764027,bm25_regex_v1
q_fitness_01,0d022b68-2b56-4c6d-83e4-75bbb0250b7c,34,8.223748426764027,bm25_regex_v1
q_fitness_01,9e877376-32a7-477e-bb7c-caf62a2d9d77,35,8.223748426764027,bm25_regex_v1
q_fitness_01,8abc8c69-f4e1-407c-8966-a06bb0cfcf36,36,8.223748426764027,bm25_regex_v1
q_fitness_01,51bf2f66-f5e9-47d3-9578-3ebf8ecabb5f,37,8.223748426764027,bm25_regex_v1
q_fitness_01,7c56683c-0cd0-45ce-8f74-0dbdc5b3003f,38,8.223748426764027,bm25_regex_v1
q_fitness_01,377a1822-9e1b-4458-a1aa-11a43e3e035a,39,8.223748426764027,bm25_regex_v1
q_fitness_01,172961ca-0c85-4246-a5bc-a63d7cadc829,40,8.223748426764027,bm25_regex_v1
q_fitness_02,edcd962b-8c0c-4fcc-8aa5-65d00a4502ef,1,12.311357881116114,bm25_regex_v1
q_fitness_02,c259edd4-7a9b-4d3f-8c13-8538f5d2cdb8,2,12.311357881116114,bm25_regex_v1
q_fitness_03,76a3551b-dae4-4326-92cc-662015aedbfb,1,9.713061568494638,bm25_regex_v1
q_fitness_03,c111ac9d-3f3a-405c-a8db-4d127ccda9e2,2,8.316053173150372,bm25_regex_v1
q_fitness_03,24456103-f6b8-46af-8655-82e61d7265d8,3,8.316053173150372,bm25_regex_v1
q_fitness_03,2743811c-5e71-4d2b-aa75-1b0147d44f2d,4,7.270371540466384,bm25_regex_v1
q_fitness_04,aba76fc2-984e-4030-ba01-e2e7d78264c7,1,9.939720297290684,bm25_regex_v1
q_fitness_04,f14df4d3-9858-4a8b-8597-20fd477d8e32,2,8.510112072863361,bm25_regex_v1
q_fitness_04,282b0e8b-051c-49f9-a707-b982df803589,3,8.510112072863361,bm25_regex_v1
q_stationery_01,3b9d123f-bdd6-48a4-93f1-c130ac594101,1,7.960265731771258,bm25_regex_v1
q_stationery_01,8b6964f9-458b-4984-a0f0-7be3d5f85faa,2,7.960265731771258,bm25_regex_v1
q_stationery_01,c8e3c97c-4752-48c4-9aa3-f318c164bc19,3,7.085532278150932,bm25_regex_v1
q_stationery_01,4e8261aa-2923-4c99-81d6-5e400704b574,4,7.085532278150932,bm25_regex_v1
q_stationery_01,ef7d0411-31e1-465e-9a28-c1bcdea261ef,5,7.085532278150932,bm25_regex_v1
q_stationery_01,d3d2e2d8-eb67-4da0-92af-4a41c118b3cc,6,7.085532278150932,bm25_regex_v1
q_stationery_01,2254369e-2dd6-4f91-9b3d-5e4d3e7a5927,7,7.085532278150932,bm25_regex_v1
q_stationery_01,d33d26d8-c811-4d6a-b29d-dfaab13f6779,8,6.509493377427548,bm25_regex_v1
q_stationery_01,a68be53b-14d2-4750-8564-8e80f34375f7,9,6.509493377427548,bm25_regex_v1
q_stationery_01,2facfbcd-3327-4956-b8f0-71bf97ee6a94,10,6.509493377427548,bm25_regex_v1
q_stationery_01,236628b5-5478-4dcc-b59a-4d1b3382fc9c,11,6.509493377427548,bm25_regex_v1
q_stationery_01,c023f93d-7fb1-4e49-8c57-c6d00525126e,12,6.509493377427548,bm25_regex_v1
q_stationery_01,ca7c5bd7-31cf-4ea6-b6f0-2f264ac3d1ed,13,6.509493377427548,bm25_regex_v1
q_stationery_01,36a37486-d600-4475-b0d3-d1c379c4d8c7,14,6.509493377427548,bm25_regex_v1
q_stationery_01,3a9df057-d82a-4d5a-8540-c521cb9c1702,15,6.509493377427548,bm25_regex_v1
q_stationery_01,a998a7ff-1cef-4d9d-a3ca-c2b6b4826371,16,6.509493377427548,bm25_regex_v1
q_stationery_01,69be9b74-b5b9-4f7a-8a00-f7b185bc7d4c,17,6.509493377427548,bm25_regex_v1
q_stationery_01,b5716aca-9c13-4977-b260-1ea8b2670c8d,18,6.509493377427548,bm25_regex_v1
q_stationery_01,49c69b77-ff4f-48fe-acab-2b9df8ddf897,19,6.509493377427548,bm25_regex_v1
q_stationery_01,b701dd45-14ee-4f50-82c2-8dc9beaa62a8,20,6.509493377427548,bm25_regex_v1
q_stationery_01,40bd3253-85c2-4e2d-822c-d90732c42d36,21,6.509493377427548,bm25_regex_v1
q_stationery_01,46cea186-0a70-4a5b-9625-f2acd35f3385,22,6.509493377427548,bm25_regex_v1
q_stationery_01,c34142af-858b-4b9b-869f-792534ceec35,23,6.509493377427548,bm25_regex_v1
q_stationery_01,f7b4bda2-889c-48fd-bffa-4548c8459d74,24,6.509493377427548,bm25_regex_v1
q_stationery_01,eb0d37d9-4fc4-439a-a708-91538ded6488,25,6.509493377427548,bm25_regex_v1
q_stationery_01,3d50695b-325d-4273-8da1-2c62277b16fe,26,6.509493377427548,bm25_regex_v1
q_stationery_01,d50a7a6f-6510-4375-a035-daab5a24624a,27,6.509493377427548,bm25_regex_v1
q_stationery_01,3d572060-889f-4b36-8126-73449aed9adf,28,6.509493377427548,bm25_regex_v1
q_stationery_01,281e7a67-f626-4496-a83d-d1308678821d,29,6.509493377427548,bm25_regex_v1
q_stationery_01,791f5491-d612-4790-ad6f-5dfef357cc90,30,6.509493377427548,bm25_regex_v1
q_stationery_01,7135c3b4-b66f-43f0-8407-46429c916171,31,6.509493377427548,bm25_regex_v1
q_stationery_01,4e4b400e-4812-49df-9483-bcca44bc3bf1,32,6.509493377427548,bm25_regex_v1
q_stationery_01,55551eec-4b90-4fd6-8ad9-078b7b33eb7c,33,6.509493377427548,bm25_regex_v1
q_stationery_01,2b037526-a088-4b06-a5db-cac64f8bcf9f,34,6.509493377427548,bm25_regex_v1
q_stationery_01,77ed73cf-53a7-4c49-87c2-2814a504c94c,35,6.509493377427548,bm25_regex_v1
q_stationery_01,0803d526-dc48-4479-b518-9c30a150a8f3,36,6.509493377427548,bm25_regex_v1
q_stationery_01,8fb5b7e8-24cf-49b6-8d79-7e10c34c5005,37,6.509493377427548,bm25_regex_v1
q_stationery_01,cf3c820b-2a19-4db0-a3cf-d42d1150f35d,38,6.509493377427548,bm25_regex_v1
q_stationery_01,65524fe3-c0b2-4802-b998-34503b9e9bcf,39,6.509493377427548,bm25_regex_v1
q_stationery_01,b1acefa0-ad9b-4c07-8a12-0688e06809ec,40,6.509493377427548,bm25_regex_v1
q_stationery_02,22e721d8-a90a-4661-876d-1a5e1894cebc,1,10.984789178567091,bm25_regex_v1
q_stationery_02,8e6388e8-ce8c-447e-a43a-cade8fe7bbb8,2,10.984789178567091,bm25_regex_v1
q_stationery_02,398f9f80-4243-4ce0-b04b-e1cfe43edaac,3,10.984789178567091,bm25_regex_v1
q_stationery_02,5365a861-15ee-426c-af89-0ff5d04f5c20,4,10.984789178567091,bm25_regex_v1
q_stationery_02,7624e6d2-012a-4c4e-8e9c-352affba3fd5,5,10.984789178567091,bm25_regex_v1
q_stationery_02,7fe1bd00-5f69-4be7-b401-86659bf564ff,6,10.984789178567091,bm25_regex_v1
q_stationery_02,a1208e4b-a28f-4157-9e3a-5f1c69c7ce26,7,9.13946154729467,bm25_regex_v1
q_stationery_02,70a49ecf-6e99-45f1-a961-67d9d5f956ab,8,9.13946154729467,bm25_regex_v1
q_stationery_03,76a3551b-dae4-4326-92cc-662015aedbfb,1,9.713061568494638,bm25_regex_v1
q_stationery_03,c111ac9d-3f3a-405c-a8db-4d127ccda9e2,2,8.316053173150372,bm25_regex_v1
q_stationery_03,24456103-f6b8-46af-8655-82e61d7265d8,3,8.316053173150372,bm25_regex_v1
q_stationery_03,245aec63-05d3-47d7-9b3d-b96e9db2fdcb,4,8.316053173150372,bm25_regex_v1
q_stationery_03,db6908bb-41e1-461b-9a7e-9c2952b15fec,5,8.316053173150372,bm25_regex_v1
q_stationery_03,c161453d-f2c8-4b97-a2c3-a54e0cbdb7e8,6,8.01201882227563,bm25_regex_v1
q_stationery_03,2743811c-5e71-4d2b-aa75-1b0147d44f2d,7,7.270371540466384,bm25_regex_v1
q_stationery_03,f5734d5a-fca6-48c0-a15e-1ae820816050,8,7.270371540466384,bm25_regex_v1
q_stationery_03,2f90f5b8-b8e2-4297-a675-5261c4c463ac,9,5.27899053541681,bm25_regex_v1
q_stationery_04,aba76fc2-984e-4030-ba01-e2e7d78264c7,1,9.939720297290684,bm25_regex_v1
q_stationery_04,282b0e8b-051c-49f9-a707-b982df803589,2,8.510112072863361,bm25_regex_v1
q_stationery_04,f14df4d3-9858-4a8b-8597-20fd477d8e32,3,8.510112072863361,bm25_regex_v1
q_stationery_04,8b6964f9-458b-4984-a0f0-7be3d5f85faa,4,7.960265731771258,bm25_regex_v1
q_stationery_04,3b9d123f-bdd6-48a4-93f1-c130ac594101,5,7.960265731771258,bm25_regex_v1
q_stationery_04,d3d2e2d8-eb67-4da0-92af-4a41c118b3cc,6,7.085532278150932,bm25_regex_v1
q_stationery_04,c8e3c97c-4752-48c4-9aa3-f318c164bc19,7,7.085532278150932,bm25_regex_v1
q_stationery_04,ef7d0411-31e1-465e-9a28-c1bcdea261ef,8,7.085532278150932,bm25_regex_v1
q_stationery_04,2254369e-2dd6-4f91-9b3d-5e4d3e7a5927,9,7.085532278150932,bm25_regex_v1
q_stationery_04,4e8261aa-2923-4c99-81d6-5e400704b574,10,7.085532278150932,bm25_regex_v1
q_stationery_04,2facfbcd-3327-4956-b8f0-71bf97ee6a94,11,6.509493377427548,bm25_regex_v1
q_stationery_04,8bf6b3b1-7e7b-41c9-a8b2-012f571b43d5,12,6.509493377427548,bm25_regex_v1
q_stationery_04,b09f4f06-3e20-4f74-92c3-4ca447129a3e,13,6.509493377427548,bm25_regex_v1
q_stationery_04,c023f93d-7fb1-4e49-8c57-c6d00525126e,14,6.509493377427548,bm25_regex_v1
q_stationery_04,c5c618df-d4dd-4202-b0f5-ef3cf006bdfc,15,6.509493377427548,bm25_regex_v1
q_stationery_04,d33d26d8-c811-4d6a-b29d-dfaab13f6779,16,6.509493377427548,bm25_regex_v1
q_stationery_04,36a37486-d600-4475-b0d3-d1c379c4d8c7,17,6.509493377427548,bm25_regex_v1
q_stationery_04,51ad8e65-1d09-402e-aa0e-8ff5d06e6936,18,6.509493377427548,bm25_regex_v1
q_stationery_04,236628b5-5478-4dcc-b59a-4d1b3382fc9c,19,6.509493377427548,bm25_regex_v1
q_stationery_04,709b2e63-7803-4096-8331-4931fef70e37,20,6.509493377427548,bm25_regex_v1
q_stationery_04,c34142af-858b-4b9b-869f-792534ceec35,21,6.509493377427548,bm25_regex_v1
q_stationery_04,f7b4bda2-889c-48fd-bffa-4548c8459d74,22,6.509493377427548,bm25_regex_v1
q_stationery_04,eb0d37d9-4fc4-439a-a708-91538ded6488,23,6.509493377427548,bm25_regex_v1
q_stationery_04,46cea186-0a70-4a5b-9625-f2acd35f3385,24,6.509493377427548,bm25_regex_v1
q_stationery_04,3d50695b-325d-4273-8da1-2c62277b16fe,25,6.509493377427548,bm25_regex_v1
q_stationery_04,d50a7a6f-6510-4375-a035-daab5a24624a,26,6.509493377427548,bm25_regex_v1
q_stationery_04,3d572060-889f-4b36-8126-73449aed9adf,27,6.509493377427548,bm25_regex_v1
q_stationery_04,b701dd45-14ee-4f50-82c2-8dc9beaa62a8,28,6.509493377427548,bm25_regex_v1
q_stationery_04,40bd3253-85c2-4e2d-822c-d90732c42d36,29,6.509493377427548,bm25_regex_v1
q_stationery_04,e9c38824-9001-4bee-a130-49975cc44dfd,30,6.509493377427548,bm25_regex_v1
q_stationery_04,3a9df057-d82a-4d5a-8540-c521cb9c1702,31,6.509493377427548,bm25_regex_v1
q_stationery_04,9baae2ea-f8e1-484c-8bee-6a1e8b8fdfb6,32,6.509493377427548,bm25_regex_v1
q_stationery_04,b5716aca-9c13-4977-b260-1ea8b2670c8d,33,6.509493377427548,bm25_regex_v1
q_stationery_04,69be9b74-b5b9-4f7a-8a00-f7b185bc7d4c,34,6.509493377427548,bm25_regex_v1
q_stationery_04,2b037526-a088-4b06-a5db-cac64f8bcf9f,35,6.509493377427548,bm25_regex_v1
q_stationery_04,49c69b77-ff4f-48fe-acab-2b9df8ddf897,36,6.509493377427548,bm25_regex_v1
q_stationery_04,900e4b7d-8cae-4e33-a3eb-4d5fd0d25316,37,6.509493377427548,bm25_regex_v1
q_stationery_04,e4d3cd33-fad1-4827-8851-1bd8586848ff,38,6.509493377427548,bm25_regex_v1
q_stationery_04,cf3c820b-2a19-4db0-a3cf-d42d1150f35d,39,6.509493377427548,bm25_regex_v1
q_stationery_04,281e7a67-f626-4496-a83d-d1308678821d,40,6.509493377427548,bm25_regex_v1
q_chinese_food_01,7d7ce29d-8024-4eda-baa6-c4612c9ee212,1,5.477780366503402,bm25_regex_v1
q_chinese_food_01,b708a075-3a29-48fc-8372-a427a526daf4,2,5.477780366503402,bm25_regex_v1
q_chinese_food_01,f74b6a08-56c3-4bcb-b13a-30109badf93e,3,5.477780366503402,bm25_regex_v1
q_chinese_food_01,b9edbfd2-340c-403a-a1a7-0d4e9fcb7e84,4,5.477780366503402,bm25_regex_v1
q_chinese_food_01,e7d362e6-13c6-4773-ab38-76abe1277882,5,5.477780366503402,bm25_regex_v1
q_chinese_food_01,1a18636c-10de-4abf-b39f-53dd751debf5,6,5.477780366503402,bm25_regex_v1
q_chinese_food_01,4da13dda-8a5a-4115-bd96-eeedb19102ae,7,5.477780366503402,bm25_regex_v1
q_chinese_food_01,3d780316-d7db-4432-8fe7-b450842afc50,8,5.477780366503402,bm25_regex_v1
q_chinese_food_01,6eb354b0-19d0-4cc1-8b05-204b03881135,9,5.477780366503402,bm25_regex_v1
q_chinese_food_01,d75e4ade-cdd9-483f-a864-82530989e7b8,10,5.477780366503402,bm25_regex_v1
q_chinese_food_01,6fe7a7d3-1eda-462b-91bf-0195de34dedc,11,5.477780366503402,bm25_regex_v1
q_chinese_food_01,17ece890-4467-4c03-8c59-98fda3212d2d,12,5.477780366503402,bm25_regex_v1
q_chinese_food_01,6ce453e1-1b71-44d0-afd4-9cecb9f5a560,13,5.477780366503402,bm25_regex_v1
q_chinese_food_01,ff22d984-915d-456e-9ddc-9dced13abd99,14,5.477780366503402,bm25_regex_v1
q_chinese_food_01,54650ea1-5edd-45a7-ac40-fd5ead4f71fe,15,5.477780366503402,bm25_regex_v1
q_chinese_food_01,45ddb90f-a4a4-4ea0-94df-fdea1a8e72fa,16,5.477780366503402,bm25_regex_v1
q_chinese_food_01,181de468-5485-4db6-ab72-4eaf582060df,17,5.477780366503402,bm25_regex_v1
q_chinese_food_01,d406569f-bd29-4b58-952c-f2108d77ddc0,18,5.477780366503402,bm25_regex_v1
q_chinese_food_01,7e8f22cc-c875-49ed-b5be-0ce395db48be,19,5.477780366503402,bm25_regex_v1
q_chinese_food_01,a4871791-5172-4830-b0ef-f5d7b04ead6c,20,5.477780366503402,bm25_regex_v1
q_chinese_food_01,ea7a21df-d8db-4a42-b6dd-733dc33b81fe,21,5.477780366503402,bm25_regex_v1
q_chinese_food_01,ad518c0d-afea-4691-bff9-98c375b05f60,22,5.477780366503402,bm25_regex_v1
q_chinese_food_01,4fe2610a-3750-4663-84e4-4ab9a473ffde,23,5.477780366503402,bm25_regex_v1
q_chinese_food_01,0da44ee2-865d-4a79-8d5f-962299894e48,24,5.477780366503402,bm25_regex_v1
q_chinese_food_01,1aa4a898-ee4b-403b-99e7-812257a54dcd,25,5.477780366503402,bm25_regex_v1
q_chinese_food_01,16dbe846-b663-4988-8d75-28bc819f76db,26,5.477780366503402,bm25_regex_v1
q_chinese_food_01,fa076bb3-c5a6-4bdf-be3f-2b93a17d2c92,27,5.477780366503402,bm25_regex_v1
q_chinese_food_01,8ea902c7-8664-41ec-a6d1-87cf5a33e956,28,5.477780366503402,bm25_regex_v1
q_chinese_food_01,0915d414-8ab2-45d5-b70e-beec67e57500,29,5.477780366503402,bm25_regex_v1
q_chinese_food_01,688a4954-722a-424b-9e6f-fce7c62daa1a,30,5.477780366503402,bm25_regex_v1
q_chinese_food_01,bd220b4c-1bfd-4d3d-97c9-386ab0e3864d,31,5.477780366503402,bm25_regex_v1
q_chinese_food_01,0f895918-9209-4380-bbc9-b05bc1fa7e78,32,5.477780366503402,bm25_regex_v1
q_chinese_food_01,290cb294-efcb-40e7-ae83-f7aff282d72e,33,5.477780366503402,bm25_regex_v1
q_chinese_food_01,0dc74355-33b9-450a-beb2-049628a29059,34,5.477780366503402,bm25_regex_v1
q_chinese_food_01,eb235413-ed1d-4eae-a241-0e352e3d4933,35,5.477780366503402,bm25_regex_v1
q_chinese_food_01,74b8da00-11e7-44e0-90c3-379fe01a4054,36,5.477780366503402,bm25_regex_v1
q_chinese_food_01,031f918d-bf9e-4e03-b7dc-560ac11988c6,37,5.477780366503402,bm25_regex_v1
q_chinese_food_01,5ffc2c1c-3775-4e4c-a3ca-8f5ff67dad42,38,5.477780366503402,bm25_regex_v1
q_chinese_food_01,f47482df-87b1-45de-b84f-0e0e950cd927,39,5.477780366503402,bm25_regex_v1
q_chinese_food_01,b29f8e56-da07-44db-852e-6b9964d3508b,40,5.477780366503402,bm25_regex_v1
q_chinese_food_02,291ab45c-d13d-42d6-b893-ded930bb8890,1,10.755725906303345,bm25_regex_v1
q_chinese_food_02,116365cb-ffed-43e1-9971-6df263d877cc,2,10.755725906303345,bm25_regex_v1
q_chinese_food_02,89bd86d9-9119-45d0-8531-86d331f2c84c,3,10.755725906303345,bm25_regex_v1
q_chinese_food_02,89ff7278-aef3-4150-bd20-0ad13e4eebd8,4,10.755725906303345,bm25_regex_v1
q_chinese_food_02,8f4cfbae-c2fd-433a-966c-c1f220fe526f,5,10.755725906303345,bm25_regex_v1
q_chinese_food_02,22a81f31-72dd-44bf-b636-73d75266e8a0,6,10.755725906303345,bm25_regex_v1
q_chinese_food_02,a2f4a18f-e719-443b-845b-33d3981eb68d,7,10.755725906303345,bm25_regex_v1
q_chinese_food_02,e981fb70-739a-43a4-afe6-dbc7335ed296,8,10.755725906303345,bm25_regex_v1
q_chinese_food_02,dae7eaa8-f055-421f-aef8-df581057cfa7,9,10.755725906303345,bm25_regex_v1
q_chinese_food_02,3e1d70ae-e63a-4314-92fb-a977b6a79ee8,10,8.948878466024732,bm25_regex_v1
q_chinese_food_03,f32c7a99-5cad-4df9-8806-16e7f78bc6ce,1,11.674203458948668,bm25_regex_v1
q_chinese_food_03,624d027d-83a7-4ed5-8da0-822be7305917,2,11.674203458948668,bm25_regex_v1
q_chinese_food_03,7ff54927-9d51-414f-8b00-c4358a7a8289,3,11.674203458948668,bm25_regex_v1
q_chinese_food_03,27cc3228-f012-4aee-bceb-dc97e517edfd,4,11.674203458948668,bm25_regex_v1
q_chinese_food_03,76a3551b-dae4-4326-92cc-662015aedbfb,5,9.713061568494638,bm25_regex_v1
q_chinese_food_03,c111ac9d-3f3a-405c-a8db-4d127ccda9e2,6,8.316053173150372,bm25_regex_v1
q_chinese_food_03,24456103-f6b8-46af-8655-82e61d7265d8,7,8.316053173150372,bm25_regex_v1
q_chinese_food_03,2743811c-5e71-4d2b-aa75-1b0147d44f2d,8,7.270371540466384,bm25_regex_v1
q_chinese_food_04,aba76fc2-984e-4030-ba01-e2e7d78264c7,1,9.939720297290684,bm25_regex_v1
q_chinese_food_04,0e670ac8-34bb-49aa-a021-96edc35b4edc,2,9.71197990373495,bm25_regex_v1
q_chinese_food_04,3bc39a28-13c3-4739-b62a-bb69360a9462,3,9.71197990373495,bm25_regex_v1
q_chinese_food_04,9aa72607-f5d9-4269-a934-c91981c0315a,4,9.71197990373495,bm25_regex_v1
q_chinese_food_04,8d2c4109-caee-4cfa-aa13-37e939f5f13f,5,9.71197990373495,bm25_regex_v1
q_chinese_food_04,b835eebe-3200-4282-adbe-2a4a40dc5406,6,9.71197990373495,bm25_regex_v1
q_chinese_food_04,c95060a1-1059-435a-855b-8eafe877bae2,7,9.71197990373495,bm25_regex_v1
q_chinese_food_04,c3fe3b79-79c2-46c7-894d-523c2088ae4d,8,9.71197990373495,bm25_regex_v1
q_chinese_food_04,012fea8b-eb2a-48ba-908c-ebc87edc7b6f,9,9.71197990373495,bm25_regex_v1
q_chinese_food_04,355e754b-a02e-4f14-9633-a64690e781d8,10,9.71197990373495,bm25_regex_v1
q_chinese_food_04,7443d410-f26f-4f15-ba1d-d59387fac2a5,11,9.71197990373495,bm25_regex_v1
q_chinese_food_04,b74dd00c-dfef-41f7-9a6b-5adebaf02404,12,9.71197990373495,bm25_regex_v1
q_chinese_food_04,91c70fca-f0c0-4a1e-897d-4909e4485866,13,9.71197990373495,bm25_regex_v1
q_chinese_food_04,48eb5298-90f7-4b7e-aac7-94295dc6ee8b,14,9.71197990373495,bm25_regex_v1
q_chinese_food_04,1f2e53b7-9ffa-4646-83a0-493cb100585f,15,9.71197990373495,bm25_regex_v1
q_chinese_food_04,72885314-1ea4-4e31-b157-59946e7d6919,16,9.71197990373495,bm25_regex_v1
q_chinese_food_04,aafdcbaf-e13a-484f-a5f5-b1d8d6bb1fb7,17,9.71197990373495,bm25_regex_v1
q_chinese_food_04,721b6faa-f7dc-4b85-970a-c1801bb45a19,18,9.71197990373495,bm25_regex_v1
q_chinese_food_04,ee3eb3fe-e95e-453c-91b5-42d3ca585736,19,9.71197990373495,bm25_regex_v1
q_chinese_food_04,3383e185-45fb-4de9-aae3-881d442702e4,20,9.71197990373495,bm25_regex_v1
q_chinese_food_04,831e07da-f1e0-485f-9abc-4517e5c8054c,21,9.71197990373495,bm25_regex_v1
q_chinese_food_04,8185c10c-f3a5-4a2c-853a-88c3cc8aef71,22,9.71197990373495,bm25_regex_v1
q_chinese_food_04,3747c4a5-a9f2-4fa3-8592-e3b2ff5ff649,23,9.71197990373495,bm25_regex_v1
q_chinese_food_04,ad570bb1-6737-495e-b0fa-2c9642e16967,24,9.71197990373495,bm25_regex_v1
q_chinese_food_04,f14df4d3-9858-4a8b-8597-20fd477d8e32,25,8.510112072863361,bm25_regex_v1
q_chinese_food_04,282b0e8b-051c-49f9-a707-b982df803589,26,8.510112072863361,bm25_regex_v1
q_chinese_food_04,41da5f6d-bf89-426d-9953-81c1f16dd126,27,8.080470679534947,bm25_regex_v1
q_chinese_food_04,afe9bbf4-e934-4b46-8beb-377d2a01cf98,28,8.080470679534947,bm25_regex_v1
q_chinese_food_04,612cac7d-1399-4269-afab-59e4ff8dcdab,29,8.080470679534947,bm25_regex_v1
q_chinese_food_04,6f9b178c-d8ee-46a8-81af-7a49e6d3a239,30,8.080470679534947,bm25_regex_v1
q_snack_food_01,c91c5e2b-c8db-4e19-9823-4a2b01c7f858,1,5.902735572908773,bm25_regex_v1
q_snack_food_01,f8d03d5c-a44f-43e8-b2e6-60e261a78cd2,2,5.902735572908773,bm25_regex_v1
q_snack_food_01,cf6335ca-0afa-4f47-8aa2-d00a1546f83e,3,5.902735572908773,bm25_regex_v1
q_snack_food_01,c6787d2f-964b-42c0-a487-fa3a8fd2c097,4,5.902735572908773,bm25_regex_v1
q_snack_food_01,69f20b3a-cf74-41ac-be36-9c519eb1470c,5,5.902735572908773,bm25_regex_v1
q_snack_food_01,2411013e-73bf-4cf8-b65a-3b8512d1a255,6,5.902735572908773,bm25_regex_v1
q_snack_food_01,faa42f97-f53c-422c-baba-12be7ed2bf90,7,5.902735572908773,bm25_regex_v1
q_snack_food_01,a3305d17-57d9-48f2-b4fc-f69b7c4c85f9,8,5.902735572908773,bm25_regex_v1
q_snack_food_01,0555a982-9411-4a65-9629-e51f7fa1b5c0,9,5.902735572908773,bm25_regex_v1
q_snack_food_01,fcd1d180-df17-4597-83fd-7bef737a72e5,10,5.902735572908773,bm25_regex_v1
q_snack_food_01,b49cb96a-62ef-4917-af1a-57f151d6c24c,11,5.902735572908773,bm25_regex_v1
q_snack_food_01,4e65eded-139b-422b-a408-8671c0ba9b6c,12,5.902735572908773,bm25_regex_v1
q_snack_food_01,08263ee2-3ea0-47e2-b639-ff6944f09a81,13,5.902735572908773,bm25_regex_v1
q_snack_food_01,ce619091-0b24-4b4e-b648-3fc0764c885e,14,5.902735572908773,bm25_regex_v1
q_snack_food_01,75a60a94-d2be-44cf-b81b-502d93d4aede,15,5.902735572908773,bm25_regex_v1
q_snack_food_01,08502e05-05ef-4baa-8348-11827577e439,16,5.254098900782358,bm25_regex_v1
q_snack_food_01,f1089723-7b00-420e-b30c-56ff66c0429b,17,4.826951689212752,bm25_regex_v1
q_snack_food_01,47d6418d-b8e2-40e0-95cf-0d97ba343e4e,18,4.826951689212752,bm25_regex_v1
q_snack_food_01,7874c69f-ebb5-46f4-afc1-a582335a3286,19,4.826951689212752,bm25_regex_v1
q_snack_food_01,1e81c867-9ca8-474b-bb21-a2f86288b66b,20,4.826951689212752,bm25_regex_v1
q_snack_food_01,dbecd0c3-b736-4b3a-93b8-230f3b224e4c,21,4.826951689212752,bm25_regex_v1
q_snack_food_01,8e02b1c9-93a9-483f-bde7-5fefd3389aff,22,4.826951689212752,bm25_regex_v1
q_snack_food_01,d514a7d9-cdf1-48b4-ad9b-3b14eeb5ca52,23,4.826951689212752,bm25_regex_v1
q_snack_food_01,04279630-03d0-4e86-b576-d9c07827b036,24,4.826951689212752,bm25_regex_v1
q_snack_food_01,211c59b2-afc0-4fe0-8c6f-bb7d8be557e3,25,4.826951689212752,bm25_regex_v1
q_snack_food_01,3814ede6-6dfa-4c26-be06-d705c8892839,26,4.826951689212752,bm25_regex_v1
q_snack_food_01,f5e2e20c-1f11-49fd-aae2-282b5156dfc6,27,4.826951689212752,bm25_regex_v1
q_snack_food_01,93a08c47-c8ec-4189-9529-1b01ec1d729c,28,4.826951689212752,bm25_regex_v1
q_snack_food_01,21aa2cbc-8622-4c25-9f62-f44e06265c96,29,4.826951689212752,bm25_regex_v1
q_snack_food_01,1619b562-2a38-4535-b7f9-3b031765f55e,30,4.826951689212752,bm25_regex_v1
q_snack_food_01,a33a52e2-d964-4c58-9cbe-65d310cf3547,31,4.826951689212752,bm25_regex_v1
q_snack_food_01,3d2a06f8-2715-4452-893c-d04d4d75a0e0,32,4.826951689212752,bm25_regex_v1
q_snack_food_01,12b6df6d-7ba9-4cdf-8f02-3f3a9c3e9593,33,4.826951689212752,bm25_regex_v1
q_snack_food_01,d7b3e5e7-4528-4949-8a34-92ffc554d60b,34,4.826951689212752,bm25_regex_v1
q_snack_food_01,a0e47cd1-1e08-4f21-8887-015fb375f995,35,4.826951689212752,bm25_regex_v1
q_snack_food_01,d19bfa02-4cc1-402d-a212-8482992a3cdb,36,4.826951689212752,bm25_regex_v1
q_snack_food_01,c20e0655-c860-465d-8264-62a654f59acd,37,4.826951689212752,bm25_regex_v1
q_snack_food_01,7b14f6cb-6f6e-41f6-9d79-52e9fefeee8e,38,4.826951689212752,bm25_regex_v1
q_snack_food_01,d4be70a8-b63a-4ea4-94ca-92e4c844da50,39,4.826951689212752,bm25_regex_v1
q_snack_food_01,7ae265f0-b1d9-4756-9d90-b578f84ae8be,40,4.826951689212752,bm25_regex_v1
q_snack_food_02,ee140e33-12a8-45ca-a6c9-507ee89f1e36,1,14.128177800725929,bm25_regex_v1
q_snack_food_02,25e17541-8ea1-4716-a373-a5cc54844c71,2,11.27558996058929,bm25_regex_v1
q_snack_food_02,9520aa6a-89a5-432d-802c-88d01797ffcb,3,11.27558996058929,bm25_regex_v1
q_snack_food_02,d0a3e8c9-abec-4077-bc28-35605cce5d3e,4,11.27558996058929,bm25_regex_v1
q_snack_food_02,93421838-6964-49c2-8723-8017fca415ab,5,11.27558996058929,bm25_regex_v1
q_snack_food_02,b96a3e14-b352-4936-b6c8-c30169fec54f,6,9.38141089397861,bm25_regex_v1
q_snack_food_03,8f90ec67-5ed8-4ae8-a390-3bd207b4c8ed,1,10.983134910375828,bm25_regex_v1
q_snack_food_03,0c5c2ea1-277b-43bc-bb0d-adefbd2a0e9a,2,10.983134910375828,bm25_regex_v1
q_snack_food_03,8984f55c-4843-417a-8dfc-c50e03d0c74b,3,10.983134910375828,bm25_regex_v1
q_snack_food_03,ab29e0a3-54ba-43d6-8d06-774d05760fd4,4,10.983134910375828,bm25_regex_v1
q_snack_food_03,16fb62a7-d353-440e-bb63-9cfbd49b28ca,5,10.412129308218862,bm25_regex_v1
q_snack_food_03,76a3551b-dae4-4326-92cc-662015aedbfb,6,9.713061568494638,bm25_regex_v1
q_snack_food_03,0f488307-5995-4336-ad14-d83e5752db9c,7,9.703864555702076,bm25_regex_v1
q_snack_food_03,20b40099-91ac-46f9-992d-a966c1d17a38,8,9.403454644911216,bm25_regex_v1
q_snack_food_03,a85f5fc6-33fa-4a9e-ab1f-84f44156d191,9,9.403454644911216,bm25_regex_v1
q_snack_food_03,66b27451-9407-4167-ac29-887821fd3c43,10,9.403454644911216,bm25_regex_v1
q_snack_food_03,eeee4c6c-b716-49c4-a263-34678e26f406,11,9.403454644911216,bm25_regex_v1
q_snack_food_03,a416ecbc-edc2-44a2-82ca-39e355d5f2ee,12,9.403454644911216,bm25_regex_v1
q_snack_food_03,a44cae70-8c24-43fa-baa3-2aebf532e47e,13,9.403454644911216,bm25_regex_v1
q_snack_food_03,31584541-5628-4723-9020-47600806b8b6,14,8.657321114750564,bm25_regex_v1
q_snack_food_03,c111ac9d-3f3a-405c-a8db-4d127ccda9e2,15,8.316053173150372,bm25_regex_v1
q_snack_food_03,24456103-f6b8-46af-8655-82e61d7265d8,16,8.316053173150372,bm25_regex_v1
q_snack_food_03,5a157cf2-712b-4d71-8147-c0627fcc784e,17,8.221040391271284,bm25_regex_v1
q_snack_food_03,9a9160ef-879b-44e3-88d4-3f002316d6af,18,8.221040391271284,bm25_regex_v1
q_snack_food_03,56582566-bf1b-407e-92b2-b627e3ad1671,19,8.221040391271284,bm25_regex_v1
q_snack_food_03,80184af3-549b-41e2-9efe-b8ca994b0de0,20,8.221040391271284,bm25_regex_v1
q_snack_food_03,81b8ce57-3bcb-423b-aa79-832848d96321,21,8.221040391271284,bm25_regex_v1
q_snack_food_03,c77b8265-252d-4bf4-87d6-d8346bf845f5,22,8.221040391271284,bm25_regex_v1
q_snack_food_03,4a04119b-31d9-4668-9309-9680043b8801,23,8.221040391271284,bm25_regex_v1
q_snack_food_03,99d46f06-315a-4fe1-800f-2de6c8ffb1a6,24,8.221040391271284,bm25_regex_v1
q_snack_food_03,c161453d-f2c8-4b97-a2c3-a54e0cbdb7e8,25,8.01201882227563,bm25_regex_v1
q_snack_food_03,ad582439-39ee-46d8-b004-06665f2599dc,26,7.8297522738553305,bm25_regex_v1
q_snack_food_03,86d23af4-44da-47e8-a80a-5b858b72a312,27,7.705990009360333,bm25_regex_v1
q_snack_food_03,fe6d9159-d053-4090-8f62-c60342515674,28,7.705990009360333,bm25_regex_v1
q_snack_food_03,ddea52d8-df5e-492b-8c35-43ac2628e0e6,29,7.705990009360333,bm25_regex_v1
q_snack_food_03,366ca53e-784c-451d-9fbc-d08616cc6a65,30,7.705990009360333,bm25_regex_v1
q_snack_food_03,830e5b33-2e53-4972-a31a-a50393f51342,31,7.485439658457713,bm25_regex_v1
q_snack_food_03,a654ed04-059f-4106-8fe3-018ab87eb009,32,7.485439658457713,bm25_regex_v1
q_snack_food_03,3614d0ab-478f-42eb-8924-2b7f38bf4c7b,33,7.485439658457713,bm25_regex_v1
q_snack_food_03,75641842-ea32-434f-acdf-3fcaa3e72c4e,34,7.485439658457713,bm25_regex_v1
q_snack_food_03,1ed61803-3fd2-4b75-a89b-104f49946465,35,7.485439658457713,bm25_regex_v1
q_snack_food_03,2eafbffc-26cc-4bbd-b529-00d4feb9f16b,36,7.485439658457713,bm25_regex_v1
q_snack_food_03,104119aa-bd35-480c-8a36-c44d2d392e44,37,7.485439658457713,bm25_regex_v1
q_snack_food_03,daf616bc-affe-4a12-bab0-0b5cb269a1c2,38,7.485439658457713,bm25_regex_v1
q_snack_food_03,06db5753-7790-4100-b281-ff229c2dcc74,39,7.485439658457713,bm25_regex_v1
q_snack_food_03,817124e1-2597-4a8a-8b73-7ce1b03c7f2e,40,7.3027713826952185,bm25_regex_v1
q_snack_food_04,aba76fc2-984e-4030-ba01-e2e7d78264c7,1,9.939720297290684,bm25_regex_v1
q_snack_food_04,f14df4d3-9858-4a8b-8597-20fd477d8e32,2,8.510112072863361,bm25_regex_v1
q_snack_food_04,282b0e8b-051c-49f9-a707-b982df803589,3,8.510112072863361,bm25_regex_v1
q_snack_food_04,c91c5e2b-c8db-4e19-9823-4a2b01c7f858,4,5.902735572908773,bm25_regex_v1
q_snack_food_04,69f20b3a-cf74-41ac-be36-9c519eb1470c,5,5.902735572908773,bm25_regex_v1
q_snack_food_04,2411013e-73bf-4cf8-b65a-3b8512d1a255,6,5.902735572908773,bm25_regex_v1
q_snack_food_04,cf6335ca-0afa-4f47-8aa2-d00a1546f83e,7,5.902735572908773,bm25_regex_v1
q_snack_food_04,f8d03d5c-a44f-43e8-b2e6-60e261a78cd2,8,5.902735572908773,bm25_regex_v1
q_snack_food_04,b49cb96a-62ef-4917-af1a-57f151d6c24c,9,5.902735572908773,bm25_regex_v1
q_snack_food_04,faa42f97-f53c-422c-baba-12be7ed2bf90,10,5.902735572908773,bm25_regex_v1
q_snack_food_04,fcd1d180-df17-4597-83fd-7bef737a72e5,11,5.902735572908773,bm25_regex_v1
q_snack_food_04,a3305d17-57d9-48f2-b4fc-f69b7c4c85f9,12,5.902735572908773,bm25_regex_v1
q_snack_food_04,0555a982-9411-4a65-9629-e51f7fa1b5c0,13,5.902735572908773,bm25_regex_v1
q_snack_food_04,4e65eded-139b-422b-a408-8671c0ba9b6c,14,5.902735572908773,bm25_regex_v1
q_snack_food_04,ce619091-0b24-4b4e-b648-3fc0764c885e,15,5.902735572908773,bm25_regex_v1
q_snack_food_04,c6787d2f-964b-42c0-a487-fa3a8fd2c097,16,5.902735572908773,bm25_regex_v1
q_snack_food_04,75a60a94-d2be-44cf-b81b-502d93d4aede,17,5.902735572908773,bm25_regex_v1
q_snack_food_04,08263ee2-3ea0-47e2-b639-ff6944f09a81,18,5.902735572908773,bm25_regex_v1
q_snack_food_04,08502e05-05ef-4baa-8348-11827577e439,19,5.254098900782358,bm25_regex_v1
q_snack_food_04,963d9a34-3055-444e-91e7-2119a2867c4c,20,4.826951689212752,bm25_regex_v1
q_snack_food_04,7ae265f0-b1d9-4756-9d90-b578f84ae8be,21,4.826951689212752,bm25_regex_v1
q_snack_food_04,d4be70a8-b63a-4ea4-94ca-92e4c844da50,22,4.826951689212752,bm25_regex_v1
q_snack_food_04,7b14f6cb-6f6e-41f6-9d79-52e9fefeee8e,23,4.826951689212752,bm25_regex_v1
q_snack_food_04,21aa2cbc-8622-4c25-9f62-f44e06265c96,24,4.826951689212752,bm25_regex_v1
q_snack_food_04,93a08c47-c8ec-4189-9529-1b01ec1d729c,25,4.826951689212752,bm25_regex_v1
q_snack_food_04,d7b3e5e7-4528-4949-8a34-92ffc554d60b,26,4.826951689212752,bm25_regex_v1
q_snack_food_04,a0e47cd1-1e08-4f21-8887-015fb375f995,27,4.826951689212752,bm25_regex_v1
q_snack_food_04,d19bfa02-4cc1-402d-a212-8482992a3cdb,28,4.826951689212752,bm25_regex_v1
q_snack_food_04,2947f1c7-60aa-4573-b8f0-08fae3a43704,29,4.826951689212752,bm25_regex_v1
q_snack_food_04,43ddc036-a331-40ee-8446-f88b8c5a3c8f,30,4.826951689212752,bm25_regex_v1
q_snack_food_04,9bc282e8-8fda-4476-8875-9d565d52a13a,31,4.826951689212752,bm25_regex_v1
q_snack_food_04,b336dfc8-cd1c-4f91-9552-d931be53fc97,32,4.826951689212752,bm25_regex_v1
q_snack_food_04,f01f80b9-883d-402c-864b-0adc7c7a622a,33,4.826951689212752,bm25_regex_v1
q_snack_food_04,12b6df6d-7ba9-4cdf-8f02-3f3a9c3e9593,34,4.826951689212752,bm25_regex_v1
q_snack_food_04,d32741f2-81dd-47f4-9850-53908bd8551a,35,4.826951689212752,bm25_regex_v1
q_snack_food_04,6e97c072-c81d-477d-b561-27567e459ae6,36,4.826951689212752,bm25_regex_v1
q_snack_food_04,17c3cd54-5baf-40fd-ae9c-d7f94ca120ec,37,4.826951689212752,bm25_regex_v1
q_snack_food_04,f5e2e20c-1f11-49fd-aae2-282b5156dfc6,38,4.826951689212752,bm25_regex_v1
q_snack_food_04,46642b17-b640-48ae-8115-eb41ba633a2d,39,4.826951689212752,bm25_regex_v1
q_snack_food_04,7d2feded-0891-4106-af2c-3c7876045388,40,4.826951689212752,bm25_regex_v1
q_japanese_food_01,b4c38c53-047b-41df-8291-81e7dc1f8547,1,5.910223584460614,bm25_regex_v1
q_japanese_food_01,1b8e262c-ebb0-4af4-a4b8-accd737a8f8c,2,5.910223584460614,bm25_regex_v1
q_japanese_food_01,edd13318-7272-46e6-8c51-e7bb3c577762,3,5.910223584460614,bm25_regex_v1
q_japanese_food_01,cf58f6e4-c4ed-42a8-ac9d-adf32b006abb,4,5.910223584460614,bm25_regex_v1
q_japanese_food_01,edc044be-3ce7-4209-9b3e-b13303fdea25,5,5.910223584460614,bm25_regex_v1
q_japanese_food_01,b18e0615-6c75-4602-8983-8cdca85fccb8,6,5.910223584460614,bm25_regex_v1
q_japanese_food_01,1f7f77b6-e387-47b9-8a7a-b9e6bb481079,7,5.910223584460614,bm25_regex_v1
q_japanese_food_01,2add2f40-55da-431a-86bb-16aa0a296f21,8,5.910223584460614,bm25_regex_v1
q_japanese_food_01,0efb328d-2b4c-4610-a865-8a045e56b9a2,9,5.910223584460614,bm25_regex_v1
q_japanese_food_01,ba8489d5-45d9-4f15-92f0-d8a784318549,10,5.910223584460614,bm25_regex_v1
q_japanese_food_01,36558052-511d-4a78-93c3-5c5d6ce4b9de,11,5.910223584460614,bm25_regex_v1
q_japanese_food_01,fd4fd277-1b68-4ea9-a9e0-edbe02bbb9da,12,5.910223584460614,bm25_regex_v1
q_japanese_food_01,d53cb9ab-6c1c-4ef7-be4f-51ef054475e8,13,5.910223584460614,bm25_regex_v1
q_japanese_food_01,b484abf1-a177-47b9-8cb0-168b636f7199,14,5.910223584460614,bm25_regex_v1
q_japanese_food_01,eddf42e9-8fca-4b99-8abe-08aa403dc05f,15,5.910223584460614,bm25_regex_v1
q_japanese_food_01,34ea6360-2c40-4eae-8c33-e993359b4d9c,16,5.910223584460614,bm25_regex_v1
q_japanese_food_01,cdf46942-0c21-4bb7-b4ba-3ca71d4393b6,17,5.910223584460614,bm25_regex_v1
q_japanese_food_01,a944b4c1-bc24-4a92-8865-64d940f0ac24,18,5.910223584460614,bm25_regex_v1
q_japanese_food_01,339c62e2-0edb-49b1-a192-d6fa20557b98,19,5.910223584460614,bm25_regex_v1
q_japanese_food_01,52c57bbb-b5d7-4687-a2e4-0316aead4d8b,20,5.910223584460614,bm25_regex_v1
q_japanese_food_01,e34e6d7f-6e3b-4e14-bebc-e552f10ceb24,21,5.910223584460614,bm25_regex_v1
q_japanese_food_01,26581415-14c1-4556-8e5a-9c379e7384d1,22,5.910223584460614,bm25_regex_v1
q_japanese_food_01,e1459d12-eadf-44f3-95d4-231fefac3e28,23,5.910223584460614,bm25_regex_v1
q_japanese_food_01,cb71d59c-a84a-4fe5-8f58-1f04c8ab90f1,24,5.910223584460614,bm25_regex_v1
q_japanese_food_01,1d1a4025-2055-49d1-86c7-b98f557b73a0,25,5.910223584460614,bm25_regex_v1
q_japanese_food_01,d995747b-0850-42d6-9cb6-7786b15afd27,26,5.910223584460614,bm25_regex_v1
q_japanese_food_01,fb18dc71-1d3f-4c4d-8445-8ebe2aea2b65,27,5.910223584460614,bm25_regex_v1
q_japanese_food_01,ac1742a4-0997-4194-a3f0-7bc5d3b50ab8,28,5.910223584460614,bm25_regex_v1
q_japanese_food_01,ee898d7f-317c-4f05-bee5-c7833f3dc580,29,5.910223584460614,bm25_regex_v1
q_japanese_food_01,aa9dba5c-dd21-4911-a98a-73bce6efd461,30,5.910223584460614,bm25_regex_v1
q_japanese_food_01,0fd97983-fcef-4d8a-a4d9-f1795fd4affd,31,5.910223584460614,bm25_regex_v1
q_japanese_food_01,e44788a8-2de8-43e3-b059-7e78cd4edf73,32,5.910223584460614,bm25_regex_v1
q_japanese_food_01,458d4d5f-d77a-4a2d-bbd2-77d4834b6adc,33,5.910223584460614,bm25_regex_v1
q_japanese_food_01,3b79dee1-d72b-48de-8c8e-74abab0b8b6e,34,5.910223584460614,bm25_regex_v1
q_japanese_food_01,22769c92-ec53-45ff-823a-92945031971a,35,5.910223584460614,bm25_regex_v1
q_japanese_food_01,24e43956-2055-4b34-b3a1-d09a59c04b32,36,5.910223584460614,bm25_regex_v1
q_japanese_food_01,2c215e30-3980-49ef-aa9a-a74be0146120,37,5.910223584460614,bm25_regex_v1
q_japanese_food_01,7234e0fe-2051-492b-a754-10f380afb9a3,38,5.910223584460614,bm25_regex_v1
q_japanese_food_01,3a0b6888-54f7-4305-9ae7-fb93c08875c0,39,5.910223584460614,bm25_regex_v1
q_japanese_food_01,5ff5e851-9695-4924-8ed9-a9eed1ebe098,40,5.910223584460614,bm25_regex_v1
q_japanese_food_02,58507418-7577-4895-b49e-3b4ab6ba501c,1,12.865083624346923,bm25_regex_v1
q_japanese_food_03,3647589b-ff0d-458c-a439-0032eb947013,1,13.292898082907872,bm25_regex_v1
q_japanese_food_03,a39fdf4e-2169-4244-98d5-bdda978a30fa,2,11.381009633594143,bm25_regex_v1
q_japanese_food_03,266e3f77-7a1c-4feb-9725-8e2fb70e0979,3,11.381009633594143,bm25_regex_v1
q_japanese_food_03,76a3551b-dae4-4326-92cc-662015aedbfb,4,9.713061568494638,bm25_regex_v1
q_japanese_food_03,24456103-f6b8-46af-8655-82e61d7265d8,5,8.316053173150372,bm25_regex_v1
q_japanese_food_03,c111ac9d-3f3a-405c-a8db-4d127ccda9e2,6,8.316053173150372,bm25_regex_v1
q_japanese_food_03,bb42517f-2916-42c3-bc1a-99be55867a9d,7,8.032103089570914,bm25_regex_v1
q_japanese_food_03,d2d0ff05-3c0a-45e1-966b-a046c0c6df44,8,7.9505003985058655,bm25_regex_v1
q_japanese_food_03,2743811c-5e71-4d2b-aa75-1b0147d44f2d,9,7.270371540466384,bm25_regex_v1
q_japanese_food_03,905bdb4c-1e33-4308-8d54-a6303f083fd9,10,7.022126061080267,bm25_regex_v1
q_japanese_food_03,23e3d781-ee5b-4e78-b473-0955aab39ba1,11,4.701246558422514,bm25_regex_v1
q_japanese_food_03,262d4295-be5e-4bc5-acc0-61674c13925f,12,4.701246558422514,bm25_regex_v1
q_japanese_food_03,88d82779-ee7b-4b7d-af33-8e43f27ff0cf,13,4.701246558422514,bm25_regex_v1
q_japanese_food_03,d9428df0-d072-4424-b639-afeef0bfa5cf,14,4.701246558422514,bm25_regex_v1
q_japanese_food_03,bf5c8822-1154-42e8-9228-b6f4f633d22b,15,4.701246558422514,bm25_regex_v1
q_japanese_food_03,eaeab13b-88d4-453d-b395-f0f87a864a24,16,4.701246558422514,bm25_regex_v1
q_japanese_food_03,f8c233f2-606f-4526-a3c3-c8fed58edd73,17,4.701246558422514,bm25_regex_v1
q_japanese_food_03,c5cfda56-6c22-46ad-b18e-b8bce53aa48f,18,4.701246558422514,bm25_regex_v1
q_japanese_food_03,7d3ce8fd-4717-42aa-b7b9-9b755c2413d2,19,4.701246558422514,bm25_regex_v1
q_japanese_food_03,423aaa02-5364-4683-840c-53391099e3f9,20,4.701246558422514,bm25_regex_v1
q_japanese_food_03,a3690443-9552-4cee-9744-e26ccb38a7eb,21,4.701246558422514,bm25_regex_v1
q_japanese_food_03,3dd05d5d-9189-4878-b27a-28d25c1ba841,22,4.701246558422514,bm25_regex_v1
q_japanese_food_03,c4e430f4-7b79-4ff7-b3b0-eff4643783d6,23,4.701246558422514,bm25_regex_v1
q_japanese_food_03,ae1961c8-f9fa-419b-ba41-0870cc1b03cd,24,4.701246558422514,bm25_regex_v1
q_japanese_food_03,5a5fcfa5-818b-4d4c-8e80-026441f0e5c8,25,4.701246558422514,bm25_regex_v1
q_japanese_food_03,9579e4a7-4562-4c0d-b8cf-5f9431c4a16e,26,4.701246558422514,bm25_regex_v1
q_japanese_food_03,a7eb393a-6a35-4dc9-99d3-306343b9c115,27,4.701246558422514,bm25_regex_v1
q_japanese_food_03,ae46174b-04a3-4315-8394-24e9e5a05ed7,28,4.701246558422514,bm25_regex_v1
q_japanese_food_03,c4560a81-f5e3-415a-92ec-d31f81edffcb,29,4.701246558422514,bm25_regex_v1
q_japanese_food_03,6f9794bd-e306-4058-82e7-93c2215773a9,30,4.701246558422514,bm25_regex_v1
q_japanese_food_03,2a029f9c-cc1a-4f10-acf9-fa9cc7136a75,31,4.701246558422514,bm25_regex_v1
q_japanese_food_03,66cd8fcb-7c37-42c3-8f12-5edf16c258d1,32,4.701246558422514,bm25_regex_v1
q_japanese_food_03,ae6eda38-ff29-49b1-9429-dd01e7e53ae2,33,4.701246558422514,bm25_regex_v1
q_japanese_food_03,cfae243d-d83e-443a-b6bf-381cea464118,34,4.701246558422514,bm25_regex_v1
q_japanese_food_03,66ab22ac-8a71-42b6-a0aa-c45c3f291f09,35,4.701246558422514,bm25_regex_v1
q_japanese_food_03,6e48f246-fe0f-4cc1-a4c1-0434c0f7ada7,36,4.701246558422514,bm25_regex_v1
q_japanese_food_03,1a5e8b29-ece2-4566-b147-5ad3667e16c2,37,4.701246558422514,bm25_regex_v1
q_japanese_food_03,7d0940b5-2c7f-4640-aee1-71d623faf98e,38,4.701246558422514,bm25_regex_v1
q_japanese_food_03,c9809dbb-02b2-4626-b28b-651f16dc1de4,39,4.701246558422514,bm25_regex_v1
q_japanese_food_03,6c020633-f7d1-419d-9dc2-cb4fc5dffbe7,40,4.701246558422514,bm25_regex_v1
q_japanese_food_04,aba76fc2-984e-4030-ba01-e2e7d78264c7,1,9.939720297290684,bm25_regex_v1
q_japanese_food_04,282b0e8b-051c-49f9-a707-b982df803589,2,8.510112072863361,bm25_regex_v1
q_japanese_food_04,f14df4d3-9858-4a8b-8597-20fd477d8e32,3,8.510112072863361,bm25_regex_v1
q_japanese_food_04,a944b4c1-bc24-4a92-8865-64d940f0ac24,4,5.910223584460614,bm25_regex_v1
q_japanese_food_04,9417bfba-addf-4092-96fc-3a0483307077,5,5.910223584460614,bm25_regex_v1
q_japanese_food_04,19ebef2a-2017-4fab-8334-bffa1c5b3d74,6,5.910223584460614,bm25_regex_v1
q_japanese_food_04,b05a480e-fe92-4b5f-8b4b-a901f8b6508b,7,5.910223584460614,bm25_regex_v1
q_japanese_food_04,94d0ac06-898a-432e-a704-4216cab12833,8,5.910223584460614,bm25_regex_v1
q_japanese_food_04,f980c67b-e479-40c8-bf9a-b552c1b8f6b6,9,5.910223584460614,bm25_regex_v1
q_japanese_food_04,3835a030-0c2e-43bb-b731-960222b3b8c8,10,5.910223584460614,bm25_regex_v1
q_japanese_food_04,cf649fd7-0bb3-4741-9074-7a0685720a19,11,5.910223584460614,bm25_regex_v1
q_japanese_food_04,bb11c4ef-0c0a-4eb5-94a6-2ed750c8c4b0,12,5.910223584460614,bm25_regex_v1
q_japanese_food_04,165eb204-072e-421e-9ed0-724286f537a2,13,5.910223584460614,bm25_regex_v1
q_japanese_food_04,e7578687-6b5a-457b-b0cf-0e9fbbad16b2,14,5.910223584460614,bm25_regex_v1
q_japanese_food_04,5b13edec-9a25-42db-b3d3-f465176cf4b7,15,5.910223584460614,bm25_regex_v1
q_japanese_food_04,75704ec2-dcc0-4ae0-9438-3cb8b15e588e,16,5.910223584460614,bm25_regex_v1
q_japanese_food_04,16437b29-303c-4174-93fb-4f1f0fd53a68,17,5.910223584460614,bm25_regex_v1
q_japanese_food_04,d0171023-985a-49a4-9a15-0e9e54f3bb88,18,5.910223584460614,bm25_regex_v1
q_japanese_food_04,d204c2a2-2cee-462d-8718-89f7ff8ff13c,19,5.910223584460614,bm25_regex_v1
q_japanese_food_04,0765e12e-557b-4cdf-87c6-5bd597bbc798,20,5.910223584460614,bm25_regex_v1
q_japanese_food_04,e44788a8-2de8-43e3-b059-7e78cd4edf73,21,5.910223584460614,bm25_regex_v1
q_japanese_food_04,aa4d63da-b22c-4c2b-b13a-7c33522632e7,22,5.910223584460614,bm25_regex_v1
q_japanese_food_04,e068f344-e797-4f8f-837b-069e986ace61,23,5.910223584460614,bm25_regex_v1
q_japanese_food_04,2ddf4b30-4494-4cc0-8255-63b8a6e1703e,24,5.910223584460614,bm25_regex_v1
q_japanese_food_04,d0f724f5-360c-4025-b035-9bd79c3fe3a2,25,5.910223584460614,bm25_regex_v1
q_japanese_food_04,1b8e262c-ebb0-4af4-a4b8-accd737a8f8c,26,5.910223584460614,bm25_regex_v1
q_japanese_food_04,6813c3d9-057f-4d43-ad10-3b555c966ab8,27,5.910223584460614,bm25_regex_v1
q_japanese_food_04,ee898d7f-317c-4f05-bee5-c7833f3dc580,28,5.910223584460614,bm25_regex_v1
q_japanese_food_04,d995747b-0850-42d6-9cb6-7786b15afd27,29,5.910223584460614,bm25_regex_v1
q_japanese_food_04,1d1a4025-2055-49d1-86c7-b98f557b73a0,30,5.910223584460614,bm25_regex_v1
q_japanese_food_04,cb71d59c-a84a-4fe5-8f58-1f04c8ab90f1,31,5.910223584460614,bm25_regex_v1
q_japanese_food_04,e1459d12-eadf-44f3-95d4-231fefac3e28,32,5.910223584460614,bm25_regex_v1
q_japanese_food_04,26581415-14c1-4556-8e5a-9c379e7384d1,33,5.910223584460614,bm25_regex_v1
q_japanese_food_04,339c62e2-0edb-49b1-a192-d6fa20557b98,34,5.910223584460614,bm25_regex_v1
q_japanese_food_04,7500b86e-c1d2-47d7-91ed-4f91997afc05,35,5.910223584460614,bm25_regex_v1
q_japanese_food_04,32d77dcd-687b-4dc3-aa21-b8805c150b43,36,5.910223584460614,bm25_regex_v1
q_japanese_food_04,a8f4738b-621c-495f-8350-a5bd54648584,37,5.910223584460614,bm25_regex_v1
q_japanese_food_04,1990e6a3-754c-49b6-95a5-e0ec9ef9b69d,38,5.910223584460614,bm25_regex_v1
q_japanese_food_04,5ff5e851-9695-4924-8ed9-a9eed1ebe098,39,5.910223584460614,bm25_regex_v1
q_japanese_food_04,3a0b6888-54f7-4305-9ae7-fb93c08875c0,40,5.910223584460614,bm25_regex_v1
q_icecream_01,e048d001-ece8-4fe6-9022-ad7ca47826e9,1,7.942714661112985,bm25_regex_v1
q_icecream_01,141d4a90-41cc-4fd8-9f2b-fe8f91b8540b,2,7.942714661112985,bm25_regex_v1
q_icecream_01,b0741ffd-d17f-4ee1-ac61-46842169ec76,3,7.942714661112985,bm25_regex_v1
q_icecream_01,0d7a6368-982e-44b8-b4bb-1bea82c5a338,4,7.942714661112985,bm25_regex_v1
q_icecream_01,da0e6196-3ceb-4b2d-a236-5877024635b1,5,7.942714661112985,bm25_regex_v1
q_icecream_01,20440c05-0f5c-478e-98b1-ffe252282c5c,6,7.06990985022507,bm25_regex_v1
q_icecream_01,b1e72c5c-3483-4476-b88e-6461ff5842ea,7,7.06990985022507,bm25_regex_v1
q_icecream_01,1532f8f0-10b9-42d7-922d-c5fb2be269bf,8,7.06990985022507,bm25_regex_v1
q_icecream_01,118805a0-52c8-42d1-bf26-664b5312c3e6,9,7.06990985022507,bm25_regex_v1
q_icecream_01,218814ce-cb51-4ca1-a546-3f300f732170,10,7.06990985022507,bm25_regex_v1
q_icecream_01,d77ec76a-1d48-4f5e-a619-e949ec940289,11,7.06990985022507,bm25_regex_v1
q_icecream_01,fb920894-12bc-4843-b272-508c9c06dd4a,12,7.06990985022507,bm25_regex_v1
q_icecream_01,d9a89d5f-2df9-4701-99ff-691e0cc643f3,13,7.06990985022507,bm25_regex_v1
q_icecream_01,e6e88790-75b9-47b2-8800-cfaf0df49b07,14,6.49514102009847,bm25_regex_v1
q_icecream_01,08ce7dfa-d1b0-4b92-90c0-cf442c342f5f,15,6.49514102009847,bm25_regex_v1
q_icecream_01,1fcb392b-a989-46fd-b9c2-28d8a3988af7,16,6.49514102009847,bm25_regex_v1
q_icecream_01,f20dc125-e26e-44e5-be1a-a71bd3c0d55b,17,6.49514102009847,bm25_regex_v1
q_icecream_01,c47df20f-3861-41f3-b8f9-5a5581275449,18,6.49514102009847,bm25_regex_v1
q_icecream_01,27be6c5c-96f7-4fc9-9d77-e3eca1950531,19,6.49514102009847,bm25_regex_v1
q_icecream_01,e6d1b971-a9ca-4bd2-8765-b87d2a889939,20,6.49514102009847,bm25_regex_v1
q_icecream_01,33961e90-783f-418f-a558-ddba8db4bd66,21,6.49514102009847,bm25_regex_v1
q_icecream_01,d57342ca-bbd7-4340-b600-beb3748765d2,22,6.49514102009847,bm25_regex_v1
q_icecream_01,27de8669-9780-435c-b683-8a0270a7a154,23,6.49514102009847,bm25_regex_v1
q_icecream_01,28ee6327-7475-4852-a8be-c0110d6ebd24,24,6.49514102009847,bm25_regex_v1
q_icecream_01,a1c012fd-eac4-4054-b3e8-8a51e1eb721c,25,6.49514102009847,bm25_regex_v1
q_icecream_01,35d4161b-3516-4041-9e33-ef4f2687b86e,26,6.49514102009847,bm25_regex_v1
q_icecream_01,9f1419c5-cafd-4a37-b822-858437911d26,27,6.49514102009847,bm25_regex_v1
q_icecream_01,09d71b06-1b02-467a-9128-dc7be76214e2,28,6.49514102009847,bm25_regex_v1
q_icecream_01,fc022989-e5f9-45bb-98ed-414169839722,29,6.49514102009847,bm25_regex_v1
q_icecream_01,b6319b64-8f3f-4170-81eb-3bf115b1cbc9,30,6.49514102009847,bm25_regex_v1
q_icecream_01,d8a4d6a8-fa34-47b5-a25f-3d818a44e257,31,6.49514102009847,bm25_regex_v1
q_icecream_01,b553f3ca-aa1b-4a35-9272-2ac1467c32e4,32,6.49514102009847,bm25_regex_v1
q_icecream_01,f4808084-d606-470f-b179-2b1c43296829,33,6.49514102009847,bm25_regex_v1
q_icecream_01,1428855c-0a3d-4d56-ae6e-1fc568997b08,34,6.49514102009847,bm25_regex_v1
q_icecream_01,c2d31cd0-84de-41b0-be1b-a5b3906e603a,35,6.49514102009847,bm25_regex_v1
q_icecream_01,91bd6521-93b7-48a1-9013-892c8ce54bb2,36,6.49514102009847,bm25_regex_v1
q_icecream_01,6a30c197-27e0-4af5-8577-f8c169c49c78,37,6.49514102009847,bm25_regex_v1
q_icecream_01,be378247-05fe-4e57-a92a-30f78f833c34,38,6.49514102009847,bm25_regex_v1
q_icecream_01,f6b0d774-44d5-462b-9359-acf6609709b7,39,6.49514102009847,bm25_regex_v1
q_icecream_01,aefacf1e-f73e-4555-b81f-5df7ccdd0f5f,40,6.49514102009847,bm25_regex_v1
q_icecream_02,c15b7d24-b90f-4edb-a4d7-38d243dad39e,1,12.311357881116114,bm25_regex_v1
q_icecream_02,8f1ab898-c235-484c-8412-21943c8b7a2d,2,10.243180831270307,bm25_regex_v1
q_icecream_02,e048d001-ece8-4fe6-9022-ad7ca47826e9,3,7.942714661112985,bm25_regex_v1
q_icecream_02,0d7a6368-982e-44b8-b4bb-1bea82c5a338,4,7.942714661112985,bm25_regex_v1
q_icecream_02,141d4a90-41cc-4fd8-9f2b-fe8f91b8540b,5,7.942714661112985,bm25_regex_v1
q_icecream_02,b0741ffd-d17f-4ee1-ac61-46842169ec76,6,7.942714661112985,bm25_regex_v1
q_icecream_02,da0e6196-3ceb-4b2d-a236-5877024635b1,7,7.942714661112985,bm25_regex_v1
q_icecream_02,d77ec76a-1d48-4f5e-a619-e949ec940289,8,7.06990985022507,bm25_regex_v1
q_icecream_02,b1e72c5c-3483-4476-b88e-6461ff5842ea,9,7.06990985022507,bm25_regex_v1
q_icecream_02,1532f8f0-10b9-42d7-922d-c5fb2be269bf,10,7.06990985022507,bm25_regex_v1
q_icecream_02,20440c05-0f5c-478e-98b1-ffe252282c5c,11,7.06990985022507,bm25_regex_v1
q_icecream_02,118805a0-52c8-42d1-bf26-664b5312c3e6,12,7.06990985022507,bm25_regex_v1
q_icecream_02,fb920894-12bc-4843-b272-508c9c06dd4a,13,7.06990985022507,bm25_regex_v1
q_icecream_02,d9a89d5f-2df9-4701-99ff-691e0cc643f3,14,7.06990985022507,bm25_regex_v1
q_icecream_02,218814ce-cb51-4ca1-a546-3f300f732170,15,7.06990985022507,bm25_regex_v1
q_icecream_02,16a3e56a-76ca-4f22-863f-133e6bc33679,16,6.49514102009847,bm25_regex_v1
q_icecream_02,ddcd7aed-f742-49e3-baef-1520af960c48,17,6.49514102009847,bm25_regex_v1
q_icecream_02,ecda7c51-6211-4ea8-9f2d-e10a6a5d2a0d,18,6.49514102009847,bm25_regex_v1
q_icecream_02,b6319b64-8f3f-4170-81eb-3bf115b1cbc9,19,6.49514102009847,bm25_regex_v1
q_icecream_02,fc022989-e5f9-45bb-98ed-414169839722,20,6.49514102009847,bm25_regex_v1
q_icecream_02,40fff22b-3ada-4853-bfcd-8afd49a38d0b,21,6.49514102009847,bm25_regex_v1
q_icecream_02,ba762d86-0164-4f56-acde-98a8c39483e6,22,6.49514102009847,bm25_regex_v1
q_icecream_02,d8a4d6a8-fa34-47b5-a25f-3d818a44e257,23,6.49514102009847,bm25_regex_v1
q_icecream_02,b553f3ca-aa1b-4a35-9272-2ac1467c32e4,24,6.49514102009847,bm25_regex_v1
q_icecream_02,984dca55-ff4e-41b1-b53a-5237216d2cb6,25,6.49514102009847,bm25_regex_v1
q_icecream_02,65b80261-f2cf-4710-95fc-effd63ee610e,26,6.49514102009847,bm25_regex_v1
q_icecream_02,124fc359-9f15-4f83-93a5-a8288576e4a0,27,6.49514102009847,bm25_regex_v1
q_icecream_02,5097b55c-da95-44eb-a4f6-7ad54b6e4f1b,28,6.49514102009847,bm25_regex_v1
q_icecream_02,0dc582ff-8c3c-4996-91a2-458bc7a563f4,29,6.49514102009847,bm25_regex_v1
q_icecream_02,b090dd3f-6319-4433-8a68-21428f2d7dbc,30,6.49514102009847,bm25_regex_v1
q_icecream_02,c8ae7d01-00c1-4e99-8e65-b514d123c6c1,31,6.49514102009847,bm25_regex_v1
q_icecream_02,e6e88790-75b9-47b2-8800-cfaf0df49b07,32,6.49514102009847,bm25_regex_v1
q_icecream_02,63a59f73-eca7-4c6f-afbf-4012ea4a040e,33,6.49514102009847,bm25_regex_v1
q_icecream_02,62d8f706-aee3-4ea0-aa61-4fe3a34d7950,34,6.49514102009847,bm25_regex_v1
q_icecream_02,5eb8bbc2-180b-45fd-9ae4-f04833463571,35,6.49514102009847,bm25_regex_v1
q_icecream_02,09d71b06-1b02-467a-9128-dc7be76214e2,36,6.49514102009847,bm25_regex_v1
q_icecream_02,b4c076e7-30b0-42c8-9f5c-7b2ad1f6a467,37,6.49514102009847,bm25_regex_v1
q_icecream_02,90110b15-b2c2-4093-a7f7-69c5c0c62857,38,6.49514102009847,bm25_regex_v1
q_icecream_02,50bbad0b-e96a-4931-9be6-d8be66822063,39,6.49514102009847,bm25_regex_v1
q_icecream_02,b2167984-bcaa-465a-b1a7-63d2f3697953,40,6.49514102009847,bm25_regex_v1
q_icecream_03,76a3551b-dae4-4326-92cc-662015aedbfb,1,9.713061568494638,bm25_regex_v1
q_icecream_03,c111ac9d-3f3a-405c-a8db-4d127ccda9e2,2,8.316053173150372,bm25_regex_v1
q_icecream_03,24456103-f6b8-46af-8655-82e61d7265d8,3,8.316053173150372,bm25_regex_v1
q_icecream_03,c161453d-f2c8-4b97-a2c3-a54e0cbdb7e8,4,8.01201882227563,bm25_regex_v1
q_icecream_03,141d4a90-41cc-4fd8-9f2b-fe8f91b8540b,5,7.942714661112985,bm25_regex_v1
q_icecream_03,b0741ffd-d17f-4ee1-ac61-46842169ec76,6,7.942714661112985,bm25_regex_v1
q_icecream_03,0d7a6368-982e-44b8-b4bb-1bea82c5a338,7,7.942714661112985,bm25_regex_v1
q_icecream_03,e048d001-ece8-4fe6-9022-ad7ca47826e9,8,7.942714661112985,bm25_regex_v1
q_icecream_03,da0e6196-3ceb-4b2d-a236-5877024635b1,9,7.942714661112985,bm25_regex_v1
q_icecream_03,2743811c-5e71-4d2b-aa75-1b0147d44f2d,10,7.270371540466384,bm25_regex_v1
q_icecream_03,20440c05-0f5c-478e-98b1-ffe252282c5c,11,7.06990985022507,bm25_regex_v1
q_icecream_03,1532f8f0-10b9-42d7-922d-c5fb2be269bf,12,7.06990985022507,bm25_regex_v1
q_icecream_03,d77ec76a-1d48-4f5e-a619-e949ec940289,13,7.06990985022507,bm25_regex_v1
q_icecream_03,fb920894-12bc-4843-b272-508c9c06dd4a,14,7.06990985022507,bm25_regex_v1
q_icecream_03,b1e72c5c-3483-4476-b88e-6461ff5842ea,15,7.06990985022507,bm25_regex_v1
q_icecream_03,d9a89d5f-2df9-4701-99ff-691e0cc643f3,16,7.06990985022507,bm25_regex_v1
q_icecream_03,118805a0-52c8-42d1-bf26-664b5312c3e6,17,7.06990985022507,bm25_regex_v1
q_icecream_03,218814ce-cb51-4ca1-a546-3f300f732170,18,7.06990985022507,bm25_regex_v1
q_icecream_03,40fff22b-3ada-4853-bfcd-8afd49a38d0b,19,6.49514102009847,bm25_regex_v1
q_icecream_03,0dc582ff-8c3c-4996-91a2-458bc7a563f4,20,6.49514102009847,bm25_regex_v1
q_icecream_03,b4cde528-5d59-4003-8bcc-6bc20d8be931,21,6.49514102009847,bm25_regex_v1
q_icecream_03,5097b55c-da95-44eb-a4f6-7ad54b6e4f1b,22,6.49514102009847,bm25_regex_v1
q_icecream_03,b090dd3f-6319-4433-8a68-21428f2d7dbc,23,6.49514102009847,bm25_regex_v1
q_icecream_03,8dd41841-1874-4ae3-bb65-bac9fc456ad9,24,6.49514102009847,bm25_regex_v1
q_icecream_03,16a3e56a-76ca-4f22-863f-133e6bc33679,25,6.49514102009847,bm25_regex_v1
q_icecream_03,3bf47607-965f-4657-867c-62774bf9933b,26,6.49514102009847,bm25_regex_v1
q_icecream_03,814ceae5-bd76-4b94-bd21-ef7fa4a16b5b,27,6.49514102009847,bm25_regex_v1
q_icecream_03,984dca55-ff4e-41b1-b53a-5237216d2cb6,28,6.49514102009847,bm25_regex_v1
q_icecream_03,124fc359-9f15-4f83-93a5-a8288576e4a0,29,6.49514102009847,bm25_regex_v1
q_icecream_03,a2de9729-9515-4bef-94c8-73662fda70f9,30,6.49514102009847,bm25_regex_v1
q_icecream_03,b553f3ca-aa1b-4a35-9272-2ac1467c32e4,31,6.49514102009847,bm25_regex_v1
q_icecream_03,264db792-8a16-481e-82c3-5ad89795fd51,32,6.49514102009847,bm25_regex_v1
q_icecream_03,beffa7a8-0570-45b3-8b66-6e938daf9df4,33,6.49514102009847,bm25_regex_v1
q_icecream_03,f61f339e-233b-4542-a6c8-0b81872aa9d4,34,6.49514102009847,bm25_regex_v1
q_icecream_03,d57342ca-bbd7-4340-b600-beb3748765d2,35,6.49514102009847,bm25_regex_v1
q_icecream_03,e2b1dc41-01e5-406d-af7e-aedca56f6dd8,36,6.49514102009847,bm25_regex_v1
q_icecream_03,09d71b06-1b02-467a-9128-dc7be76214e2,37,6.49514102009847,bm25_regex_v1
q_icecream_03,779a57f5-e1be-4e86-b622-9f60bdaecdb8,38,6.49514102009847,bm25_regex_v1
q_icecream_03,b2167984-bcaa-465a-b1a7-63d2f3697953,39,6.49514102009847,bm25_regex_v1
q_icecream_03,42c9e910-3197-4d25-b45d-461a130683c0,40,6.49514102009847,bm25_regex_v1
q_icecream_04,aba76fc2-984e-4030-ba01-e2e7d78264c7,1,9.939720297290684,bm25_regex_v1
q_icecream_04,f14df4d3-9858-4a8b-8597-20fd477d8e32,2,8.510112072863361,bm25_regex_v1
q_icecream_04,282b0e8b-051c-49f9-a707-b982df803589,3,8.510112072863361,bm25_regex_v1
q_icecream_04,141d4a90-41cc-4fd8-9f2b-fe8f91b8540b,4,7.942714661112985,bm25_regex_v1
q_icecream_04,0d7a6368-982e-44b8-b4bb-1bea82c5a338,5,7.942714661112985,bm25_regex_v1
q_icecream_04,b0741ffd-d17f-4ee1-ac61-46842169ec76,6,7.942714661112985,bm25_regex_v1
q_icecream_04,da0e6196-3ceb-4b2d-a236-5877024635b1,7,7.942714661112985,bm25_regex_v1
q_icecream_04,e048d001-ece8-4fe6-9022-ad7ca47826e9,8,7.942714661112985,bm25_regex_v1
q_icecream_04,1532f8f0-10b9-42d7-922d-c5fb2be269bf,9,7.06990985022507,bm25_regex_v1
q_icecream_04,b1e72c5c-3483-4476-b88e-6461ff5842ea,10,7.06990985022507,bm25_regex_v1
q_icecream_04,fb920894-12bc-4843-b272-508c9c06dd4a,11,7.06990985022507,bm25_regex_v1
q_icecream_04,20440c05-0f5c-478e-98b1-ffe252282c5c,12,7.06990985022507,bm25_regex_v1
q_icecream_04,118805a0-52c8-42d1-bf26-664b5312c3e6,13,7.06990985022507,bm25_regex_v1
q_icecream_04,218814ce-cb51-4ca1-a546-3f300f732170,14,7.06990985022507,bm25_regex_v1
q_icecream_04,d9a89d5f-2df9-4701-99ff-691e0cc643f3,15,7.06990985022507,bm25_regex_v1
q_icecream_04,d77ec76a-1d48-4f5e-a619-e949ec940289,16,7.06990985022507,bm25_regex_v1
q_icecream_04,0a5d1694-45a5-4ad7-8c05-d130a0455e6c,17,6.49514102009847,bm25_regex_v1
q_icecream_04,b4cde528-5d59-4003-8bcc-6bc20d8be931,18,6.49514102009847,bm25_regex_v1
q_icecream_04,b090dd3f-6319-4433-8a68-21428f2d7dbc,19,6.49514102009847,bm25_regex_v1
q_icecream_04,fc022989-e5f9-45bb-98ed-414169839722,20,6.49514102009847,bm25_regex_v1
q_icecream_04,40fff22b-3ada-4853-bfcd-8afd49a38d0b,21,6.49514102009847,bm25_regex_v1
q_icecream_04,ba762d86-0164-4f56-acde-98a8c39483e6,22,6.49514102009847,bm25_regex_v1
q_icecream_04,b6319b64-8f3f-4170-81eb-3bf115b1cbc9,23,6.49514102009847,bm25_regex_v1
q_icecream_04,e6e88790-75b9-47b2-8800-cfaf0df49b07,24,6.49514102009847,bm25_regex_v1
q_icecream_04,984dca55-ff4e-41b1-b53a-5237216d2cb6,25,6.49514102009847,bm25_regex_v1
q_icecream_04,65b80261-f2cf-4710-95fc-effd63ee610e,26,6.49514102009847,bm25_regex_v1
q_icecream_04,124fc359-9f15-4f83-93a5-a8288576e4a0,27,6.49514102009847,bm25_regex_v1
q_icecream_04,5097b55c-da95-44eb-a4f6-7ad54b6e4f1b,28,6.49514102009847,bm25_regex_v1
q_icecream_04,0dc582ff-8c3c-4996-91a2-458bc7a563f4,29,6.49514102009847,bm25_regex_v1
q_icecream_04,c8ae7d01-00c1-4e99-8e65-b514d123c6c1,30,6.49514102009847,bm25_regex_v1
q_icecream_04,d8a4d6a8-fa34-47b5-a25f-3d818a44e257,31,6.49514102009847,bm25_regex_v1
q_icecream_04,b553f3ca-aa1b-4a35-9272-2ac1467c32e4,32,6.49514102009847,bm25_regex_v1
q_icecream_04,62d8f706-aee3-4ea0-aa61-4fe3a34d7950,33,6.49514102009847,bm25_regex_v1
q_icecream_04,63a59f73-eca7-4c6f-afbf-4012ea4a040e,34,6.49514102009847,bm25_regex_v1
q_icecream_04,751e4670-49a1-4d43-90b7-b67cc121e0f9,35,6.49514102009847,bm25_regex_v1
q_icecream_04,42c9e910-3197-4d25-b45d-461a130683c0,36,6.49514102009847,bm25_regex_v1
q_icecream_04,b2167984-bcaa-465a-b1a7-63d2f3697953,37,6.49514102009847,bm25_regex_v1
q_icecream_04,b4c076e7-30b0-42c8-9f5c-7b2ad1f6a467,38,6.49514102009847,bm25_regex_v1
q_icecream_04,90110b15-b2c2-4093-a7f7-69c5c0c62857,39,6.49514102009847,bm25_regex_v1
q_icecream_04,779a57f5-e1be-4e86-b622-9f60bdaecdb8,40,6.49514102009847,bm25_regex_v1
q_dental_01,aaa409a2-3a65-4df8-807c-8acd55119e8f,1,7.996077230398533,bm25_regex_v1
q_dental_01,5079f032-d73d-407a-b312-d5e298ae8d72,2,7.996077230398533,bm25_regex_v1
q_dental_01,ff3dbb55-d2e2-4985-9f4f-2f54a2c000e8,3,7.996077230398533,bm25_regex_v1
q_dental_01,b842c553-1530-4353-b832-7d90c228fc47,4,7.1174085418339095,bm25_regex_v1
q_dental_01,d00ab911-1e29-46a9-b0e9-ae6bf67321e5,5,7.1174085418339095,bm25_regex_v1
q_dental_01,a89f5bda-e1af-46e9-851e-a19e1c8e2795,6,6.538778167785686,bm25_regex_v1
q_dental_01,e07734b4-0e2e-4fd0-a098-a643ade1fb40,7,6.538778167785686,bm25_regex_v1
q_dental_01,7a882e9a-de8a-46c8-9e32-64848db8d035,8,6.538778167785686,bm25_regex_v1
q_dental_01,b83a827d-67ed-4eaa-9c1a-c40ee0b19fc6,9,6.538778167785686,bm25_regex_v1
q_dental_01,c0ee29ca-aad3-4aae-b4a8-51c46025713f,10,6.538778167785686,bm25_regex_v1
q_dental_01,bc325a76-141b-436d-b8c4-b27797fac98c,11,6.538778167785686,bm25_regex_v1
q_dental_01,634d386b-ceff-46c6-b712-3d25551a3755,12,6.538778167785686,bm25_regex_v1
q_dental_01,3f61cd24-41b0-4427-9d4b-c5746f943a6c,13,6.538778167785686,bm25_regex_v1
q_dental_01,eb909888-679b-4b23-a5c4-9ef144e5cc11,14,6.538778167785686,bm25_regex_v1
q_dental_01,abe395d7-923f-485a-a75c-99adc69086d7,15,6.538778167785686,bm25_regex_v1
q_dental_01,e8206f77-0aee-4806-bb23-37f4158b8432,16,6.538778167785686,bm25_regex_v1
q_dental_01,3ad5042f-f5af-42c5-ae86-d5a8dda37099,17,6.538778167785686,bm25_regex_v1
q_dental_01,bd0ec08f-bec4-4d85-912d-b3868ed9aa9d,18,6.538778167785686,bm25_regex_v1
q_dental_01,b1d4f7bb-abc1-4fa9-96bf-3720f6a328f6,19,6.538778167785686,bm25_regex_v1
q_dental_01,5cd3118f-e354-4e05-85f3-7d638d3e771b,20,6.538778167785686,bm25_regex_v1
q_dental_01,9b6e4099-a1c4-4e66-9819-5f465a9fe84c,21,6.538778167785686,bm25_regex_v1
q_dental_01,b0a3a48e-d655-41b7-8d3f-dfaf55e665bb,22,6.538778167785686,bm25_regex_v1
q_dental_01,5144b0e4-c61b-44f9-824b-002719577f47,23,6.538778167785686,bm25_regex_v1
q_dental_01,68a4f1b4-de81-4d77-a594-e6885d051999,24,6.538778167785686,bm25_regex_v1
q_dental_01,771b7a02-6e1f-4cc5-bc81-4be7124d1abe,25,6.538778167785686,bm25_regex_v1
q_dental_01,fc5ad37e-53e7-4e42-853e-7d730756ab0b,26,6.538778167785686,bm25_regex_v1
q_dental_01,c4eaf985-97d5-4c0b-a867-f693a87500ed,27,6.538778167785686,bm25_regex_v1
q_dental_01,8c310da9-de89-4323-8607-b864e068c602,28,6.538778167785686,bm25_regex_v1
q_dental_01,0e66dc81-dd57-487a-8203-eb18f5ce2045,29,6.538778167785686,bm25_regex_v1
q_dental_01,42ac96e5-622c-49de-aade-cee945c513e1,30,6.538778167785686,bm25_regex_v1
q_dental_01,85b604e2-54de-491d-97d0-7b1ce5fb93f5,31,6.538778167785686,bm25_regex_v1
q_dental_01,f5f51a18-eeb7-4a17-abc6-833fb1b977e3,32,6.538778167785686,bm25_regex_v1
q_dental_01,7b91199c-429c-4501-a525-3fc11effa5d1,33,6.538778167785686,bm25_regex_v1
q_dental_01,64bc95d9-623d-4590-b73e-0ce5223d7176,34,6.538778167785686,bm25_regex_v1
q_dental_01,40a80b9d-a829-4a97-9276-8f6e9ca569e9,35,6.538778167785686,bm25_regex_v1
q_dental_01,e7a29d05-713a-4ddd-a0b9-bf498097f44a,36,6.538778167785686,bm25_regex_v1
q_dental_01,ed5d0b87-23eb-4334-999e-473e2a551d4e,37,6.538778167785686,bm25_regex_v1
q_dental_01,d526d237-e625-4d1f-8cd2-8d2fce176129,38,6.538778167785686,bm25_regex_v1
q_dental_01,9569e840-c18e-4a95-b393-5bf860563f1e,39,6.538778167785686,bm25_regex_v1
q_dental_01,6abacb53-4c62-41cf-b318-bd1ddf10622a,40,6.538778167785686,bm25_regex_v1
q_dental_02,5b0929a0-daa7-478d-b590-d56284d5ccd8,1,8.64038306785234,bm25_regex_v1
q_dental_02,68aeabd1-ad53-406a-98b3-10641a435e8c,2,8.64038306785234,bm25_regex_v1
q_dental_02,87ec1fe1-c329-43ad-bd36-ad2b1ae6b95c,3,8.64038306785234,bm25_regex_v1
q_dental_02,3d08ffb4-7687-489e-a63f-d2912926ae80,4,8.64038306785234,bm25_regex_v1
q_dental_02,0e2072b5-96bd-4a20-ba14-83c28111d252,5,8.64038306785234,bm25_regex_v1
q_dental_02,01fbf9ae-3815-4459-8cc6-be2dda1a0ff2,6,8.64038306785234,bm25_regex_v1
q_dental_02,85a10df5-ae8b-4a50-b712-12640a613b8d,7,8.64038306785234,bm25_regex_v1
q_dental_02,7330c10a-f726-4899-8bd2-5bf142d647c5,8,8.64038306785234,bm25_regex_v1
q_dental_02,28ffdc86-ff99-40b1-8b77-d738f722289e,9,8.64038306785234,bm25_regex_v1
q_dental_02,014fe2bc-f10c-4fa5-a4d9-d61b1b1eb2ae,10,7.690913241565108,bm25_regex_v1
q_dental_02,25103c22-0fc8-45af-bcab-b855af228dc0,11,7.690913241565108,bm25_regex_v1
q_dental_02,d67e357c-f91e-41ab-b218-fc67945b700a,12,7.690913241565108,bm25_regex_v1
q_dental_02,c35038d5-47b9-42aa-bee0-339fd883fab9,13,7.690913241565108,bm25_regex_v1
q_dental_02,ec9a7180-e55f-43f7-91c9-316e7984315b,14,7.690913241565108,bm25_regex_v1
q_dental_02,70e9abbb-612d-4306-8938-d440002d32de,15,7.690913241565108,bm25_regex_v1
q_dental_02,454b4416-82b8-40bd-b027-05c726d70745,16,7.065658139292647,bm25_regex_v1
q_dental_02,336215fc-aa9e-433e-8848-b395694695ff,17,7.065658139292647,bm25_regex_v1
q_dental_02,77b3e600-3486-4e00-abf8-416674e96bad,18,7.065658139292647,bm25_regex_v1
q_dental_02,ccc2129c-a4cc-4202-a048-37bd4d852940,19,7.065658139292647,bm25_regex_v1
q_dental_02,da6cd7c3-ac87-44f5-a413-fdba84fe236e,20,7.065658139292647,bm25_regex_v1
q_dental_02,a4bd311b-baae-4123-9165-42e1898f622b,21,7.065658139292647,bm25_regex_v1
q_dental_02,61c35724-fa99-4f06-a18c-2dae2879fb80,22,7.065658139292647,bm25_regex_v1
q_dental_02,e13ebf77-d494-42d9-a5cb-0486cbc4ad38,23,7.065658139292647,bm25_regex_v1
q_dental_02,1620eceb-ac01-4c74-a6b5-be729aa804ce,24,7.065658139292647,bm25_regex_v1
q_dental_02,9c7428d0-8536-41f6-9e16-04caea95eaad,25,7.065658139292647,bm25_regex_v1
q_dental_02,b7e27303-3dea-444f-8096-81ad29e781a9,26,7.065658139292647,bm25_regex_v1
q_dental_02,90840411-e08f-470b-95f2-9283893b1710,27,7.065658139292647,bm25_regex_v1
q_dental_02,78915090-ea6e-47e7-b676-4736d0c211e3,28,7.065658139292647,bm25_regex_v1
q_dental_02,242d36eb-ad91-4964-90c9-743523df57f0,29,7.065658139292647,bm25_regex_v1
q_dental_02,40b56982-f7ec-49a9-92bd-bb4c599a0e6b,30,7.065658139292647,bm25_regex_v1
q_dental_02,471d9c61-c613-47ea-bbfd-9f116bd5fbd7,31,7.065658139292647,bm25_regex_v1
q_dental_02,820ff985-d16c-4731-9216-60c3ac1d07ea,32,7.065658139292647,bm25_regex_v1
q_dental_02,7fc834cb-2a07-4b49-a876-d21ac3261328,33,7.065658139292647,bm25_regex_v1
q_dental_02,fa95916c-6646-41ff-b1b5-78e891e97573,34,7.065658139292647,bm25_regex_v1
q_dental_02,5b497111-6c9d-4c0a-90f9-e92cfac6a294,35,7.065658139292647,bm25_regex_v1
q_dental_02,8b6933ab-010a-40f9-ace7-a854e5915491,36,7.065658139292647,bm25_regex_v1
q_dental_02,75c06ad8-e9da-4f08-a4b3-5af3164d73fa,37,7.065658139292647,bm25_regex_v1
q_dental_02,4e1cddda-8f2a-4458-9f93-12467d799664,38,7.065658139292647,bm25_regex_v1
q_dental_02,aede3a05-9b27-46c3-9d07-eb7284374718,39,7.065658139292647,bm25_regex_v1
q_dental_02,a3fa6a80-98de-4644-8b1c-8e454df454be,40,7.065658139292647,bm25_regex_v1
q_dental_03,391ef1d9-0ec7-4b5d-b714-9666ad3043c3,1,11.4566769771665,bm25_regex_v1
q_dental_03,6fb5974d-5d6f-491b-8a8c-5883cdd2fc24,2,11.4566769771665,bm25_regex_v1
q_dental_03,76a3551b-dae4-4326-92cc-662015aedbfb,3,9.713061568494638,bm25_regex_v1
q_dental_03,4cbd7526-5ab9-4975-84a9-5e888989c3fc,4,9.53207721973304,bm25_regex_v1
q_dental_03,d623def9-239c-4fa7-b07b-defedaf83e7b,5,9.53207721973304,bm25_regex_v1
q_dental_03,c111ac9d-3f3a-405c-a8db-4d127ccda9e2,6,8.316053173150372,bm25_regex_v1
q_dental_03,24456103-f6b8-46af-8655-82e61d7265d8,7,8.316053173150372,bm25_regex_v1
q_dental_03,135607e4-b86f-4ee3-8ac8-d8e69133c49a,8,8.161099407317021,bm25_regex_v1
q_dental_03,2743811c-5e71-4d2b-aa75-1b0147d44f2d,9,7.270371540466384,bm25_regex_v1
q_dental_04,76a3551b-dae4-4326-92cc-662015aedbfb,1,9.713061568494638,bm25_regex_v1
q_dental_04,c111ac9d-3f3a-405c-a8db-4d127ccda9e2,2,8.316053173150372,bm25_regex_v1
q_dental_04,24456103-f6b8-46af-8655-82e61d7265d8,3,8.316053173150372,bm25_regex_v1
q_dental_04,60f34431-6960-42f8-aabb-5d0c39d6f6d4,4,8.01201882227563,bm25_regex_v1
q_dental_04,2743811c-5e71-4d2b-aa75-1b0147d44f2d,5,7.270371540466384,bm25_regex_v1
q_oriental_clinic_01,ddf4b52a-759d-4aef-96b4-fd79d8743428,1,7.671002769593367,bm25_regex_v1
q_oriental_clinic_01,783b5a13-eca0-41dc-89a5-521fab7a336d,2,7.671002769593367,bm25_regex_v1
q_oriental_clinic_01,8355d469-a19c-4fff-95f0-faa958d48457,3,7.671002769593367,bm25_regex_v1
q_oriental_clinic_01,91a8eb95-bab8-4dc1-8364-e039a25ab9e8,4,7.671002769593367,bm25_regex_v1
q_oriental_clinic_01,a9f1b112-d0eb-4c4c-a110-56ae1eb2ec92,5,7.671002769593367,bm25_regex_v1
q_oriental_clinic_01,f191121e-b46e-4c8d-8f70-59833988d4fd,6,7.671002769593367,bm25_regex_v1
q_oriental_clinic_01,42cc9567-8d29-44c6-bd0e-089b134c55f3,7,7.671002769593367,bm25_regex_v1
q_oriental_clinic_01,26226842-a08c-47c4-ba86-074f3f85f97e,8,7.671002769593367,bm25_regex_v1
q_oriental_clinic_01,3edaee1c-1c05-4e63-ad86-a39b18d0a6ce,9,7.671002769593367,bm25_regex_v1
q_oriental_clinic_01,abf6c1c8-e6df-46de-9acb-6438af067851,10,7.671002769593367,bm25_regex_v1
q_oriental_clinic_01,0bd959c7-1bdb-4613-920a-3c15cee07358,11,7.671002769593367,bm25_regex_v1
q_oriental_clinic_01,21be2ca7-09e8-4239-9665-ab18729bebeb,12,7.671002769593367,bm25_regex_v1
q_oriental_clinic_01,224c347a-ce91-4ef0-ac8d-7b3c8d32699d,13,7.671002769593367,bm25_regex_v1
q_oriental_clinic_01,29a20609-dd52-4fb7-a50f-700260b8f633,14,7.671002769593367,bm25_regex_v1
q_oriental_clinic_01,404ba0d7-2cda-4662-8166-2a3b63a8185f,15,7.671002769593367,bm25_regex_v1
q_oriental_clinic_01,77cfdbfc-2a2d-4cf3-9c63-2c5590d39d3c,16,7.671002769593367,bm25_regex_v1
q_oriental_clinic_01,ed76a240-84c5-46c3-9e3c-252d9c63e314,17,7.671002769593367,bm25_regex_v1
q_oriental_clinic_01,a2a2fa28-0e06-4f4a-8623-0ea5a1ab30ca,18,7.671002769593367,bm25_regex_v1
q_oriental_clinic_01,e482b7e1-6708-493c-9244-4894f63b711c,19,7.671002769593367,bm25_regex_v1
q_oriental_clinic_01,181a214d-8129-4d50-805b-53211442b29d,20,7.671002769593367,bm25_regex_v1
q_oriental_clinic_01,9ce10344-6dad-4d23-ac20-c0c6ee1e9900,21,7.671002769593367,bm25_regex_v1
q_oriental_clinic_01,c9e86f57-3565-460b-855e-b7377c9db2fd,22,7.671002769593367,bm25_regex_v1
q_oriental_clinic_01,bae76aa4-0425-4834-866f-be14d8a0927c,23,6.828055690754528,bm25_regex_v1
q_oriental_clinic_01,7060c73d-b83d-4aa3-a743-e2dc6d2cca82,24,6.828055690754528,bm25_regex_v1
q_oriental_clinic_01,782bc2cc-c516-4708-ad03-4a3cc52e942b,25,6.828055690754528,bm25_regex_v1
q_oriental_clinic_01,e225ee4b-61ad-4a81-b7be-18d2f61adb5f,26,6.828055690754528,bm25_regex_v1
q_oriental_clinic_01,55dbd4c7-a786-40ab-b032-48c53466d5aa,27,6.828055690754528,bm25_regex_v1
q_oriental_clinic_01,9d36859d-4cb8-4c5a-9546-a3b5b6b5858c,28,6.828055690754528,bm25_regex_v1
q_oriental_clinic_01,2b560e15-fed3-4d6a-9644-7f13b2958447,29,6.828055690754528,bm25_regex_v1
q_oriental_clinic_01,0cea3971-a6df-4ff9-a83f-958d129d64fa,30,6.828055690754528,bm25_regex_v1
q_oriental_clinic_01,8bae6f9c-2081-426a-a570-095ec48a17c9,31,6.272949096108301,bm25_regex_v1
q_oriental_clinic_01,03944c2a-9310-4e20-a902-465d7168fda1,32,6.272949096108301,bm25_regex_v1
q_oriental_clinic_01,480283a4-7c9f-4e05-a664-b2075952f137,33,6.272949096108301,bm25_regex_v1
q_oriental_clinic_01,bc9f2287-6318-46c9-b0f0-5316f03b2d2d,34,6.272949096108301,bm25_regex_v1
q_oriental_clinic_01,74ea8ddd-c5ea-40f6-91d8-9a0592b5b267,35,6.272949096108301,bm25_regex_v1
q_oriental_clinic_01,ac0ae198-e03c-46bd-92f7-a5d96ec127cd,36,6.272949096108301,bm25_regex_v1
q_oriental_clinic_01,a8fb368f-6887-485a-912d-5e7863fce414,37,6.272949096108301,bm25_regex_v1
q_oriental_clinic_01,71af7b1b-3d24-4059-b569-76dcadc45174,38,6.272949096108301,bm25_regex_v1
q_oriental_clinic_01,78ede58d-f129-48e9-9573-ea8833df602c,39,6.272949096108301,bm25_regex_v1
q_oriental_clinic_01,664d9692-81eb-43ac-83a6-830e6359c328,40,6.272949096108301,bm25_regex_v1
q_oriental_clinic_02,223d420a-c2e9-4c8a-89ef-54fddff796b9,1,10.201969775309884,bm25_regex_v1
q_oriental_clinic_02,0ab1eb9a-a600-4ac0-8ce5-615819efcf3f,2,10.201969775309884,bm25_regex_v1
q_oriental_clinic_02,e65625d1-031b-481e-9891-4aec84a9b008,3,10.201969775309884,bm25_regex_v1
q_oriental_clinic_02,6055ea95-cd1c-450c-9e83-ec86ab1ee470,4,10.201969775309884,bm25_regex_v1
q_oriental_clinic_02,88dce2e5-32b2-4358-809e-1adb1ab75841,5,10.201969775309884,bm25_regex_v1
q_oriental_clinic_02,2f761257-4534-4951-bb19-dcd29c5106b8,6,8.4881474694146,bm25_regex_v1
q_oriental_clinic_02,ada98dbd-1a5d-45a9-8c73-9420750a9a1a,7,8.4881474694146,bm25_regex_v1
q_oriental_clinic_02,6500333d-e8ee-4930-b687-3e6cc7b501e0,8,8.4881474694146,bm25_regex_v1
q_oriental_clinic_02,df8d7646-14a0-4deb-a30c-dd00eeb5c48d,9,8.4881474694146,bm25_regex_v1
q_oriental_clinic_02,cef0282b-777a-4200-a8d7-e2f725aed6ea,10,8.362155056619773,bm25_regex_v1
q_oriental_clinic_02,b23c09a8-cc35-4be7-aea3-fb46f696591e,11,8.362155056619773,bm25_regex_v1
q_oriental_clinic_02,909c6981-0f0f-4c00-bb46-ddcaef073a37,12,8.362155056619773,bm25_regex_v1
q_oriental_clinic_02,a67889f9-8f50-456b-90fa-9226c4e70ee2,13,8.362155056619773,bm25_regex_v1
q_oriental_clinic_02,c504d99a-b2e3-4cbf-8a95-51d432a3b3e2,14,8.362155056619773,bm25_regex_v1
q_oriental_clinic_02,8761db88-037e-4e84-9b35-7674e9dc13eb,15,8.362155056619773,bm25_regex_v1
q_oriental_clinic_02,c3558e60-0617-4e8d-b8c8-850093a2fb03,16,8.362155056619773,bm25_regex_v1
q_oriental_clinic_02,bb96597b-882e-42f2-99f5-b076ee38a09f,17,8.362155056619773,bm25_regex_v1
q_oriental_clinic_02,5ccaee76-eeca-44ed-8117-e8cef7af6bac,18,8.362155056619773,bm25_regex_v1
q_oriental_clinic_02,60ad01b8-f3ee-417c-ace6-d46bfd2167f3,19,8.362155056619773,bm25_regex_v1
q_oriental_clinic_02,9af9aac5-f87e-4a50-9a93-54df3046634d,20,8.362155056619773,bm25_regex_v1
q_oriental_clinic_02,376215d9-9f90-472f-8716-c544a32367e2,21,8.362155056619773,bm25_regex_v1
q_oriental_clinic_02,04a734bb-1790-4ecd-9398-2fd3359294d0,22,8.362155056619773,bm25_regex_v1
q_oriental_clinic_02,b38124ed-5075-47c0-b370-77e56ec71f58,23,8.362155056619773,bm25_regex_v1
q_oriental_clinic_02,e8482e21-058c-422d-9117-3e8530a1a9bb,24,8.362155056619773,bm25_regex_v1
q_oriental_clinic_02,06275db0-3bc6-4cb2-b2d0-9c2172db74f9,25,8.362155056619773,bm25_regex_v1
q_oriental_clinic_02,1c8a8990-c1c5-4b90-99a1-09919d081f9a,26,8.362155056619773,bm25_regex_v1
q_oriental_clinic_02,af758da1-5460-4ef4-a90b-28c1dc2cea4b,27,8.362155056619773,bm25_regex_v1
q_oriental_clinic_02,e2370ae7-c6bd-4c80-b26c-7d605debfbdf,28,8.362155056619773,bm25_regex_v1
q_oriental_clinic_02,84148ee7-0438-4b03-b0a0-345be788c3c7,29,8.362155056619773,bm25_regex_v1
q_oriental_clinic_02,e45589c1-095b-414f-95d8-240b3f9f3029,30,8.362155056619773,bm25_regex_v1
q_oriental_clinic_02,51943bc8-380a-4289-95d9-fb452ad34cc0,31,8.362155056619773,bm25_regex_v1
q_oriental_clinic_02,c3ab2310-c23f-401d-a511-a1f881e40316,32,8.362155056619773,bm25_regex_v1
q_oriental_clinic_02,ff399551-3465-4e95-933a-d2542e9e3bd5,33,8.362155056619773,bm25_regex_v1
q_oriental_clinic_02,936d2748-2052-4481-813a-b00d9dd17efb,34,8.362155056619773,bm25_regex_v1
q_oriental_clinic_02,21429b19-7264-4746-840b-2340da0f634d,35,8.362155056619773,bm25_regex_v1
q_oriental_clinic_02,50a5f05c-148f-4163-882e-fd8463713c5f,36,8.362155056619773,bm25_regex_v1
q_oriental_clinic_02,2616a8ba-ceae-4602-b2a7-4d1b0c9893ba,37,8.362155056619773,bm25_regex_v1
q_oriental_clinic_02,a1d4e7ec-266d-437e-b903-1fa3f28eb53c,38,7.267315789097126,bm25_regex_v1
q_oriental_clinic_02,c683ad41-07d3-45f7-ac34-b3f1c3cdbf5b,39,7.267315789097126,bm25_regex_v1
q_oriental_clinic_02,7d73a86e-9a32-4c9e-993a-6d0ef2e41f10,40,7.267315789097126,bm25_regex_v1
q_oriental_clinic_03,76a3551b-dae4-4326-92cc-662015aedbfb,1,9.713061568494638,bm25_regex_v1
q_oriental_clinic_03,c111ac9d-3f3a-405c-a8db-4d127ccda9e2,2,8.316053173150372,bm25_regex_v1
q_oriental_clinic_03,24456103-f6b8-46af-8655-82e61d7265d8,3,8.316053173150372,bm25_regex_v1
q_oriental_clinic_03,b016a86c-b155-431d-8584-01500152702f,4,7.875919708876774,bm25_regex_v1
q_oriental_clinic_03,51516a28-5d7d-464e-aca9-f53dea7e1107,5,7.875919708876774,bm25_regex_v1
q_oriental_clinic_03,110987cb-7ebc-4014-aa11-b1c84ae0bc72,6,7.875919708876774,bm25_regex_v1
q_oriental_clinic_03,e0b9445b-c10a-484b-b3ac-520726f6b8b1,7,7.875919708876774,bm25_regex_v1
q_oriental_clinic_03,203a7e62-47c5-404a-b50e-309a8e102521,8,7.875919708876774,bm25_regex_v1
q_oriental_clinic_03,6b2a6a7b-b304-4295-85a6-4c152904b55b,9,7.875919708876774,bm25_regex_v1
q_oriental_clinic_03,2743811c-5e71-4d2b-aa75-1b0147d44f2d,10,7.270371540466384,bm25_regex_v1
q_oriental_clinic_03,255bb940-e769-445c-90a7-84f490f7a432,11,6.743143407937146,bm25_regex_v1
q_oriental_clinic_03,65718c15-5553-49db-ad26-407ed78d49b3,12,6.743143407937146,bm25_regex_v1
q_oriental_clinic_03,bd708a8b-f30b-4754-98b1-7ca5112dd92a,13,6.743143407937146,bm25_regex_v1
q_oriental_clinic_03,9baa9cb2-72af-421b-b453-e0881d824db0,14,6.743143407937146,bm25_regex_v1
q_oriental_clinic_03,a895df69-dc3a-48c6-98eb-78df1f2bd5f5,15,6.743143407937146,bm25_regex_v1
q_oriental_clinic_03,99fb7b87-7b56-4b61-8efb-3bbbcacb1fc3,16,6.743143407937146,bm25_regex_v1
q_oriental_clinic_03,9e3e0010-8a5d-4069-bd02-00b255b5a92f,17,5.895243441279912,bm25_regex_v1
q_oriental_clinic_03,d42d8238-24e1-4737-92f7-bfd98b91df38,18,5.895243441279912,bm25_regex_v1
q_oriental_clinic_03,239c0fcf-ec40-4a20-a790-57ef66a057da,19,5.895243441279912,bm25_regex_v1
q_oriental_clinic_03,6cc2aecf-ffb7-4413-8eae-225bb6fe6da4,20,5.895243441279912,bm25_regex_v1
q_oriental_clinic_03,46ae3cda-00b2-47bd-b870-3e637d918431,21,5.895243441279912,bm25_regex_v1
q_oriental_clinic_03,1a0defb7-c84d-484d-a47d-19d95eac79d4,22,5.895243441279912,bm25_regex_v1
q_oriental_clinic_03,fba3b5b3-d093-43d1-b8c5-5ba2c65373e6,23,5.895243441279912,bm25_regex_v1
q_oriental_clinic_03,222693c0-8cd6-4b83-b9d7-e33585fc4144,24,5.236759953486034,bm25_regex_v1
q_oriental_clinic_03,d6e70346-24fa-4b96-93f2-9792752aa257,25,5.236759953486034,bm25_regex_v1
q_oriental_clinic_03,20ad171b-58ef-440b-bd2e-15ac23775ce1,26,5.236759953486034,bm25_regex_v1
q_oriental_clinic_03,9631f0f0-91fe-4b49-88e5-daa7a58e9a52,27,5.236759953486034,bm25_regex_v1
q_oriental_clinic_03,1d77845d-88a6-41c6-921f-cea1f15149bd,28,5.236759953486034,bm25_regex_v1
q_oriental_clinic_03,e3ef22f1-dd4f-45fb-94b3-e799925f9f27,29,4.710598275370752,bm25_regex_v1
q_oriental_clinic_03,be70519b-ca84-4e3e-b484-d6519e6d3e1d,30,4.710598275370752,bm25_regex_v1
q_oriental_clinic_03,ae2d2108-e8f8-4145-a3f0-3d4f6794d769,31,4.710598275370752,bm25_regex_v1
q_oriental_clinic_03,424f4d5c-c410-4e24-b513-4ebc8daa679a,32,4.280514985689207,bm25_regex_v1
q_oriental_clinic_03,fab50a52-4bd5-4df2-a12c-e4f195c70e95,33,4.280514985689207,bm25_regex_v1
q_oriental_clinic_03,fc5bb92f-62db-4ded-afbd-21c5b3d8f072,34,4.280514985689207,bm25_regex_v1
q_oriental_clinic_03,8cae8e4a-4881-49ac-8b26-8c116d027a19,35,4.280514985689207,bm25_regex_v1
q_oriental_clinic_03,8fe4b10f-09af-458b-93fc-3ca7a0aa4e04,36,3.3601561019422563,bm25_regex_v1
q_oriental_clinic_03,91783d48-8993-4a8b-bc8f-a2723dd6b98b,37,3.1354379557489005,bm25_regex_v1
q_oriental_clinic_03,04b3f97b-2da5-4d58-8ab5-c5e9f48061c5,38,3.1354379557489005,bm25_regex_v1
q_oriental_clinic_04,b2d9d8d6-5146-40f4-bfd2-3fcb4b5ee49b,1,12.377742669351385,bm25_regex_v1
q_oriental_clinic_04,223d420a-c2e9-4c8a-89ef-54fddff796b9,2,10.201969775309884,bm25_regex_v1
q_oriental_clinic_04,6055ea95-cd1c-450c-9e83-ec86ab1ee470,3,10.201969775309884,bm25_regex_v1
q_oriental_clinic_04,e65625d1-031b-481e-9891-4aec84a9b008,4,10.201969775309884,bm25_regex_v1
q_oriental_clinic_04,88dce2e5-32b2-4358-809e-1adb1ab75841,5,10.201969775309884,bm25_regex_v1
q_oriental_clinic_04,0ab1eb9a-a600-4ac0-8ce5-615819efcf3f,6,10.201969775309884,bm25_regex_v1
q_oriental_clinic_04,aba76fc2-984e-4030-ba01-e2e7d78264c7,7,9.939720297290684,bm25_regex_v1
q_oriental_clinic_04,8753dd1a-9ed0-466a-bf15-ca920d69cbb8,8,9.673257436977671,bm25_regex_v1
q_oriental_clinic_04,25e13912-6a81-41d7-900a-12b4077e03b2,9,9.673257436977671,bm25_regex_v1
q_oriental_clinic_04,d02b1495-52ce-40fa-a9ad-a4673b74e9e8,10,9.673257436977671,bm25_regex_v1
q_oriental_clinic_04,471522f2-c140-4a98-867d-5abda2f03f58,11,9.673257436977671,bm25_regex_v1
q_oriental_clinic_04,d121e15f-dff6-4157-99f0-e3a20442838b,12,9.673257436977671,bm25_regex_v1
q_oriental_clinic_04,f14df4d3-9858-4a8b-8597-20fd477d8e32,13,8.510112072863361,bm25_regex_v1
q_oriental_clinic_04,282b0e8b-051c-49f9-a707-b982df803589,14,8.510112072863361,bm25_regex_v1
q_oriental_clinic_04,6500333d-e8ee-4930-b687-3e6cc7b501e0,15,8.4881474694146,bm25_regex_v1
q_oriental_clinic_04,2f761257-4534-4951-bb19-dcd29c5106b8,16,8.4881474694146,bm25_regex_v1
q_oriental_clinic_04,df8d7646-14a0-4deb-a30c-dd00eeb5c48d,17,8.4881474694146,bm25_regex_v1
q_oriental_clinic_04,ada98dbd-1a5d-45a9-8c73-9420750a9a1a,18,8.4881474694146,bm25_regex_v1
q_oriental_clinic_04,11cd1c46-68d6-44f2-823a-c34949e9df6e,19,8.048253174930029,bm25_regex_v1
q_oriental_clinic_04,d623def9-239c-4fa7-b07b-defedaf83e7b,20,8.048253174930029,bm25_regex_v1
q_oriental_clinic_04,4e16a292-9300-4296-9238-af469eebcdcf,21,8.048253174930029,bm25_regex_v1
q_oriental_clinic_04,7a6892db-c3f0-4b13-b5e8-8c295087f109,22,8.048253174930029,bm25_regex_v1
q_oriental_clinic_04,305ef75f-a949-4205-811d-59e8a2e3818a,23,8.048253174930029,bm25_regex_v1
q_oriental_clinic_04,a8d45a85-80ff-4f32-8e65-137bceeaa7c2,24,8.048253174930029,bm25_regex_v1
q_oriental_clinic_04,8b344b54-0e93-4b73-9aa2-4449571e7f33,25,8.048253174930029,bm25_regex_v1
q_oriental_clinic_04,3c796233-4258-45ca-a9e9-bd021cee9d0b,26,8.048253174930029,bm25_regex_v1
q_oriental_clinic_04,c368224a-ba58-4513-a3ba-570d0d3d20a8,27,7.267315789097126,bm25_regex_v1
q_oriental_clinic_04,a1d4e7ec-266d-437e-b903-1fa3f28eb53c,28,7.267315789097126,bm25_regex_v1
q_oriental_clinic_04,c683ad41-07d3-45f7-ac34-b3f1c3cdbf5b,29,7.267315789097126,bm25_regex_v1
q_oriental_clinic_04,ac4d9e62-9d13-45fd-be91-5a12a3224a1c,30,7.267315789097126,bm25_regex_v1
q_oriental_clinic_04,7d73a86e-9a32-4c9e-993a-6d0ef2e41f10,31,7.267315789097126,bm25_regex_v1
q_oriental_clinic_04,767793a1-91d7-4eb5-a4ea-51be1ed75046,32,7.267315789097126,bm25_regex_v1
q_oriental_clinic_04,c5d3d4ef-83af-4a0b-b85e-10863e57898a,33,6.890690528595858,bm25_regex_v1
q_oriental_clinic_04,24c28641-bf79-4e56-91ff-3cb958818ff0,34,6.890690528595858,bm25_regex_v1
q_oriental_clinic_04,b8449cfe-9baf-4659-90be-536243fc5b42,35,6.890690528595858,bm25_regex_v1
q_oriental_clinic_04,33a37059-0553-4b05-8841-566dee88e39f,36,6.890690528595858,bm25_regex_v1
q_oriental_clinic_04,857c1d41-faec-4719-99f8-a304c3bd1aa5,37,6.890690528595858,bm25_regex_v1
q_oriental_clinic_04,94cf51e5-ddbf-4899-b9c0-5f878d09bc88,38,6.890690528595858,bm25_regex_v1
q_oriental_clinic_04,c590d9d6-835b-42b4-8590-b4173f41bbae,39,6.890690528595858,bm25_regex_v1
q_oriental_clinic_04,7ed95ea9-6c62-417b-b18d-0e0d06cd638f,40,6.3535050568487215,bm25_regex_v1
q_jewelry_01,045b116c-e7af-48dc-9104-bc56fb91dd7b,1,7.107638823654221,bm25_regex_v1
q_jewelry_01,7ab2921e-3f71-4bc1-9c06-4b6443f443d1,2,6.326598382945523,bm25_regex_v1
q_jewelry_01,9cf3c9b7-fd4d-4c0f-93b4-1d78820077e5,3,5.812259214797477,bm25_regex_v1
q_jewelry_01,a5f8b46d-9f4d-4295-ac59-1f472c49855b,4,5.812259214797477,bm25_regex_v1
q_jewelry_01,560c610f-5a45-486a-9a82-d6cf1d9f69e6,5,5.812259214797477,bm25_regex_v1
q_jewelry_01,69b4bac3-5de5-44c5-b2a7-4d0fbbe3647f,6,5.812259214797477,bm25_regex_v1
q_jewelry_01,4ac26ade-30ef-403d-8a03-46359fdbe1a7,7,5.812259214797477,bm25_regex_v1
q_jewelry_01,e83bf675-e9c9-45e5-b359-c949658e3e9c,8,5.812259214797477,bm25_regex_v1
q_jewelry_01,4304ee55-bc0b-4f66-933a-fd3e086a5c11,9,5.812259214797477,bm25_regex_v1
q_jewelry_01,0e91fb33-dae3-4417-83a9-0eb35df25ab8,10,5.812259214797477,bm25_regex_v1
q_jewelry_01,50acf00b-db42-450e-9d1c-57cb858e220d,11,5.812259214797477,bm25_regex_v1
q_jewelry_01,734de297-0a6a-419b-84b9-f86639e41eae,12,5.812259214797477,bm25_regex_v1
q_jewelry_01,ee1c7934-3371-42ee-805f-52ad3bbba834,13,5.812259214797477,bm25_regex_v1
q_jewelry_01,f501c7e7-8d27-4c88-bd93-e071d6aee917,14,5.812259214797477,bm25_regex_v1
q_jewelry_01,0361133a-3124-415a-999c-3ca3a41d9a3e,15,5.812259214797477,bm25_regex_v1
q_jewelry_01,022f2fd5-a34e-4313-aad7-e333c361e000,16,5.812259214797477,bm25_regex_v1
q_jewelry_01,ebb4924e-7939-44f2-bfed-a802fe9e0b65,17,5.812259214797477,bm25_regex_v1
q_jewelry_01,c3a34fc5-08d8-4a3b-8121-001753cd64e7,18,5.812259214797477,bm25_regex_v1
q_jewelry_01,3421169c-743d-4654-859c-67511793ca59,19,5.812259214797477,bm25_regex_v1
q_jewelry_01,53c4c6cc-37b3-4ad8-87d7-a7c97ea1358c,20,5.812259214797477,bm25_regex_v1
q_jewelry_01,f131ac57-c107-4181-8c5d-8a0cbb4ab4c3,21,5.812259214797477,bm25_regex_v1
q_jewelry_01,eab6ecf9-595b-41cb-a8c7-7b38c8b9d1ce,22,5.812259214797477,bm25_regex_v1
q_jewelry_01,46a227f2-0513-45b2-8b29-f8ae75d4e2c0,23,5.812259214797477,bm25_regex_v1
q_jewelry_01,f831d968-c580-42f8-a8b9-39b9aabc0331,24,5.812259214797477,bm25_regex_v1
q_jewelry_01,8ae5f0e8-adea-4aa9-9db5-6fa3245963ad,25,5.812259214797477,bm25_regex_v1
q_jewelry_01,a1fb4d1e-d044-4df4-8c16-d43a1954ecd5,26,5.812259214797477,bm25_regex_v1
q_jewelry_01,fbc3bfab-6035-4b48-832b-761de568779b,27,5.812259214797477,bm25_regex_v1
q_jewelry_01,dad46390-cf03-401e-9c75-3cac3f1fb906,28,5.812259214797477,bm25_regex_v1
q_jewelry_01,cac40402-9bc2-4745-a61d-997a72afa827,29,5.812259214797477,bm25_regex_v1
q_jewelry_01,f2090393-8d0b-4bd5-8d67-998367598210,30,5.812259214797477,bm25_regex_v1
q_jewelry_01,979a719c-d1b4-4d54-a14c-561ac99c6336,31,5.812259214797477,bm25_regex_v1
q_jewelry_01,ed04cea8-27e0-4d42-9c1d-435e749d385d,32,5.812259214797477,bm25_regex_v1
q_jewelry_01,b4f53bdf-cf9c-43d5-8b20-0368e3155170,33,5.812259214797477,bm25_regex_v1
q_jewelry_01,fd584ac1-5ac4-4e6a-b0dd-9861a32d13df,34,5.812259214797477,bm25_regex_v1
q_jewelry_01,81155419-03f7-4f67-b5e7-18a00285c5eb,35,5.812259214797477,bm25_regex_v1
q_jewelry_01,ff140cea-e058-4624-99bc-30144d5df3d9,36,5.812259214797477,bm25_regex_v1
q_jewelry_01,f431b3e1-57e4-4ed4-8b3f-6d72b872cb78,37,5.812259214797477,bm25_regex_v1
q_jewelry_01,d54ff6a6-e8ae-4993-815e-292b0487f20d,38,5.812259214797477,bm25_regex_v1
q_jewelry_01,a691d1b5-fe7f-4c97-a78e-6fa2145af164,39,5.812259214797477,bm25_regex_v1
q_jewelry_01,2840e854-1481-44cd-b66b-baf6ba31be51,40,5.812259214797477,bm25_regex_v1
q_jewelry_02,cf93d301-e03e-4693-8afb-9b2426c4b9d2,1,10.755725906303345,bm25_regex_v1
q_jewelry_02,bb840349-5f48-48a5-8700-46fea0ec2d78,2,10.755725906303345,bm25_regex_v1
q_jewelry_02,9725f4ff-7770-48db-a543-e43066795cce,3,10.755725906303345,bm25_regex_v1
q_jewelry_02,3e83d8ee-19b6-4f78-bef8-4ccd8a6acda2,4,10.755725906303345,bm25_regex_v1
q_jewelry_02,5594e06e-c7f2-490c-afb2-c8eef2b067cd,5,10.755725906303345,bm25_regex_v1
q_jewelry_02,984688cd-cd46-4095-8d30-47ee49c3efec,6,10.755725906303345,bm25_regex_v1
q_jewelry_02,49a3fe9c-bbf7-42a9-a741-99166f39ce92,7,10.755725906303345,bm25_regex_v1
q_jewelry_02,4af6128c-51b1-4ea8-ae60-2b958126a172,8,8.948878466024732,bm25_regex_v1
q_jewelry_02,38734df9-1aea-49b2-9050-25ba327f052d,9,8.948878466024732,bm25_regex_v1
q_jewelry_02,a4336643-0090-48ab-9fb5-910a48547a4c,10,7.661780854443381,bm25_regex_v1
q_jewelry_03,fb1abfce-7993-4105-9194-ff00c184df05,1,11.674203458948668,bm25_regex_v1
q_jewelry_03,db263250-3318-4ca7-b22e-98ddf160bc69,2,11.674203458948668,bm25_regex_v1
q_jewelry_03,76a3551b-dae4-4326-92cc-662015aedbfb,3,9.713061568494638,bm25_regex_v1
q_jewelry_03,fc1d3535-a0d5-487f-8e55-1280673d7615,4,9.031918649249103,bm25_regex_v1
q_jewelry_03,04953f2e-6237-48ad-bae3-331572b31a5d,5,8.510112072863361,bm25_regex_v1
q_jewelry_03,24456103-f6b8-46af-8655-82e61d7265d8,6,8.316053173150372,bm25_regex_v1
q_jewelry_03,a54a3ab8-d1b5-4844-80b7-ac70fad66dc0,7,8.316053173150372,bm25_regex_v1
q_jewelry_03,c111ac9d-3f3a-405c-a8db-4d127ccda9e2,8,8.316053173150372,bm25_regex_v1
q_jewelry_03,c161453d-f2c8-4b97-a2c3-a54e0cbdb7e8,9,8.01201882227563,bm25_regex_v1
q_jewelry_03,db501aba-a212-40a0-b824-1fa363a3e7af,10,7.440028981595161,bm25_regex_v1
q_jewelry_03,2743811c-5e71-4d2b-aa75-1b0147d44f2d,11,7.270371540466384,bm25_regex_v1
q_jewelry_04,99853446-9549-40a8-a9a9-6c1585eb069a,1,10.875714655404368,bm25_regex_v1
q_jewelry_04,aba76fc2-984e-4030-ba01-e2e7d78264c7,2,9.939720297290684,bm25_regex_v1
q_jewelry_04,302f4279-8179-4419-8425-73c11e7e028d,3,8.89359663479395,bm25_regex_v1
q_jewelry_04,90e5aed7-f1ec-4262-9c89-2a1af6fd7ffb,4,8.89359663479395,bm25_regex_v1
q_jewelry_04,33e3ea0e-758e-4e3e-bb3c-dd4129212c9d,5,8.89359663479395,bm25_regex_v1
q_jewelry_04,73947765-3a97-4a07-9f63-cbc493ec678e,6,8.89359663479395,bm25_regex_v1
q_jewelry_04,f3b93dbe-8392-4adc-bab2-5c1ab589365f,7,8.89359663479395,bm25_regex_v1
q_jewelry_04,55fd2cdd-161a-4ba5-b68e-b73668db1f29,8,8.89359663479395,bm25_regex_v1
q_jewelry_04,d9ab5b09-09a9-41d1-b4d0-76845a1c43e0,9,8.89359663479395,bm25_regex_v1
q_jewelry_04,aecfd023-8d79-4268-bf6a-8efe135a09ba,10,8.89359663479395,bm25_regex_v1
q_jewelry_04,8f0183a4-9b7e-4e79-bd2c-cdf56084c1fe,11,8.89359663479395,bm25_regex_v1
q_jewelry_04,7e194087-5a1b-4a6f-b2cd-f0a892445a69,12,8.89359663479395,bm25_regex_v1
q_jewelry_04,df1d4d49-f255-43f3-bd6f-95f7ae0f8397,13,8.89359663479395,bm25_regex_v1
q_jewelry_04,ab5f9272-a3d4-4784-b6de-a3aa8f12f3ce,14,8.89359663479395,bm25_regex_v1
q_jewelry_04,df95dbf6-8904-44fa-b4a8-264d5a541a33,15,8.89359663479395,bm25_regex_v1
q_jewelry_04,7b34a7a0-8abc-4472-a552-a380a349dec8,16,8.89359663479395,bm25_regex_v1
q_jewelry_04,4234c3dc-659d-4f03-9b56-90ab29de6482,17,8.89359663479395,bm25_regex_v1
q_jewelry_04,9e42a89f-db82-4aee-81e9-2247d4e2cd47,18,8.89359663479395,bm25_regex_v1
q_jewelry_04,bd5491a2-34c2-41b6-9820-3a44bb6c7a5b,19,8.89359663479395,bm25_regex_v1
q_jewelry_04,c39095be-a8a6-4e00-9e88-a86045cbe3a7,20,8.89359663479395,bm25_regex_v1
q_jewelry_04,4243d89c-b92b-44f4-b1b7-b5166be0deff,21,8.89359663479395,bm25_regex_v1
q_jewelry_04,f38aea68-99b7-4759-90e3-ea3de2a19bf1,22,8.89359663479395,bm25_regex_v1
q_jewelry_04,31970843-0b7f-4ca7-901e-feae69a91c1e,23,8.89359663479395,bm25_regex_v1
q_jewelry_04,3cb4a2bf-e614-4572-9f50-63a8e61ad24f,24,8.89359663479395,bm25_regex_v1
q_jewelry_04,ab08e689-f974-4af6-b4b1-e130bd0b2794,25,8.89359663479395,bm25_regex_v1
q_jewelry_04,f85fcc7d-4404-4f62-8a7b-8f05946b4c9f,26,8.89359663479395,bm25_regex_v1
q_jewelry_04,710db2d9-9dbb-40f3-ac3a-9b624483b6b0,27,8.89359663479395,bm25_regex_v1
q_jewelry_04,29dd535c-5a04-4924-8275-85c5a1737d88,28,8.89359663479395,bm25_regex_v1
q_jewelry_04,2256ae40-9020-4539-8b78-4bbe2116c342,29,8.89359663479395,bm25_regex_v1
q_jewelry_04,a754851e-0e1d-4357-acbb-b1dca71ecd3f,30,8.89359663479395,bm25_regex_v1
q_jewelry_04,644f43ea-8821-4a86-9694-2fa5da055d19,31,8.89359663479395,bm25_regex_v1
q_jewelry_04,f41de799-620d-4701-af86-b02d09d2469a,32,8.89359663479395,bm25_regex_v1
q_jewelry_04,f14df4d3-9858-4a8b-8597-20fd477d8e32,33,8.510112072863361,bm25_regex_v1
q_jewelry_04,282b0e8b-051c-49f9-a707-b982df803589,34,8.510112072863361,bm25_regex_v1
q_jewelry_04,0c03b5af-6bcc-4845-812a-7a7460599260,35,7.399567086771482,bm25_regex_v1
q_jewelry_04,5c87873d-08dd-4da1-8365-3b98b0a8c3c2,36,7.399567086771482,bm25_regex_v1
q_jewelry_04,dbeb50e6-dcc2-4c0d-bfd3-34d2de7fdaa9,37,7.399567086771482,bm25_regex_v1
q_jewelry_04,c0d1e471-7814-47d7-a3c2-2707dae77699,38,7.399567086771482,bm25_regex_v1
q_jewelry_04,5657e286-0340-4b81-a82d-433ac10ebd3f,39,7.399567086771482,bm25_regex_v1
q_jewelry_04,4c2da11f-4773-4358-9f0f-b6ccaf2b89c5,40,7.399567086771482,bm25_regex_v1
q_bedding_01,b703e89d-371e-4602-a53e-6f6f487b8af7,1,6.745994496290158,bm25_regex_v1
q_bedding_01,a24b7370-979e-4e16-81b7-d1fcef17d755,2,6.745994496290158,bm25_regex_v1
q_bedding_01,29e4cf87-26ff-4546-b5af-caa0a9d45195,3,6.745994496290158,bm25_regex_v1
q_bedding_01,4f766a1b-05fc-4b4a-adc2-655666ef8aef,4,6.745994496290158,bm25_regex_v1
q_bedding_01,f31edd1f-b887-4854-857b-e72af5f71577,5,6.745994496290158,bm25_regex_v1
q_bedding_01,639edc46-13d9-4fa5-a78e-07ac63aadfc4,6,6.745994496290158,bm25_regex_v1
q_bedding_01,3a96e14b-0821-4f4d-8a45-32283148ff2a,7,6.745994496290158,bm25_regex_v1
q_bedding_01,3b03e5a0-06f9-4679-a98c-b0788c7ac603,8,6.745994496290158,bm25_regex_v1
q_bedding_01,5805ac79-4a0e-49d9-9c66-ade45d155c77,9,6.745994496290158,bm25_regex_v1
q_bedding_01,6b7df73a-6efa-4ec8-9a2b-529337f5ae7e,10,6.745994496290158,bm25_regex_v1
q_bedding_01,4f4e75d7-3442-43ca-b345-f2e42f5300e8,11,6.745994496290158,bm25_regex_v1
q_bedding_01,4175df1e-198d-4939-aa6e-0e0d2e5ea8c0,12,6.745994496290158,bm25_regex_v1
q_bedding_01,a5609d6e-c540-4cc8-b252-25b1c947084d,13,6.745994496290158,bm25_regex_v1
q_bedding_01,96b717d9-d172-4ca4-b625-cd8cdb4dcaf3,14,6.745994496290158,bm25_regex_v1
q_bedding_01,9448380a-630a-44b6-b596-9ae4cbf8a405,15,6.745994496290158,bm25_regex_v1
q_bedding_01,aa2134bc-da93-4c81-b951-42b0672a3f7a,16,6.745994496290158,bm25_regex_v1
q_bedding_01,0e29a687-6d74-4999-aeab-c929e6736e35,17,6.745994496290158,bm25_regex_v1
q_bedding_01,37469472-cea0-4fca-9f0d-b6a47f692ed9,18,6.745994496290158,bm25_regex_v1
q_bedding_01,b34670d4-1bae-47ca-9860-78c2aab24447,19,6.745994496290158,bm25_regex_v1
q_bedding_01,cd36cbed-7ae0-41d5-a7c4-849417f88ab6,20,6.745994496290158,bm25_regex_v1
q_bedding_01,e234d442-f7b4-4745-adf7-f4e3b6ad32f4,21,6.745994496290158,bm25_regex_v1
q_bedding_01,ede851c2-a67e-4db0-88c3-809feaae7b8a,22,6.745994496290158,bm25_regex_v1
q_bedding_01,5a5700fd-dc82-4367-a8b9-11c7a069aee5,23,6.745994496290158,bm25_regex_v1
q_bedding_01,9a2b2819-4ca6-42ec-b979-752e20938a55,24,6.745994496290158,bm25_regex_v1
q_bedding_01,309ae8d2-ac09-4327-af2c-1a7feb1daa9b,25,6.745994496290158,bm25_regex_v1
q_bedding_01,73c9270c-5e3e-44da-a550-addf4d45fbd2,26,6.745994496290158,bm25_regex_v1
q_bedding_01,87307e59-31be-43be-9d26-2fcd9ffb36c7,27,6.745994496290158,bm25_regex_v1
q_bedding_01,95b3a16e-c467-4d05-a798-824370c4dcd7,28,6.745994496290158,bm25_regex_v1
q_bedding_01,cd4b5f9f-e59a-4587-b62d-bfb54396df16,29,6.745994496290158,bm25_regex_v1
q_bedding_01,0c410ee7-9a53-4a79-a663-95853895e152,30,6.745994496290158,bm25_regex_v1
q_bedding_01,b30cb1de-18d4-4d8c-a959-7571be773cdd,31,6.745994496290158,bm25_regex_v1
q_bedding_01,08fa6a53-d44f-460a-8393-49b31abde4b7,32,6.745994496290158,bm25_regex_v1
q_bedding_01,4a76b51d-a902-4c72-a24d-be68271ef119,33,6.745994496290158,bm25_regex_v1
q_bedding_01,7b4b4692-13db-4053-8a76-855cce2c0918,34,6.745994496290158,bm25_regex_v1
q_bedding_01,8f7ec422-e59d-469a-97a3-ae006158af67,35,6.745994496290158,bm25_regex_v1
q_bedding_01,ba8b8794-96e2-418d-84e2-decda06b0ebb,36,6.745994496290158,bm25_regex_v1
q_bedding_01,dae6a236-f706-42f4-a4b9-d0c2f138e716,37,6.745994496290158,bm25_regex_v1
q_bedding_01,eea83a00-dad3-4e65-a68d-2d588a8de778,38,6.745994496290158,bm25_regex_v1
q_bedding_01,676ef9fb-0c07-4b3b-a9d0-1b63cb5571d6,39,6.745994496290158,bm25_regex_v1
q_bedding_01,148efc97-4621-4072-a364-f30154f27a60,40,6.745994496290158,bm25_regex_v1
q_bedding_03,76a3551b-dae4-4326-92cc-662015aedbfb,1,9.713061568494638,bm25_regex_v1
q_bedding_03,24456103-f6b8-46af-8655-82e61d7265d8,2,8.316053173150372,bm25_regex_v1
q_bedding_03,c111ac9d-3f3a-405c-a8db-4d127ccda9e2,3,8.316053173150372,bm25_regex_v1
q_bedding_03,c161453d-f2c8-4b97-a2c3-a54e0cbdb7e8,4,8.01201882227563,bm25_regex_v1
q_bedding_03,310c9424-eac7-476a-9a67-c7c75fd071a1,5,7.73660814794357,bm25_regex_v1
q_bedding_03,aa590fe8-fc68-4e09-9012-10fd2bd3dae1,6,7.5506458253888935,bm25_regex_v1
q_bedding_03,2743811c-5e71-4d2b-aa75-1b0147d44f2d,7,7.270371540466384,bm25_regex_v1
q_bedding_03,ce6436ef-caf1-4781-9b02-342ded827d6e,8,6.720924466522061,bm25_regex_v1
q_bedding_03,99c3162c-3ac6-4f50-8622-02b04a5157f8,9,6.174527415523008,bm25_regex_v1
q_bedding_03,fa8608ae-7155-4e49-a3e4-6d7cfb04c48f,10,6.174527415523008,bm25_regex_v1
q_bedding_03,8c86a5ac-7f57-4726-9c0a-3493d712dbcb,11,6.174527415523008,bm25_regex_v1
q_bedding_03,4db2ea0e-cc04-4621-9e65-5f30ef8788ca,12,6.174527415523008,bm25_regex_v1
q_bedding_03,2219a275-2078-4838-9b00-642ce2838de4,13,6.174527415523008,bm25_regex_v1
q_bedding_03,82bfa994-c84b-453c-8abf-8e499bcd1296,14,6.174527415523008,bm25_regex_v1
q_bedding_03,19220ba1-df95-4cbe-8f6b-2ead88996497,15,6.174527415523008,bm25_regex_v1
q_bedding_03,c93dd0a0-c9ca-40b6-a8a2-f4f51de8cfb4,16,6.174527415523008,bm25_regex_v1
q_bedding_03,ae8b6297-bb66-45ee-b419-224c758f86c1,17,6.174527415523008,bm25_regex_v1
q_bedding_03,e936d9eb-5b17-496d-a6ac-c47068918003,18,6.174527415523008,bm25_regex_v1
q_bedding_03,d9032428-f20d-4fb2-a9ee-aa556909cad5,19,6.174527415523008,bm25_regex_v1
q_bedding_03,1a167fc7-7653-4323-a74d-56cda6d03fc0,20,6.174527415523008,bm25_regex_v1
q_bedding_03,c1407821-27c2-49a7-ac38-9f2c1d43e743,21,6.174527415523008,bm25_regex_v1
q_bedding_03,504c0bf7-9f11-4bc3-94d8-eeb93830cd46,22,6.174527415523008,bm25_regex_v1
q_bedding_03,549d6431-2cd5-49af-99a1-a60a7ff8eca1,23,6.174527415523008,bm25_regex_v1
q_bedding_03,d202b0fc-1b25-4c3b-88c4-ebd1f0d5c140,24,6.174527415523008,bm25_regex_v1
q_bedding_03,30ac881c-3756-4aa0-8c03-afa7becdd8ac,25,6.174527415523008,bm25_regex_v1
q_bedding_03,c1ddef12-1aba-4d2d-b5e8-fa589f52b87c,26,6.174527415523008,bm25_regex_v1
q_bedding_03,7e9e0d07-4a30-4547-94e1-a244774e81d0,27,6.174527415523008,bm25_regex_v1
q_bedding_03,25b6ca34-0472-42f9-a1a5-34665c310fc4,28,6.174527415523008,bm25_regex_v1
q_bedding_03,d24f5dbc-4207-4f7b-b4a2-52ad1645c0ee,29,6.174527415523008,bm25_regex_v1
q_bedding_03,19bd58ce-12ad-4621-b034-ffa545aa8a81,30,6.174527415523008,bm25_regex_v1
q_bedding_03,acd6c720-13fe-4271-9c30-388a83a2e102,31,6.174527415523008,bm25_regex_v1
q_bedding_03,77c0922f-b94b-4392-91a5-8e4c7f895d08,32,6.174527415523008,bm25_regex_v1
q_bedding_03,9af5feb3-3a79-4bb7-8d7b-04f8755bb236,33,6.174527415523008,bm25_regex_v1
q_bedding_03,dec2f7bf-3452-42bd-8eaf-eb2fa8fc167d,34,6.174527415523008,bm25_regex_v1
q_bedding_03,bf573816-30d5-4268-87f9-22e5824bcd62,35,6.174527415523008,bm25_regex_v1
q_bedding_03,be323dfe-a2c3-41ac-9b5f-b9ce90c712c8,36,6.174527415523008,bm25_regex_v1
q_bedding_03,820f4134-5a96-43e1-9e9c-a7faae13c973,37,6.174527415523008,bm25_regex_v1
q_bedding_03,0eb187dc-1e99-4170-a6ed-e9dff3d21b6c,38,6.174527415523008,bm25_regex_v1
q_bedding_03,a5be34bb-71d7-4359-ac2c-2afbbec0851b,39,6.174527415523008,bm25_regex_v1
q_bedding_03,bf1366f9-0511-44fc-a802-46543397296d,40,6.174527415523008,bm25_regex_v1
q_bedding_04,aba76fc2-984e-4030-ba01-e2e7d78264c7,1,9.939720297290684,bm25_regex_v1
q_bedding_04,282b0e8b-051c-49f9-a707-b982df803589,2,8.510112072863361,bm25_regex_v1
q_bedding_04,f14df4d3-9858-4a8b-8597-20fd477d8e32,3,8.510112072863361,bm25_regex_v1
q_bedding_04,4ce4642b-c58e-491a-be5e-2e2eff885047,4,8.243218226661503,bm25_regex_v1
q_bedding_04,bd70b396-33c7-4075-a035-a2879ce7545d,5,8.243218226661503,bm25_regex_v1
q_bedding_04,44162f88-abcf-4437-8a89-7e0405060a40,6,6.740877285161091,bm25_regex_v1
q_bedding_04,bae7f509-ddfd-4004-99e7-96fd05bb2058,7,6.740877285161091,bm25_regex_v1
q_bedding_04,be9e14ff-432a-46a0-b756-cc9e85240f00,8,6.740877285161091,bm25_regex_v1
q_bedding_04,5d55845e-4d0f-4488-a162-54dc6bff79b9,9,6.740877285161091,bm25_regex_v1
q_bedding_04,499406a6-4d0d-43c1-afbe-0b776d5a690f,10,6.740877285161091,bm25_regex_v1
q_bedding_04,116fadff-f232-4989-ac57-745e16d1e427,11,6.740877285161091,bm25_regex_v1
q_bedding_04,51491f21-491c-4a9d-aece-15a9af91f0eb,12,6.740877285161091,bm25_regex_v1
q_bedding_04,8d155d58-62e4-43b0-a6da-7080f9063a0b,13,6.740877285161091,bm25_regex_v1
q_bedding_04,1ba0ca44-c59b-4ad8-bad8-0e05114a803f,14,6.740877285161091,bm25_regex_v1
q_bedding_04,90aad741-5a24-41be-ad5e-8892df348a9d,15,6.740877285161091,bm25_regex_v1
q_bedding_04,757cdefc-274b-4d7c-946c-6c68a48cd8ac,16,6.740877285161091,bm25_regex_v1
q_bedding_04,035b2c82-5e87-47dc-aedf-75253b965cf0,17,6.740877285161091,bm25_regex_v1
q_bedding_04,adbeda9c-8800-45c6-86bf-76c5ef3f2f55,18,6.740877285161091,bm25_regex_v1
q_bedding_04,bf23ae6d-3be2-48a8-abb5-c87f013dde73,19,6.740877285161091,bm25_regex_v1
q_bedding_04,a0eb37d3-0907-4438-b912-6f165e1cedff,20,6.740877285161091,bm25_regex_v1
q_bedding_04,b574317c-4a13-4a6c-9927-7cd3fb6e22ee,21,6.740877285161091,bm25_regex_v1
q_bedding_04,afa3defd-b22d-4ce4-ab19-3cb1ed75946c,22,6.740877285161091,bm25_regex_v1
q_bedding_04,7d3cbed5-f267-48e6-aedf-e326b80468f5,23,6.740877285161091,bm25_regex_v1
q_bedding_04,685d3a58-291b-42ef-a507-41358e645a42,24,6.740877285161091,bm25_regex_v1
q_bedding_04,1c2b7408-304f-4ae8-a2e4-e73616d23cfc,25,6.740877285161091,bm25_regex_v1
q_bedding_04,0bfa5870-7175-477c-95bc-78faf16682da,26,6.740877285161091,bm25_regex_v1
q_bedding_04,7adf6073-7363-453a-84ef-15e76d5cf0e3,27,6.740877285161091,bm25_regex_v1
q_bedding_04,bbf606d7-2846-46d0-a50a-15ec46bd4eb2,28,6.740877285161091,bm25_regex_v1
q_bedding_04,510e66f5-4114-44f6-9e6c-92c933ecf868,29,6.740877285161091,bm25_regex_v1
q_bedding_04,cfd3eae3-4daf-4222-86c6-f9fd95f14e3a,30,6.740877285161091,bm25_regex_v1
q_bedding_04,27ffa690-fb99-4739-a1ac-bacc9b04c530,31,6.740877285161091,bm25_regex_v1
q_bedding_04,443decf0-4930-409e-92e2-f6b65434dd21,32,6.740877285161091,bm25_regex_v1
q_bedding_04,9b430b68-2565-46ec-998a-a63d595f412c,33,6.740877285161091,bm25_regex_v1
q_bedding_04,6a3a5be4-dd03-4b4f-ab82-3d813177f8c7,34,6.740877285161091,bm25_regex_v1
q_bedding_04,020914cd-8086-4fad-ab39-bbae265d6a60,35,6.740877285161091,bm25_regex_v1
q_bedding_04,8232c430-9baa-4c57-9d8d-03b1ff33e66b,36,6.740877285161091,bm25_regex_v1
q_bedding_04,6c0eacee-745a-4ff0-8dfa-5c464854e301,37,6.740877285161091,bm25_regex_v1
q_bedding_04,114392db-a26e-4759-bd57-ef1ef1020da6,38,6.740877285161091,bm25_regex_v1
q_bedding_04,e9bd6316-cd5f-40f3-9be0-4014e059c98c,39,6.740877285161091,bm25_regex_v1
q_bedding_04,f40bdddc-209f-4785-b2cc-0c4f81fc7500,40,6.740877285161091,bm25_regex_v1
q_furniture_01,c4088b80-29ef-4fe5-8e41-a062fb483e83,1,7.198603772112662,bm25_regex_v1
q_furniture_01,75cf53e3-5877-4d6d-a034-5ba8bc6cab87,2,7.198603772112662,bm25_regex_v1
q_furniture_01,01083bff-525f-49d6-8dc9-7d3f1e1088cd,3,7.198603772112662,bm25_regex_v1
q_furniture_01,196bd38b-f05e-4144-8c2d-4752a351bc9d,4,7.198603772112662,bm25_regex_v1
q_furniture_01,cc7363d5-a3e5-4e05-bb17-99395a2f3d5a,5,7.198603772112662,bm25_regex_v1
q_furniture_01,9b26eb62-79a2-4745-9f79-a7b6d7142deb,6,7.198603772112662,bm25_regex_v1
q_furniture_01,15a05572-6e52-44e3-95f8-7a682bc07c18,7,7.198603772112662,bm25_regex_v1
q_furniture_01,fa905f9d-101b-407d-a8be-180e2961b86b,8,7.198603772112662,bm25_regex_v1
q_furniture_01,83358573-9ed9-493c-9f58-ad401d69e09a,9,6.407567423452567,bm25_regex_v1
q_furniture_01,fd81ab86-0ae6-4fa0-9822-dfcc597147e2,10,6.407567423452567,bm25_regex_v1
q_furniture_01,000f2b92-c3c3-4ff7-8507-d2b8b0804036,11,6.407567423452567,bm25_regex_v1
q_furniture_01,6c18591a-aa17-4c09-8888-b02a2e6fc4bf,12,6.138922421830292,bm25_regex_v1
q_furniture_01,aa282976-da0f-4e89-9c30-e9079da8ff46,13,5.886645642276262,bm25_regex_v1
q_furniture_01,59693f2c-918e-43e1-8188-83ecdd3c2efa,14,5.886645642276262,bm25_regex_v1
q_furniture_01,8f57f7ec-cf31-417c-95cc-830216e0ebf2,15,5.886645642276262,bm25_regex_v1
q_furniture_01,c5fbb0c6-590e-49f0-98dc-30fafb0b7371,16,5.886645642276262,bm25_regex_v1
q_furniture_01,629b6602-ded6-49da-a393-3c3e2edaa721,17,5.886645642276262,bm25_regex_v1
q_furniture_01,c305bfcb-ea32-4af8-acc0-517707894861,18,5.886645642276262,bm25_regex_v1
q_furniture_01,12b9ac19-6985-47b6-81ce-029d29bb3d71,19,5.886645642276262,bm25_regex_v1
q_furniture_01,620c8d8a-3939-4e77-906b-e22f9447b25b,20,5.886645642276262,bm25_regex_v1
q_furniture_01,b01f2e87-4eff-418f-8cac-0e04fd3b06f5,21,5.886645642276262,bm25_regex_v1
q_furniture_01,2a43fdc8-00a2-4750-9337-7502facf3cf4,22,5.886645642276262,bm25_regex_v1
q_furniture_01,b9e2ed0b-05fe-4a0d-99cb-f1230fc22c90,23,5.886645642276262,bm25_regex_v1
q_furniture_01,0fbc5ef3-a388-4283-995e-982a1784c0d0,24,5.886645642276262,bm25_regex_v1
q_furniture_01,deec3729-50a2-43e5-a218-20ed445abcfb,25,5.886645642276262,bm25_regex_v1
q_furniture_01,dda4141e-6784-4cd0-87d7-3f8af9b65f5f,26,5.886645642276262,bm25_regex_v1
q_furniture_01,c7f10c0f-816a-4169-be12-76c0a7351727,27,5.886645642276262,bm25_regex_v1
q_furniture_01,4616ccc9-d187-4b52-9af9-0691153f59b2,28,5.886645642276262,bm25_regex_v1
q_furniture_01,56716ac3-bfb6-4669-a183-c67d0ebb0c98,29,5.886645642276262,bm25_regex_v1
q_furniture_01,83a80fb8-34dd-4e66-9c47-4d713fc9c965,30,5.886645642276262,bm25_regex_v1
q_furniture_01,34a4e41f-2aed-4d7a-8345-1533143bb7af,31,5.886645642276262,bm25_regex_v1
q_furniture_01,797ead2e-f16c-468c-9af3-07ce1667eec4,32,5.886645642276262,bm25_regex_v1
q_furniture_01,3f2b1cc1-145c-4621-9c09-5a7e9f709097,33,5.886645642276262,bm25_regex_v1
q_furniture_01,031de4ba-62c8-472a-abf2-0459220acb75,34,5.886645642276262,bm25_regex_v1
q_furniture_01,3da38376-8c58-4d9f-ac1d-6a5fe061161b,35,5.886645642276262,bm25_regex_v1
q_furniture_01,95ecd503-d069-4bf3-b64e-89dfc71eb430,36,5.886645642276262,bm25_regex_v1
q_furniture_01,f3111582-4a55-461c-9fa3-1f57510c973d,37,5.886645642276262,bm25_regex_v1
q_furniture_01,ec4be524-0f3c-46af-9541-c4aeef7cf9be,38,5.886645642276262,bm25_regex_v1
q_furniture_01,ae7a9e9e-60ac-4300-9f14-7121dae15990,39,5.886645642276262,bm25_regex_v1
q_furniture_01,ccad53e7-9097-440b-861a-f0b56b6c8dd0,40,5.886645642276262,bm25_regex_v1
q_furniture_02,773a7d06-360e-4e6c-855d-ae1805d3bd1d,1,11.27558996058929,bm25_regex_v1
q_furniture_02,f23df528-80d5-41d4-bcd9-f2cbc345f3ba,2,11.27558996058929,bm25_regex_v1
q_furniture_02,7ece6f82-8d9f-475c-9c04-be15505285dd,3,11.27558996058929,bm25_regex_v1
q_furniture_02,aef50963-8c82-41aa-8d14-4d548a657219,4,11.27558996058929,bm25_regex_v1
q_furniture_02,99de4b24-c601-4560-97cf-032fec8ec3c4,5,11.27558996058929,bm25_regex_v1
q_furniture_02,0ed71d4c-b871-43b3-8519-99310c994a33,6,9.38141089397861,bm25_regex_v1
q_furniture_03,472f5609-7d98-4e07-8c42-7a6f61c07c89,1,13.455048880651791,bm25_regex_v1
q_furniture_03,76a3551b-dae4-4326-92cc-662015aedbfb,2,9.713061568494638,bm25_regex_v1
q_furniture_03,ff307928-dc87-45f6-ac65-9ce1cd87ab7a,3,9.53207721973304,bm25_regex_v1
q_furniture_03,c111ac9d-3f3a-405c-a8db-4d127ccda9e2,4,8.316053173150372,bm25_regex_v1
q_furniture_03,24456103-f6b8-46af-8655-82e61d7265d8,5,8.316053173150372,bm25_regex_v1
q_furniture_03,988a743e-e93e-4742-a0e7-e76bbdda79d5,6,8.161099407317021,bm25_regex_v1
q_furniture_03,c161453d-f2c8-4b97-a2c3-a54e0cbdb7e8,7,8.01201882227563,bm25_regex_v1
q_furniture_03,2743811c-5e71-4d2b-aa75-1b0147d44f2d,8,7.270371540466384,bm25_regex_v1
q_furniture_03,1db677b8-efc9-4c9c-9460-707a3c221b0d,9,6.337951896789136,bm25_regex_v1
q_furniture_03,93993d60-9b40-4249-8a88-f398ff51a92b,10,5.18062663054154,bm25_regex_v1
q_furniture_04,f14df4d3-9858-4a8b-8597-20fd477d8e32,1,12.703430987066342,bm25_regex_v1
q_furniture_04,aba76fc2-984e-4030-ba01-e2e7d78264c7,2,9.939720297290684,bm25_regex_v1
q_furniture_04,282b0e8b-051c-49f9-a707-b982df803589,3,8.510112072863361,bm25_regex_v1
q_furniture_04,75cf53e3-5877-4d6d-a034-5ba8bc6cab87,4,7.198603772112662,bm25_regex_v1
q_furniture_04,196bd38b-f05e-4144-8c2d-4752a351bc9d,5,7.198603772112662,bm25_regex_v1
q_furniture_04,01083bff-525f-49d6-8dc9-7d3f1e1088cd,6,7.198603772112662,bm25_regex_v1
q_furniture_04,9b26eb62-79a2-4745-9f79-a7b6d7142deb,7,7.198603772112662,bm25_regex_v1
q_furniture_04,c4088b80-29ef-4fe5-8e41-a062fb483e83,8,7.198603772112662,bm25_regex_v1
q_furniture_04,15a05572-6e52-44e3-95f8-7a682bc07c18,9,7.198603772112662,bm25_regex_v1
q_furniture_04,cc7363d5-a3e5-4e05-bb17-99395a2f3d5a,10,7.198603772112662,bm25_regex_v1
q_furniture_04,fa905f9d-101b-407d-a8be-180e2961b86b,11,7.198603772112662,bm25_regex_v1
q_furniture_04,83358573-9ed9-493c-9f58-ad401d69e09a,12,6.407567423452567,bm25_regex_v1
q_furniture_04,000f2b92-c3c3-4ff7-8507-d2b8b0804036,13,6.407567423452567,bm25_regex_v1
q_furniture_04,fd81ab86-0ae6-4fa0-9822-dfcc597147e2,14,6.407567423452567,bm25_regex_v1
q_furniture_04,6c18591a-aa17-4c09-8888-b02a2e6fc4bf,15,6.138922421830292,bm25_regex_v1
q_furniture_04,157bc772-51f7-4134-82db-767feb85ca65,16,5.886645642276262,bm25_regex_v1
q_furniture_04,3cfbf8bd-1915-4716-9de6-d96741a0e29b,17,5.886645642276262,bm25_regex_v1
q_furniture_04,d196aaf8-f046-4da2-bfd4-2a0b7f58e20e,18,5.886645642276262,bm25_regex_v1
q_furniture_04,2a43fdc8-00a2-4750-9337-7502facf3cf4,19,5.886645642276262,bm25_regex_v1
q_furniture_04,95ecd503-d069-4bf3-b64e-89dfc71eb430,20,5.886645642276262,bm25_regex_v1
q_furniture_04,f3111582-4a55-461c-9fa3-1f57510c973d,21,5.886645642276262,bm25_regex_v1
q_furniture_04,f5571c61-8398-4217-8fb7-000828444288,22,5.886645642276262,bm25_regex_v1
q_furniture_04,d2c80508-a50f-4bf0-8170-e6bd84127f7f,23,5.886645642276262,bm25_regex_v1
q_furniture_04,a09e3ba7-28f8-46e3-803a-0e540e453aee,24,5.886645642276262,bm25_regex_v1
q_furniture_04,2bfa6481-3575-438f-8347-e0295b30f60e,25,5.886645642276262,bm25_regex_v1
q_furniture_04,c7f10c0f-816a-4169-be12-76c0a7351727,26,5.886645642276262,bm25_regex_v1
q_furniture_04,dda4141e-6784-4cd0-87d7-3f8af9b65f5f,27,5.886645642276262,bm25_regex_v1
q_furniture_04,39888462-8ed6-4ea1-ba35-9b0b7c97b9a0,28,5.886645642276262,bm25_regex_v1
q_furniture_04,585898bb-3d10-41f3-ad21-adad923301d3,29,5.886645642276262,bm25_regex_v1
q_furniture_04,562dc726-518f-4fdc-bff6-c846105616f9,30,5.886645642276262,bm25_regex_v1
q_furniture_04,95d0a71e-8a56-4266-8059-c4fec9c2e77a,31,5.886645642276262,bm25_regex_v1
q_furniture_04,e10f5c3d-0bff-4279-b885-3ba8fd28970c,32,5.886645642276262,bm25_regex_v1
q_furniture_04,83a80fb8-34dd-4e66-9c47-4d713fc9c965,33,5.886645642276262,bm25_regex_v1
q_furniture_04,34a4e41f-2aed-4d7a-8345-1533143bb7af,34,5.886645642276262,bm25_regex_v1
q_furniture_04,797ead2e-f16c-468c-9af3-07ce1667eec4,35,5.886645642276262,bm25_regex_v1
q_furniture_04,b9e2ed0b-05fe-4a0d-99cb-f1230fc22c90,36,5.886645642276262,bm25_regex_v1
q_furniture_04,98fe04f2-22f9-478b-9878-85d9b42ba362,37,5.886645642276262,bm25_regex_v1
q_furniture_04,fb772feb-8935-4c99-8b9b-d54b1d9e42a2,38,5.886645642276262,bm25_regex_v1
q_furniture_04,fac47bcc-d184-4b3c-9853-3bd986287a32,39,5.886645642276262,bm25_regex_v1
q_furniture_04,aa282976-da0f-4e89-9c30-e9079da8ff46,40,5.886645642276262,bm25_regex_v1
q_hamburger_01,08620365-64fa-45a2-8fbf-ae89e70eac12,1,6.828552063143868,bm25_regex_v1
q_hamburger_01,ca0e35cd-fca2-4ac3-a635-9fc2ae6fe363,2,6.828552063143868,bm25_regex_v1
q_hamburger_01,208a75d6-481a-4704-a51a-f6f7f883a589,3,6.828552063143868,bm25_regex_v1
q_hamburger_01,32cb12b3-8dc4-473e-97ab-dbd8f01ac31d,4,6.828552063143868,bm25_regex_v1
q_hamburger_01,fb38c321-f0d8-4681-817f-a8e7b570e7af,5,6.828552063143868,bm25_regex_v1
q_hamburger_01,d940e377-a3b9-498d-a008-b5b32b7fc707,6,6.828552063143868,bm25_regex_v1
q_hamburger_01,a40e5e3c-f72d-4166-ba35-feb3dd2cd1a0,7,6.828552063143868,bm25_regex_v1
q_hamburger_01,b8dad871-7547-4017-89d2-8dcf84504b00,8,6.828552063143868,bm25_regex_v1
q_hamburger_01,613ac1e7-3c51-4443-86ca-0246ddf89e4f,9,6.828552063143868,bm25_regex_v1
q_hamburger_01,3a15b984-914f-4bd1-902f-0b7785a00c7d,10,6.828552063143868,bm25_regex_v1
q_hamburger_01,0a853893-7778-46a5-b7ba-a3ab8601f345,11,6.828552063143868,bm25_regex_v1
q_hamburger_01,8c7f03a6-94c2-4ad1-a560-36fbedddafb1,12,6.828552063143868,bm25_regex_v1
q_hamburger_01,6efe6494-fe9a-44c3-a58e-94f4dada1113,13,6.828552063143868,bm25_regex_v1
q_hamburger_01,f426aefb-598f-4eb3-8f05-753c97ea4669,14,6.828552063143868,bm25_regex_v1
q_hamburger_01,cdb733a7-43ea-43a6-b2c7-93ba34fe73ab,15,6.828552063143868,bm25_regex_v1
q_hamburger_01,ffd8a7fb-e0f7-4566-9806-1faeb41127fb,16,6.828552063143868,bm25_regex_v1
q_hamburger_01,cad7ce11-6e3b-4ffc-b035-50065669e445,17,6.828552063143868,bm25_regex_v1
q_hamburger_01,7757246d-6f45-4189-b63b-75cac4e32dcc,18,6.828552063143868,bm25_regex_v1
q_hamburger_01,0f45a390-df2c-4313-9fdc-69b09d81f913,19,6.828552063143868,bm25_regex_v1
q_hamburger_01,193ac7ee-d7d5-419c-9b9a-019188656020,20,6.828552063143868,bm25_regex_v1
q_hamburger_01,94150098-9d12-4dd4-a040-8dbf82452d2a,21,6.828552063143868,bm25_regex_v1
q_hamburger_01,bb7d2974-b8e8-41fd-9f58-4b9056e3cf41,22,6.828552063143868,bm25_regex_v1
q_hamburger_01,f9970446-d87f-4013-9030-1a10e54c5144,23,6.828552063143868,bm25_regex_v1
q_hamburger_01,120aaeb7-8752-43dc-a11b-69689a62ddfc,24,6.828552063143868,bm25_regex_v1
q_hamburger_01,e2fff35e-dbe6-45ab-9806-f14608245875,25,6.828552063143868,bm25_regex_v1
q_hamburger_01,fa4cb356-db57-41a8-85da-568a3b8aaa40,26,6.828552063143868,bm25_regex_v1
q_hamburger_01,ad77664e-c7d2-44ca-aff9-29cc58342ff1,27,6.828552063143868,bm25_regex_v1
q_hamburger_01,f64bebaf-6903-4ad9-83c0-c2dabf575807,28,6.828552063143868,bm25_regex_v1
q_hamburger_01,95297f3a-a6cb-4ea0-a3aa-83614ea958ab,29,6.828552063143868,bm25_regex_v1
q_hamburger_01,0647c6fc-99f8-43c3-ba31-039067ac08d5,30,6.828552063143868,bm25_regex_v1
q_hamburger_01,a3c4ddae-27dd-45c7-9e41-f1424b9b4952,31,6.828552063143868,bm25_regex_v1
q_hamburger_01,229c5c01-d1fc-4bc6-ad25-1bcaefdb01da,32,6.828552063143868,bm25_regex_v1
q_hamburger_01,8f8bd57a-66d0-4d80-aac2-b034d607a2d2,33,6.828552063143868,bm25_regex_v1
q_hamburger_01,b5546189-04c0-4015-bbb0-66011373ee7b,34,6.828552063143868,bm25_regex_v1
q_hamburger_01,23e76311-a0ae-439a-a6f5-1a6bfd00efc5,35,6.828552063143868,bm25_regex_v1
q_hamburger_01,603dba30-abf7-4670-bda3-6f3bbb02a335,36,6.828552063143868,bm25_regex_v1
q_hamburger_01,adf43be2-ffc2-449c-a796-f36d046d744b,37,6.828552063143868,bm25_regex_v1
q_hamburger_01,5b46e308-acfa-4bea-9f06-605fd4811b76,38,6.828552063143868,bm25_regex_v1
q_hamburger_01,7799fde2-c2ef-41cc-8be0-ee33bc407f9a,39,6.828552063143868,bm25_regex_v1
q_hamburger_01,eaf863e8-a661-4ba2-9829-39c6424b6e6a,40,6.828552063143868,bm25_regex_v1
q_hamburger_03,76a3551b-dae4-4326-92cc-662015aedbfb,1,9.713061568494638,bm25_regex_v1
q_hamburger_03,24456103-f6b8-46af-8655-82e61d7265d8,2,8.316053173150372,bm25_regex_v1
q_hamburger_03,c111ac9d-3f3a-405c-a8db-4d127ccda9e2,3,8.316053173150372,bm25_regex_v1
q_hamburger_03,c161453d-f2c8-4b97-a2c3-a54e0cbdb7e8,4,8.01201882227563,bm25_regex_v1
q_hamburger_03,2743811c-5e71-4d2b-aa75-1b0147d44f2d,5,7.270371540466384,bm25_regex_v1
q_hamburger_03,3a15b984-914f-4bd1-902f-0b7785a00c7d,6,6.828552063143868,bm25_regex_v1
q_hamburger_03,bb7d2974-b8e8-41fd-9f58-4b9056e3cf41,7,6.828552063143868,bm25_regex_v1
q_hamburger_03,08620365-64fa-45a2-8fbf-ae89e70eac12,8,6.828552063143868,bm25_regex_v1
q_hamburger_03,aabeb4d7-f034-4ac3-a0e8-052ba9d38db0,9,6.828552063143868,bm25_regex_v1
q_hamburger_03,26a42b5b-6ba1-4543-9523-5538d181d939,10,6.828552063143868,bm25_regex_v1
q_hamburger_03,208a75d6-481a-4704-a51a-f6f7f883a589,11,6.828552063143868,bm25_regex_v1
q_hamburger_03,b5546189-04c0-4015-bbb0-66011373ee7b,12,6.828552063143868,bm25_regex_v1
q_hamburger_03,23e76311-a0ae-439a-a6f5-1a6bfd00efc5,13,6.828552063143868,bm25_regex_v1
q_hamburger_03,603dba30-abf7-4670-bda3-6f3bbb02a335,14,6.828552063143868,bm25_regex_v1
q_hamburger_03,193ac7ee-d7d5-419c-9b9a-019188656020,15,6.828552063143868,bm25_regex_v1
q_hamburger_03,94150098-9d12-4dd4-a040-8dbf82452d2a,16,6.828552063143868,bm25_regex_v1
q_hamburger_03,f64bebaf-6903-4ad9-83c0-c2dabf575807,17,6.828552063143868,bm25_regex_v1
q_hamburger_03,95297f3a-a6cb-4ea0-a3aa-83614ea958ab,18,6.828552063143868,bm25_regex_v1
q_hamburger_03,0647c6fc-99f8-43c3-ba31-039067ac08d5,19,6.828552063143868,bm25_regex_v1
q_hamburger_03,0a853893-7778-46a5-b7ba-a3ab8601f345,20,6.828552063143868,bm25_regex_v1
q_hamburger_03,f9970446-d87f-4013-9030-1a10e54c5144,21,6.828552063143868,bm25_regex_v1
q_hamburger_03,120aaeb7-8752-43dc-a11b-69689a62ddfc,22,6.828552063143868,bm25_regex_v1
q_hamburger_03,e2fff35e-dbe6-45ab-9806-f14608245875,23,6.828552063143868,bm25_regex_v1
q_hamburger_03,adf43be2-ffc2-449c-a796-f36d046d744b,24,6.828552063143868,bm25_regex_v1
q_hamburger_03,5b46e308-acfa-4bea-9f06-605fd4811b76,25,6.828552063143868,bm25_regex_v1
q_hamburger_03,cdb733a7-43ea-43a6-b2c7-93ba34fe73ab,26,6.828552063143868,bm25_regex_v1
q_hamburger_03,596ead8f-e4db-4cc2-9970-cdfcb59a3042,27,6.828552063143868,bm25_regex_v1
q_hamburger_03,ee51e614-0aef-4b19-a000-acabf68183b1,28,6.828552063143868,bm25_regex_v1
q_hamburger_03,0a23e955-7759-418e-a656-67fa96069c7b,29,6.828552063143868,bm25_regex_v1
q_hamburger_03,229c5c01-d1fc-4bc6-ad25-1bcaefdb01da,30,6.828552063143868,bm25_regex_v1
q_hamburger_03,a3c4ddae-27dd-45c7-9e41-f1424b9b4952,31,6.828552063143868,bm25_regex_v1
q_hamburger_03,34e9d93f-a2e5-4860-852f-503ca523d4ea,32,6.828552063143868,bm25_regex_v1
q_hamburger_03,ffbb7d2d-285a-4b68-bcc0-3ba940bb7ecc,33,6.828552063143868,bm25_regex_v1
q_hamburger_03,8f8bd57a-66d0-4d80-aac2-b034d607a2d2,34,6.828552063143868,bm25_regex_v1
q_hamburger_03,9e775c20-b7d1-4ff5-81e8-3b78fc9189e3,35,6.828552063143868,bm25_regex_v1
q_hamburger_03,40cc82ec-4bf3-48bf-8ad0-36af3efb0175,36,6.828552063143868,bm25_regex_v1
q_hamburger_03,0f45a390-df2c-4313-9fdc-69b09d81f913,37,6.828552063143868,bm25_regex_v1
q_hamburger_03,7799fde2-c2ef-41cc-8be0-ee33bc407f9a,38,6.828552063143868,bm25_regex_v1
q_hamburger_03,eaf863e8-a661-4ba2-9829-39c6424b6e6a,39,6.828552063143868,bm25_regex_v1
q_hamburger_03,b93d0fb3-de5b-4568-9360-da1b8f818ea1,40,6.828552063143868,bm25_regex_v1
q_hamburger_04,8b9803f4-c3a7-4afc-9930-0170c98eba08,1,11.36326635216438,bm25_regex_v1
q_hamburger_04,b628ead2-caff-45eb-a233-8a610f8d095f,2,10.114585773454019,bm25_regex_v1
q_hamburger_04,aba76fc2-984e-4030-ba01-e2e7d78264c7,3,9.939720297290684,bm25_regex_v1
q_hamburger_04,913331cb-d684-4c88-864d-29da51108929,4,9.292291181955338,bm25_regex_v1
q_hamburger_04,c857ca19-8554-4746-892a-fc2e90dd33d2,5,9.292291181955338,bm25_regex_v1
q_hamburger_04,c3933dda-ba29-4bc9-adda-0ba508f8b1d7,6,9.292291181955338,bm25_regex_v1
q_hamburger_04,5e3fc31c-f7d0-4773-a17a-302450018cd3,7,9.292291181955338,bm25_regex_v1
q_hamburger_04,e1930e47-9f26-48fb-b391-2c4afdcb8e93,8,9.292291181955338,bm25_regex_v1
q_hamburger_04,de855508-e54c-4f03-b76f-87ada60dac6d,9,9.292291181955338,bm25_regex_v1
q_hamburger_04,67bd9bcc-4d1f-43e8-bd9d-2eae32ecfadb,10,9.292291181955338,bm25_regex_v1
q_hamburger_04,8d1c7433-b06a-48aa-92a6-b94f34a74bfc,11,9.292291181955338,bm25_regex_v1
q_hamburger_04,7b7eddc5-f6ff-49ea-a9eb-324312f8ad4c,12,9.292291181955338,bm25_regex_v1
q_hamburger_04,f14df4d3-9858-4a8b-8597-20fd477d8e32,13,8.510112072863361,bm25_regex_v1
q_hamburger_04,282b0e8b-051c-49f9-a707-b982df803589,14,8.510112072863361,bm25_regex_v1
q_hamburger_04,5ec77ca7-6ef4-494e-9fb1-6af438a1641e,15,7.731285194753678,bm25_regex_v1
q_hamburger_04,cd34672c-1e23-436b-ad5e-89a1b6c74212,16,7.731285194753678,bm25_regex_v1
q_hamburger_04,f16d4e61-bcfb-4f8f-8b05-6c2fce1bba1c,17,7.731285194753678,bm25_regex_v1
q_hamburger_04,7e0f4797-38bc-428d-8bea-8322ea704032,18,7.731285194753678,bm25_regex_v1
q_hamburger_04,ada30590-1d33-4908-a74e-c9ba55606d73,19,7.731285194753678,bm25_regex_v1
q_hamburger_04,f3e3f13e-4631-4021-b4f5-324200e08fc5,20,7.731285194753678,bm25_regex_v1
q_hamburger_04,0afcfe69-7d1e-4e29-aee1-efe41c86cb8c,21,7.731285194753678,bm25_regex_v1
q_hamburger_04,94384265-5fa9-4430-be91-f3b8b514b81e,22,7.731285194753678,bm25_regex_v1
q_hamburger_04,b8bcdd93-3f89-4247-be65-5738baa901e7,23,7.731285194753678,bm25_regex_v1
q_hamburger_04,b81e1c4b-6945-4685-8159-61903fcc1fb2,24,7.731285194753678,bm25_regex_v1
q_hamburger_04,5078d297-5469-468f-af5b-61a6ce554ecb,25,7.731285194753678,bm25_regex_v1
q_hamburger_04,04dcc11e-b36e-4dd3-9900-84253c34983b,26,7.731285194753678,bm25_regex_v1
q_hamburger_04,1daff59c-ba5b-47cc-9d5c-0d9a64363e2b,27,7.731285194753678,bm25_regex_v1
q_hamburger_04,0e62dc75-b1af-4b5b-9e54-07858c9d26b7,28,7.606882559672313,bm25_regex_v1
q_hamburger_04,07454c67-5088-4758-8e10-dde6b6f8f9b4,29,6.6193113595517215,bm25_regex_v1
q_hamburger_04,4fbc560d-031f-4dbb-b908-a43ac4659b14,30,6.6193113595517215,bm25_regex_v1
q_hamburger_04,fca7ca87-b034-4e91-9441-48fabfc8a520,31,6.6193113595517215,bm25_regex_v1
q_hamburger_04,fae1a1e4-c300-4603-b6ae-eda78b6a8fdb,32,6.6193113595517215,bm25_regex_v1
q_hamburger_04,40520830-dd25-4540-8ef0-b4c12d990c0f,33,6.6193113595517215,bm25_regex_v1
q_hamburger_04,4eb53f5f-cebb-4fde-bb34-85ede3674519,34,6.6193113595517215,bm25_regex_v1
q_hamburger_04,c31d7e57-d09b-41e5-bfbf-a20a8635a494,35,6.6193113595517215,bm25_regex_v1
q_hamburger_04,a28b5354-78a1-4538-a265-6826b1e41d4a,36,6.6193113595517215,bm25_regex_v1
q_hamburger_04,45109a5c-6265-441f-8ea4-3a164574734b,37,6.6193113595517215,bm25_regex_v1
q_hamburger_04,ead16f8d-f77f-4aaf-9cda-b0b38b870421,38,6.6193113595517215,bm25_regex_v1
q_hamburger_04,49d6ddb1-4551-47cd-8ab7-0727505f9fba,39,6.6193113595517215,bm25_regex_v1
q_hamburger_04,a50c2d2f-1eb2-46b9-b75a-f75266aeac77,40,6.6193113595517215,bm25_regex_v1
q_noodles_01,b0238905-4861-4ede-975e-788778c27467,1,8.70504521266467,bm25_regex_v1
q_noodles_01,9e702db2-1692-4244-8069-f38c65b3e5a0,2,8.70504521266467,bm25_regex_v1
q_noodles_01,bcc60ef3-7838-47fa-9437-111414384f94,3,8.70504521266467,bm25_regex_v1
q_noodles_01,026a0871-a49e-4bdc-b5b8-6aa08f84947a,4,8.70504521266467,bm25_regex_v1
q_noodles_01,12f375fa-d6ff-4a26-ac4a-7d81ee955c12,5,7.748469826945616,bm25_regex_v1
q_noodles_01,ef3fdba9-8886-4ab2-ba31-478d531881e9,6,7.748469826945616,bm25_regex_v1
q_noodles_01,29bba3ac-54d3-44f5-b929-7ba27220de4b,7,7.748469826945616,bm25_regex_v1
q_noodles_01,22a3ecd2-9da6-4524-9208-576de347da54,8,7.118535495100775,bm25_regex_v1
q_noodles_01,93e08112-f08e-4961-8f88-eb84c6857f5c,9,7.118535495100775,bm25_regex_v1
q_noodles_01,4406838b-0e12-4966-8fa4-cb4973375734,10,7.118535495100775,bm25_regex_v1
q_noodles_01,8d574792-0279-44a2-a4b5-79b10a02b30a,11,7.118535495100775,bm25_regex_v1
q_noodles_01,4f06413d-8bd4-4e47-bf58-5a3e575c3866,12,7.118535495100775,bm25_regex_v1
q_noodles_01,b89619af-64c5-4036-b3d9-22c85aeb2578,13,7.118535495100775,bm25_regex_v1
q_noodles_01,369c00db-6623-40ee-befb-7365669c9672,14,7.118535495100775,bm25_regex_v1
q_noodles_01,9457e823-49b2-4148-bca9-e2a57f9fc82e,15,7.118535495100775,bm25_regex_v1
q_noodles_01,3dedbbd0-c344-41f6-9219-1a07709d9c7d,16,7.118535495100775,bm25_regex_v1
q_noodles_01,275cea6e-73b8-4110-879c-cd7e5c4e96b3,17,7.118535495100775,bm25_regex_v1
q_noodles_01,51a8bfd1-8236-4348-bf25-25c1b0df0f74,18,7.118535495100775,bm25_regex_v1
q_noodles_01,91637f11-7748-43b4-9b70-0586da2deb13,19,7.118535495100775,bm25_regex_v1
q_noodles_01,302f3444-03a0-4fa9-87ee-daccdacebb21,20,7.118535495100775,bm25_regex_v1
q_noodles_01,425ef209-938a-4e42-ac62-862e677ecd90,21,7.118535495100775,bm25_regex_v1
q_noodles_01,68d6f3f6-4c8b-4cc7-afad-0964a10b0dc0,22,7.118535495100775,bm25_regex_v1
q_noodles_01,ef84a7fd-7097-43bd-b242-a7c5b6ed01b6,23,7.118535495100775,bm25_regex_v1
q_noodles_01,f5d8333e-cc37-457d-97a1-30c359a25a11,24,7.118535495100775,bm25_regex_v1
q_noodles_01,df47ed50-573a-4630-8546-1cd8669aaf80,25,7.118535495100775,bm25_regex_v1
q_noodles_01,8f4ed9d9-a08b-4fbd-988a-df54fdd0750a,26,7.118535495100775,bm25_regex_v1
q_noodles_01,a2b7010a-1e45-4e7f-87e8-a98261b97ae7,27,7.118535495100775,bm25_regex_v1
q_noodles_01,ed5693f4-03ca-41c7-844f-3ec47dcf7309,28,7.118535495100775,bm25_regex_v1
q_noodles_01,c08170c1-a728-4e46-aa9f-10da81401046,29,7.118535495100775,bm25_regex_v1
q_noodles_01,50b2237e-7466-47f9-9c5c-8a9fec5f8c52,30,7.118535495100775,bm25_regex_v1
q_noodles_01,4c432347-4aca-4daa-9afe-4738285b9024,31,7.118535495100775,bm25_regex_v1
q_noodles_01,637be741-6789-4274-a89e-873cf68f5044,32,7.118535495100775,bm25_regex_v1
q_noodles_01,8f514998-8561-4690-aaa1-2d8f19d50c71,33,7.118535495100775,bm25_regex_v1
q_noodles_01,ad558338-6921-40fa-9113-c5b53d34e5f3,34,7.118535495100775,bm25_regex_v1
q_noodles_01,8bdfa5eb-6175-4c54-bcfe-6de982a05f75,35,7.118535495100775,bm25_regex_v1
q_noodles_01,7e03c7a9-d8a2-4755-81fc-256852e3a5e7,36,7.118535495100775,bm25_regex_v1
q_noodles_01,7c1e1c34-0112-4551-b545-c7be61b87efb,37,7.118535495100775,bm25_regex_v1
q_noodles_01,2783796b-a2ef-4e20-a3b2-ca2560fc34fe,38,7.118535495100775,bm25_regex_v1
q_noodles_01,e61077e2-d33e-4664-9143-5587535a88ff,39,7.118535495100775,bm25_regex_v1
q_noodles_01,5ea8e667-faec-4afa-b3ca-ca835f4400ce,40,7.118535495100775,bm25_regex_v1
q_noodles_02,3b1754bb-1bd2-4a1b-bea4-9978244ec55b,1,10.755725906303345,bm25_regex_v1
q_noodles_02,2ed713f1-2bff-4afd-ac91-f80e5c08331f,2,10.755725906303345,bm25_regex_v1
q_noodles_02,0dc3ab7d-7bf0-49b3-a1e1-b42c046471ef,3,10.755725906303345,bm25_regex_v1
q_noodles_02,feca8c21-4cd2-449a-8b50-6fe1e3276cd8,4,10.755725906303345,bm25_regex_v1
q_noodles_02,375e02dc-0bcf-48e9-a1ee-407214a54f94,5,10.755725906303345,bm25_regex_v1
q_noodles_02,91128aa8-3f3b-428c-9586-ae12b4379afb,6,10.755725906303345,bm25_regex_v1
q_noodles_02,a7727762-becb-4da0-9c2b-16651c88a504,7,8.948878466024732,bm25_regex_v1
q_noodles_02,fc54672a-2561-4c0a-be60-f84ee2360df4,8,8.948878466024732,bm25_regex_v1
q_noodles_02,80a55574-a0c3-499a-9783-a74ed70d9c26,9,7.661780854443381,bm25_regex_v1
q_noodles_02,23f9a1b1-89e2-4190-a251-f17f3f537227,10,7.661780854443381,bm25_regex_v1
q_noodles_03,d18c17e3-9f8f-4dce-bfae-024689a1bdf4,1,10.26575629512998,bm25_regex_v1
q_noodles_03,dc63224f-52dc-4f44-b291-1b54f2e8df7c,2,10.26575629512998,bm25_regex_v1
q_noodles_03,07e6317e-8529-4a99-b6ff-6463affed556,3,10.26575629512998,bm25_regex_v1
q_noodles_03,dde74325-8f92-4321-9ce6-52d069e55acb,4,10.26575629512998,bm25_regex_v1
q_noodles_03,3086efe6-0293-476f-a32f-35d8522477d2,5,10.26575629512998,bm25_regex_v1
q_noodles_03,082318d1-b53c-40e8-9a48-18eb2a490e1a,6,10.26575629512998,bm25_regex_v1
q_noodles_03,96929dc7-3532-4592-a918-529a77ceac89,7,10.26575629512998,bm25_regex_v1
q_noodles_03,a3666bb6-07d6-49b3-b68a-bc8855582f8a,8,10.26575629512998,bm25_regex_v1
q_noodles_03,4f20341f-a11c-45c4-ad42-332bea16ee8a,9,10.26575629512998,bm25_regex_v1
q_noodles_03,76a3551b-dae4-4326-92cc-662015aedbfb,10,9.713061568494638,bm25_regex_v1
q_noodles_03,540c3f3d-5db4-493d-bbfe-78754e50f761,11,8.541218533014892,bm25_regex_v1
q_noodles_03,50076371-efa0-482e-ba76-1f6b2194e659,12,8.541218533014892,bm25_regex_v1
q_noodles_03,f0b7a128-54c5-4412-9bc8-621abd6f7c7c,13,8.541218533014892,bm25_regex_v1
q_noodles_03,c111ac9d-3f3a-405c-a8db-4d127ccda9e2,14,8.316053173150372,bm25_regex_v1
q_noodles_03,24456103-f6b8-46af-8655-82e61d7265d8,15,8.316053173150372,bm25_regex_v1
q_noodles_03,465db8aa-dcb7-42ef-81c7-c45577529e34,16,7.3127537577276565,bm25_regex_v1
q_noodles_03,2743811c-5e71-4d2b-aa75-1b0147d44f2d,17,7.270371540466384,bm25_regex_v1
q_noodles_03,1b48a4ae-094d-42ca-a00a-79dad4238a1c,18,6.393229539979084,bm25_regex_v1
q_noodles_03,0df3eced-9f53-4b4c-9218-80455bc5ca93,19,6.393229539979084,bm25_regex_v1
q_noodles_03,c669426f-fb7e-4fe1-bcc0-133f71cfd8f0,20,4.253730209045161,bm25_regex_v1
q_noodles_04,d18c17e3-9f8f-4dce-bfae-024689a1bdf4,1,10.26575629512998,bm25_regex_v1
q_noodles_04,dc63224f-52dc-4f44-b291-1b54f2e8df7c,2,10.26575629512998,bm25_regex_v1
q_noodles_04,07e6317e-8529-4a99-b6ff-6463affed556,3,10.26575629512998,bm25_regex_v1
q_noodles_04,dde74325-8f92-4321-9ce6-52d069e55acb,4,10.26575629512998,bm25_regex_v1
q_noodles_04,3086efe6-0293-476f-a32f-35d8522477d2,5,10.26575629512998,bm25_regex_v1
q_noodles_04,a3666bb6-07d6-49b3-b68a-bc8855582f8a,6,10.26575629512998,bm25_regex_v1
q_noodles_04,082318d1-b53c-40e8-9a48-18eb2a490e1a,7,10.26575629512998,bm25_regex_v1
q_noodles_04,96929dc7-3532-4592-a918-529a77ceac89,8,10.26575629512998,bm25_regex_v1
q_noodles_04,4f20341f-a11c-45c4-ad42-332bea16ee8a,9,10.26575629512998,bm25_regex_v1
q_noodles_04,aba76fc2-984e-4030-ba01-e2e7d78264c7,10,9.939720297290684,bm25_regex_v1
q_noodles_04,540c3f3d-5db4-493d-bbfe-78754e50f761,11,8.541218533014892,bm25_regex_v1
q_noodles_04,50076371-efa0-482e-ba76-1f6b2194e659,12,8.541218533014892,bm25_regex_v1
q_noodles_04,f0b7a128-54c5-4412-9bc8-621abd6f7c7c,13,8.541218533014892,bm25_regex_v1
q_noodles_04,282b0e8b-051c-49f9-a707-b982df803589,14,8.510112072863361,bm25_regex_v1
q_noodles_04,f14df4d3-9858-4a8b-8597-20fd477d8e32,15,8.510112072863361,bm25_regex_v1
q_noodles_04,465db8aa-dcb7-42ef-81c7-c45577529e34,16,7.3127537577276565,bm25_regex_v1
q_noodles_04,1b48a4ae-094d-42ca-a00a-79dad4238a1c,17,6.393229539979084,bm25_regex_v1
q_noodles_04,0df3eced-9f53-4b4c-9218-80455bc5ca93,18,6.393229539979084,bm25_regex_v1
q_noodles_04,c669426f-fb7e-4fe1-bcc0-133f71cfd8f0,19,4.253730209045161,bm25_regex_v1
q_pork_cutlet_01,ee751214-4261-4387-a5bf-955bdba58240,1,8.619509534792858,bm25_regex_v1
q_pork_cutlet_01,b1373e67-723f-4079-8b03-830e64443e37,2,8.619509534792858,bm25_regex_v1
q_pork_cutlet_01,9623b677-615f-45ab-b7ec-0aeb820b9528,3,8.619509534792858,bm25_regex_v1
q_pork_cutlet_01,105caee8-054c-4590-b852-4e2826a0c3a4,4,8.619509534792858,bm25_regex_v1
q_pork_cutlet_01,059d92ad-3eb4-46e8-99b2-aca520968491,5,7.672333448222064,bm25_regex_v1
q_pork_cutlet_01,e0c378b7-bd35-4642-8ea1-266be6a86e1b,6,7.672333448222064,bm25_regex_v1
q_pork_cutlet_01,d47bfdbb-35dc-4a50-a293-6ff3d8ee93e2,7,7.672333448222064,bm25_regex_v1
q_pork_cutlet_01,98a0ce23-cadb-4816-bd2f-4fe15e2ea46f,8,7.672333448222064,bm25_regex_v1
q_pork_cutlet_01,6259fb5c-391e-44a5-8676-76e28bafa5a4,9,7.048588844146894,bm25_regex_v1
q_pork_cutlet_01,feb74da7-483a-4654-b85f-35828f4a068e,10,7.048588844146894,bm25_regex_v1
q_pork_cutlet_01,0da7cb58-1ceb-4bc7-89dc-8705f16edb4e,11,7.048588844146894,bm25_regex_v1
q_pork_cutlet_01,3085f20b-1592-44b1-96e5-b4619181ea66,12,7.048588844146894,bm25_regex_v1
q_pork_cutlet_01,5cb12b9d-3ae9-4ed4-85b5-2900ceaa9ffe,13,7.048588844146894,bm25_regex_v1
q_pork_cutlet_01,c4800548-2d62-4545-b588-c50b3497e9b0,14,7.048588844146894,bm25_regex_v1
q_pork_cutlet_01,8b06f1bd-5cc0-4a7d-9af3-11e5e794bd57,15,7.048588844146894,bm25_regex_v1
q_pork_cutlet_01,36112c9e-63ff-4580-902a-6ea070370eba,16,7.048588844146894,bm25_regex_v1
q_pork_cutlet_01,3862937b-b0d3-48a2-a32a-947772fcea3e,17,7.048588844146894,bm25_regex_v1
q_pork_cutlet_01,42db434b-9bc1-4c68-b760-8548a32a3da2,18,7.048588844146894,bm25_regex_v1
q_pork_cutlet_01,56eb3b37-8346-4cd2-b93e-e7724f6151e0,19,7.048588844146894,bm25_regex_v1
q_pork_cutlet_01,e8e403b9-140d-43e9-8d57-54b72aa169dc,20,7.048588844146894,bm25_regex_v1
q_pork_cutlet_01,48f4c907-26df-4d7f-8e61-80fe9bde5bbf,21,7.048588844146894,bm25_regex_v1
q_pork_cutlet_01,09974357-baf6-431b-8acb-aff12cbc5102,22,7.048588844146894,bm25_regex_v1
q_pork_cutlet_01,82f8a7ca-c34d-4276-8404-c4a962a99308,23,7.048588844146894,bm25_regex_v1
q_pork_cutlet_01,176c903a-2523-48fe-86d5-25285c35b8e9,24,7.048588844146894,bm25_regex_v1
q_pork_cutlet_01,ea6ad509-ab64-4b43-bf40-7023103d3b3e,25,7.048588844146894,bm25_regex_v1
q_pork_cutlet_01,c2299385-c010-4569-8c43-ea57d4bb45b2,26,7.048588844146894,bm25_regex_v1
q_pork_cutlet_01,788a2b5e-abc1-4253-b68a-5d5d0cb9996c,27,7.048588844146894,bm25_regex_v1
q_pork_cutlet_01,2aa275de-9340-4e3e-aa03-da6018e17de6,28,7.048588844146894,bm25_regex_v1
q_pork_cutlet_01,58f902b8-1d2a-46dc-b74b-ac2805d129f2,29,7.048588844146894,bm25_regex_v1
q_pork_cutlet_01,96283e89-9b46-4095-95f9-8938abebea72,30,7.048588844146894,bm25_regex_v1
q_pork_cutlet_01,b4cc79a5-05ff-45d8-87c3-ed1500e571c5,31,7.048588844146894,bm25_regex_v1
q_pork_cutlet_01,77d51f1c-c8d4-4bd4-9883-f8c24a361c33,32,7.048588844146894,bm25_regex_v1
q_pork_cutlet_01,b870c444-6c6c-4a5a-8435-a559c06e9e3b,33,7.048588844146894,bm25_regex_v1
q_pork_cutlet_01,3d112162-8f60-45cd-bb37-f681739430a2,34,7.048588844146894,bm25_regex_v1
q_pork_cutlet_01,ffcd31fa-5142-43b4-b015-90b8bc3bc765,35,7.048588844146894,bm25_regex_v1
q_pork_cutlet_01,7d33877a-6ad4-4031-bcd2-1a3f2e1060ac,36,7.048588844146894,bm25_regex_v1
q_pork_cutlet_01,5b1df002-d759-4e0e-8276-16c04313bba3,37,7.048588844146894,bm25_regex_v1
q_pork_cutlet_01,d5988815-8ae0-471a-aa31-b2c1cf481eeb,38,7.048588844146894,bm25_regex_v1
q_pork_cutlet_01,384fd4a8-fc97-40b7-a258-65b99c1f8a66,39,7.048588844146894,bm25_regex_v1
q_pork_cutlet_01,12dd3d64-4462-41d0-a14b-c6e44c008fd5,40,7.048588844146894,bm25_regex_v1
q_pork_cutlet_03,76a3551b-dae4-4326-92cc-662015aedbfb,1,9.713061568494638,bm25_regex_v1
q_pork_cutlet_03,105caee8-054c-4590-b852-4e2826a0c3a4,2,8.619509534792858,bm25_regex_v1
q_pork_cutlet_03,ee751214-4261-4387-a5bf-955bdba58240,3,8.619509534792858,bm25_regex_v1
q_pork_cutlet_03,b1373e67-723f-4079-8b03-830e64443e37,4,8.619509534792858,bm25_regex_v1
q_pork_cutlet_03,9623b677-615f-45ab-b7ec-0aeb820b9528,5,8.619509534792858,bm25_regex_v1
q_pork_cutlet_03,c111ac9d-3f3a-405c-a8db-4d127ccda9e2,6,8.316053173150372,bm25_regex_v1
q_pork_cutlet_03,24456103-f6b8-46af-8655-82e61d7265d8,7,8.316053173150372,bm25_regex_v1
q_pork_cutlet_03,059d92ad-3eb4-46e8-99b2-aca520968491,8,7.672333448222064,bm25_regex_v1
q_pork_cutlet_03,d47bfdbb-35dc-4a50-a293-6ff3d8ee93e2,9,7.672333448222064,bm25_regex_v1
q_pork_cutlet_03,98a0ce23-cadb-4816-bd2f-4fe15e2ea46f,10,7.672333448222064,bm25_regex_v1
q_pork_cutlet_03,e0c378b7-bd35-4642-8ea1-266be6a86e1b,11,7.672333448222064,bm25_regex_v1
q_pork_cutlet_03,2743811c-5e71-4d2b-aa75-1b0147d44f2d,12,7.270371540466384,bm25_regex_v1
q_pork_cutlet_03,5cb12b9d-3ae9-4ed4-85b5-2900ceaa9ffe,13,7.048588844146894,bm25_regex_v1
q_pork_cutlet_03,feb74da7-483a-4654-b85f-35828f4a068e,14,7.048588844146894,bm25_regex_v1
q_pork_cutlet_03,0da7cb58-1ceb-4bc7-89dc-8705f16edb4e,15,7.048588844146894,bm25_regex_v1
q_pork_cutlet_03,6259fb5c-391e-44a5-8676-76e28bafa5a4,16,7.048588844146894,bm25_regex_v1
q_pork_cutlet_03,96283e89-9b46-4095-95f9-8938abebea72,17,7.048588844146894,bm25_regex_v1
q_pork_cutlet_03,58f902b8-1d2a-46dc-b74b-ac2805d129f2,18,7.048588844146894,bm25_regex_v1
q_pork_cutlet_03,3862937b-b0d3-48a2-a32a-947772fcea3e,19,7.048588844146894,bm25_regex_v1
q_pork_cutlet_03,42db434b-9bc1-4c68-b760-8548a32a3da2,20,7.048588844146894,bm25_regex_v1
q_pork_cutlet_03,176c903a-2523-48fe-86d5-25285c35b8e9,21,7.048588844146894,bm25_regex_v1
q_pork_cutlet_03,48f4c907-26df-4d7f-8e61-80fe9bde5bbf,22,7.048588844146894,bm25_regex_v1
q_pork_cutlet_03,e8e403b9-140d-43e9-8d57-54b72aa169dc,23,7.048588844146894,bm25_regex_v1
q_pork_cutlet_03,56eb3b37-8346-4cd2-b93e-e7724f6151e0,24,7.048588844146894,bm25_regex_v1
q_pork_cutlet_03,82f8a7ca-c34d-4276-8404-c4a962a99308,25,7.048588844146894,bm25_regex_v1
q_pork_cutlet_03,09974357-baf6-431b-8acb-aff12cbc5102,26,7.048588844146894,bm25_regex_v1
q_pork_cutlet_03,2aa275de-9340-4e3e-aa03-da6018e17de6,27,7.048588844146894,bm25_regex_v1
q_pork_cutlet_03,788a2b5e-abc1-4253-b68a-5d5d0cb9996c,28,7.048588844146894,bm25_regex_v1
q_pork_cutlet_03,c2299385-c010-4569-8c43-ea57d4bb45b2,29,7.048588844146894,bm25_regex_v1
q_pork_cutlet_03,c4800548-2d62-4545-b588-c50b3497e9b0,30,7.048588844146894,bm25_regex_v1
q_pork_cutlet_03,9b89bb34-282b-4f8b-92d7-6eae1b8e5510,31,7.048588844146894,bm25_regex_v1
q_pork_cutlet_03,ea6ad509-ab64-4b43-bf40-7023103d3b3e,32,7.048588844146894,bm25_regex_v1
q_pork_cutlet_03,b870c444-6c6c-4a5a-8435-a559c06e9e3b,33,7.048588844146894,bm25_regex_v1
q_pork_cutlet_03,3d112162-8f60-45cd-bb37-f681739430a2,34,7.048588844146894,bm25_regex_v1
q_pork_cutlet_03,7d33877a-6ad4-4031-bcd2-1a3f2e1060ac,35,7.048588844146894,bm25_regex_v1
q_pork_cutlet_03,ffcd31fa-5142-43b4-b015-90b8bc3bc765,36,7.048588844146894,bm25_regex_v1
q_pork_cutlet_03,5b1df002-d759-4e0e-8276-16c04313bba3,37,7.048588844146894,bm25_regex_v1
q_pork_cutlet_03,d5988815-8ae0-471a-aa31-b2c1cf481eeb,38,7.048588844146894,bm25_regex_v1
q_pork_cutlet_03,384fd4a8-fc97-40b7-a258-65b99c1f8a66,39,7.048588844146894,bm25_regex_v1
q_pork_cutlet_03,12dd3d64-4462-41d0-a14b-c6e44c008fd5,40,7.048588844146894,bm25_regex_v1
q_pork_cutlet_04,aba76fc2-984e-4030-ba01-e2e7d78264c7,1,9.939720297290684,bm25_regex_v1
q_pork_cutlet_04,b8acadf0-a265-4914-a161-a19792a480d9,2,9.605065801171087,bm25_regex_v1
q_pork_cutlet_04,b0e51d95-4fa0-40c1-a735-accf174fb065,3,9.605065801171087,bm25_regex_v1
q_pork_cutlet_04,b1fbb3dd-28c7-40ee-a35f-e9a3eefbec70,4,9.605065801171087,bm25_regex_v1
q_pork_cutlet_04,f53f6543-a9d7-40cb-b57e-2de27d4e0aec,5,8.549589430957079,bm25_regex_v1
q_pork_cutlet_04,92e9e350-7242-49ff-abda-917512e1e8e0,6,8.549589430957079,bm25_regex_v1
q_pork_cutlet_04,f14df4d3-9858-4a8b-8597-20fd477d8e32,7,8.510112072863361,bm25_regex_v1
q_pork_cutlet_04,282b0e8b-051c-49f9-a707-b982df803589,8,8.510112072863361,bm25_regex_v1
q_pork_cutlet_04,9007bd96-1c5a-480c-a06c-bbd84b0cc7ae,9,7.854525756964474,bm25_regex_v1
q_pork_cutlet_04,6ee4a0aa-0cd6-4960-b731-706e3d614d6c,10,7.854525756964474,bm25_regex_v1
q_pork_cutlet_04,0ff02a3e-cbb8-4548-9034-e8e1567c2a1f,11,7.854525756964474,bm25_regex_v1
q_pork_cutlet_04,cb98bb6a-a348-4819-a22d-0297691fce25,12,7.854525756964474,bm25_regex_v1
q_pork_cutlet_04,6e971f5f-924c-4d76-a185-51ad65a7d8bd,13,7.854525756964474,bm25_regex_v1
q_pork_cutlet_04,a8399d7c-361c-404c-89fd-1d7437a9f6fc,14,7.854525756964474,bm25_regex_v1
q_pork_cutlet_04,6ac0ae35-6179-4fdc-80e3-cf4e7ee05f69,15,7.854525756964474,bm25_regex_v1
q_pork_cutlet_04,f42bc04e-4220-4ad0-a994-19252abab3f8,16,7.854525756964474,bm25_regex_v1
q_pork_cutlet_04,cd3e37c2-e7cc-43cd-bd86-31609eb99624,17,7.854525756964474,bm25_regex_v1
q_pork_cutlet_04,7dcf77d4-c168-4999-8bc4-c6c4f8301ddc,18,7.854525756964474,bm25_regex_v1
q_pork_cutlet_04,3c9b78e3-3a87-4311-9677-ca9e4a65c6f3,19,7.854525756964474,bm25_regex_v1
q_pork_cutlet_04,cb7a24e3-c764-4c63-9848-6e1d18b45b13,20,7.854525756964474,bm25_regex_v1
q_pork_cutlet_04,9dd887d9-c1a7-4855-af42-e593a918c44c,21,7.854525756964474,bm25_regex_v1
q_pork_cutlet_04,599c9135-fbfd-470e-a736-6e03c8cc4d5f,22,7.854525756964474,bm25_regex_v1
q_pork_cutlet_04,878eb631-cd6c-45f5-9c48-41a65d2aa923,23,7.854525756964474,bm25_regex_v1
q_pork_cutlet_04,89a761c6-b571-40d9-873c-743fb2e68490,24,7.854525756964474,bm25_regex_v1
q_pork_cutlet_04,5767f495-4bb3-4684-964b-990dcf5d37f6,25,7.854525756964474,bm25_regex_v1
q_pork_cutlet_04,065b7b13-3b93-45e7-b5c0-3f58a16a5304,26,7.854525756964474,bm25_regex_v1
q_pork_cutlet_04,bc3cd4e8-475b-44f7-ba37-6a6505e45245,27,7.854525756964474,bm25_regex_v1
q_pork_cutlet_04,a4192311-0369-4487-9216-d1200beca4cb,28,7.854525756964474,bm25_regex_v1
q_pork_cutlet_04,56951967-2183-41d5-8661-8e863e2c338b,29,7.854525756964474,bm25_regex_v1
q_pork_cutlet_04,e697dd65-59be-407f-ad5c-3fbba608d4d1,30,7.854525756964474,bm25_regex_v1
q_pork_cutlet_04,67ec1139-8647-43da-bf67-a2c1c3e08345,31,7.854525756964474,bm25_regex_v1
q_pork_cutlet_04,4aa60785-0702-4dd7-b6b5-79832e4a14e8,32,7.854525756964474,bm25_regex_v1
q_pork_cutlet_04,95d6580e-3c02-4f4d-bc01-15acc9ea1482,33,7.854525756964474,bm25_regex_v1
q_pork_cutlet_04,15793536-4d66-4463-beda-8fd89d9aeceb,34,7.854525756964474,bm25_regex_v1
q_pork_cutlet_04,0e58b6a8-b04a-4d2b-a1e5-df3139446df8,35,7.854525756964474,bm25_regex_v1
q_pork_cutlet_04,2185de7c-1a9c-433a-a60d-1c3a0514aa57,36,7.854525756964474,bm25_regex_v1
q_pork_cutlet_04,e3f7e5ce-03d8-4a55-820e-2e62246a8835,37,7.854525756964474,bm25_regex_v1
q_pork_cutlet_04,a09d8863-d4b6-43b7-b8d7-157569217b42,38,7.854525756964474,bm25_regex_v1
q_pork_cutlet_04,efbd2674-4d44-4fb2-ba66-1f58b74a7f65,39,7.854525756964474,bm25_regex_v1
q_pork_cutlet_04,3aa5c534-6a5d-4735-b953-3779ba138b1a,40,7.854525756964474,bm25_regex_v1
q_dumpling_01,e435c545-6c35-4ec1-a325-8dcd9fa3a504,1,8.350433103496167,bm25_regex_v1
q_dumpling_01,aa67f4c3-219e-4011-a5e9-d1bab54b6820,2,8.350433103496167,bm25_regex_v1
q_dumpling_01,d66745b3-2063-4a23-9bc9-1c435dcb8d69,3,6.828552063143868,bm25_regex_v1
q_dumpling_01,8f8ccf5b-09da-40c5-bdd4-1c588f364930,4,6.828552063143868,bm25_regex_v1
q_dumpling_01,6e0f2898-8c3a-4b86-a0e7-4eb92eef35d9,5,6.828552063143868,bm25_regex_v1
q_dumpling_01,21d43a3b-d495-48c9-bb6a-0505eefdcb26,6,6.828552063143868,bm25_regex_v1
q_dumpling_01,da50e53b-e81b-4b60-acc7-2baf1c4a94cb,7,6.828552063143868,bm25_regex_v1
q_dumpling_01,59e4040f-5d2d-47b7-b9d7-2c8a48e3c1c3,8,6.828552063143868,bm25_regex_v1
q_dumpling_01,9c45ac41-323f-44cd-8901-7b4f9793b583,9,6.828552063143868,bm25_regex_v1
q_dumpling_01,a32ee2cb-8a27-4a54-bdfc-043dd57caa83,10,6.828552063143868,bm25_regex_v1
q_dumpling_01,3572d750-a243-4915-b2fd-af055e6c8330,11,6.828552063143868,bm25_regex_v1
q_dumpling_01,2613f2dc-65bb-4746-b383-dfba0ce85bae,12,6.828552063143868,bm25_regex_v1
q_dumpling_01,b18a9e8c-0de2-4175-8d8b-729a61773371,13,6.828552063143868,bm25_regex_v1
q_dumpling_01,e70a2c29-e70f-4f82-864c-5f8ea8e8a89e,14,6.828552063143868,bm25_regex_v1
q_dumpling_01,810ba55b-19e1-47bb-b340-dacba4584b5d,15,6.828552063143868,bm25_regex_v1
q_dumpling_01,79d6adf2-cddc-4662-8639-4bd3f5496514,16,6.828552063143868,bm25_regex_v1
q_dumpling_01,9ede157b-e640-4e93-8106-c04cfee65d18,17,6.828552063143868,bm25_regex_v1
q_dumpling_01,5db2393c-54a9-4e60-99dc-a3f9fe8303a7,18,6.828552063143868,bm25_regex_v1
q_dumpling_01,9cabdaf4-579d-4c04-b274-66df74b5653c,19,6.828552063143868,bm25_regex_v1
q_dumpling_01,8b0ac2e5-ed66-4623-b53f-f03e15bd35ee,20,6.828552063143868,bm25_regex_v1
q_dumpling_01,0751174e-b0a2-4e13-b873-baa006b4bb8d,21,6.828552063143868,bm25_regex_v1
q_dumpling_01,86a71d47-28d6-44af-b621-22a26d647bd5,22,6.828552063143868,bm25_regex_v1
q_dumpling_01,a7b36306-b9cd-4a7b-b0b3-044e82b90810,23,6.828552063143868,bm25_regex_v1
q_dumpling_01,abcc7cbc-f5bd-4367-bc39-17dbc3212bda,24,6.828552063143868,bm25_regex_v1
q_dumpling_01,a39c69b8-a402-46a2-a2f0-8760f4728c45,25,6.828552063143868,bm25_regex_v1
q_dumpling_01,2fbbc53f-fa90-42fa-85d9-0784d3b442db,26,6.828552063143868,bm25_regex_v1
q_dumpling_01,2d63c0fa-1e70-42bd-ac34-4595f4c6aa30,27,6.828552063143868,bm25_regex_v1
q_dumpling_01,b17636c0-4235-492c-8b4a-f0dcf80bee31,28,6.828552063143868,bm25_regex_v1
q_dumpling_01,1cea6a4e-646e-49fc-a14e-353c3363138e,29,6.828552063143868,bm25_regex_v1
q_dumpling_01,b80bce90-7574-4818-bc22-f70baeb01fc2,30,6.828552063143868,bm25_regex_v1
q_dumpling_01,c776afd4-48ba-4799-b6ab-1de1733878a3,31,6.828552063143868,bm25_regex_v1
q_dumpling_01,5c95230f-f707-47c6-91a3-6a5c15b5f3bc,32,6.828552063143868,bm25_regex_v1
q_dumpling_01,c52291ae-dcd5-43be-8688-ebd5e97456d0,33,6.828552063143868,bm25_regex_v1
q_dumpling_01,501ae59c-22f7-46af-bfba-ef08a9b81641,34,6.828552063143868,bm25_regex_v1
q_dumpling_01,20b1cd13-e4ad-4b9e-81bb-897f45835b24,35,6.828552063143868,bm25_regex_v1
q_dumpling_01,9e783caf-f00d-47ce-8fba-5843e7be401b,36,6.828552063143868,bm25_regex_v1
q_dumpling_01,00719699-eb0c-4473-bda9-7a16eace345e,37,6.828552063143868,bm25_regex_v1
q_dumpling_01,e945cc19-4185-4732-82c5-40204733bff1,38,6.828552063143868,bm25_regex_v1
q_dumpling_01,1b0032f6-1cc3-4466-ba1f-2fc85261315c,39,6.828552063143868,bm25_regex_v1
q_dumpling_01,44ab277e-62ae-49f8-be37-3b462ce37dfb,40,6.828552063143868,bm25_regex_v1
q_dumpling_02,cadd5f0a-1af2-493b-865f-028cfdeeb66c,1,9.164369960940352,bm25_regex_v1
q_dumpling_03,76a3551b-dae4-4326-92cc-662015aedbfb,1,9.713061568494638,bm25_regex_v1
q_dumpling_03,aa67f4c3-219e-4011-a5e9-d1bab54b6820,2,8.350433103496167,bm25_regex_v1
q_dumpling_03,e435c545-6c35-4ec1-a325-8dcd9fa3a504,3,8.350433103496167,bm25_regex_v1
q_dumpling_03,c111ac9d-3f3a-405c-a8db-4d127ccda9e2,4,8.316053173150372,bm25_regex_v1
q_dumpling_03,24456103-f6b8-46af-8655-82e61d7265d8,5,8.316053173150372,bm25_regex_v1
q_dumpling_03,c161453d-f2c8-4b97-a2c3-a54e0cbdb7e8,6,8.01201882227563,bm25_regex_v1
q_dumpling_03,2743811c-5e71-4d2b-aa75-1b0147d44f2d,7,7.270371540466384,bm25_regex_v1
q_dumpling_03,59e4040f-5d2d-47b7-b9d7-2c8a48e3c1c3,8,6.828552063143868,bm25_regex_v1
q_dumpling_03,79d6adf2-cddc-4662-8639-4bd3f5496514,9,6.828552063143868,bm25_regex_v1
q_dumpling_03,9c45ac41-323f-44cd-8901-7b4f9793b583,10,6.828552063143868,bm25_regex_v1
q_dumpling_03,a32ee2cb-8a27-4a54-bdfc-043dd57caa83,11,6.828552063143868,bm25_regex_v1
q_dumpling_03,3572d750-a243-4915-b2fd-af055e6c8330,12,6.828552063143868,bm25_regex_v1
q_dumpling_03,2613f2dc-65bb-4746-b383-dfba0ce85bae,13,6.828552063143868,bm25_regex_v1
q_dumpling_03,6e0f2898-8c3a-4b86-a0e7-4eb92eef35d9,14,6.828552063143868,bm25_regex_v1
q_dumpling_03,21d43a3b-d495-48c9-bb6a-0505eefdcb26,15,6.828552063143868,bm25_regex_v1
q_dumpling_03,8d923e51-d45d-4cc7-a048-47b07db5c0ec,16,6.828552063143868,bm25_regex_v1
q_dumpling_03,c776afd4-48ba-4799-b6ab-1de1733878a3,17,6.828552063143868,bm25_regex_v1
q_dumpling_03,5c95230f-f707-47c6-91a3-6a5c15b5f3bc,18,6.828552063143868,bm25_regex_v1
q_dumpling_03,9ede157b-e640-4e93-8106-c04cfee65d18,19,6.828552063143868,bm25_regex_v1
q_dumpling_03,5db2393c-54a9-4e60-99dc-a3f9fe8303a7,20,6.828552063143868,bm25_regex_v1
q_dumpling_03,9cabdaf4-579d-4c04-b274-66df74b5653c,21,6.828552063143868,bm25_regex_v1
q_dumpling_03,86a71d47-28d6-44af-b621-22a26d647bd5,22,6.828552063143868,bm25_regex_v1
q_dumpling_03,a7b36306-b9cd-4a7b-b0b3-044e82b90810,23,6.828552063143868,bm25_regex_v1
q_dumpling_03,abcc7cbc-f5bd-4367-bc39-17dbc3212bda,24,6.828552063143868,bm25_regex_v1
q_dumpling_03,a39c69b8-a402-46a2-a2f0-8760f4728c45,25,6.828552063143868,bm25_regex_v1
q_dumpling_03,2fbbc53f-fa90-42fa-85d9-0784d3b442db,26,6.828552063143868,bm25_regex_v1
q_dumpling_03,2d63c0fa-1e70-42bd-ac34-4595f4c6aa30,27,6.828552063143868,bm25_regex_v1
q_dumpling_03,b17636c0-4235-492c-8b4a-f0dcf80bee31,28,6.828552063143868,bm25_regex_v1
q_dumpling_03,1cea6a4e-646e-49fc-a14e-353c3363138e,29,6.828552063143868,bm25_regex_v1
q_dumpling_03,b18a9e8c-0de2-4175-8d8b-729a61773371,30,6.828552063143868,bm25_regex_v1
q_dumpling_03,0751174e-b0a2-4e13-b873-baa006b4bb8d,31,6.828552063143868,bm25_regex_v1
q_dumpling_03,da50e53b-e81b-4b60-acc7-2baf1c4a94cb,32,6.828552063143868,bm25_regex_v1
q_dumpling_03,9e0359dd-9273-45e4-81f8-1a13e80d9006,33,6.828552063143868,bm25_regex_v1
q_dumpling_03,b80bce90-7574-4818-bc22-f70baeb01fc2,34,6.828552063143868,bm25_regex_v1
q_dumpling_03,d483c4a5-fe54-4b04-b3bf-9e6ad2ffdd04,35,6.828552063143868,bm25_regex_v1
q_dumpling_03,1c15f73b-c6b0-472e-9485-a7e4a4a50b99,36,6.828552063143868,bm25_regex_v1
q_dumpling_03,501ae59c-22f7-46af-bfba-ef08a9b81641,37,6.828552063143868,bm25_regex_v1
q_dumpling_03,20b1cd13-e4ad-4b9e-81bb-897f45835b24,38,6.828552063143868,bm25_regex_v1
q_dumpling_03,9e783caf-f00d-47ce-8fba-5843e7be401b,39,6.828552063143868,bm25_regex_v1
q_dumpling_03,c52291ae-dcd5-43be-8688-ebd5e97456d0,40,6.828552063143868,bm25_regex_v1
q_dumpling_04,aba76fc2-984e-4030-ba01-e2e7d78264c7,1,9.939720297290684,bm25_regex_v1
q_dumpling_04,f14df4d3-9858-4a8b-8597-20fd477d8e32,2,8.510112072863361,bm25_regex_v1
q_dumpling_04,282b0e8b-051c-49f9-a707-b982df803589,3,8.510112072863361,bm25_regex_v1
q_dumpling_04,aa67f4c3-219e-4011-a5e9-d1bab54b6820,4,8.350433103496167,bm25_regex_v1
q_dumpling_04,e435c545-6c35-4ec1-a325-8dcd9fa3a504,5,8.350433103496167,bm25_regex_v1
q_dumpling_04,6e0f2898-8c3a-4b86-a0e7-4eb92eef35d9,6,6.828552063143868,bm25_regex_v1
q_dumpling_04,da50e53b-e81b-4b60-acc7-2baf1c4a94cb,7,6.828552063143868,bm25_regex_v1
q_dumpling_04,8f8ccf5b-09da-40c5-bdd4-1c588f364930,8,6.828552063143868,bm25_regex_v1
q_dumpling_04,9c45ac41-323f-44cd-8901-7b4f9793b583,9,6.828552063143868,bm25_regex_v1
q_dumpling_04,a32ee2cb-8a27-4a54-bdfc-043dd57caa83,10,6.828552063143868,bm25_regex_v1
q_dumpling_04,3572d750-a243-4915-b2fd-af055e6c8330,11,6.828552063143868,bm25_regex_v1
q_dumpling_04,2613f2dc-65bb-4746-b383-dfba0ce85bae,12,6.828552063143868,bm25_regex_v1
q_dumpling_04,b18a9e8c-0de2-4175-8d8b-729a61773371,13,6.828552063143868,bm25_regex_v1
q_dumpling_04,21d43a3b-d495-48c9-bb6a-0505eefdcb26,14,6.828552063143868,bm25_regex_v1
q_dumpling_04,810ba55b-19e1-47bb-b340-dacba4584b5d,15,6.828552063143868,bm25_regex_v1
q_dumpling_04,59e4040f-5d2d-47b7-b9d7-2c8a48e3c1c3,16,6.828552063143868,bm25_regex_v1
q_dumpling_04,9ede157b-e640-4e93-8106-c04cfee65d18,17,6.828552063143868,bm25_regex_v1
q_dumpling_04,5db2393c-54a9-4e60-99dc-a3f9fe8303a7,18,6.828552063143868,bm25_regex_v1
q_dumpling_04,9cabdaf4-579d-4c04-b274-66df74b5653c,19,6.828552063143868,bm25_regex_v1
q_dumpling_04,0751174e-b0a2-4e13-b873-baa006b4bb8d,20,6.828552063143868,bm25_regex_v1
q_dumpling_04,86a71d47-28d6-44af-b621-22a26d647bd5,21,6.828552063143868,bm25_regex_v1
q_dumpling_04,a7b36306-b9cd-4a7b-b0b3-044e82b90810,22,6.828552063143868,bm25_regex_v1
q_dumpling_04,abcc7cbc-f5bd-4367-bc39-17dbc3212bda,23,6.828552063143868,bm25_regex_v1
q_dumpling_04,a39c69b8-a402-46a2-a2f0-8760f4728c45,24,6.828552063143868,bm25_regex_v1
q_dumpling_04,2fbbc53f-fa90-42fa-85d9-0784d3b442db,25,6.828552063143868,bm25_regex_v1
q_dumpling_04,2d63c0fa-1e70-42bd-ac34-4595f4c6aa30,26,6.828552063143868,bm25_regex_v1
q_dumpling_04,b17636c0-4235-492c-8b4a-f0dcf80bee31,27,6.828552063143868,bm25_regex_v1
q_dumpling_04,1cea6a4e-646e-49fc-a14e-353c3363138e,28,6.828552063143868,bm25_regex_v1
q_dumpling_04,1b0032f6-1cc3-4466-ba1f-2fc85261315c,29,6.828552063143868,bm25_regex_v1
q_dumpling_04,e70a2c29-e70f-4f82-864c-5f8ea8e8a89e,30,6.828552063143868,bm25_regex_v1
q_dumpling_04,c776afd4-48ba-4799-b6ab-1de1733878a3,31,6.828552063143868,bm25_regex_v1
q_dumpling_04,79d6adf2-cddc-4662-8639-4bd3f5496514,32,6.828552063143868,bm25_regex_v1
q_dumpling_04,c52291ae-dcd5-43be-8688-ebd5e97456d0,33,6.828552063143868,bm25_regex_v1
q_dumpling_04,501ae59c-22f7-46af-bfba-ef08a9b81641,34,6.828552063143868,bm25_regex_v1
q_dumpling_04,20b1cd13-e4ad-4b9e-81bb-897f45835b24,35,6.828552063143868,bm25_regex_v1
q_dumpling_04,9e783caf-f00d-47ce-8fba-5843e7be401b,36,6.828552063143868,bm25_regex_v1
q_dumpling_04,00719699-eb0c-4473-bda9-7a16eace345e,37,6.828552063143868,bm25_regex_v1
q_dumpling_04,e945cc19-4185-4732-82c5-40204733bff1,38,6.828552063143868,bm25_regex_v1
q_dumpling_04,44ab277e-62ae-49f8-be37-3b462ce37dfb,39,6.828552063143868,bm25_regex_v1
q_dumpling_04,4b77cba3-cc03-4fdf-a322-53c79775d192,40,6.828552063143868,bm25_regex_v1
q_toast_01,ff6b8626-c069-47f1-98c9-fd4193dbc11a,1,9.323912837842716,bm25_regex_v1
q_toast_01,d494ce69-3512-4b13-bf2f-a7048443f7c8,2,9.323912837842716,bm25_regex_v1
q_toast_01,17e52c14-4678-4a22-ae10-305f9c60d64c,3,7.624613413017769,bm25_regex_v1
q_toast_01,823d6c6a-120d-41d9-8135-b580f252a6fd,4,7.624613413017769,bm25_regex_v1
q_toast_01,f0f57c1f-c1e2-4c1a-8a9b-7e08e0a51e2e,5,7.624613413017769,bm25_regex_v1
q_toast_01,e14a35ef-257b-4998-9fa3-d997baebd199,6,7.624613413017769,bm25_regex_v1
q_toast_01,aada6bd5-f29d-48fd-ab64-369bcc6bc80a,7,7.624613413017769,bm25_regex_v1
q_toast_01,d52b963d-16be-4f1b-8eb7-f272f3b83979,8,7.624613413017769,bm25_regex_v1
q_toast_01,a66caa12-d548-45f7-9d03-dd9ca062cdbb,9,7.624613413017769,bm25_regex_v1
q_toast_01,f8260db0-d50e-4fcc-91d2-0e043e00ca7f,10,7.624613413017769,bm25_regex_v1
q_toast_01,c7c286d3-3448-4277-91ad-8c031c520f72,11,7.624613413017769,bm25_regex_v1
q_toast_01,7162a8e5-1a46-4423-af77-58bb2ee7e5b1,12,7.624613413017769,bm25_regex_v1
q_toast_01,3013157f-f6af-410b-bd85-835da2901559,13,7.624613413017769,bm25_regex_v1
q_toast_01,f5ffa8a6-3205-49fc-97a7-2803e1baf8aa,14,7.624613413017769,bm25_regex_v1
q_toast_01,29b05536-85ca-4c29-8a57-81ac12f5cc43,15,7.624613413017769,bm25_regex_v1
q_toast_01,bfa0ca43-a055-4e42-8009-0e73ceeaa43c,16,7.624613413017769,bm25_regex_v1
q_toast_01,d10e55c5-2306-43af-9ce7-ec852fe87158,17,7.624613413017769,bm25_regex_v1
q_toast_01,4a0bbb0d-f2cc-4eef-943a-39446582d12a,18,7.624613413017769,bm25_regex_v1
q_toast_01,bc3ce2ea-c112-4dd8-bfca-40b10f0ab716,19,7.624613413017769,bm25_regex_v1
q_toast_01,a9a5dcef-dfd4-4533-8d9d-1ac236df88a6,20,7.624613413017769,bm25_regex_v1
q_toast_01,6e6af143-774d-4846-ad49-8e8ff1216e8a,21,7.624613413017769,bm25_regex_v1
q_toast_01,723dc3b7-f79f-4866-aea0-86581998a4ee,22,7.624613413017769,bm25_regex_v1
q_toast_01,016f68a3-c16f-467c-af96-22466baf3a6a,23,7.624613413017769,bm25_regex_v1
q_toast_01,4cced14f-0320-44d5-bce2-d70127efa9a3,24,7.624613413017769,bm25_regex_v1
q_toast_01,571651a7-502f-4ba8-86c5-85ed80fd585c,25,7.624613413017769,bm25_regex_v1
q_toast_01,a8df6df7-bb3a-4f36-af8f-a199692e6d83,26,7.624613413017769,bm25_regex_v1
q_toast_01,b3e64d4f-deb1-4871-883b-6d67067a66ec,27,7.624613413017769,bm25_regex_v1
q_toast_01,d51366d9-e3fd-4cb7-a2f5-42ea85c622d4,28,7.624613413017769,bm25_regex_v1
q_toast_01,abf9b0a8-af7d-4fd8-873c-127805d537b0,29,7.624613413017769,bm25_regex_v1
q_toast_01,a8e3902a-3465-4600-b191-5ea1cd45825a,30,7.624613413017769,bm25_regex_v1
q_toast_01,1f901d50-87f5-4410-9a23-c2fe9724598a,31,7.624613413017769,bm25_regex_v1
q_toast_01,89699db0-c7a6-413d-a6d7-aa9740300d49,32,7.624613413017769,bm25_regex_v1
q_toast_01,d238fa62-8188-4122-a9b5-a2479f7a841d,33,7.624613413017769,bm25_regex_v1
q_toast_01,49efea61-51b8-4d68-bc82-027f6529e5aa,34,7.624613413017769,bm25_regex_v1
q_toast_01,7d2264da-5ceb-4179-a616-cf9613a693d3,35,7.624613413017769,bm25_regex_v1
q_toast_01,7670dbad-2255-4570-8c5c-28dc32150760,36,7.624613413017769,bm25_regex_v1
q_toast_01,4e77e034-b231-444c-8670-4a3400c3d6ff,37,7.624613413017769,bm25_regex_v1
q_toast_01,735eb2c7-ac22-4462-a0ca-6d8ed657beee,38,7.624613413017769,bm25_regex_v1
q_toast_01,f0c8a0c8-20b4-429f-bbe6-9949b0985eb6,39,7.624613413017769,bm25_regex_v1
q_toast_01,2fbc0cfc-59e6-483e-a7c1-f934df63eeef,40,7.624613413017769,bm25_regex_v1
q_toast_02,c15b7d24-b90f-4edb-a4d7-38d243dad39e,1,12.311357881116114,bm25_regex_v1
q_toast_02,8f1ab898-c235-484c-8412-21943c8b7a2d,2,10.243180831270307,bm25_regex_v1
q_toast_02,ff6b8626-c069-47f1-98c9-fd4193dbc11a,3,9.323912837842716,bm25_regex_v1
q_toast_02,d494ce69-3512-4b13-bf2f-a7048443f7c8,4,9.323912837842716,bm25_regex_v1
q_toast_02,f0f57c1f-c1e2-4c1a-8a9b-7e08e0a51e2e,5,7.624613413017769,bm25_regex_v1
q_toast_02,823d6c6a-120d-41d9-8135-b580f252a6fd,6,7.624613413017769,bm25_regex_v1
q_toast_02,aada6bd5-f29d-48fd-ab64-369bcc6bc80a,7,7.624613413017769,bm25_regex_v1
q_toast_02,17e52c14-4678-4a22-ae10-305f9c60d64c,8,7.624613413017769,bm25_regex_v1
q_toast_02,a66caa12-d548-45f7-9d03-dd9ca062cdbb,9,7.624613413017769,bm25_regex_v1
q_toast_02,f8260db0-d50e-4fcc-91d2-0e043e00ca7f,10,7.624613413017769,bm25_regex_v1
q_toast_02,c7c286d3-3448-4277-91ad-8c031c520f72,11,7.624613413017769,bm25_regex_v1
q_toast_02,7162a8e5-1a46-4423-af77-58bb2ee7e5b1,12,7.624613413017769,bm25_regex_v1
q_toast_02,3013157f-f6af-410b-bd85-835da2901559,13,7.624613413017769,bm25_regex_v1
q_toast_02,e14a35ef-257b-4998-9fa3-d997baebd199,14,7.624613413017769,bm25_regex_v1
q_toast_02,29b05536-85ca-4c29-8a57-81ac12f5cc43,15,7.624613413017769,bm25_regex_v1
q_toast_02,d52b963d-16be-4f1b-8eb7-f272f3b83979,16,7.624613413017769,bm25_regex_v1
q_toast_02,d10e55c5-2306-43af-9ce7-ec852fe87158,17,7.624613413017769,bm25_regex_v1
q_toast_02,4a0bbb0d-f2cc-4eef-943a-39446582d12a,18,7.624613413017769,bm25_regex_v1
q_toast_02,bc3ce2ea-c112-4dd8-bfca-40b10f0ab716,19,7.624613413017769,bm25_regex_v1
q_toast_02,a9a5dcef-dfd4-4533-8d9d-1ac236df88a6,20,7.624613413017769,bm25_regex_v1
q_toast_02,6e6af143-774d-4846-ad49-8e8ff1216e8a,21,7.624613413017769,bm25_regex_v1
q_toast_02,723dc3b7-f79f-4866-aea0-86581998a4ee,22,7.624613413017769,bm25_regex_v1
q_toast_02,016f68a3-c16f-467c-af96-22466baf3a6a,23,7.624613413017769,bm25_regex_v1
q_toast_02,4cced14f-0320-44d5-bce2-d70127efa9a3,24,7.624613413017769,bm25_regex_v1
q_toast_02,571651a7-502f-4ba8-86c5-85ed80fd585c,25,7.624613413017769,bm25_regex_v1
q_toast_02,a8df6df7-bb3a-4f36-af8f-a199692e6d83,26,7.624613413017769,bm25_regex_v1
q_toast_02,b3e64d4f-deb1-4871-883b-6d67067a66ec,27,7.624613413017769,bm25_regex_v1
q_toast_02,d51366d9-e3fd-4cb7-a2f5-42ea85c622d4,28,7.624613413017769,bm25_regex_v1
q_toast_02,abf9b0a8-af7d-4fd8-873c-127805d537b0,29,7.624613413017769,bm25_regex_v1
q_toast_02,f5ffa8a6-3205-49fc-97a7-2803e1baf8aa,30,7.624613413017769,bm25_regex_v1
q_toast_02,1f901d50-87f5-4410-9a23-c2fe9724598a,31,7.624613413017769,bm25_regex_v1
q_toast_02,bfa0ca43-a055-4e42-8009-0e73ceeaa43c,32,7.624613413017769,bm25_regex_v1
q_toast_02,d238fa62-8188-4122-a9b5-a2479f7a841d,33,7.624613413017769,bm25_regex_v1
q_toast_02,49efea61-51b8-4d68-bc82-027f6529e5aa,34,7.624613413017769,bm25_regex_v1
q_toast_02,aaef4e51-9e76-45a2-868f-ded4f819e21c,35,7.624613413017769,bm25_regex_v1
q_toast_02,735eb2c7-ac22-4462-a0ca-6d8ed657beee,36,7.624613413017769,bm25_regex_v1
q_toast_02,cb7f488f-df80-422b-8329-0133d6512dd0,37,7.624613413017769,bm25_regex_v1
q_toast_02,f0c8a0c8-20b4-429f-bbe6-9949b0985eb6,38,7.624613413017769,bm25_regex_v1
q_toast_02,2fbc0cfc-59e6-483e-a7c1-f934df63eeef,39,7.624613413017769,bm25_regex_v1
q_toast_02,7670dbad-2255-4570-8c5c-28dc32150760,40,7.624613413017769,bm25_regex_v1
q_toast_03,76a3551b-dae4-4326-92cc-662015aedbfb,1,9.713061568494638,bm25_regex_v1
q_toast_03,d494ce69-3512-4b13-bf2f-a7048443f7c8,2,9.323912837842716,bm25_regex_v1
q_toast_03,ff6b8626-c069-47f1-98c9-fd4193dbc11a,3,9.323912837842716,bm25_regex_v1
q_toast_03,c111ac9d-3f3a-405c-a8db-4d127ccda9e2,4,8.316053173150372,bm25_regex_v1
q_toast_03,24456103-f6b8-46af-8655-82e61d7265d8,5,8.316053173150372,bm25_regex_v1
q_toast_03,c161453d-f2c8-4b97-a2c3-a54e0cbdb7e8,6,8.01201882227563,bm25_regex_v1
q_toast_03,823d6c6a-120d-41d9-8135-b580f252a6fd,7,7.624613413017769,bm25_regex_v1
q_toast_03,17e52c14-4678-4a22-ae10-305f9c60d64c,8,7.624613413017769,bm25_regex_v1
q_toast_03,bfa0ca43-a055-4e42-8009-0e73ceeaa43c,9,7.624613413017769,bm25_regex_v1
q_toast_03,a66caa12-d548-45f7-9d03-dd9ca062cdbb,10,7.624613413017769,bm25_regex_v1
q_toast_03,3013157f-f6af-410b-bd85-835da2901559,11,7.624613413017769,bm25_regex_v1
q_toast_03,f5ffa8a6-3205-49fc-97a7-2803e1baf8aa,12,7.624613413017769,bm25_regex_v1
q_toast_03,d52b963d-16be-4f1b-8eb7-f272f3b83979,13,7.624613413017769,bm25_regex_v1
q_toast_03,e14a35ef-257b-4998-9fa3-d997baebd199,14,7.624613413017769,bm25_regex_v1
q_toast_03,f0f57c1f-c1e2-4c1a-8a9b-7e08e0a51e2e,15,7.624613413017769,bm25_regex_v1
q_toast_03,aada6bd5-f29d-48fd-ab64-369bcc6bc80a,16,7.624613413017769,bm25_regex_v1
q_toast_03,7162a8e5-1a46-4423-af77-58bb2ee7e5b1,17,7.624613413017769,bm25_regex_v1
q_toast_03,c7c286d3-3448-4277-91ad-8c031c520f72,18,7.624613413017769,bm25_regex_v1
q_toast_03,4a0bbb0d-f2cc-4eef-943a-39446582d12a,19,7.624613413017769,bm25_regex_v1
q_toast_03,bc3ce2ea-c112-4dd8-bfca-40b10f0ab716,20,7.624613413017769,bm25_regex_v1
q_toast_03,6e6af143-774d-4846-ad49-8e8ff1216e8a,21,7.624613413017769,bm25_regex_v1
q_toast_03,4cced14f-0320-44d5-bce2-d70127efa9a3,22,7.624613413017769,bm25_regex_v1
q_toast_03,016f68a3-c16f-467c-af96-22466baf3a6a,23,7.624613413017769,bm25_regex_v1
q_toast_03,d238fa62-8188-4122-a9b5-a2479f7a841d,24,7.624613413017769,bm25_regex_v1
q_toast_03,a8df6df7-bb3a-4f36-af8f-a199692e6d83,25,7.624613413017769,bm25_regex_v1
q_toast_03,d51366d9-e3fd-4cb7-a2f5-42ea85c622d4,26,7.624613413017769,bm25_regex_v1
q_toast_03,b3e64d4f-deb1-4871-883b-6d67067a66ec,27,7.624613413017769,bm25_regex_v1
q_toast_03,abf9b0a8-af7d-4fd8-873c-127805d537b0,28,7.624613413017769,bm25_regex_v1
q_toast_03,89699db0-c7a6-413d-a6d7-aa9740300d49,29,7.624613413017769,bm25_regex_v1
q_toast_03,1f901d50-87f5-4410-9a23-c2fe9724598a,30,7.624613413017769,bm25_regex_v1
q_toast_03,29b05536-85ca-4c29-8a57-81ac12f5cc43,31,7.624613413017769,bm25_regex_v1
q_toast_03,f8260db0-d50e-4fcc-91d2-0e043e00ca7f,32,7.624613413017769,bm25_regex_v1
q_toast_03,571651a7-502f-4ba8-86c5-85ed80fd585c,33,7.624613413017769,bm25_regex_v1
q_toast_03,a9a5dcef-dfd4-4533-8d9d-1ac236df88a6,34,7.624613413017769,bm25_regex_v1
q_toast_03,7d2264da-5ceb-4179-a616-cf9613a693d3,35,7.624613413017769,bm25_regex_v1
q_toast_03,4e77e034-b231-444c-8670-4a3400c3d6ff,36,7.624613413017769,bm25_regex_v1
q_toast_03,b37d2464-ea32-46cf-8d24-e9170b2c14d5,37,7.624613413017769,bm25_regex_v1
q_toast_03,f2b80a63-fb33-456e-ae44-7f56542893ea,38,7.624613413017769,bm25_regex_v1
q_toast_03,f61ed7fe-ce33-45e1-bc20-89b513b1168f,39,7.624613413017769,bm25_regex_v1
q_toast_03,735eb2c7-ac22-4462-a0ca-6d8ed657beee,40,7.624613413017769,bm25_regex_v1
q_toast_04,aba76fc2-984e-4030-ba01-e2e7d78264c7,1,9.939720297290684,bm25_regex_v1
q_toast_04,ff6b8626-c069-47f1-98c9-fd4193dbc11a,2,9.323912837842716,bm25_regex_v1
q_toast_04,d494ce69-3512-4b13-bf2f-a7048443f7c8,3,9.323912837842716,bm25_regex_v1
q_toast_04,f14df4d3-9858-4a8b-8597-20fd477d8e32,4,8.510112072863361,bm25_regex_v1
q_toast_04,282b0e8b-051c-49f9-a707-b982df803589,5,8.510112072863361,bm25_regex_v1
q_toast_04,f0f57c1f-c1e2-4c1a-8a9b-7e08e0a51e2e,6,7.624613413017769,bm25_regex_v1
q_toast_04,aada6bd5-f29d-48fd-ab64-369bcc6bc80a,7,7.624613413017769,bm25_regex_v1
q_toast_04,17e52c14-4678-4a22-ae10-305f9c60d64c,8,7.624613413017769,bm25_regex_v1
q_toast_04,a66caa12-d548-45f7-9d03-dd9ca062cdbb,9,7.624613413017769,bm25_regex_v1
q_toast_04,f8260db0-d50e-4fcc-91d2-0e043e00ca7f,10,7.624613413017769,bm25_regex_v1
q_toast_04,c7c286d3-3448-4277-91ad-8c031c520f72,11,7.624613413017769,bm25_regex_v1
q_toast_04,bc3ce2ea-c112-4dd8-bfca-40b10f0ab716,12,7.624613413017769,bm25_regex_v1
q_toast_04,1f901d50-87f5-4410-9a23-c2fe9724598a,13,7.624613413017769,bm25_regex_v1
q_toast_04,e14a35ef-257b-4998-9fa3-d997baebd199,14,7.624613413017769,bm25_regex_v1
q_toast_04,29b05536-85ca-4c29-8a57-81ac12f5cc43,15,7.624613413017769,bm25_regex_v1
q_toast_04,823d6c6a-120d-41d9-8135-b580f252a6fd,16,7.624613413017769,bm25_regex_v1
q_toast_04,7162a8e5-1a46-4423-af77-58bb2ee7e5b1,17,7.624613413017769,bm25_regex_v1
q_toast_04,3013157f-f6af-410b-bd85-835da2901559,18,7.624613413017769,bm25_regex_v1
q_toast_04,4a0bbb0d-f2cc-4eef-943a-39446582d12a,19,7.624613413017769,bm25_regex_v1
q_toast_04,a8df6df7-bb3a-4f36-af8f-a199692e6d83,20,7.624613413017769,bm25_regex_v1
q_toast_04,6e6af143-774d-4846-ad49-8e8ff1216e8a,21,7.624613413017769,bm25_regex_v1
q_toast_04,4cced14f-0320-44d5-bce2-d70127efa9a3,22,7.624613413017769,bm25_regex_v1
q_toast_04,016f68a3-c16f-467c-af96-22466baf3a6a,23,7.624613413017769,bm25_regex_v1
q_toast_04,a9a5dcef-dfd4-4533-8d9d-1ac236df88a6,24,7.624613413017769,bm25_regex_v1
q_toast_04,571651a7-502f-4ba8-86c5-85ed80fd585c,25,7.624613413017769,bm25_regex_v1
q_toast_04,d51366d9-e3fd-4cb7-a2f5-42ea85c622d4,26,7.624613413017769,bm25_regex_v1
q_toast_04,abf9b0a8-af7d-4fd8-873c-127805d537b0,27,7.624613413017769,bm25_regex_v1
q_toast_04,b3e64d4f-deb1-4871-883b-6d67067a66ec,28,7.624613413017769,bm25_regex_v1
q_toast_04,a8e3902a-3465-4600-b191-5ea1cd45825a,29,7.624613413017769,bm25_regex_v1
q_toast_04,f5ffa8a6-3205-49fc-97a7-2803e1baf8aa,30,7.624613413017769,bm25_regex_v1
q_toast_04,89699db0-c7a6-413d-a6d7-aa9740300d49,31,7.624613413017769,bm25_regex_v1
q_toast_04,d52b963d-16be-4f1b-8eb7-f272f3b83979,32,7.624613413017769,bm25_regex_v1
q_toast_04,d238fa62-8188-4122-a9b5-a2479f7a841d,33,7.624613413017769,bm25_regex_v1
q_toast_04,f2b80a63-fb33-456e-ae44-7f56542893ea,34,7.624613413017769,bm25_regex_v1
q_toast_04,f61ed7fe-ce33-45e1-bc20-89b513b1168f,35,7.624613413017769,bm25_regex_v1
q_toast_04,49efea61-51b8-4d68-bc82-027f6529e5aa,36,7.624613413017769,bm25_regex_v1
q_toast_04,cb7f488f-df80-422b-8329-0133d6512dd0,37,7.624613413017769,bm25_regex_v1
q_toast_04,f0c8a0c8-20b4-429f-bbe6-9949b0985eb6,38,7.624613413017769,bm25_regex_v1
q_toast_04,7670dbad-2255-4570-8c5c-28dc32150760,39,7.624613413017769,bm25_regex_v1
q_toast_04,e3bc1b64-cd2f-4464-b19b-f84fc0880053,40,7.624613413017769,bm25_regex_v1
q_academy_01,184800bb-0306-4ffd-9518-cf3e69f3af1c,1,8.128131763199448,bm25_regex_v1
q_academy_01,816e96c4-ad7f-46e1-b3d6-3b39f1c8d699,2,8.128131763199448,bm25_regex_v1
q_academy_01,d625bab5-9584-44b6-9b48-4c875cec0809,3,8.128131763199448,bm25_regex_v1
q_academy_01,c99dd784-6fbd-47c5-ab1f-5b0f65d5b5db,4,8.128131763199448,bm25_regex_v1
q_academy_01,83a5b6b1-2220-46fd-b093-e9fcb47befc6,5,8.128131763199448,bm25_regex_v1
q_academy_01,a31987f0-3488-4d79-8c1e-705caff3a048,6,8.128131763199448,bm25_regex_v1
q_academy_01,82f5ecba-aeba-4509-937e-acd2c48500d7,7,8.128131763199448,bm25_regex_v1
q_academy_01,915f0e71-3a17-4564-8f2d-3330685fc3fe,8,8.128131763199448,bm25_regex_v1
q_academy_01,9a7da882-ed13-4ac0-934d-fd9666075a2b,9,8.128131763199448,bm25_regex_v1
q_academy_01,99e3bebe-c38c-4210-a056-7e347195ad55,10,8.128131763199448,bm25_regex_v1
q_academy_01,87ba2dff-fd7c-4004-95f9-af3438e9830e,11,8.128131763199448,bm25_regex_v1
q_academy_01,6583d861-2b7d-4abc-82f3-57d3a7fa9e59,12,8.128131763199448,bm25_regex_v1
q_academy_01,96d75700-a4cc-4c7c-ad2e-7c9fe23c6d2e,13,8.128131763199448,bm25_regex_v1
q_academy_01,8a21b930-e4c9-42be-8de3-145c17945628,14,8.128131763199448,bm25_regex_v1
q_academy_01,2aa1601b-649a-404f-b060-5a8b3828c446,15,8.128131763199448,bm25_regex_v1
q_academy_01,717ca04a-cd92-4ff6-9a2e-890ed06df9d6,16,8.128131763199448,bm25_regex_v1
q_academy_01,5a87ac98-3261-419c-910c-e798407a609d,17,8.128131763199448,bm25_regex_v1
q_academy_01,32c87c54-6904-4e64-af82-ba082f9fc47d,18,8.128131763199448,bm25_regex_v1
q_academy_01,64e933ac-605c-477c-8c96-71becc1a44a9,19,8.128131763199448,bm25_regex_v1
q_academy_01,17799776-b473-406e-aa82-04a5f26858c2,20,8.128131763199448,bm25_regex_v1
q_academy_01,44aa574e-fbcf-4cde-ae48-a563c0d1cd96,21,8.128131763199448,bm25_regex_v1
q_academy_01,43ad5d85-b3b1-4394-990a-52b5d58bead0,22,8.128131763199448,bm25_regex_v1
q_academy_01,e2dd6378-544b-4666-b013-ef4ce325adef,23,8.128131763199448,bm25_regex_v1
q_academy_01,45840f91-2726-467a-850e-51c8b0791875,24,8.128131763199448,bm25_regex_v1
q_academy_01,5f0fa302-d8f5-45b8-9903-63a7887d7d4b,25,8.128131763199448,bm25_regex_v1
q_academy_01,24d9f355-8f13-41ec-bbd0-5942519a3ffc,26,8.128131763199448,bm25_regex_v1
q_academy_01,89559f14-b9df-4f21-a491-fffc17a5fd7c,27,8.128131763199448,bm25_regex_v1
q_academy_01,8b94ada0-89e9-4348-8564-2ebc28bfc487,28,8.128131763199448,bm25_regex_v1
q_academy_01,e4d55e2a-54b0-450b-8104-562950657f01,29,8.128131763199448,bm25_regex_v1
q_academy_01,28b81dd4-e838-48a2-81f5-d64e2d766b8b,30,8.128131763199448,bm25_regex_v1
q_academy_01,e52fe732-6d2b-40bc-96b9-eb24d45a1f8c,31,8.128131763199448,bm25_regex_v1
q_academy_01,a827f9f0-9ba0-4702-bf19-5401f4a8acb3,32,8.128131763199448,bm25_regex_v1
q_academy_01,800eb3fc-d7ce-4e29-bd7f-f8b43372bcf1,33,8.128131763199448,bm25_regex_v1
q_academy_01,38a09c72-6522-4919-914c-f788c03190ee,34,8.128131763199448,bm25_regex_v1
q_academy_01,11733627-36cf-42f7-a020-0b156b648130,35,8.128131763199448,bm25_regex_v1
q_academy_01,255cfd06-0ec4-4c6f-a479-d58c2cbf9e16,36,8.128131763199448,bm25_regex_v1
q_academy_01,b31bb5d1-e421-49e0-86e8-5d417caf1d44,37,8.128131763199448,bm25_regex_v1
q_academy_01,db3049be-d927-401a-b87c-76e92e870ff3,38,8.128131763199448,bm25_regex_v1
q_academy_01,0dbdb4e1-3d4b-49b2-bd4e-6a8a930a3f56,39,8.128131763199448,bm25_regex_v1
q_academy_01,80f061da-e6c0-4beb-905e-f4998d4f3283,40,8.128131763199448,bm25_regex_v1
q_academy_02,c6503381-7a0f-489b-b58e-45517f974cac,1,9.56475457420946,bm25_regex_v1
q_academy_02,dd81f32d-a660-4a57-983a-e341cba559a8,2,9.56475457420946,bm25_regex_v1
q_academy_02,db75c4ac-32e1-4a19-9cdf-aef47b923513,3,9.56475457420946,bm25_regex_v1
q_academy_02,291cb7f8-77fb-46ca-8cd2-97a7bea5a8df,4,9.380374426485337,bm25_regex_v1
q_academy_02,575d9868-735a-497b-8f15-2428ddc34a40,5,8.53531229929928,bm25_regex_v1
q_academy_02,396007d3-ca40-4083-9099-399adffc8f04,6,7.957977637919604,bm25_regex_v1
q_academy_02,c2f0052b-b972-43bf-af8e-27d4b0349c9a,7,7.957977637919604,bm25_regex_v1
q_academy_02,44fe8505-6be7-4cd9-87a1-201cd635b1e5,8,7.957977637919604,bm25_regex_v1
q_academy_02,a0ab6c64-2d4b-4226-a89e-853e4576bb90,9,7.957977637919604,bm25_regex_v1
q_academy_02,52176ec6-3e7d-4085-8c0e-e78744a332f4,10,7.957977637919604,bm25_regex_v1
q_academy_02,c8b792c4-8888-4863-a7de-7e255e461cae,11,7.957977637919604,bm25_regex_v1
q_academy_02,dc615e17-7c1b-4e03-b427-471eee685ee5,12,7.957977637919604,bm25_regex_v1
q_academy_02,468ede49-2fd5-4fa2-97ee-816f21e88cc2,13,7.957977637919604,bm25_regex_v1
q_academy_02,c087750d-a841-45c2-9a27-1e937068ed35,14,7.957977637919604,bm25_regex_v1
q_academy_02,45974ccb-5686-4d8d-a1cb-ae7074906584,15,7.957977637919604,bm25_regex_v1
q_academy_02,bf8b6e54-f4e4-4317-9c2e-591835f5e2fd,16,7.957977637919604,bm25_regex_v1
q_academy_02,60c8ed6b-5f8a-423b-b433-aac07522cc52,17,6.81339912457053,bm25_regex_v1
q_academy_02,88d46db3-14c7-46c0-9a37-22d0bf533d06,18,6.81339912457053,bm25_regex_v1
q_academy_02,88c36a77-c6b9-47ca-9fff-c28a77e2e57a,19,6.81339912457053,bm25_regex_v1
q_academy_02,ba025f5b-980e-4732-83d0-a548b50351a0,20,6.81339912457053,bm25_regex_v1
q_academy_02,885c3ec9-6804-43f1-8819-9c4b4d8581e6,21,6.81339912457053,bm25_regex_v1
q_academy_02,5ec95d3b-01f0-4e4e-92f4-5b65e44c4f85,22,6.81339912457053,bm25_regex_v1
q_academy_02,f700b0d7-1184-43b4-86ee-1464a3393ab4,23,6.81339912457053,bm25_regex_v1
q_academy_02,5fbb774a-d7f3-4d31-993b-57680e0a1c2a,24,6.81339912457053,bm25_regex_v1
q_academy_02,3cb9d8cc-3ea5-4b5b-8e08-cf1b95a76574,25,5.9566650257901665,bm25_regex_v1
q_academy_02,acc074ff-ffff-495a-8db8-91f357165455,26,5.9566650257901665,bm25_regex_v1
q_academy_02,9d835597-5551-41ea-868e-93272059074e,27,5.9566650257901665,bm25_regex_v1
q_academy_02,292b961e-25cc-4d72-a175-39cd6eac6dca,28,5.9566650257901665,bm25_regex_v1
q_academy_02,d6caa347-4fbd-4c7d-b170-77bef37820b7,29,5.9566650257901665,bm25_regex_v1
q_academy_02,856b0191-a7cf-43fa-9202-c3cccec09fe0,30,5.9566650257901665,bm25_regex_v1
q_academy_02,06d1f87d-7fc6-4de2-9193-857aa55f0df1,31,5.291320905420723,bm25_regex_v1
q_academy_03,76a3551b-dae4-4326-92cc-662015aedbfb,1,9.713061568494638,bm25_regex_v1
q_academy_03,c111ac9d-3f3a-405c-a8db-4d127ccda9e2,2,8.316053173150372,bm25_regex_v1
q_academy_03,24456103-f6b8-46af-8655-82e61d7265d8,3,8.316053173150372,bm25_regex_v1
q_academy_03,2743811c-5e71-4d2b-aa75-1b0147d44f2d,4,7.270371540466384,bm25_regex_v1
q_academy_04,aba76fc2-984e-4030-ba01-e2e7d78264c7,1,9.939720297290684,bm25_regex_v1
q_academy_04,f14df4d3-9858-4a8b-8597-20fd477d8e32,2,8.510112072863361,bm25_regex_v1
q_academy_04,282b0e8b-051c-49f9-a707-b982df803589,3,8.510112072863361,bm25_regex_v1
q_academy_04,816e96c4-ad7f-46e1-b3d6-3b39f1c8d699,4,8.128131763199448,bm25_regex_v1
q_academy_04,83a5b6b1-2220-46fd-b093-e9fcb47befc6,5,8.128131763199448,bm25_regex_v1
q_academy_04,d625bab5-9584-44b6-9b48-4c875cec0809,6,8.128131763199448,bm25_regex_v1
q_academy_04,82f5ecba-aeba-4509-937e-acd2c48500d7,7,8.128131763199448,bm25_regex_v1
q_academy_04,184800bb-0306-4ffd-9518-cf3e69f3af1c,8,8.128131763199448,bm25_regex_v1
q_academy_04,9a7da882-ed13-4ac0-934d-fd9666075a2b,9,8.128131763199448,bm25_regex_v1
q_academy_04,915f0e71-3a17-4564-8f2d-3330685fc3fe,10,8.128131763199448,bm25_regex_v1
q_academy_04,99e3bebe-c38c-4210-a056-7e347195ad55,11,8.128131763199448,bm25_regex_v1
q_academy_04,5a87ac98-3261-419c-910c-e798407a609d,12,8.128131763199448,bm25_regex_v1
q_academy_04,2aa1601b-649a-404f-b060-5a8b3828c446,13,8.128131763199448,bm25_regex_v1
q_academy_04,96d75700-a4cc-4c7c-ad2e-7c9fe23c6d2e,14,8.128131763199448,bm25_regex_v1
q_academy_04,8a21b930-e4c9-42be-8de3-145c17945628,15,8.128131763199448,bm25_regex_v1
q_academy_04,c99dd784-6fbd-47c5-ab1f-5b0f65d5b5db,16,8.128131763199448,bm25_regex_v1
q_academy_04,32c87c54-6904-4e64-af82-ba082f9fc47d,17,8.128131763199448,bm25_regex_v1
q_academy_04,87ba2dff-fd7c-4004-95f9-af3438e9830e,18,8.128131763199448,bm25_regex_v1
q_academy_04,6583d861-2b7d-4abc-82f3-57d3a7fa9e59,19,8.128131763199448,bm25_regex_v1
q_academy_04,38a09c72-6522-4919-914c-f788c03190ee,20,8.128131763199448,bm25_regex_v1
q_academy_04,43ad5d85-b3b1-4394-990a-52b5d58bead0,21,8.128131763199448,bm25_regex_v1
q_academy_04,64e933ac-605c-477c-8c96-71becc1a44a9,22,8.128131763199448,bm25_regex_v1
q_academy_04,e2dd6378-544b-4666-b013-ef4ce325adef,23,8.128131763199448,bm25_regex_v1
q_academy_04,44aa574e-fbcf-4cde-ae48-a563c0d1cd96,24,8.128131763199448,bm25_regex_v1
q_academy_04,24d9f355-8f13-41ec-bbd0-5942519a3ffc,25,8.128131763199448,bm25_regex_v1
q_academy_04,5f0fa302-d8f5-45b8-9903-63a7887d7d4b,26,8.128131763199448,bm25_regex_v1
q_academy_04,89559f14-b9df-4f21-a491-fffc17a5fd7c,27,8.128131763199448,bm25_regex_v1
q_academy_04,8b94ada0-89e9-4348-8564-2ebc28bfc487,28,8.128131763199448,bm25_regex_v1
q_academy_04,a827f9f0-9ba0-4702-bf19-5401f4a8acb3,29,8.128131763199448,bm25_regex_v1
q_academy_04,e4d55e2a-54b0-450b-8104-562950657f01,30,8.128131763199448,bm25_regex_v1
q_academy_04,e52fe732-6d2b-40bc-96b9-eb24d45a1f8c,31,8.128131763199448,bm25_regex_v1
q_academy_04,a31987f0-3488-4d79-8c1e-705caff3a048,32,8.128131763199448,bm25_regex_v1
q_academy_04,45840f91-2726-467a-850e-51c8b0791875,33,8.128131763199448,bm25_regex_v1
q_academy_04,800eb3fc-d7ce-4e29-bd7f-f8b43372bcf1,34,8.128131763199448,bm25_regex_v1
q_academy_04,28b81dd4-e838-48a2-81f5-d64e2d766b8b,35,8.128131763199448,bm25_regex_v1
q_academy_04,9eec0c14-ffe5-4641-a3a8-d805a2a87fcc,36,8.128131763199448,bm25_regex_v1
q_academy_04,b31bb5d1-e421-49e0-86e8-5d417caf1d44,37,8.128131763199448,bm25_regex_v1
q_academy_04,80f061da-e6c0-4beb-905e-f4998d4f3283,38,8.128131763199448,bm25_regex_v1
q_academy_04,db3049be-d927-401a-b87c-76e92e870ff3,39,8.128131763199448,bm25_regex_v1
q_academy_04,0dbdb4e1-3d4b-49b2-bd4e-6a8a930a3f56,40,8.128131763199448,bm25_regex_v1
q_gas_station_01,03ba1dcf-e9e2-4436-8478-4ab3c4663d1e,1,11.23979058583568,bm25_regex_v1
q_gas_station_01,aabcbe1e-f1ea-4058-a5e8-c3498b6fc44c,2,10.969623411487348,bm25_regex_v1
q_gas_station_01,c0e66abb-862c-4a6e-9844-49af2464bb56,3,10.969623411487348,bm25_regex_v1
q_gas_station_01,b238f710-5f1b-4a83-b815-857b69b749f0,4,10.969623411487348,bm25_regex_v1
q_gas_station_01,5d6d273a-bf66-4605-a842-d1c46885c0ef,5,10.969623411487348,bm25_regex_v1
q_gas_station_01,6f761397-1403-4b4d-b91d-f1c60bd921af,6,8.970390355808158,bm25_regex_v1
q_gas_station_01,7400ae95-7bd6-46e3-901e-d0b004da2af4,7,8.970390355808158,bm25_regex_v1
q_gas_station_01,b02f4d34-ca4c-4c30-9f8b-a63dcb60a58a,8,8.970390355808158,bm25_regex_v1
q_gas_station_01,1ffc61a1-5a71-45f7-b68a-17b63184a29f,9,8.970390355808158,bm25_regex_v1
q_gas_station_01,afa577e3-e097-4b37-ac9c-c16fdc5159ed,10,8.970390355808158,bm25_regex_v1
q_gas_station_01,825c4871-f6f7-4a0d-84a4-ae61d2aaa855,11,8.970390355808158,bm25_regex_v1
q_gas_station_01,5b435cca-7c8e-42e2-ba46-f53f90814011,12,8.970390355808158,bm25_regex_v1
q_gas_station_01,8d063d70-6f07-4cec-8a33-e3aaf56c4755,13,8.970390355808158,bm25_regex_v1
q_gas_station_01,b42e60ac-e848-4ff8-812e-6033944371f0,14,8.970390355808158,bm25_regex_v1
q_gas_station_01,b78b35f0-51ff-4026-a6be-4b1ad15c9490,15,8.970390355808158,bm25_regex_v1
q_gas_station_01,9adec2e2-9d37-4a37-9642-194a03e8c5cf,16,8.970390355808158,bm25_regex_v1
q_gas_station_01,fbe5cd10-03e7-4ded-9001-a6b88f1faaa0,17,8.970390355808158,bm25_regex_v1
q_gas_station_01,f614323b-2add-4d9a-b9bc-6c1c4d75725d,18,8.970390355808158,bm25_regex_v1
q_gas_station_01,6e5d027d-bf65-45d2-a654-4e1b73e25c91,19,8.970390355808158,bm25_regex_v1
q_gas_station_01,53af9d32-8259-4407-8689-5dd2bec93e5f,20,8.970390355808158,bm25_regex_v1
q_gas_station_01,2723df41-5ff5-4a2b-8c0e-ad2de595da6f,21,8.970390355808158,bm25_regex_v1
q_gas_station_01,72eff12a-abbf-4269-bfc1-65d36a2f8b07,22,8.970390355808158,bm25_regex_v1
q_gas_station_01,2148ec8c-8929-40f1-9b85-dcfad1cb13c9,23,8.970390355808158,bm25_regex_v1
q_gas_station_01,da48fdb0-906f-495a-986a-691098ce16ab,24,8.970390355808158,bm25_regex_v1
q_gas_station_01,b90c1b64-9c76-4a69-a596-994324d9dcca,25,8.970390355808158,bm25_regex_v1
q_gas_station_01,8a60a203-fb8f-419f-b98c-3f326926fc06,26,8.970390355808158,bm25_regex_v1
q_gas_station_01,08e895be-f111-44ee-8cf5-b84e92c35757,27,8.970390355808158,bm25_regex_v1
q_gas_station_01,a3cb72d7-785e-41ab-9cae-46a83293d58a,28,8.970390355808158,bm25_regex_v1
q_gas_station_01,782084c6-2058-43d6-b98d-d7766dccb8e1,29,8.970390355808158,bm25_regex_v1
q_gas_station_01,a4a5aaa1-0c85-4312-aefb-21f36b9ed091,30,8.970390355808158,bm25_regex_v1
q_gas_station_01,2e8fa9a9-623b-402c-9916-ff73abd7d105,31,8.970390355808158,bm25_regex_v1
q_gas_station_01,00628f75-c56d-4ff4-8901-154133d16a19,32,8.970390355808158,bm25_regex_v1
q_gas_station_01,5714010a-1de6-4ed4-b11a-22feb832f66f,33,8.970390355808158,bm25_regex_v1
q_gas_station_01,701d0a6e-bcbc-4232-be43-d26a45d49269,34,8.970390355808158,bm25_regex_v1
q_gas_station_01,1ded5960-52b9-4c92-8bc8-3aa5e1425dbd,35,8.970390355808158,bm25_regex_v1
q_gas_station_01,01cb2138-a064-459b-97ef-6f0e7adb0778,36,8.970390355808158,bm25_regex_v1
q_gas_station_01,930e5cff-af63-4988-89da-7333514267b5,37,8.970390355808158,bm25_regex_v1
q_gas_station_01,99c3354a-7c3e-42a7-95dc-9c95df0d02df,38,8.970390355808158,bm25_regex_v1
q_gas_station_01,0321329e-d220-40a4-8f40-a7c79b5ea682,39,8.970390355808158,bm25_regex_v1
q_gas_station_01,05af1041-c841-4c55-a15a-d7df08dff6fc,40,8.970390355808158,bm25_regex_v1
q_gas_station_02,76a3551b-dae4-4326-92cc-662015aedbfb,1,9.713061568494638,bm25_regex_v1
q_gas_station_02,c111ac9d-3f3a-405c-a8db-4d127ccda9e2,2,8.316053173150372,bm25_regex_v1
q_gas_station_02,24456103-f6b8-46af-8655-82e61d7265d8,3,8.316053173150372,bm25_regex_v1
q_gas_station_02,2743811c-5e71-4d2b-aa75-1b0147d44f2d,4,7.270371540466384,bm25_regex_v1
q_gas_station_02,057020ed-9d18-4250-94d2-4ba64f9638da,5,7.244799336890136,bm25_regex_v1
q_gas_station_02,a05f1488-9da4-4611-bd84-c9480dcb9be8,6,7.244799336890136,bm25_regex_v1
q_gas_station_02,d038e0f8-2203-4ebc-8596-a9bc43ba938a,7,7.244799336890136,bm25_regex_v1
q_gas_station_02,dd894757-bc6e-4a30-b01c-dfdf5dde1296,8,7.244799336890136,bm25_regex_v1
q_gas_station_02,7447a922-6703-4d9e-ba66-7f7892705d24,9,7.244799336890136,bm25_regex_v1
q_gas_station_02,5de64a79-3ca8-4b6d-858e-f62c43535ec4,10,7.244799336890136,bm25_regex_v1
q_gas_station_02,23b70117-c5c2-4bd6-9e81-d720faf21b4e,11,7.244799336890136,bm25_regex_v1
q_gas_station_02,3080cff9-0d73-42a6-ad56-f14b5cb50aec,12,7.244799336890136,bm25_regex_v1
q_gas_station_02,7ff9a001-79f8-48d9-9cce-2978c57ee241,13,7.244799336890136,bm25_regex_v1
q_gas_station_02,68f18788-24dd-4d2e-859f-efb19fe82eb6,14,7.244799336890136,bm25_regex_v1
q_gas_station_02,22210a7a-cee4-4555-b060-b436d7e7bb02,15,7.244799336890136,bm25_regex_v1
q_gas_station_02,1114e3d6-a621-41b7-9595-23e0e4b352e4,16,7.244799336890136,bm25_regex_v1
q_gas_station_02,95bf6cba-5d06-44c9-9611-257970a31ffe,17,7.244799336890136,bm25_regex_v1
q_gas_station_02,fa9d4931-eb5e-4e1d-9476-c0cb92a28541,18,7.244799336890136,bm25_regex_v1
q_gas_station_02,233a6c5e-2e7e-4b74-bd0f-e2d6aa1b9fec,19,7.244799336890136,bm25_regex_v1
q_gas_station_02,ffcab518-f7d5-49e1-aa49-0b41bcfb5b9c,20,7.244799336890136,bm25_regex_v1
q_gas_station_02,7540e538-b667-4174-baec-01660bf44a7c,21,7.244799336890136,bm25_regex_v1
q_gas_station_02,b0dccb6b-d993-414e-ad50-b9a53a4ce45e,22,7.244799336890136,bm25_regex_v1
q_gas_station_02,f28f495c-06db-4d48-9ef4-a6327c894d75,23,7.244799336890136,bm25_regex_v1
q_gas_station_02,620981f7-a88c-4036-bbfa-623467acecd4,24,7.244799336890136,bm25_regex_v1
q_gas_station_02,c98117a8-0faa-4c7f-b9de-43745aabb18d,25,7.244799336890136,bm25_regex_v1
q_gas_station_02,087e1715-bd72-447f-81ce-c6758948ec70,26,7.244799336890136,bm25_regex_v1
q_gas_station_02,fe998c22-1713-4828-9b48-134c13399e94,27,7.244799336890136,bm25_regex_v1
q_gas_station_02,ca37d067-0f46-40e9-b422-7c5918022fae,28,7.244799336890136,bm25_regex_v1
q_gas_station_02,a7e2a240-3ce6-4855-8fd9-9fd6662c3478,29,7.244799336890136,bm25_regex_v1
q_gas_station_02,e0875a25-d6ef-4bab-aedf-a564aea1e7ad,30,7.244799336890136,bm25_regex_v1
q_gas_station_02,dce9c517-42ee-4348-97fc-972cb5b52fa5,31,7.244799336890136,bm25_regex_v1
q_gas_station_02,95cdf8fb-c098-4cbb-82fa-1c6af3bb3fbc,32,7.244799336890136,bm25_regex_v1
q_gas_station_02,cf68389b-acfb-445b-aa76-3dfec0e6e765,33,7.244799336890136,bm25_regex_v1
q_gas_station_02,f73034bf-1e6e-4adf-a182-a7a0db0f3240,34,7.244799336890136,bm25_regex_v1
q_gas_station_02,8224c4ea-5f0a-4661-9b6a-8c0e0bb0d0b2,35,7.244799336890136,bm25_regex_v1
q_gas_station_02,028c4d82-c6ec-48e8-ae96-9a11c25db40e,36,7.244799336890136,bm25_regex_v1
q_gas_station_02,6f7102de-82e0-4ecc-b552-52f9a50a7263,37,7.244799336890136,bm25_regex_v1
q_gas_station_02,bdfba9a0-ba0d-4033-99ab-949971be9fe8,38,7.244799336890136,bm25_regex_v1
q_gas_station_02,f742c6c5-661e-47b9-a079-ebf69db6ae94,39,7.244799336890136,bm25_regex_v1
q_gas_station_02,b08e9710-2ab2-47be-bcb5-61acffbc6fb4,40,7.244799336890136,bm25_regex_v1
q_gas_station_03,c111ac9d-3f3a-405c-a8db-4d127ccda9e2,1,17.085979715296283,bm25_regex_v1
q_gas_station_03,e9d6481d-8213-46a8-bd06-310084f0bd3a,2,11.075625596789916,bm25_regex_v1
q_gas_station_03,76a3551b-dae4-4326-92cc-662015aedbfb,3,9.713061568494638,bm25_regex_v1
q_gas_station_03,6ec259c9-3d0b-4b68-9d38-f1c243f3ed42,4,8.8393715416006,bm25_regex_v1
q_gas_station_03,95f09c59-690f-4ed7-9a91-1a85405b5363,5,8.8393715416006,bm25_regex_v1
q_gas_station_03,2b7a9d4a-0f61-49d5-923a-d919928fceb3,6,8.8393715416006,bm25_regex_v1
q_gas_station_03,2f45c7c0-8ff0-4acb-b518-af93d11291ed,7,8.8393715416006,bm25_regex_v1
q_gas_station_03,6484ea02-c023-4acd-bb36-cfb554e867e5,8,8.8393715416006,bm25_regex_v1
q_gas_station_03,fe571b7f-0654-42bc-bd7d-1dd65f3a612c,9,8.8393715416006,bm25_regex_v1
q_gas_station_03,a1075c25-5a71-432c-969b-00c5f8cbe7ee,10,8.8393715416006,bm25_regex_v1
q_gas_station_03,e484e54e-b421-4709-a22b-b23aeaad27c1,11,8.8393715416006,bm25_regex_v1
q_gas_station_03,361b78af-4c35-4c69-8150-9281c60383ba,12,8.8393715416006,bm25_regex_v1
q_gas_station_03,80c82500-4517-4944-880a-6887aad366df,13,8.8393715416006,bm25_regex_v1
q_gas_station_03,5ff5e851-9695-4924-8ed9-a9eed1ebe098,14,8.8393715416006,bm25_regex_v1
q_gas_station_03,9e5a4c9e-1230-40fd-8813-0b5798a46648,15,8.8393715416006,bm25_regex_v1
q_gas_station_03,bec5c527-8429-4f16-bcf1-f9c49678a06f,16,8.8393715416006,bm25_regex_v1
q_gas_station_03,8ded3b02-77a4-4691-9eec-8a72d26d837a,17,8.8393715416006,bm25_regex_v1
q_gas_station_03,6cf02d0d-da04-45a4-a0c1-605699df58ef,18,8.8393715416006,bm25_regex_v1
q_gas_station_03,6fe07a73-6f42-412f-b1f8-3c043307ed8e,19,8.8393715416006,bm25_regex_v1
q_gas_station_03,24456103-f6b8-46af-8655-82e61d7265d8,20,8.316053173150372,bm25_regex_v1
q_gas_station_03,090cca41-8ec1-4fc2-84a3-8b1182dc7e28,21,7.35445123192139,bm25_regex_v1
q_gas_station_03,61bea79e-39c2-455a-b6f4-60a40a2729ee,22,7.35445123192139,bm25_regex_v1
q_gas_station_03,6c01ac3e-bcd7-4972-8cf0-1214d294fb4c,23,7.35445123192139,bm25_regex_v1
q_gas_station_03,07367a1a-31a7-44db-bc10-f641505d5e02,24,7.35445123192139,bm25_regex_v1
q_gas_station_03,4d777d02-6931-42b3-990b-08ca04587f8a,25,7.35445123192139,bm25_regex_v1
q_gas_station_03,f2f40065-3197-4c7b-af62-433ac62cb54f,26,7.35445123192139,bm25_regex_v1
q_gas_station_03,5c102a5d-2177-4188-97f4-d8899a884d83,27,7.35445123192139,bm25_regex_v1
q_gas_station_03,03fc31f6-840c-4e71-943d-99f5e0d0db56,28,7.35445123192139,bm25_regex_v1
q_gas_station_03,6a1944e1-ddd3-43c5-8ade-1005036c810c,29,7.35445123192139,bm25_regex_v1
q_gas_station_03,af51f3c7-e25c-4940-84ab-1b0306fdea3a,30,7.35445123192139,bm25_regex_v1
q_gas_station_03,2c57d508-c6bc-4597-8d0c-644a1c69346b,31,7.35445123192139,bm25_regex_v1
q_gas_station_03,f945d971-f0f8-4263-a059-b314c5fcc527,32,7.35445123192139,bm25_regex_v1
q_gas_station_03,1ee94ac3-1afc-4538-9d5a-f0f3097a0f40,33,7.35445123192139,bm25_regex_v1
q_gas_station_03,cb57ba98-ccda-4342-aa55-a141c1cc377c,34,7.35445123192139,bm25_regex_v1
q_gas_station_03,5b0e27f3-3fe0-4dac-815e-7f70ac2fcf6f,35,7.35445123192139,bm25_regex_v1
q_gas_station_03,87abaa19-596f-4e26-a967-a8177d26df31,36,7.35445123192139,bm25_regex_v1
q_gas_station_03,2f98af1a-9da9-4db1-a367-ca1d5a098952,37,7.35445123192139,bm25_regex_v1
q_gas_station_03,c415fced-d814-4785-a149-fbb661065694,38,7.35445123192139,bm25_regex_v1
q_gas_station_03,d30d3dbd-50e1-423d-b607-6d9240d74a46,39,7.35445123192139,bm25_regex_v1
q_gas_station_03,5f1c9146-708e-4e09-858c-26fafd3dbc20,40,7.35445123192139,bm25_regex_v1
q_gas_station_04,aba76fc2-984e-4030-ba01-e2e7d78264c7,1,9.939720297290684,bm25_regex_v1
q_gas_station_04,d44492a7-a793-43d1-aec2-0e646314ac8e,2,9.164369960940352,bm25_regex_v1
q_gas_station_04,282b0e8b-051c-49f9-a707-b982df803589,3,8.510112072863361,bm25_regex_v1
q_gas_station_04,f14df4d3-9858-4a8b-8597-20fd477d8e32,4,8.510112072863361,bm25_regex_v1
q_gas_station_04,057020ed-9d18-4250-94d2-4ba64f9638da,5,7.244799336890136,bm25_regex_v1
q_gas_station_04,68f18788-24dd-4d2e-859f-efb19fe82eb6,6,7.244799336890136,bm25_regex_v1
q_gas_station_04,a05f1488-9da4-4611-bd84-c9480dcb9be8,7,7.244799336890136,bm25_regex_v1
q_gas_station_04,dd894757-bc6e-4a30-b01c-dfdf5dde1296,8,7.244799336890136,bm25_regex_v1
q_gas_station_04,7447a922-6703-4d9e-ba66-7f7892705d24,9,7.244799336890136,bm25_regex_v1
q_gas_station_04,5de64a79-3ca8-4b6d-858e-f62c43535ec4,10,7.244799336890136,bm25_regex_v1
q_gas_station_04,23b70117-c5c2-4bd6-9e81-d720faf21b4e,11,7.244799336890136,bm25_regex_v1
q_gas_station_04,b0dccb6b-d993-414e-ad50-b9a53a4ce45e,12,7.244799336890136,bm25_regex_v1
q_gas_station_04,3080cff9-0d73-42a6-ad56-f14b5cb50aec,13,7.244799336890136,bm25_regex_v1
q_gas_station_04,7ff9a001-79f8-48d9-9cce-2978c57ee241,14,7.244799336890136,bm25_regex_v1
q_gas_station_04,22210a7a-cee4-4555-b060-b436d7e7bb02,15,7.244799336890136,bm25_regex_v1
q_gas_station_04,95cdf8fb-c098-4cbb-82fa-1c6af3bb3fbc,16,7.244799336890136,bm25_regex_v1
q_gas_station_04,ebdbf2c4-6190-4c5c-91c4-ddd289fa24d8,17,7.244799336890136,bm25_regex_v1
q_gas_station_04,95bf6cba-5d06-44c9-9611-257970a31ffe,18,7.244799336890136,bm25_regex_v1
q_gas_station_04,fa9d4931-eb5e-4e1d-9476-c0cb92a28541,19,7.244799336890136,bm25_regex_v1
q_gas_station_04,233a6c5e-2e7e-4b74-bd0f-e2d6aa1b9fec,20,7.244799336890136,bm25_regex_v1
q_gas_station_04,ffcab518-f7d5-49e1-aa49-0b41bcfb5b9c,21,7.244799336890136,bm25_regex_v1
q_gas_station_04,7540e538-b667-4174-baec-01660bf44a7c,22,7.244799336890136,bm25_regex_v1
q_gas_station_04,9b8b4cc1-f47b-43d6-913f-a3641d6a7e0e,23,7.244799336890136,bm25_regex_v1
q_gas_station_04,f28f495c-06db-4d48-9ef4-a6327c894d75,24,7.244799336890136,bm25_regex_v1
q_gas_station_04,620981f7-a88c-4036-bbfa-623467acecd4,25,7.244799336890136,bm25_regex_v1
q_gas_station_04,c98117a8-0faa-4c7f-b9de-43745aabb18d,26,7.244799336890136,bm25_regex_v1
q_gas_station_04,087e1715-bd72-447f-81ce-c6758948ec70,27,7.244799336890136,bm25_regex_v1
q_gas_station_04,fe998c22-1713-4828-9b48-134c13399e94,28,7.244799336890136,bm25_regex_v1
q_gas_station_04,ca37d067-0f46-40e9-b422-7c5918022fae,29,7.244799336890136,bm25_regex_v1
q_gas_station_04,a7e2a240-3ce6-4855-8fd9-9fd6662c3478,30,7.244799336890136,bm25_regex_v1
q_gas_station_04,e0875a25-d6ef-4bab-aedf-a564aea1e7ad,31,7.244799336890136,bm25_regex_v1
q_gas_station_04,dce9c517-42ee-4348-97fc-972cb5b52fa5,32,7.244799336890136,bm25_regex_v1
q_gas_station_04,bdfba9a0-ba0d-4033-99ab-949971be9fe8,33,7.244799336890136,bm25_regex_v1
q_gas_station_04,cf68389b-acfb-445b-aa76-3dfec0e6e765,34,7.244799336890136,bm25_regex_v1
q_gas_station_04,f73034bf-1e6e-4adf-a182-a7a0db0f3240,35,7.244799336890136,bm25_regex_v1
q_gas_station_04,028c4d82-c6ec-48e8-ae96-9a11c25db40e,36,7.244799336890136,bm25_regex_v1
q_gas_station_04,8224c4ea-5f0a-4661-9b6a-8c0e0bb0d0b2,37,7.244799336890136,bm25_regex_v1
q_gas_station_04,b08e9710-2ab2-47be-bcb5-61acffbc6fb4,38,7.244799336890136,bm25_regex_v1
q_gas_station_04,6f7102de-82e0-4ecc-b552-52f9a50a7263,39,7.244799336890136,bm25_regex_v1
q_gas_station_04,f742c6c5-661e-47b9-a079-ebf69db6ae94,40,7.244799336890136,bm25_regex_v1
