query_id,doc_id,rank,score,system
q_chicken_01,d3e81bba-327d-4b49-9604-4021951d0e1c,1,0.928243154886256,char_tfidf_v1
q_chicken_01,43f3f580-185a-4504-9587-7221ef20b9cc,2,0.9130089384810126,char_tfidf_v1
q_chicken_01,f53c131c-802b-40c1-990b-ebc74b902800,3,0.8991841772535695,char_tfidf_v1
q_chicken_01,041ac6a6-e107-47e9-801c-e46102f240c2,4,0.8991841772535695,char_tfidf_v1
q_chicken_01,8731faa3-4ed3-4927-b075-eca7b6fdf9b8,5,0.898216699555755,char_tfidf_v1
q_chicken_01,adf10e9f-78c4-4341-89eb-eabf3d34ea53,6,0.8926407218537897,char_tfidf_v1
q_chicken_01,6ad0cc41-b01b-4e8d-9de5-bc348f34c54d,7,0.8861884134481751,char_tfidf_v1
q_chicken_01,9e4a8169-a93b-4692-a66c-ff2efd804483,8,0.8792935512064605,char_tfidf_v1
q_chicken_01,847b980d-a51f-4c2b-98ae-e10fccc26f1d,9,0.8689222578231415,char_tfidf_v1
q_chicken_01,844aa25a-9ef9-4a3e-be7e-8aed036d9340,10,0.86594491958925,char_tfidf_v1
q_chicken_01,697c37e9-730c-47f5-b1e5-4cb882e7f4f1,11,0.8651755420545708,char_tfidf_v1
q_chicken_01,7dd988f4-1f18-4615-966c-c8c2341979e3,12,0.8473619288624985,char_tfidf_v1
q_chicken_01,3777e89a-95d9-4942-8997-15eb2553e6fc,13,0.8470731417470552,char_tfidf_v1
q_chicken_01,aa5eda8d-f944-40c3-910f-970e71acb913,14,0.8470731417470552,char_tfidf_v1
q_chicken_01,c293f8a4-dfe2-46b5-80b4-ce82fb6d2bf7,15,0.8451534289079918,char_tfidf_v1
q_chicken_01,efe2d29e-9116-482e-bf1a-40ad9cf7c69f,16,0.8450842719002053,char_tfidf_v1
q_chicken_01,d9f416a0-c9e9-4337-b2f5-59aa52ec6609,17,0.8444122897614286,char_tfidf_v1
q_chicken_01,5268f5b1-322a-450b-ac70-38239b08c153,18,0.8370642410788549,char_tfidf_v1
q_chicken_01,40f709a8-c1cb-40e0-a080-4ebf606b9bf8,19,0.8338685779364751,char_tfidf_v1
q_chicken_01,151ba4a3-2c21-4768-bb75-ed0e8d74104f,20,0.8292029084893707,char_tfidf_v1
q_chicken_01,9fa72a03-3ce6-4365-b4a1-fcb8dac43933,21,0.8224475474367545,char_tfidf_v1
q_chicken_01,32813c4e-ed67-4dbb-97e5-21e273ae72eb,22,0.8175266672145854,char_tfidf_v1
q_chicken_01,35f08c80-b881-4369-8491-412309c6068e,23,0.8167129336001838,char_tfidf_v1
q_chicken_01,dc08aa2a-78f9-464c-ac81-31cb18c66866,24,0.8060683596422519,char_tfidf_v1
q_chicken_01,cde800f4-2ecf-4e25-85c8-a073e9ece3f6,25,0.7999437396185924,char_tfidf_v1
q_chicken_01,ed589f4c-a8c7-4418-9f34-0d7f534224fa,26,0.798226032087641,char_tfidf_v1
q_chicken_01,864501d6-0b4b-4853-b73a-4eed42ef1ca3,27,0.7945120174709196,char_tfidf_v1
q_chicken_01,49d6fd44-956a-4a09-ae79-af9f82bf0218,28,0.7888076649318854,char_tfidf_v1
q_chicken_01,9ce1f108-6a44-44db-8368-7e6177116236,29,0.7833216269613689,char_tfidf_v1
q_chicken_01,97b2c981-da5c-4a83-b2e6-1d7b7bfab176,30,0.7814312818869026,char_tfidf_v1
q_chicken_01,cd1391c9-0bd0-4eb0-a3f5-6eedcd6bf9b3,31,0.7757675181042292,char_tfidf_v1
q_chicken_01,969104bf-0b08-40f1-9625-593a4ff978d8,32,0.7672383411928133,char_tfidf_v1
q_chicken_01,f6fea3ea-97f6-4585-a3b5-a1f6db3b8782,33,0.7633273978757944,char_tfidf_v1
q_chicken_01,f7726d31-702f-44c2-9c13-2c8a36525966,34,0.761441939239702,char_tfidf_v1
q_chicken_01,4c304d9d-54c5-47a3-b0b0-ac1cd646c460,35,0.7592451947504711,char_tfidf_v1
q_chicken_01,805a8a93-efdd-4a2f-9049-e533f03d2d2c,36,0.7574409272336874,char_tfidf_v1
q_chicken_01,71becd22-9c79-46c1-81f5-85e10933ee88,37,0.7562301944788745,char_tfidf_v1
q_chicken_01,1bd20715-fe51-4e3d-87ee-9f66641f560e,38,0.7504684738747552,char_tfidf_v1
q_chicken_01,8ff31f7d-c142-428d-b79a-2dda4c4598a1,39,0.7501153552294269,char_tfidf_v1
q_chicken_01,428e0373-0c5a-4930-ae86-7460c91753bd,40,0.745565616725864,char_tfidf_v1
q_chicken_02,08ff631b-e19e-4955-8321-30e6283bad2c,1,0.9380097731856119,char_tfidf_v1
q_chicken_02,352e688a-25bb-4b7b-a393-e2fe65b2fe30,2,0.9369364658936818,char_tfidf_v1
q_chicken_02,7d8e7140-4283-4d81-8306-2ca34836700a,3,0.936845895695056,char_tfidf_v1
q_chicken_02,89a01755-7699-4010-aa92-2701094e494c,4,0.8938349789021973,char_tfidf_v1
q_chicken_02,7a881d62-a9ca-4017-9325-11c234d2929f,5,0.8523154692232915,char_tfidf_v1
q_chicken_02,97791207-e20e-4ba4-b3f4-01f7cb89cd73,6,0.8361139715388786,char_tfidf_v1
q_chicken_02,b52a38ba-44f7-4a3c-bed2-2ccc76afface,7,0.8338695949724537,char_tfidf_v1
q_chicken_02,c8f2ef8f-3db6-4edc-9f12-4ac55a614fdf,8,0.820964854485143,char_tfidf_v1
q_chicken_02,f454fe41-7c38-4824-bdff-657e8a13ca6d,9,0.8185374257974021,char_tfidf_v1
q_chicken_02,afaa3bfc-a10b-4f5a-bb4c-8cbbfe275701,10,0.8148279342609938,char_tfidf_v1
q_chicken_02,b2e395a8-7a16-4b78-8147-8ba3502476e8,11,0.8077083889772871,char_tfidf_v1
q_chicken_02,84fafdd6-e625-47cb-bc1c-c718d9ed3468,12,0.805313939068123,char_tfidf_v1
q_chicken_02,dba6cdac-a19c-411e-9631-55096317708f,13,0.7994686229621104,char_tfidf_v1
q_chicken_02,d755e2d0-58b0-4a30-9dc5-2e2de260c67e,14,0.7988210625467377,char_tfidf_v1
q_chicken_02,1dfbfcef-8da0-4568-9f89-dab4e24a7225,15,0.7782280020498671,char_tfidf_v1
q_chicken_02,6eb39588-72be-47b3-8b48-13383c2a0f76,16,0.7738291993447237,char_tfidf_v1
q_chicken_02,be8f93ee-a42e-4b86-8134-6edf88a9efeb,17,0.7626196704016999,char_tfidf_v1
q_chicken_02,ffc53682-3848-4b1c-ba5a-68fdbaff5b04,18,0.7598296313552818,char_tfidf_v1
q_chicken_02,b041c19b-7636-4bd8-8d7c-c12a11dbb959,19,0.7569853820354079,char_tfidf_v1
q_chicken_02,2ab43d10-547d-43de-8e9a-453985cb662f,20,0.7550490417881437,char_tfidf_v1
q_chicken_02,56f4a837-3784-4a31-9f30-fe38974ab34e,21,0.752612357537062,char_tfidf_v1
q_chicken_02,705d6b6c-01a2-430f-a273-bca9ad24a08e,22,0.7508433058961627,char_tfidf_v1
q_chicken_02,a1ff45c1-cfb3-4c7d-9ebb-4ee3068b519c,23,0.7479838607792619,char_tfidf_v1
q_chicken_02,9023fefd-882a-431a-9bed-1ac7e1dcacfa,24,0.7458849944761289,char_tfidf_v1
q_chicken_02,ad4eee19-1f7e-4f72-9421-e597aea9608d,25,0.724507632086864,char_tfidf_v1
q_chicken_02,b11367a6-5242-484c-bf09-cf6f75bcee1a,26,0.7200270869690771,char_tfidf_v1
q_chicken_02,13a9e1af-0aea-42ff-8d41-76c47abeeda0,27,0.7169380221195885,char_tfidf_v1
q_chicken_02,8f6b32a3-5464-4b55-b90d-ed679922bbb4,28,0.7010057807875889,char_tfidf_v1
q_chicken_02,483eb59e-85ff-424a-b628-16f89202ef72,29,0.7003856130110924,char_tfidf_v1
q_chicken_02,2341c6df-428f-4fc0-bc0a-af7f32171b23,30,0.7003519435586048,char_tfidf_v1
q_chicken_02,cba32360-ca82-438b-8557-288278dab3ff,31,0.696291825963333,char_tfidf_v1
q_chicken_02,8309c219-49d8-4365-b007-985fe8d00527,32,0.6939318650805439,char_tfidf_v1
q_chicken_02,b24935c2-977b-45f1-9991-883d46b44307,33,0.6904945484017122,char_tfidf_v1
q_chicken_02,f28610ea-04e2-41f3-8efd-92d408e478fe,34,0.681275475701923,char_tfidf_v1
q_chicken_02,f600a765-4c55-49ef-8017-22affb9f1597,35,0.6810512381337517,char_tfidf_v1
q_chicken_02,aba71c76-fe4c-4fd0-b0d8-403d2edd544b,36,0.6776536245113142,char_tfidf_v1
q_chicken_02,dd2ab778-ab02-4577-9513-32edc17cd9c9,37,0.675286357383926,char_tfidf_v1
q_chicken_02,654d38a7-2b6d-4003-9444-4cd17553c6f9,38,0.6751600310567065,char_tfidf_v1
q_chicken_02,bef8149f-61b0-4c7d-a913-3851659e04bb,39,0.6727445063578106,char_tfidf_v1
q_chicken_02,fb6ead3b-9996-45ff-a907-fa30a0ad92ba,40,0.6692301412028429,char_tfidf_v1
q_chicken_03,1596800b-2ee3-4d78-9d52-75f31f8ef7d6,1,0.4815920461154865,char_tfidf_v1
q_chicken_03,dc00a2bf-c650-4943-8394-df24fc14ffb1,2,0.47176886647674365,char_tfidf_v1
q_chicken_03,76a3551b-dae4-4326-92cc-662015aedbfb,3,0.4312690255956122,char_tfidf_v1
q_chicken_03,4e88d0a2-5c51-417e-bd0d-78c59af1c6ab,4,0.4203269457378382,char_tfidf_v1
q_chicken_03,2f0f4d4a-8899-4ac8-8788-dfc6f9f0d37d,5,0.38559923878693453,char_tfidf_v1
q_chicken_03,da646927-9bd5-459e-a99d-2410baf70016,6,0.3463979463097887,char_tfidf_v1
q_chicken_03,2743811c-5e71-4d2b-aa75-1b0147d44f2d,7,0.33398876578014686,char_tfidf_v1
q_chicken_03,c111ac9d-3f3a-405c-a8db-4d127ccda9e2,8,0.33188054423716024,char_tfidf_v1
q_chicken_03,24456103-f6b8-46af-8655-82e61d7265d8,9,0.3056068300242824,char_tfidf_v1
q_chicken_03,9ef96bab-5f5f-4f83-a600-e7d336653705,10,0.3017473625590626,char_tfidf_v1
q_chicken_03,3476b3ea-336d-402d-8fa4-1833a1467bdb,11,0.2876223415695348,char_tfidf_v1
q_chicken_03,333614c2-dd74-4cb2-ae54-e373dff35be4,12,0.2847670229022728,char_tfidf_v1
q_chicken_03,9e1d4c60-800f-44f2-b8a2-237d374ce8a0,13,0.2806119173202205,char_tfidf_v1
q_chicken_03,4752656d-5dcb-4180-baea-baf8f137335b,14,0.28020615142334954,char_tfidf_v1
q_chicken_03,d68f1d1d-7dc0-4c36-8932-bd9da22dbc22,15,0.27995472731393983,char_tfidf_v1
q_chicken_03,40861cfb-024a-4bc2-b5ea-31f3850fc141,16,0.27963997329797113,char_tfidf_v1
q_chicken_03,355a00ba-759e-44f0-9cf4-41c4b289bc67,17,0.2795875311045832,char_tfidf_v1
q_chicken_03,0d0270a1-ca65-4633-bc48-9314a193cd3a,18,0.27350258100095887,char_tfidf_v1
q_chicken_03,75bef884-96d4-4ad7-b3c4-94793c17a8d1,19,0.27345953368815723,char_tfidf_v1
q_chicken_03,75817fc4-9f97-4cf2-b0e5-8351161d4acd,20,0.2728799482594255,char_tfidf_v1
q_chicken_03,9405f294-722c-43e0-85bd-bc2501f35017,21,0.2708132930586706,char_tfidf_v1
q_chicken_03,6922c7a4-445a-4532-9a18-5f0fd10a4338,22,0.27041180565824763,char_tfidf_v1
q_chicken_03,987c1022-72a5-4aab-9758-88f54cd6bbc7,23,0.2703796575181248,char_tfidf_v1
q_chicken_03,b6e61c56-24af-4489-8693-c6fa09c794ef,24,0.2699517977561954,char_tfidf_v1
q_chicken_03,5aaebe83-2fec-4276-ac6c-5a0a5357f7ea,25,0.26928870514548364,char_tfidf_v1
q_chicken_03,451bc797-2e43-4db2-b00e-4173a93c252e,26,0.26811441749424997,char_tfidf_v1
q_chicken_03,451e1f99-422f-49e4-b368-6c93a2fe1ff4,27,0.266739020759577,char_tfidf_v1
q_chicken_03,86482a55-4746-4560-9d2c-a063a118e34d,28,0.2652626507700756,char_tfidf_v1
q_chicken_03,21301aab-c5fa-4d5b-b66a-3ff1245b51c9,29,0.26381764013077214,char_tfidf_v1
q_chicken_03,5723d922-e55c-46bc-a5b9-846ba2afdf5d,30,0.2573420847259854,char_tfidf_v1
q_chicken_03,ff6addb5-8df0-4fe6-8f96-82ef0b72f1ad,31,0.254669602854652,char_tfidf_v1
q_chicken_03,3831c924-7794-4274-9d4c-a151b07fcaae,32,0.25069904741116306,char_tfidf_v1
q_chicken_03,0bc414ba-1646-4f89-82dd-034e5891036d,33,0.24925699286669312,char_tfidf_v1
q_chicken_03,04279630-03d0-4e86-b576-d9c07827b036,34,0.2457183392570626,char_tfidf_v1
q_chicken_03,ea81d37e-ed6d-4302-b678-b346b0cf3ef2,35,0.24379459709843235,char_tfidf_v1
q_chicken_03,89465f73-52a9-420c-b267-f636f26078b7,36,0.2411531771070759,char_tfidf_v1
q_chicken_03,e7d8b740-0c48-40ba-a9a3-da5b27a5da1f,37,0.23920711133050226,char_tfidf_v1
q_chicken_03,593a74ca-7c2d-4a8d-b486-ccf93da2e22f,38,0.23702878073285033,char_tfidf_v1
q_chicken_03,9763398e-48e8-425f-b278-352e960e520b,39,0.23629269991936855,char_tfidf_v1
q_chicken_03,13dbb166-3d24-4ae6-bd26-bf80121da7ed,40,0.23575679974159416,char_tfidf_v1
q_chicken_04,d3e81bba-327d-4b49-9604-4021951d0e1c,1,0.503259648261873,char_tfidf_v1
q_chicken_04,43f3f580-185a-4504-9587-7221ef20b9cc,2,0.4950002106896266,char_tfidf_v1
q_chicken_04,041ac6a6-e107-47e9-801c-e46102f240c2,3,0.4875049284071733,char_tfidf_v1
q_chicken_04,f53c131c-802b-40c1-990b-ebc74b902800,4,0.4875049284071733,char_tfidf_v1
q_chicken_04,8731faa3-4ed3-4927-b075-eca7b6fdf9b8,5,0.48698039721796904,char_tfidf_v1
q_chicken_04,7fde034b-96e4-455a-83e2-7b5692b96a17,6,0.4856111864245144,char_tfidf_v1
q_chicken_04,adf10e9f-78c4-4341-89eb-eabf3d34ea53,7,0.4839573050871673,char_tfidf_v1
q_chicken_04,6ad0cc41-b01b-4e8d-9de5-bc348f34c54d,8,0.4804590983494246,char_tfidf_v1
q_chicken_04,9e4a8169-a93b-4692-a66c-ff2efd804483,9,0.4767209550317886,char_tfidf_v1
q_chicken_04,847b980d-a51f-4c2b-98ae-e10fccc26f1d,10,0.4710980172997572,char_tfidf_v1
q_chicken_04,844aa25a-9ef9-4a3e-be7e-8aed036d9340,11,0.46948381289172314,char_tfidf_v1
q_chicken_04,697c37e9-730c-47f5-b1e5-4cb882e7f4f1,12,0.469066684399641,char_tfidf_v1
q_chicken_04,7dd988f4-1f18-4615-966c-c8c2341979e3,13,0.4594087917859175,char_tfidf_v1
q_chicken_04,aa5eda8d-f944-40c3-910f-970e71acb913,14,0.4592522219244803,char_tfidf_v1
q_chicken_04,3777e89a-95d9-4942-8997-15eb2553e6fc,15,0.4592522219244803,char_tfidf_v1
q_chicken_04,c293f8a4-dfe2-46b5-80b4-ce82fb6d2bf7,16,0.45821142350537514,char_tfidf_v1
q_chicken_04,efe2d29e-9116-482e-bf1a-40ad9cf7c69f,17,0.45817392909323723,char_tfidf_v1
q_chicken_04,d9f416a0-c9e9-4337-b2f5-59aa52ec6609,18,0.4578096048393832,char_tfidf_v1
q_chicken_04,5268f5b1-322a-450b-ac70-38239b08c153,19,0.45382576033060656,char_tfidf_v1
q_chicken_04,40f709a8-c1cb-40e0-a080-4ebf606b9bf8,20,0.4520931881047499,char_tfidf_v1
q_chicken_04,151ba4a3-2c21-4768-bb75-ed0e8d74104f,21,0.4495636319722906,char_tfidf_v1
q_chicken_04,9fa72a03-3ce6-4365-b4a1-fcb8dac43933,22,0.4459011211211999,char_tfidf_v1
q_chicken_04,32813c4e-ed67-4dbb-97e5-21e273ae72eb,23,0.4432331989967958,char_tfidf_v1
q_chicken_04,35f08c80-b881-4369-8491-412309c6068e,24,0.44279202225295794,char_tfidf_v1
q_chicken_04,dc08aa2a-78f9-464c-ac81-31cb18c66866,25,0.4370209217414516,char_tfidf_v1
q_chicken_04,cde800f4-2ecf-4e25-85c8-a073e9ece3f6,26,0.4337003757157476,char_tfidf_v1
q_chicken_04,ed589f4c-a8c7-4418-9f34-0d7f534224fa,27,0.43276909722121415,char_tfidf_v1
q_chicken_04,864501d6-0b4b-4853-b73a-4eed42ef1ca3,28,0.43075549369522903,char_tfidf_v1
q_chicken_04,49d6fd44-956a-4a09-ae79-af9f82bf0218,29,0.4276628014009261,char_tfidf_v1
q_chicken_04,9ce1f108-6a44-44db-8368-7e6177116236,30,0.4246884713184902,char_tfidf_v1
q_chicken_04,97b2c981-da5c-4a83-b2e6-1d7b7bfab176,31,0.4236635950322912,char_tfidf_v1
q_chicken_04,cd1391c9-0bd0-4eb0-a3f5-6eedcd6bf9b3,32,0.42059290848415726,char_tfidf_v1
q_chicken_04,969104bf-0b08-40f1-9625-593a4ff978d8,33,0.415968699245654,char_tfidf_v1
q_chicken_04,f6fea3ea-97f6-4585-a3b5-a1f6db3b8782,34,0.41384832814705297,char_tfidf_v1
q_chicken_04,f7726d31-702f-44c2-9c13-2c8a36525966,35,0.41282610110986206,char_tfidf_v1
q_chicken_04,4c304d9d-54c5-47a3-b0b0-ac1cd646c460,36,0.4116351062146646,char_tfidf_v1
q_chicken_04,805a8a93-efdd-4a2f-9049-e533f03d2d2c,37,0.41065689804680783,char_tfidf_v1
q_chicken_04,71becd22-9c79-46c1-81f5-85e10933ee88,38,0.4100004828207769,char_tfidf_v1
q_chicken_04,1bd20715-fe51-4e3d-87ee-9f66641f560e,39,0.40687668764992263,char_tfidf_v1
q_chicken_04,8ff31f7d-c142-428d-b79a-2dda4c4598a1,40,0.40668523957480657,char_tfidf_v1
q_cafe_01,a8065893-8312-48d3-b0d5-95ec80623992,1,1.0,char_tfidf_v1
q_cafe_01,b1c80789-f63f-4d19-89e2-ce63c9601076,2,0.9676119372135483,char_tfidf_v1
q_cafe_01,4f3dff63-d322-453e-bf94-c4309e7cf03d,3,0.9406196739832484,char_tfidf_v1
q_cafe_01,4378262f-3d46-4165-a1e4-6027f7017b45,4,0.91787223388722,char_tfidf_v1
q_cafe_01,ccacce80-7d8e-4cfa-9a59-95553500951c,5,0.9156556557836054,char_tfidf_v1
q_cafe_01,752ad6e3-3bd8-40a1-ad9c-418fe73d60b0,6,0.9046427930785426,char_tfidf_v1
q_cafe_01,79e2284e-e369-404a-8b81-ffd912189760,7,0.9041727609129984,char_tfidf_v1
q_cafe_01,37978d28-d708-4812-93bc-08a5f41816d2,8,0.8932647806777131,char_tfidf_v1
q_cafe_01,8d38d2aa-76f9-409c-9a13-befbdd004e15,9,0.8927478174011201,char_tfidf_v1
q_cafe_01,71034cd7-51de-4cf2-9e06-a3b7ab05aab4,10,0.8871113939256469,char_tfidf_v1
q_cafe_01,c870353a-71da-4878-8b52-fff987441d03,11,0.8863222592746567,char_tfidf_v1
q_cafe_01,2b89e4fa-b55a-4110-913a-37d1f5783a19,12,0.8823409686717761,char_tfidf_v1
q_cafe_01,b948ad13-1eb3-495a-860b-ed48b497e5fd,13,0.8818267306208698,char_tfidf_v1
q_cafe_01,d7e6f07e-425d-488b-bd04-056e26ed4f6c,14,0.8767755325145095,char_tfidf_v1
q_cafe_01,35d684b9-ab53-4aab-84cb-c43dac2a6074,15,0.8694036762583008,char_tfidf_v1
q_cafe_01,5fb1e8f1-2c72-4e39-9173-24489785cc2f,16,0.8684028084750699,char_tfidf_v1
q_cafe_01,eabb00d2-4105-4651-a280-fab5b15c938d,17,0.8683431010075744,char_tfidf_v1
q_cafe_01,72669e09-e316-4753-b7de-ccaa751a2024,18,0.8619550067423013,char_tfidf_v1
q_cafe_01,7c15760e-9d75-48a6-9e79-d9c8a0145a86,19,0.8581830224453669,char_tfidf_v1
q_cafe_01,2a439a00-ca24-48da-9367-946618417f10,20,0.8523747362535179,char_tfidf_v1
q_cafe_01,eb342f74-cce6-4752-b913-4320833236e1,21,0.8520976448678013,char_tfidf_v1
q_cafe_01,48430f32-eddc-4711-af14-565111e632b7,22,0.8411534384030046,char_tfidf_v1
q_cafe_01,5d44e5bd-a4f0-4d49-ba0e-281775f723c1,23,0.8365887304648421,char_tfidf_v1
q_cafe_01,44567573-8f6b-4fad-874b-d09323134e10,24,0.8324445201641216,char_tfidf_v1
q_cafe_01,908a9a46-7e46-4a31-befd-79fbeea8e616,25,0.8320431374752885,char_tfidf_v1
q_cafe_01,2649267f-3498-4b40-a76d-944cf699ff6d,26,0.8306646670617298,char_tfidf_v1
q_cafe_01,042c7ec2-1a1c-4861-ab7e-232b7a89b83b,27,0.826351732347663,char_tfidf_v1
q_cafe_01,a893e5c0-444b-4204-99ec-5d9c985bfd3c,28,0.8231516203199912,char_tfidf_v1
q_cafe_01,317b1407-0c4a-473e-98cb-af2285412d2e,29,0.8201904156496141,char_tfidf_v1
q_cafe_01,3352d2e2-cfeb-417a-b076-1b1d4a24535e,30,0.8191502450602647,char_tfidf_v1
q_cafe_01,a5ea943f-1ebb-4111-b25b-9f15d71afedb,31,0.8190094646392354,char_tfidf_v1
q_cafe_01,dd3dcbdd-0a32-43ce-b20b-61f59b0efda2,32,0.8161141000921375,char_tfidf_v1
q_cafe_01,82aa7d7e-085a-474f-be37-feb253d775ba,33,0.8140610210512058,char_tfidf_v1
q_cafe_01,398b8e34-93bc-4bad-a088-6ceffa18aee8,34,0.812878165017438,char_tfidf_v1
q_cafe_01,a59b21d1-63a7-4b82-9b56-19019600bc22,35,0.8105028046317635,char_tfidf_v1
q_cafe_01,f4abc41c-cf93-4f9b-b262-e3db707dc9be,36,0.8073780586635684,char_tfidf_v1
q_cafe_01,4c9383e8-7352-45e3-8913-3452aeb261ba,37,0.8071219021808094,char_tfidf_v1
q_cafe_01,e8d71812-a078-4cce-8177-51387181bef4,38,0.8046969077166002,char_tfidf_v1
q_cafe_01,5ec44ea0-6a16-44f5-8d75-d19e0c126210,39,0.8028484433502362,char_tfidf_v1
q_cafe_01,71af8a29-8a96-43f5-b0d4-bd4fc91ad096,40,0.8020050489562887,char_tfidf_v1
q_cafe_02,6c59de3e-c4bc-4157-afe2-6344a8519c09,1,0.985109375941043,char_tfidf_v1
q_cafe_02,1b91e99b-45f6-4229-bc53-9f4acb5cf0ce,2,0.9623880001547387,char_tfidf_v1
q_cafe_02,ee30f38c-3328-4a8d-a6be-4418d1bb2f67,3,0.9578478874621651,char_tfidf_v1
q_cafe_02,d30f0524-db75-4dcd-93c8-3b72e44aaa8a,4,0.9527954289431347,char_tfidf_v1
q_cafe_02,8fef8790-72c3-4624-9b50-9cd8c61ee246,5,0.9513688385521847,char_tfidf_v1
q_cafe_02,89bd0719-d12c-4d48-9bfd-b149a6198a38,6,0.9500122578941298,char_tfidf_v1
q_cafe_02,00803611-95a7-472d-9c88-04a3b8aca589,7,0.9475468905811514,char_tfidf_v1
q_cafe_02,ee50aa14-f958-420c-bf01-1653f72a7057,8,0.9306501912250713,char_tfidf_v1
q_cafe_02,b33b8064-5f64-4c1c-ab38-80ab05996eba,9,0.9179887523365465,char_tfidf_v1
q_cafe_02,730b8de2-1274-43cf-93cf-93f3a78e828f,10,0.8995294147613241,char_tfidf_v1
q_cafe_02,ecc73904-b075-4ed5-9b63-7d7733c817d0,11,0.8963376224393718,char_tfidf_v1
q_cafe_02,23c893bb-c086-41ff-b598-8b7512988ce6,12,0.8913975661092763,char_tfidf_v1
q_cafe_02,b0ca7da8-5e63-45cf-b999-db50c4c36e93,13,0.883643973742267,char_tfidf_v1
q_cafe_02,06f1190e-3aa6-40df-87c8-6c9c83c9e95f,14,0.8763280833355771,char_tfidf_v1
q_cafe_02,5e722ba2-494e-47da-a9cd-afc9bdd3366c,15,0.8752546536542812,char_tfidf_v1
q_cafe_02,ac22c595-4441-47ec-abc2-fe7f7af397c1,16,0.8624508387223067,char_tfidf_v1
q_cafe_02,1cc6b8cb-0aef-43ce-ba51-a0f549ee0a19,17,0.8600929070250031,char_tfidf_v1
q_cafe_02,837c5389-c23e-4dcf-9910-8a46ddf5b5df,18,0.859433185620189,char_tfidf_v1
q_cafe_02,7df636bb-fa98-4037-9d77-799fad17d518,19,0.8566239075286849,char_tfidf_v1
q_cafe_02,68cd47eb-0abc-4862-8dd1-c39586cd92e9,20,0.8406042365764721,char_tfidf_v1
q_cafe_02,52e666f3-4f9e-40f6-a502-42bda43f884b,21,0.8367031534994602,char_tfidf_v1
q_cafe_02,b1a0569f-c79e-4156-991d-972229895fcc,22,0.8336554124050012,char_tfidf_v1
q_cafe_02,5f072fda-dd86-467a-86c0-87ac9fbe547e,23,0.8261724817087679,char_tfidf_v1
q_cafe_02,a0c62ca0-d740-40f7-91fe-a648669887ad,24,0.8140429304578299,char_tfidf_v1
q_cafe_02,5bdc2d09-942a-49fa-9155-83ab959584fe,25,0.812676899947152,char_tfidf_v1
q_cafe_02,644990e2-dc32-4e60-bb80-afea91875108,26,0.8111649698341024,char_tfidf_v1
q_cafe_02,dad58840-7f1f-4764-a6e4-e23a99e5e888,27,0.811001816863037,char_tfidf_v1
q_cafe_02,2ffdc321-2b6d-43d2-b50c-017591184878,28,0.8052565224243323,char_tfidf_v1
q_cafe_02,e29b9a5e-b158-4c45-976b-f014de70e0bd,29,0.8052137766935717,char_tfidf_v1
q_cafe_02,4759f4f0-2540-4148-820e-c62b366eb874,30,0.8045680980565663,char_tfidf_v1
q_cafe_02,f86dcf4e-6873-4ce8-b7fa-b5e6be7ddc36,31,0.7978901548010084,char_tfidf_v1
q_cafe_02,fd2004b8-cb72-4e37-90d6-03419aed012b,32,0.7940068101554307,char_tfidf_v1
q_cafe_02,34d1eebf-dd8c-4e7c-a8fd-87eba7a5ce5c,33,0.7866443123856366,char_tfidf_v1
q_cafe_02,6bfe7790-4824-415d-acde-0706a2531886,34,0.7858831990599758,char_tfidf_v1
q_cafe_02,3aaf3d7b-3112-4610-8ac7-406dc2647c53,35,0.780002405256853,char_tfidf_v1
q_cafe_02,d5a4006b-9ded-44d3-beb5-381cf7694829,36,0.7799319865072086,char_tfidf_v1
q_cafe_02,9b535fdb-d63f-47e2-8b45-1ca8f5493674,37,0.779650254126833,char_tfidf_v1
q_cafe_02,45b3fa8e-aa37-4adf-b2b6-c6784350ccec,38,0.7795694931148565,char_tfidf_v1
q_cafe_02,5dba2cc7-f3c7-4ca2-9e84-29303ff6a088,39,0.7770453842209676,char_tfidf_v1
q_cafe_02,e6a5ce4f-c532-475a-9a52-9123b65fc130,40,0.7759298093861302,char_tfidf_v1
q_cafe_03,73180191-45a4-4c42-afde-d4356d34edc8,1,0.7809451194607822,char_tfidf_v1
q_cafe_03,c237aaf3-cefc-46b8-b351-d6524951e404,2,0.7809451194607822,char_tfidf_v1
q_cafe_03,0f938025-2917-4de2-92fd-d1a7fcc8d4d9,3,0.6823556657867454,char_tfidf_v1
q_cafe_03,70653d99-666d-410c-866d-57f33ccb8024,4,0.6823556657867454,char_tfidf_v1
q_cafe_03,8f8d13f9-a663-4077-bbb2-2d30b533fb58,5,0.6823556657867454,char_tfidf_v1
q_cafe_03,3f39c61b-7bdf-4105-898c-1ceb5dbe75ae,6,0.6423469207922203,char_tfidf_v1
q_cafe_03,4b0b6c83-717b-4db2-81d1-6bb16b366800,7,0.6327407787965692,char_tfidf_v1
q_cafe_03,94392e34-9f89-4255-a1ef-06a0bfc29665,8,0.6327407787965692,char_tfidf_v1
q_cafe_03,20d23562-e5a0-4810-9b59-d88b76a5eb38,9,0.6327407787965692,char_tfidf_v1
q_cafe_03,58d09887-0463-4826-a7dd-da2fb3c59742,10,0.6327407787965692,char_tfidf_v1
q_cafe_03,72d60c22-a815-4fdf-a7c6-6f84c4ecdbf2,11,0.6327407787965692,char_tfidf_v1
q_cafe_03,2a1c1bf2-511d-4917-baec-f3f9253e76db,12,0.6327407787965692,char_tfidf_v1
q_cafe_03,36717e78-b268-4b15-ad11-6c7acf813b01,13,0.6327407787965692,char_tfidf_v1
q_cafe_03,10f56da7-d91c-427e-b0d6-47b3a477fe82,14,0.6249523837563719,char_tfidf_v1
q_cafe_03,3f2d05aa-3faa-4fae-acdd-df338b3416da,15,0.6249523837563719,char_tfidf_v1
q_cafe_03,34687f80-8c3a-4f5d-b627-7c0808a6d3e4,16,0.6249523837563719,char_tfidf_v1
q_cafe_03,d4379690-0a04-4294-9b56-edac4629d3fd,17,0.6249523837563719,char_tfidf_v1
q_cafe_03,99c4bd97-e02f-4c4e-871b-bc9c140051c9,18,0.5514259150890755,char_tfidf_v1
q_cafe_03,76a3551b-dae4-4326-92cc-662015aedbfb,19,0.5015812393462691,char_tfidf_v1
q_cafe_03,24456103-f6b8-46af-8655-82e61d7265d8,20,0.4552809314090173,char_tfidf_v1
q_cafe_03,c691a22d-7069-467e-8dc2-007300df4e95,21,0.43618355178321666,char_tfidf_v1
q_cafe_03,58d878ef-b9c2-4ca8-8d22-8fa45441bf25,22,0.40556696423559924,char_tfidf_v1
q_cafe_03,bdf3a400-9d49-4612-88b7-75e08b4d8256,23,0.3872263911533201,char_tfidf_v1
q_cafe_03,87bcae45-30b6-446b-bd65-8b2575d3b250,24,0.3704230487275012,char_tfidf_v1
q_cafe_03,9f6992ff-071f-4beb-861e-97cf05fcc1cd,25,0.3695632906374628,char_tfidf_v1
q_cafe_03,c7ec1ca1-783b-4cd2-bda6-f55d0bf01c48,26,0.36778404845156787,char_tfidf_v1
q_cafe_03,bf7bdd9f-ff4c-4793-9a6d-38cd12c2825d,27,0.36778404845156787,char_tfidf_v1
q_cafe_03,d29afe81-6b3c-48e0-a174-9060ae8503c7,28,0.36778404845156787,char_tfidf_v1
q_cafe_03,90c62395-f269-435c-99e4-e48a6af6ed2e,29,0.3675833830057941,char_tfidf_v1
q_cafe_03,891c1b8b-3c66-47c2-a497-056936f223a6,30,0.3534220644174928,char_tfidf_v1
q_cafe_03,5f44233a-02c8-449a-a0be-ad4e246d0882,31,0.3522856465302199,char_tfidf_v1
q_cafe_03,a082d7f4-ccc4-40e4-98c1-c3f567024706,32,0.35068237658016777,char_tfidf_v1
q_cafe_03,8a10f6b8-0570-4927-aab3-d33275d4368f,33,0.3467802691718464,char_tfidf_v1
q_cafe_03,3444199f-b34e-4a71-bb90-8c3aba44acfd,34,0.34676283853939777,char_tfidf_v1
q_cafe_03,8db9433a-0c86-4954-8a78-a8d64f3448f2,35,0.3455732705999444,char_tfidf_v1
q_cafe_03,d0777271-7144-4f74-ae52-63d5577bfff8,36,0.34540956791564914,char_tfidf_v1
q_cafe_03,e4ba6cf2-ce77-40a6-9c9e-a05ff94c7f8b,37,0.3450938574714705,char_tfidf_v1
q_cafe_03,16f4a9c7-500b-44d9-a80e-fa034040ad90,38,0.3437256543338981,char_tfidf_v1
q_cafe_03,e9769546-6d5a-42af-85d7-64a026b18a55,39,0.3433401748378429,char_tfidf_v1
q_cafe_03,1cdbe617-c06e-4652-bbf4-8fd1acd9b1ff,40,0.3432027963570627,char_tfidf_v1
q_cafe_04,00e6ab18-463e-4301-8e8f-a5a7f06b69bc,1,0.5682270747863044,char_tfidf_v1
q_cafe_04,87bcae45-30b6-446b-bd65-8b2575d3b250,2,0.5121073016935906,char_tfidf_v1
q_cafe_04,9f6992ff-071f-4beb-861e-97cf05fcc1cd,3,0.510918692083278,char_tfidf_v1
q_cafe_04,c7ec1ca1-783b-4cd2-bda6-f55d0bf01c48,4,0.5084589020728882,char_tfidf_v1
q_cafe_04,bf7bdd9f-ff4c-4793-9a6d-38cd12c2825d,5,0.5084589020728882,char_tfidf_v1
q_cafe_04,d29afe81-6b3c-48e0-a174-9060ae8503c7,6,0.5084589020728882,char_tfidf_v1
q_cafe_04,90c62395-f269-435c-99e4-e48a6af6ed2e,7,0.5081814834826266,char_tfidf_v1
q_cafe_04,891c1b8b-3c66-47c2-a497-056936f223a6,8,0.4886035585246871,char_tfidf_v1
q_cafe_04,5f44233a-02c8-449a-a0be-ad4e246d0882,9,0.4870324686590675,char_tfidf_v1
q_cafe_04,b0865099-e23b-49fd-ae6b-420c90ee55d5,10,0.4853590478993276,char_tfidf_v1
q_cafe_04,a082d7f4-ccc4-40e4-98c1-c3f567024706,11,0.4848159590470763,char_tfidf_v1
q_cafe_04,58d878ef-b9c2-4ca8-8d22-8fa45441bf25,12,0.4816114573739596,char_tfidf_v1
q_cafe_04,8a10f6b8-0570-4927-aab3-d33275d4368f,13,0.4794213225560191,char_tfidf_v1
q_cafe_04,3444199f-b34e-4a71-bb90-8c3aba44acfd,14,0.4793972248272716,char_tfidf_v1
q_cafe_04,8db9433a-0c86-4954-8a78-a8d64f3448f2,15,0.47775265538228867,char_tfidf_v1
q_cafe_04,d0777271-7144-4f74-ae52-63d5577bfff8,16,0.4775263375540043,char_tfidf_v1
q_cafe_04,e4ba6cf2-ce77-40a6-9c9e-a05ff94c7f8b,17,0.4770898700495113,char_tfidf_v1
q_cafe_04,16f4a9c7-500b-44d9-a80e-fa034040ad90,18,0.4751983386792095,char_tfidf_v1
q_cafe_04,e9769546-6d5a-42af-85d7-64a026b18a55,19,0.4746654159432696,char_tfidf_v1
q_cafe_04,1cdbe617-c06e-4652-bbf4-8fd1acd9b1ff,20,0.47447549114419235,char_tfidf_v1
q_cafe_04,c6bbdb03-f91c-4ea4-a390-045719eafbdd,21,0.47286918975952213,char_tfidf_v1
q_cafe_04,a483b42b-3360-48fd-86dc-dbe893366661,22,0.4719379561926982,char_tfidf_v1
q_cafe_04,7ffd5c68-1804-4ab0-bee2-b38935b3ddee,23,0.47151724567875397,char_tfidf_v1
q_cafe_04,320dc69a-f92b-4ff9-b889-6dd623fa71cd,24,0.4715094373706359,char_tfidf_v1
q_cafe_04,db120c04-9540-4475-a721-7c0595eb6d07,25,0.47068053759666867,char_tfidf_v1
q_cafe_04,f3af34b8-db53-4d1d-a76d-7a999dd5784a,26,0.4683137799747885,char_tfidf_v1
q_cafe_04,ed59120c-1966-4ee7-a5c4-8cee5f0ad6fc,27,0.4683137799747885,char_tfidf_v1
q_cafe_04,f3e2e9b0-76dd-4a6b-b9b7-4361c12c17c7,28,0.46499848089446705,char_tfidf_v1
q_cafe_04,9a7be11f-a74c-4851-bd29-a78e55086f96,29,0.46499848089446705,char_tfidf_v1
q_cafe_04,9bea613d-12ce-4048-98d5-e96297a837f1,30,0.46190788324116533,char_tfidf_v1
q_cafe_04,643d2c1e-faeb-407c-9fdc-46b93e4665df,31,0.458455985023805,char_tfidf_v1
q_cafe_04,b68d48f5-26b1-490d-bb70-e51ccfa31c51,32,0.45822411664592416,char_tfidf_v1
q_cafe_04,2e6d83e9-fb58-487b-aaff-b01b2cd2b46e,33,0.4556821673325887,char_tfidf_v1
q_cafe_04,4ed348f8-e30c-443a-b786-498e498e1568,34,0.45457049083763307,char_tfidf_v1
q_cafe_04,ce5dfaaf-4cf4-4003-9b1a-cab0b4ac1c3d,35,0.4542109509950231,char_tfidf_v1
q_cafe_04,e1c2c1a5-0cb6-4952-bf88-1b04175c90fe,36,0.45411665950052715,char_tfidf_v1
q_cafe_04,bff0d9f3-2d22-44be-b351-c1cac2eb4cfe,37,0.4539669335334142,char_tfidf_v1
q_cafe_04,8265aea3-9da4-4a4e-9d84-d1bd36dc4ca0,38,0.4524480169127784,char_tfidf_v1
q_cafe_04,1a07ae01-0576-41d4-af8b-cbd44d6193f3,39,0.451591599078645,char_tfidf_v1
q_cafe_04,97b4f1a9-34d3-4860-a3aa-6112bd271833,40,0.45139945645416873,char_tfidf_v1
q_hair_01,a2d28ebd-b53e-4167-86a8-0097eced85f4,1,0.9432479738993931,char_tfidf_v1
q_hair_01,88ac616e-4be6-4c42-8102-48aad6816e39,2,0.9399029236747767,char_tfidf_v1
q_hair_01,869d4e1b-a9b9-4d1a-a2c6-f0e97784f582,3,0.938285738079991,char_tfidf_v1
q_hair_01,fccdbced-93c7-4b4b-93f1-c8de83f746ad,4,0.9376319216162562,char_tfidf_v1
q_hair_01,eb79f1d6-055d-48bb-bfec-cda535911f7d,5,0.9358156745592966,char_tfidf_v1
q_hair_01,1bf54294-855b-46cd-a179-f6ba71a70ad8,6,0.9279533912327754,char_tfidf_v1
q_hair_01,ae9b966a-5e51-4bb3-a838-0e1cf758f484,7,0.9276704339628773,char_tfidf_v1
q_hair_01,e806a897-79a5-4eb5-90d7-d0990f8fb549,8,0.9259997893887392,char_tfidf_v1
q_hair_01,b88ae656-b950-4ca2-9468-186a021e432d,9,0.9257436919578839,char_tfidf_v1
q_hair_01,2933fe5c-1043-475d-8efb-db646ea44b3f,10,0.9233252076410621,char_tfidf_v1
q_hair_01,47c437bd-0e50-45a2-bd87-0ba5eb19159f,11,0.9219348578023141,char_tfidf_v1
q_hair_01,2ad230b1-0ad9-4981-ac8d-77b79b9576bd,12,0.9215573306555324,char_tfidf_v1
q_hair_01,9287cbae-e77a-4511-a961-63db18d3e87c,13,0.9207604824923297,char_tfidf_v1
q_hair_01,54c920b0-93d5-48c6-a9fd-8c627002353f,14,0.9196667445959482,char_tfidf_v1
q_hair_01,118a0e16-5f28-4893-92f8-1514f86e1e6b,15,0.9159108435985538,char_tfidf_v1
q_hair_01,f2159308-2cf3-49a5-9fee-8a1a825878e2,16,0.9099004863752798,char_tfidf_v1
q_hair_01,c433cff3-740f-446d-9e44-e6e24e7d3247,17,0.8981387005256728,char_tfidf_v1
q_hair_01,13992db2-ff3c-42ea-97a5-271110dc96cf,18,0.8958858223661752,char_tfidf_v1
q_hair_01,2a760a50-5cdc-4a39-953e-7ed20113d258,19,0.8943308683647833,char_tfidf_v1
q_hair_01,e8d0291a-dc43-45e6-ab9a-87ebe841566b,20,0.8938454031790661,char_tfidf_v1
q_hair_01,567172d6-d1b1-4275-bb0b-eb0ad8892242,21,0.8935352164047176,char_tfidf_v1
q_hair_01,383b8bcf-79e7-4b80-9532-c1825228c62d,22,0.8912664505251067,char_tfidf_v1
q_hair_01,d9e58968-570a-4b6c-8dab-586a54fc71a4,23,0.8902454008365998,char_tfidf_v1
q_hair_01,5d0571b5-82f5-425e-9bc7-76d1212404ba,24,0.8898399259607971,char_tfidf_v1
q_hair_01,b34c246a-397c-4a65-a796-41bf65f35f8a,25,0.8760130993996496,char_tfidf_v1
q_hair_01,bf1445a0-3381-44b7-854d-c5b2e1d77ae7,26,0.8702424163921726,char_tfidf_v1
q_hair_01,d1241877-c4b3-4bc6-9387-c98354fc1449,27,0.8694299400302001,char_tfidf_v1
q_hair_01,b1498536-a0af-4ce2-a635-256a006bef4c,28,0.863378608596802,char_tfidf_v1
q_hair_01,6324906e-4e71-4b5b-bab6-1bfd229a8478,29,0.8626416274419547,char_tfidf_v1
q_hair_01,6f9c6cf5-4497-4e28-874b-c4a9d56629d6,30,0.8624204905964417,char_tfidf_v1
q_hair_01,0c241f35-bd1c-4365-9b51-06501803dbfa,31,0.860584522647093,char_tfidf_v1
q_hair_01,86e9ca6b-509a-4ac5-a814-863b13606987,32,0.857302630240095,char_tfidf_v1
q_hair_01,9dbd2931-9d48-4ed1-a76a-163893441a81,33,0.8565235125287374,char_tfidf_v1
q_hair_01,c4182852-e3b4-48b2-b716-fa2f69857b6b,34,0.8565025108994389,char_tfidf_v1
q_hair_01,25643e22-883f-48b4-a571-267370807809,35,0.8560198321593928,char_tfidf_v1
q_hair_01,8079ead8-04a5-4c0a-9c21-7f6d222fa726,36,0.8553878460237153,char_tfidf_v1
q_hair_01,52cce271-c863-4b9d-8533-59ed38bd6832,37,0.8548487345343799,char_tfidf_v1
q_hair_01,fff25254-39b5-47b7-a516-89f0313b1559,38,0.854591198010172,char_tfidf_v1
q_hair_01,a4cc5558-7b32-49cb-bf02-8ca65ce23a0d,39,0.8534770289106555,char_tfidf_v1
q_hair_01,49574481-cd63-481d-a878-da0d572bff08,40,0.8528467408874355,char_tfidf_v1
q_hair_02,c16c65ec-9d0f-494b-a2d5-bae5e009f95f,1,0.8879277235819267,char_tfidf_v1
q_hair_02,50dbae39-8a50-45ce-a4fc-4d602d380423,2,0.8661318430471268,char_tfidf_v1
q_hair_02,4328269b-93b7-4c8c-8bf7-1a920ad367c4,3,0.8467969295088911,char_tfidf_v1
q_hair_02,e985b0e8-d331-440b-843a-bb62169b6414,4,0.8466607665594871,char_tfidf_v1
q_hair_02,50350d9c-651c-42cc-b756-4b1c7ea658c3,5,0.8359310933157656,char_tfidf_v1
q_hair_02,bc7dcd12-97ec-4e6f-ae00-1bd7ef9d76f2,6,0.8331485837590668,char_tfidf_v1
q_hair_02,761a8ec1-a8e7-45b9-9384-7d130f79c81a,7,0.8212943808234004,char_tfidf_v1
q_hair_02,f596754a-71f2-4485-8f28-b9afd71169fb,8,0.8006807694187057,char_tfidf_v1
q_hair_02,b6723c98-be3b-4966-8acb-feffa44ce8c0,9,0.7955960936485756,char_tfidf_v1
q_hair_02,86798a19-fdd2-4af2-a5dd-8a0d7d3bde7a,10,0.7902471874466656,char_tfidf_v1
q_hair_02,189bedff-090e-407c-bdde-b9fd9ece14ae,11,0.7794381369747353,char_tfidf_v1
q_hair_02,30754409-16ff-4814-ac63-3144453ecda2,12,0.7754333228810993,char_tfidf_v1
q_hair_02,0042c5c8-617e-4d65-82bc-0e74d9ec734c,13,0.7707124040523021,char_tfidf_v1
q_hair_02,0f731ac0-ae21-466a-811a-414d93182b7f,14,0.7669604410599273,char_tfidf_v1
q_hair_02,fd90b788-4244-4bbc-ae37-94c08b430f5f,15,0.7659070847091946,char_tfidf_v1
q_hair_02,4de1927b-1c4c-480d-98b5-7da73f548091,16,0.762274111907474,char_tfidf_v1
q_hair_02,7a15022a-04a7-4bd1-9e89-c273bbccc8be,17,0.7602138749291141,char_tfidf_v1
q_hair_02,c500af60-301a-48f2-92a0-c45f1e11afb1,18,0.7534069086104556,char_tfidf_v1
q_hair_02,3a16b661-8eba-41dc-94e9-46d54bc7b92d,19,0.7518436044757497,char_tfidf_v1
q_hair_02,ac8fc8f5-ed7a-46bf-a27b-3eb1afe6a807,20,0.7511845938635062,char_tfidf_v1
q_hair_02,d81dd1e5-a68a-44fd-a669-d2a10d53c697,21,0.7425655676523085,char_tfidf_v1
q_hair_02,8ffd61f3-6cf3-4cc3-8803-bffd18752dc3,22,0.7239959845491237,char_tfidf_v1
q_hair_02,a6d2e7f0-aee3-49ca-b349-de52bc8742ef,23,0.7223791120698059,char_tfidf_v1
q_hair_02,d957836b-5869-4194-a08a-069586ad2ede,24,0.719064078462094,char_tfidf_v1
q_hair_02,4cc24b6e-b15f-403e-9cc8-7016e835af94,25,0.7116080989944812,char_tfidf_v1
q_hair_02,afb8eed1-567e-4c8d-a5af-601ef3635ef0,26,0.7036456839404326,char_tfidf_v1
q_hair_02,28b610eb-131b-4c31-b824-aba54ec8d982,27,0.7023593262884172,char_tfidf_v1
q_hair_02,05e98526-628a-4e57-a9b5-44ff43bb306c,28,0.6999427394001312,char_tfidf_v1
q_hair_02,87f6615e-cddc-413f-b074-a5d4e5e6d821,29,0.6978356385422302,char_tfidf_v1
q_hair_02,f975ac27-a8d1-4362-8100-76b0cb988e3b,30,0.6958576649641945,char_tfidf_v1
q_hair_02,dc9af475-4d42-4f5b-ba5c-5c23ea8aa587,31,0.6872440589799065,char_tfidf_v1
q_hair_02,c3877e7f-61f0-4653-aa48-c023e333da1d,32,0.6848243840017936,char_tfidf_v1
q_hair_02,03f90743-97a0-4286-b0d2-caf9ed37a988,33,0.6818502320322495,char_tfidf_v1
q_hair_02,04ab921c-4e3a-43af-9f25-a26c9dd23950,34,0.6749916584581974,char_tfidf_v1
q_hair_02,63e25579-350b-45bb-b981-3b2592d2ea86,35,0.6747844690279974,char_tfidf_v1
q_hair_02,dd525790-42e4-45b5-b576-487ccfc117f7,36,0.674441941991139,char_tfidf_v1
q_hair_02,13b68938-59e6-40d3-82ca-385c52fc41e4,37,0.6734720057096628,char_tfidf_v1
q_hair_02,762c2534-96b4-4995-bf3e-ccb2cb0fe7e8,38,0.6673594343777902,char_tfidf_v1
q_hair_02,da3b1890-6c18-4f17-bcaa-00ffe79b640a,39,0.6663354664798875,char_tfidf_v1
q_hair_02,e2c5f4e5-fe30-42c5-9793-8ea54999ed0f,40,0.6577903774670817,char_tfidf_v1
q_hair_03,24456103-f6b8-46af-8655-82e61d7265d8,1,0.4526732050903258,char_tfidf_v1
q_hair_03,76a3551b-dae4-4326-92cc-662015aedbfb,2,0.4359122479760382,char_tfidf_v1
q_hair_03,a72c4896-7140-49f1-8cc1-15e98c6cfe98,3,0.3918136218875454,char_tfidf_v1
q_hair_03,c9e5208c-c135-4225-8f5d-e02e68d3a600,4,0.3540984397744166,char_tfidf_v1
q_hair_03,c597521d-1273-43c9-b412-1c6036be4933,5,0.3490651023686578,char_tfidf_v1
q_hair_03,97abb828-d25d-4f36-bc22-de2bb95f156c,6,0.3448743453157317,char_tfidf_v1
q_hair_03,2743811c-5e71-4d2b-aa75-1b0147d44f2d,7,0.33758462826978314,char_tfidf_v1
q_hair_03,c111ac9d-3f3a-405c-a8db-4d127ccda9e2,8,0.3354537087335015,char_tfidf_v1
q_hair_03,60352ca5-d22b-456a-a8ab-b7e31e4bedf2,9,0.30175169619731995,char_tfidf_v1
q_hair_03,b62872d8-28a5-42e3-90a7-43a1986d6d7a,10,0.2943149036101665,char_tfidf_v1
q_hair_03,22afdf71-1217-4bb8-838e-23a6534d5d55,11,0.2750557263140634,char_tfidf_v1
q_hair_03,0cb7899c-8082-48a4-a3b8-79e3c35ef3d9,12,0.2704173795884562,char_tfidf_v1
q_hair_03,dcee01c5-86a6-48a1-9420-351d5a138284,13,0.26900580177479666,char_tfidf_v1
q_hair_03,ffc86428-5aff-4b30-8d7c-82b48ca2453b,14,0.2676500410822828,char_tfidf_v1
q_hair_03,ee6c2ba1-cadf-4780-a695-07ef1a82287c,15,0.26386449826973984,char_tfidf_v1
q_hair_03,a1b6ad99-6912-4b69-bbda-66050531cd5c,16,0.26293913205795594,char_tfidf_v1
q_hair_03,42d92002-3898-4a05-ac2a-b48ca96a3f3a,17,0.23560224368603896,char_tfidf_v1
q_hair_03,6bf34547-7852-41e7-8209-ffa42bb49076,18,0.2331680741883096,char_tfidf_v1
q_hair_03,6f3275f6-0429-49f6-8bd9-c7a65b3353ae,19,0.23047773150861867,char_tfidf_v1
q_hair_03,73a868c4-f6cb-452f-98dd-036cc92120eb,20,0.22452541313906302,char_tfidf_v1
q_hair_03,73777934-029d-4380-a099-e948644462b2,21,0.22447553606849505,char_tfidf_v1
q_hair_03,c6f41e2b-24cc-4d5c-a689-85651263fcd4,22,0.221632770260408,char_tfidf_v1
q_hair_03,b1f9d516-9d66-4984-bb28-732d660e0835,23,0.22004628908132212,char_tfidf_v1
q_hair_03,a8801936-01c6-4104-b997-bdc54350444a,24,0.21480689021920132,char_tfidf_v1
q_hair_03,b179ce3c-1885-4d2c-a596-e3590dd2e7e2,25,0.2146336347881171,char_tfidf_v1
q_hair_03,576f3998-9b2f-4be8-8e91-75a400f491d8,26,0.2132696855834973,char_tfidf_v1
q_hair_03,be50a12c-1375-4b9e-8cef-d42871b3536c,27,0.2107971790508099,char_tfidf_v1
q_hair_03,66575f57-681b-45a7-8e7f-3ce52f1ffb8a,28,0.20976755645303782,char_tfidf_v1
q_hair_03,ee4917da-067a-45ae-b969-0b3a4395a594,29,0.20766167277096137,char_tfidf_v1
q_hair_03,398969fc-0dcc-494b-b06e-a1a1a78ae2b8,30,0.20560202705874103,char_tfidf_v1
q_hair_03,be9f8c61-892c-48ed-a49d-b63bd032c025,31,0.20557765471417258,char_tfidf_v1
q_hair_03,ca0d1627-d510-4a13-9085-c2f7f7aaf7f9,32,0.2024468720479705,char_tfidf_v1
q_hair_03,23126a60-c99b-46ee-b48c-63f2461cfe59,33,0.1996299709598139,char_tfidf_v1
q_hair_03,658c25b3-dc54-489c-ac3e-31d19ec2ca27,34,0.19522781098593045,char_tfidf_v1
q_hair_03,b7afbf94-a2c4-4b9f-88ed-723cfc82d47b,35,0.1952260042603799,char_tfidf_v1
q_hair_03,4801385e-4540-4ece-8042-c852d1d96af6,36,0.19511141495730594,char_tfidf_v1
q_hair_03,3388247b-0e60-495c-a571-65f87f299c69,37,0.18899512143082364,char_tfidf_v1
q_hair_03,842f6cf1-6411-4f4b-be23-746d79e31656,38,0.18830644527762336,char_tfidf_v1
q_hair_03,c325e8bc-eb18-4505-a03b-069fb49d4413,39,0.18828648389248165,char_tfidf_v1
q_hair_03,94832cac-a3bd-4689-b9cc-40776a1f8573,40,0.18749169013199835,char_tfidf_v1
q_hair_04,0cb7899c-8082-48a4-a3b8-79e3c35ef3d9,1,0.4647156102489998,char_tfidf_v1
q_hair_04,ee6c2ba1-cadf-4780-a695-07ef1a82287c,2,0.4534544026833064,char_tfidf_v1
q_hair_04,b1f9d516-9d66-4984-bb28-732d660e0835,3,0.3781522684269801,char_tfidf_v1
q_hair_04,a8801936-01c6-4104-b997-bdc54350444a,4,0.3691482967027739,char_tfidf_v1
q_hair_04,66575f57-681b-45a7-8e7f-3ce52f1ffb8a,5,0.36048813931956464,char_tfidf_v1
q_hair_04,ee4917da-067a-45ae-b969-0b3a4395a594,6,0.35686915217488135,char_tfidf_v1
q_hair_04,ada9c640-1d86-4ba9-a5d9-a4304cbdf6b3,7,0.3546632451515743,char_tfidf_v1
q_hair_04,ca0d1627-d510-4a13-9085-c2f7f7aaf7f9,8,0.3479074526569001,char_tfidf_v1
q_hair_04,6667e3e5-6f21-4695-a696-6e98fc4a2456,9,0.31274332941046634,char_tfidf_v1
q_hair_04,716fb80c-c7bb-45e6-a450-68c974c5a0d1,10,0.31250792606722344,char_tfidf_v1
q_hair_04,a72c4896-7140-49f1-8cc1-15e98c6cfe98,11,0.3075696976937105,char_tfidf_v1
q_hair_04,ab834790-3ec3-4c4a-b079-4c8e3d95efb6,12,0.30751551682225065,char_tfidf_v1
q_hair_04,0e8dc98d-134f-494e-a05d-9f92457f8b5b,13,0.30749254780318014,char_tfidf_v1
q_hair_04,2fd4b340-469d-4801-a808-a3b06827af15,14,0.30670843466102204,char_tfidf_v1
q_hair_04,60352ca5-d22b-456a-a8ab-b7e31e4bedf2,15,0.3046129529475308,char_tfidf_v1
q_hair_04,667a4502-d218-4126-9d03-6a16cec711db,16,0.30401751718009234,char_tfidf_v1
q_hair_04,6f0938a7-77de-4496-a357-ea63d67a7aaf,17,0.3006649972125555,char_tfidf_v1
q_hair_04,d54f323b-ce6c-4f1e-9b28-dcd676cf271f,18,0.3001618921245382,char_tfidf_v1
q_hair_04,385615ff-0d05-472e-a3e8-a13b25a54ac1,19,0.2962248148869526,char_tfidf_v1
q_hair_04,b9427257-7c00-4bbd-ad08-25beaac6be7e,20,0.2915968099951054,char_tfidf_v1
q_hair_04,0940dbc1-af36-4f83-8dbb-ad788ff49be6,21,0.2885446451945815,char_tfidf_v1
q_hair_04,5cdbbdb3-3c8f-4041-915f-4afa55075ab2,22,0.28811621371670776,char_tfidf_v1
q_hair_04,279469bd-84b6-410c-bd0e-10a5e6f2bf12,23,0.28805828317741033,char_tfidf_v1
q_hair_04,bc08e97d-37f8-489a-9db0-56ad4749e17b,24,0.2879654008989982,char_tfidf_v1
q_hair_04,37f4da31-01d0-4a5e-beb6-00bbe79abc0d,25,0.2829066439553994,char_tfidf_v1
q_hair_04,d9615207-97f5-405f-9c0b-b9557069f1e6,26,0.2804085119948126,char_tfidf_v1
q_hair_04,c9e5208c-c135-4225-8f5d-e02e68d3a600,27,0.27796366433245173,char_tfidf_v1
q_hair_04,bb5aecaf-b11d-4993-83e4-884bd00034d2,28,0.27690712199812934,char_tfidf_v1
q_hair_04,c597521d-1273-43c9-b412-1c6036be4933,29,0.27401254579598605,char_tfidf_v1
q_hair_04,c5bd5ebf-03d9-4ab5-866b-38be667d32cd,30,0.27374361848759804,char_tfidf_v1
q_hair_04,1f4809af-becb-4717-a6e7-0db46118543d,31,0.2721556408504066,char_tfidf_v1
q_hair_04,97abb828-d25d-4f36-bc22-de2bb95f156c,32,0.2707228442443482,char_tfidf_v1
q_hair_04,ef0ee4e9-afdf-42dd-a315-936d62e577a2,33,0.2698472781181813,char_tfidf_v1
q_hair_04,8f69b854-2bb1-4c60-9270-208d55b08d3f,34,0.2695468213373179,char_tfidf_v1
q_hair_04,e343cc05-7e3d-4a3a-a6c1-3d20829fa781,35,0.26609109532112774,char_tfidf_v1
q_hair_04,72fc3abc-732b-41ef-9109-ab0caea9a8ad,36,0.2641256386022092,char_tfidf_v1
q_hair_04,be064c28-00ae-4ba0-9307-4691ad833d22,37,0.2638724830418375,char_tfidf_v1
q_hair_04,62f8146c-aa85-4d94-9947-0f19fd052da5,38,0.26291861779654385,char_tfidf_v1
q_hair_04,eb206411-6c76-487b-9300-692f949863a1,39,0.2594028858038348,char_tfidf_v1
q_hair_04,815247b9-eb8f-4a80-925b-de7d85c40303,40,0.25810467873366816,char_tfidf_v1
q_clothing_01,d701014f-161e-4a10-817c-dfacd7639cc3,1,0.49988886962988077,char_tfidf_v1
q_clothing_01,4c6668f2-b448-46fc-b823-d760ddae8d77,2,0.4590064534104792,char_tfidf_v1
q_clothing_01,c7526199-2bdf-43e8-b788-01a2f08b37d8,3,0.45900645341047913,char_tfidf_v1
q_clothing_01,7971d18e-83d6-4a98-aa3b-95a523083e34,4,0.45900645341047913,char_tfidf_v1
q_clothing_01,b3d16986-fbc9-4102-af6c-399c4e68dab5,5,0.45900645341047913,char_tfidf_v1
q_clothing_01,92434a9f-69fb-4af6-95f4-cb445974679a,6,0.4250880474294426,char_tfidf_v1
q_clothing_01,d6c303f6-6fc3-4875-9038-d1cab4e1c4c6,7,0.41836631093772814,char_tfidf_v1
q_clothing_01,4ee0118b-3219-485b-8538-6e958774ade5,8,0.4144823716742248,char_tfidf_v1
q_clothing_01,764bb857-e26f-4e36-bf80-c72194dd07ac,9,0.4144823716742248,char_tfidf_v1
q_clothing_01,52e35eb4-4ef3-4643-9f26-417b9401dc25,10,0.4116132791356017,char_tfidf_v1
q_clothing_01,bc59f180-160c-42fa-bed5-11e12133ef83,11,0.41140477297879763,char_tfidf_v1
q_clothing_01,a82f96f8-46ac-4c42-8da8-8ad641026ce3,12,0.40887367219508003,char_tfidf_v1
q_clothing_01,c7d62d1c-31e3-4118-b834-ce583a02b3f7,13,0.40059668653814307,char_tfidf_v1
q_clothing_01,f46cdda8-6489-40b0-84b3-13255fa501a7,14,0.3949171339882356,char_tfidf_v1
q_clothing_01,962ce0b0-4904-4446-8b48-fb550039c667,15,0.3941419091502369,char_tfidf_v1
q_clothing_01,8816ea47-1194-4cd4-bfb9-47f7870f2487,16,0.3879673148542444,char_tfidf_v1
q_clothing_01,f16921ee-7067-4f37-905e-0e8e16e8576f,17,0.3862989839303581,char_tfidf_v1
q_clothing_01,bdbc29dd-c5bf-41d0-90ba-65872a80f5b3,18,0.3849684695755941,char_tfidf_v1
q_clothing_01,98e62e8e-c479-468c-a858-bcc81fc1b07d,19,0.3842907590736333,char_tfidf_v1
q_clothing_01,a0404d3b-1187-4e5c-bac4-a91b64338f95,20,0.3810619901290859,char_tfidf_v1
q_clothing_01,43765f78-3ff1-4aed-a108-ffdb92db4f29,21,0.3723025558634001,char_tfidf_v1
q_clothing_01,d4ad357a-36d2-4ee2-89e5-12a4cc912988,22,0.37177384078816245,char_tfidf_v1
q_clothing_01,1e9402f4-4eb9-4294-a7e2-1a54e4c72da1,23,0.3700532828686152,char_tfidf_v1
q_clothing_01,25650d2a-62ce-4d8f-a49e-59872d81202e,24,0.3692393499014962,char_tfidf_v1
q_clothing_01,7abe9bfa-9293-4295-b2b1-309393c65058,25,0.3679510380996072,char_tfidf_v1
q_clothing_01,16d79f63-eb49-4944-b2be-a5eebd0b5f77,26,0.3673443735233972,char_tfidf_v1
q_clothing_01,12e9b4c6-59aa-41b2-b4e1-267c2d66140a,27,0.3653615026245777,char_tfidf_v1
q_clothing_01,e6db244b-e7bc-4fa1-92c3-c7d779d3da2d,28,0.36335036392565023,char_tfidf_v1
q_clothing_01,18798c1e-a4e9-44b0-8d40-9b1a69b91ee7,29,0.3632385993877225,char_tfidf_v1
q_clothing_01,1120c33f-b9c0-4e34-94e0-cc7df1f36400,30,0.36281567212284954,char_tfidf_v1
q_clothing_01,da8251c7-0bd9-41c3-bc27-eea5efa9c596,31,0.3607438998287179,char_tfidf_v1
q_clothing_01,84964e59-6441-40ea-a6f0-807174989109,32,0.3587037225584102,char_tfidf_v1
q_clothing_01,b95d630a-ab0f-44f2-b9f3-8bb8fd624f87,33,0.3581337724448327,char_tfidf_v1
q_clothing_01,d9337bbd-d811-4449-81ed-c54fd431f26b,34,0.3578507308889834,char_tfidf_v1
q_clothing_01,1fe5d342-1bc6-4026-b2c7-414156a92b18,35,0.3548400530280935,char_tfidf_v1
q_clothing_01,453c7257-40ca-4674-9958-4a04b5f91301,36,0.35472220056937737,char_tfidf_v1
q_clothing_01,e556f29d-f9ed-4a89-abd4-d693289d1580,37,0.35461324485743223,char_tfidf_v1
q_clothing_01,7b297637-e4fa-4bc7-aa82-d65ac9b228ee,38,0.3545050310106257,char_tfidf_v1
q_clothing_01,3375892e-2c82-4a70-a2b8-7ebd6e79eb08,39,0.35359033978416554,char_tfidf_v1
q_clothing_01,f831281d-3653-4438-a98a-193a665a2f62,40,0.3512585789905815,char_tfidf_v1
q_clothing_02,ea8d26c6-86c4-4683-a101-8e2e01f1af4c,1,0.952074016012786,char_tfidf_v1
q_clothing_02,53776ad6-4a97-4445-b7f6-e236725c5048,2,0.9316384891055458,char_tfidf_v1
q_clothing_02,2d9a91df-c256-4726-9e01-9e491c7b297a,3,0.8114038552628939,char_tfidf_v1
q_clothing_02,6a388653-18c0-46be-83c3-7051cbf3a7fb,4,0.7711391880179718,char_tfidf_v1
q_clothing_02,c115d208-d0ab-4b72-8587-94915033e911,5,0.7309956825954235,char_tfidf_v1
q_clothing_02,16a18cfc-d396-49ba-ba8f-c5355159e161,6,0.7018394606098515,char_tfidf_v1
q_clothing_02,c863d30a-e32a-4f76-8489-f038312d0efb,7,0.6949569953140884,char_tfidf_v1
q_clothing_02,b0d12be1-8fe8-471e-8108-9c3850098564,8,0.6914379663488236,char_tfidf_v1
q_clothing_02,1b9dbda0-81e6-486a-88ba-f4f47b83568d,9,0.6858149535288268,char_tfidf_v1
q_clothing_02,af45c3e8-baa1-4e24-9772-f1a3d3693cbf,10,0.6792536809269546,char_tfidf_v1
q_clothing_02,60211cd4-80da-4e09-9412-f1293b737438,11,0.6537481050820171,char_tfidf_v1
q_clothing_02,253e10cf-4a33-4db2-8e33-9f947afa0c56,12,0.5912113799011491,char_tfidf_v1
q_clothing_02,6bcb6f87-0565-4425-9ca7-306adeede94f,13,0.5746555264477365,char_tfidf_v1
q_clothing_02,990a8054-9e18-48ca-8214-4a7b25f40923,14,0.5728588696631696,char_tfidf_v1
q_clothing_02,512a7463-c2d0-429f-8df6-d5efe55c7bf5,15,0.5660555925961046,char_tfidf_v1
q_clothing_02,addfbb58-1833-4ff7-9d78-1ec6189c5bd3,16,0.559305503630061,char_tfidf_v1
q_clothing_02,94c4bf2a-85e8-4856-a125-6d8d04a63c13,17,0.5304522860491556,char_tfidf_v1
q_clothing_02,ca3a52af-6f42-400a-a7e0-13469f38ba56,18,0.5200981910547211,char_tfidf_v1
q_clothing_02,ed5665df-7b10-488d-a207-4479964b85c1,19,0.5189686820464561,char_tfidf_v1
q_clothing_02,8d0ed308-4a7c-4060-90dc-8298f91b7cfb,20,0.5179776619270599,char_tfidf_v1
q_clothing_02,c188ba8c-dcf0-4e41-a9b4-631fb87d2650,21,0.5104799082430249,char_tfidf_v1
q_clothing_02,cdb6db44-2dfb-48fb-8112-a5b10541b0d6,22,0.49115402158797394,char_tfidf_v1
q_clothing_02,cd00ad11-b2f1-4394-b1a9-d42a3246aef9,23,0.48879138481366535,char_tfidf_v1
q_clothing_02,807e2ae2-49a7-4b25-8f9b-7a42245457bb,24,0.48609529619073866,char_tfidf_v1
q_clothing_02,af985938-e322-41a0-aea4-0c7989021b05,25,0.4742591223515079,char_tfidf_v1
q_clothing_02,1f7059df-bbbd-4b89-aea5-7adb17369b05,26,0.4684100331496482,char_tfidf_v1
q_clothing_02,1773c3b2-f14d-4c28-8379-22a211cd30e9,27,0.46194557516950974,char_tfidf_v1
q_clothing_02,f9b145d1-b334-4311-afc4-45c154e02058,28,0.46000334198544063,char_tfidf_v1
q_clothing_02,f53dd40b-6392-438f-b283-f48a789e49eb,29,0.4575862673728766,char_tfidf_v1
q_clothing_02,cbb3857e-6282-4995-9f33-f9c68d5e96e1,30,0.45701877300630384,char_tfidf_v1
q_clothing_02,76abb76b-d19f-41ac-ad4d-26d32bffad62,31,0.4458759486264008,char_tfidf_v1
q_clothing_02,02a5cd6d-f1e4-4186-a5e2-20860181df6e,32,0.4416613551674651,char_tfidf_v1
q_clothing_02,9b7e05d5-0608-4a4a-afa2-a13c0e2b161e,33,0.437367183145282,char_tfidf_v1
q_clothing_02,98cdf3e5-5ad6-4d6b-be49-ae26238af44f,34,0.4344783286737353,char_tfidf_v1
q_clothing_02,38e6f15a-3420-40d6-94f1-d4b3d74a7748,35,0.4341766738357478,char_tfidf_v1
q_clothing_02,1b778342-64a8-4aac-a417-c30954ba6030,36,0.4309175483894096,char_tfidf_v1
q_clothing_02,1fea85b6-088b-42f0-9dbf-43204ab6caa1,37,0.4231231958540733,char_tfidf_v1
q_clothing_02,6311bb64-2e1c-4f85-8b5a-566793c27776,38,0.4192704698842797,char_tfidf_v1
q_clothing_02,b2f83e14-253d-4c84-9599-4a69af5f7dd8,39,0.4096150424365629,char_tfidf_v1
q_clothing_02,949f565a-d5c3-4bed-809d-a5a8759c2d47,40,0.40784623689020477,char_tfidf_v1
q_clothing_03,76a3551b-dae4-4326-92cc-662015aedbfb,1,0.5401844100700695,char_tfidf_v1
q_clothing_03,2743811c-5e71-4d2b-aa75-1b0147d44f2d,2,0.41833638333708983,char_tfidf_v1
q_clothing_03,c111ac9d-3f3a-405c-a8db-4d127ccda9e2,3,0.4156957383036969,char_tfidf_v1
q_clothing_03,1eaf6dc3-f0f0-4350-8341-9f6f4334b965,4,0.392989926636069,char_tfidf_v1
q_clothing_03,24456103-f6b8-46af-8655-82e61d7265d8,5,0.38278669552504624,char_tfidf_v1
q_clothing_03,aa62ddd1-79d1-4a90-84e0-36120de14b2d,6,0.3443387897242614,char_tfidf_v1
q_clothing_03,2b0d6a08-b76b-4c29-a692-80a15ab9f12e,7,0.3412951422924869,char_tfidf_v1
q_clothing_03,cfad3883-5ed0-4847-b638-5e20d56e8947,8,0.3382401751286962,char_tfidf_v1
q_clothing_03,77ea2c60-2f05-46cd-8449-7e5a16f40416,9,0.33362499725366224,char_tfidf_v1
q_clothing_03,26220224-2c69-49c4-998f-cf019e71f136,10,0.32891171248552054,char_tfidf_v1
q_clothing_03,5f7a9931-6680-4fcb-882a-78cddd3ad0f3,11,0.32290378139028886,char_tfidf_v1
q_clothing_03,5723d922-e55c-46bc-a5b9-846ba2afdf5d,12,0.32233286875152434,char_tfidf_v1
q_clothing_03,6ef9edd7-938c-4678-8ae7-8f80abc0e8c4,13,0.31552678833709774,char_tfidf_v1
q_clothing_03,3d5956d4-0ca8-4f79-be24-a0e2c9286c9e,14,0.30785129696561164,char_tfidf_v1
q_clothing_03,9e5a4c9e-1230-40fd-8813-0b5798a46648,15,0.3040190265154713,char_tfidf_v1
q_clothing_03,a82b0806-ede7-4f56-82bf-73c681b34283,16,0.2827265126423767,char_tfidf_v1
q_clothing_03,b59b9921-a1c3-4d2a-8014-6e5ee9e60d38,17,0.278531895984007,char_tfidf_v1
q_clothing_03,68331905-ce0e-4544-a338-03c530ceef03,18,0.2783671554515632,char_tfidf_v1
q_clothing_03,8c470ffc-8f1a-4794-b837-dd59bb2e86ee,19,0.2783159158529477,char_tfidf_v1
q_clothing_03,ac7b2f5d-646b-44e2-a850-a869cbb8fcc0,20,0.27701658648767846,char_tfidf_v1
q_clothing_03,c161453d-f2c8-4b97-a2c3-a54e0cbdb7e8,21,0.2720307894205707,char_tfidf_v1
q_clothing_03,6702c44f-743f-4a82-a486-762c643027a2,22,0.27034223873693675,char_tfidf_v1
q_clothing_03,a69be704-f0e1-48d2-8b51-4f95fbf285a9,23,0.2619683943788256,char_tfidf_v1
q_clothing_03,70e92b81-7465-4c3b-a4ab-18555f4c9eda,24,0.2588129483241925,char_tfidf_v1
q_clothing_03,2a1a27b5-6e8b-44a1-8971-a48abe0305fb,25,0.25588669897943445,char_tfidf_v1
q_clothing_03,916dd581-9795-44a6-a044-e206709803a4,26,0.2552120547173196,char_tfidf_v1
q_clothing_03,be9f8c61-892c-48ed-a49d-b63bd032c025,27,0.2547527504697874,char_tfidf_v1
q_clothing_03,5f59c153-0ca4-4ba4-9f1c-e59663f9e5e2,28,0.2542593758491584,char_tfidf_v1
q_clothing_03,4a10655a-ca92-413a-8ade-7ea466ab0505,29,0.2483884389677547,char_tfidf_v1
q_clothing_03,b7b3a948-d86d-45e1-afb8-c2791b7bd118,30,0.24643179819950178,char_tfidf_v1
q_clothing_03,0352930b-2c8b-4c93-b1a5-4a873580604b,31,0.2452698093972722,char_tfidf_v1
q_clothing_03,cd939281-db77-4c98-a59d-268216ba9e39,32,0.24444832245531833,char_tfidf_v1
q_clothing_03,ad2284ff-8791-453b-b8a9-67654ff94220,33,0.24375705402762732,char_tfidf_v1
q_clothing_03,d9a6b700-9bb0-4940-aed0-1f6eefbde6d1,34,0.2431777320165941,char_tfidf_v1
q_clothing_03,ec4d6f68-d1c4-4e1e-8727-8e6e93467e55,35,0.24259482903999374,char_tfidf_v1
q_clothing_03,a0f9f4ef-7074-489d-b751-f9f69f85338e,36,0.24014057675060724,char_tfidf_v1
q_clothing_03,c29ef265-6689-424b-b99e-8a18a4d6a7e2,37,0.24009676565706906,char_tfidf_v1
q_clothing_03,8356300f-b26b-478f-a101-fac36ac38e16,38,0.23985517163682968,char_tfidf_v1
q_clothing_03,c174f39f-2d1b-46ad-a89f-e7ccc4e13dff,39,0.23964895653242757,char_tfidf_v1
q_clothing_03,cc0ee073-4b09-43e0-8c2b-90ac0d1018ba,40,0.23507298379641905,char_tfidf_v1
q_clothing_04,aa62ddd1-79d1-4a90-84e0-36120de14b2d,1,0.42716141529190454,char_tfidf_v1
q_clothing_04,2b0d6a08-b76b-4c29-a692-80a15ab9f12e,2,0.42338568980466706,char_tfidf_v1
q_clothing_04,cfad3883-5ed0-4847-b638-5e20d56e8947,3,0.4195959218891786,char_tfidf_v1
q_clothing_04,77ea2c60-2f05-46cd-8449-7e5a16f40416,4,0.41387067114266224,char_tfidf_v1
q_clothing_04,26220224-2c69-49c4-998f-cf019e71f136,5,0.4080237161892414,char_tfidf_v1
q_clothing_04,5f7a9931-6680-4fcb-882a-78cddd3ad0f3,6,0.40057071807749667,char_tfidf_v1
q_clothing_04,6ef9edd7-938c-4678-8ae7-8f80abc0e8c4,7,0.39141936224063884,char_tfidf_v1
q_clothing_04,3d5956d4-0ca8-4f79-be24-a0e2c9286c9e,8,0.3818977113109533,char_tfidf_v1
q_clothing_04,9e5a4c9e-1230-40fd-8813-0b5798a46648,9,0.3771436780213139,char_tfidf_v1
q_clothing_04,a82b0806-ede7-4f56-82bf-73c681b34283,10,0.35072974897069215,char_tfidf_v1
q_clothing_04,b59b9921-a1c3-4d2a-8014-6e5ee9e60d38,11,0.3455262155847759,char_tfidf_v1
q_clothing_04,68331905-ce0e-4544-a338-03c530ceef03,12,0.34532185057829207,char_tfidf_v1
q_clothing_04,8c470ffc-8f1a-4794-b837-dd59bb2e86ee,13,0.34525828649513685,char_tfidf_v1
q_clothing_04,ac7b2f5d-646b-44e2-a850-a869cbb8fcc0,14,0.3436464339035564,char_tfidf_v1
q_clothing_04,a69be704-f0e1-48d2-8b51-4f95fbf285a9,15,0.3249787518688095,char_tfidf_v1
q_clothing_04,70e92b81-7465-4c3b-a4ab-18555f4c9eda,16,0.3210643372202197,char_tfidf_v1
q_clothing_04,2a1a27b5-6e8b-44a1-8971-a48abe0305fb,17,0.31743424717836066,char_tfidf_v1
q_clothing_04,916dd581-9795-44a6-a044-e206709803a4,18,0.316597333050695,char_tfidf_v1
q_clothing_04,4a10655a-ca92-413a-8ade-7ea466ab0505,19,0.30813245645829485,char_tfidf_v1
q_clothing_04,b7b3a948-d86d-45e1-afb8-c2791b7bd118,20,0.305705191611212,char_tfidf_v1
q_clothing_04,0352930b-2c8b-4c93-b1a5-4a873580604b,21,0.30426371363624666,char_tfidf_v1
q_clothing_04,cd939281-db77-4c98-a59d-268216ba9e39,22,0.3032446372636724,char_tfidf_v1
q_clothing_04,d9a6b700-9bb0-4940-aed0-1f6eefbde6d1,23,0.3016684360738604,char_tfidf_v1
q_clothing_04,ec4d6f68-d1c4-4e1e-8727-8e6e93467e55,24,0.3009453294477906,char_tfidf_v1
q_clothing_04,a0f9f4ef-7074-489d-b751-f9f69f85338e,25,0.2979007642907334,char_tfidf_v1
q_clothing_04,c29ef265-6689-424b-b99e-8a18a4d6a7e2,26,0.2978464154654493,char_tfidf_v1
q_clothing_04,8356300f-b26b-478f-a101-fac36ac38e16,27,0.297546711665903,char_tfidf_v1
q_clothing_04,c174f39f-2d1b-46ad-a89f-e7ccc4e13dff,28,0.29729089635121975,char_tfidf_v1
q_clothing_04,cc0ee073-4b09-43e0-8c2b-90ac0d1018ba,29,0.2916142806210668,char_tfidf_v1
q_clothing_04,1f9e5989-5ce6-436d-b0f1-17257b3e74e6,30,0.2903211490467102,char_tfidf_v1
q_clothing_04,164666ec-be0a-4c47-b673-9ab7000e37c9,31,0.2869214902625134,char_tfidf_v1
q_clothing_04,413c17c7-cc44-4734-8980-f13b631b9629,32,0.28680403674496957,char_tfidf_v1
q_clothing_04,691c22bf-ad0e-4096-8951-507b2da4f844,33,0.28662998486666774,char_tfidf_v1
q_clothing_04,08bf9cce-9cb9-4a61-b84f-88c0eacd90a8,34,0.2842955034548696,char_tfidf_v1
q_clothing_04,1eaf6dc3-f0f0-4350-8341-9f6f4334b965,35,0.2839193032486347,char_tfidf_v1
q_clothing_04,c97511c5-9ced-439c-8256-fff0f92ab55e,36,0.2838934425646752,char_tfidf_v1
q_clothing_04,39cdcf99-b246-4c92-a1ce-430456055aae,37,0.28134487807574454,char_tfidf_v1
q_clothing_04,420fd618-4255-4a98-bdf0-6fa2c4289d8a,38,0.27948934885919063,char_tfidf_v1
q_clothing_04,63e4c97e-2b2d-4f3a-9f59-325531fd7d40,39,0.27948934885919063,char_tfidf_v1
q_clothing_04,9068b297-03aa-4390-bc0e-75cd917a24bb,40,0.2789510460331358,char_tfidf_v1
q_pharmacy_01,20150fba-cfe5-4184-9853-43eb9b8c4371,1,0.9299231382115465,char_tfidf_v1
q_pharmacy_01,c7836120-730c-42d0-9aae-7dba5ac3e07a,2,0.9224570324143786,char_tfidf_v1
q_pharmacy_01,59713a8a-4e60-45da-93b6-e5e55dafb971,3,0.8838724150284349,char_tfidf_v1
q_pharmacy_01,d1baa10b-ecf1-4f80-8c6b-951a9c7b04f1,4,0.8698545252819629,char_tfidf_v1
q_pharmacy_01,09e3c72c-0469-4c15-a060-8114a78d89ce,5,0.8671003436885328,char_tfidf_v1
q_pharmacy_01,59a37f08-897d-4436-911e-99c9c4489ff3,6,0.8295373933959577,char_tfidf_v1
q_pharmacy_01,10108579-8860-4dcb-b203-e5e20c7c83a9,7,0.786912368472514,char_tfidf_v1
q_pharmacy_01,d44e4945-fd90-4302-8016-5eafa51af1cb,8,0.7622872030752602,char_tfidf_v1
q_pharmacy_01,66ddc8e2-08e4-4d97-b0d6-8ae51fc406d4,9,0.737877524295207,char_tfidf_v1
q_pharmacy_01,84c114e3-f8e0-4971-8503-ce83acfea251,10,0.7356062625282319,char_tfidf_v1
q_pharmacy_01,6ca4b41e-1168-4fb3-a6c3-ac52b8285ef8,11,0.7247578502076131,char_tfidf_v1
q_pharmacy_01,399e9d6e-be86-4eff-9945-1e9a3e0c932d,12,0.7154429146547712,char_tfidf_v1
q_pharmacy_01,a4024c16-9931-474f-b210-caa7a9623b96,13,0.7095853758199009,char_tfidf_v1
q_pharmacy_01,2e81afae-c323-410c-9594-308d491038d9,14,0.7078613467956458,char_tfidf_v1
q_pharmacy_01,64c3fb46-db34-4aae-bb26-f0d7ca5631dc,15,0.7047273751273462,char_tfidf_v1
q_pharmacy_01,679f1934-16a1-48cf-ae40-c4ee4e1b9411,16,0.7038529536539244,char_tfidf_v1
q_pharmacy_01,1430b5cf-950f-435b-a2b1-4faf5e1e49fb,17,0.7002756716471394,char_tfidf_v1
q_pharmacy_01,f2dbd2f8-23ae-4161-a5c4-03fae8a5fa9a,18,0.698356047360316,char_tfidf_v1
q_pharmacy_01,8d15dd06-d3b1-413d-922c-bdfc5cce45ac,19,0.6950684901744083,char_tfidf_v1
q_pharmacy_01,719686b0-b532-4c4e-9d42-2a564a72d3ab,20,0.694590559384774,char_tfidf_v1
q_pharmacy_01,3db11c33-0f8c-4eaa-a4ff-d93ba1818b81,21,0.6910327902919139,char_tfidf_v1
q_pharmacy_01,0490f4d5-e6c2-47cf-a907-044c445946c0,22,0.6788798315797294,char_tfidf_v1
q_pharmacy_01,87b1f164-9bdd-4f28-b366-355e6506918a,23,0.6766536880109368,char_tfidf_v1
q_pharmacy_01,e8ee5990-6d17-4c01-9f97-d9df30451010,24,0.6750491917520088,char_tfidf_v1
q_pharmacy_01,86ec94df-eb9a-4c33-84f4-e8d15aa49fe6,25,0.6748202402882993,char_tfidf_v1
q_pharmacy_01,c118f88e-16bb-4957-8de1-2bdf99b10471,26,0.6701256445301499,char_tfidf_v1
q_pharmacy_01,f98a3102-b495-48a7-acae-afd3888c9439,27,0.66873880895764,char_tfidf_v1
q_pharmacy_01,ea83ecec-90c6-4397-846d-483408a4a3ef,28,0.6652508843848746,char_tfidf_v1
q_pharmacy_01,6f2858bf-1132-4950-a1d3-59e51b1b4332,29,0.6649807358126091,char_tfidf_v1
q_pharmacy_01,5ce8ad09-0c6f-43b6-82b1-879acfcfac89,30,0.6646446205090653,char_tfidf_v1
q_pharmacy_01,f375d208-e64e-4a68-a3da-429674c378f6,31,0.6612576235094939,char_tfidf_v1
q_pharmacy_01,33418550-5cc9-4f6a-a63a-138afc4e4069,32,0.660411260682724,char_tfidf_v1
q_pharmacy_01,ee503976-cd8b-4c05-a17e-de4aeade4f57,33,0.65796841061293,char_tfidf_v1
q_pharmacy_01,dacb0ea5-ba9f-4c78-9ff8-8e8748b7f6d7,34,0.657004972891258,char_tfidf_v1
q_pharmacy_01,1c792b5e-bcc6-4846-884f-67cb31917bb8,35,0.6548782907816758,char_tfidf_v1
q_pharmacy_01,44fbddda-ab79-4407-a4b9-dad2eb0c89cd,36,0.6543080652480467,char_tfidf_v1
q_pharmacy_01,b07f13fd-e5ee-40b4-b491-b2369f56bf4a,37,0.6528866442376502,char_tfidf_v1
q_pharmacy_01,8fbda964-dfca-4b2f-8b85-fd2f98e5dafa,38,0.6528640002538372,char_tfidf_v1
q_pharmacy_01,7dc723f6-4ba4-4415-881c-6ad7fbd85575,39,0.6492399679671913,char_tfidf_v1
q_pharmacy_01,da1c7828-1764-4b53-b6b6-f719eb019c2d,40,0.6474599951382721,char_tfidf_v1
q_pharmacy_02,29a2aad2-d17f-4c12-a988-a0b25c3764fc,1,0.5371688884599373,char_tfidf_v1
q_pharmacy_02,76283f74-600b-4477-88c9-66dd919d5042,2,0.47399637251937227,char_tfidf_v1
q_pharmacy_02,813497cc-bf0f-4172-b02d-7c4677220603,3,0.46766363008029715,char_tfidf_v1
q_pharmacy_02,e3b1fe63-bc9a-48c1-ae85-8393091afa0b,4,0.4649249190466093,char_tfidf_v1
q_pharmacy_02,035f9cc5-1357-4bbd-b76c-646b5da39aaa,5,0.46095752733256223,char_tfidf_v1
q_pharmacy_02,1ca600dd-7fb0-4eb9-8a3a-81c74e29a395,6,0.45964696453610476,char_tfidf_v1
q_pharmacy_02,f9b7c57e-ec38-4957-9632-d8fb219c7368,7,0.45823736305866697,char_tfidf_v1
q_pharmacy_02,14dfbba6-0047-4623-8b4e-9f95d81f4023,8,0.45039668860773285,char_tfidf_v1
q_pharmacy_02,97fa9477-2a88-45a8-aefd-20aa278289a9,9,0.45039668860773285,char_tfidf_v1
q_pharmacy_02,f3667c0f-72fe-4406-9f9b-1136d76250e4,10,0.43999600689150076,char_tfidf_v1
q_pharmacy_02,81f5156c-b98e-494c-96f1-262b2ff23d88,11,0.42124743256795893,char_tfidf_v1
q_pharmacy_02,da41aad3-1ce9-4cc4-ab70-dc51d8b91513,12,0.4180173484198838,char_tfidf_v1
q_pharmacy_02,b0f32f2b-b58a-4c54-ac57-5ee81fe4d26a,13,0.4143463621013777,char_tfidf_v1
q_pharmacy_02,d40f5004-7397-490d-87c9-5f9d1518f58f,14,0.4039352012826335,char_tfidf_v1
q_pharmacy_02,d2bcdce8-87e5-4692-87d5-54dfbc199535,15,0.40214240941574536,char_tfidf_v1
q_pharmacy_02,d5ef0bea-5a26-494b-b2a1-6aa24d2fd405,16,0.3997601935283276,char_tfidf_v1
q_pharmacy_02,d3ff068d-9a71-4033-801f-a04c5dfb0cd1,17,0.3986590155801172,char_tfidf_v1
q_pharmacy_02,4f0c6c82-7d30-4056-8ee1-c7f827b2f6ed,18,0.3975641440840361,char_tfidf_v1
q_pharmacy_02,cacbb5d0-b785-4893-9f47-2b7f63c9448c,19,0.3971867944666326,char_tfidf_v1
q_pharmacy_02,e1c2d794-62c7-4266-ad31-61528a221a45,20,0.3971867944666326,char_tfidf_v1
q_pharmacy_02,9865c5a3-247e-41d6-b379-5a2792e1431d,21,0.3934794673606644,char_tfidf_v1
q_pharmacy_02,45093fe4-5956-4800-9211-ea8e9f790fe1,22,0.39307126135182413,char_tfidf_v1
q_pharmacy_02,d1b36a92-70ed-4cb6-960c-8e1a211d2513,23,0.392075446434019,char_tfidf_v1
q_pharmacy_02,020b5248-6222-4ebf-8d61-b4b85b6a0678,24,0.3906563739022271,char_tfidf_v1
q_pharmacy_02,1f6cff9b-8485-4fed-a6ec-425fb6df45fb,25,0.3874853123587339,char_tfidf_v1
q_pharmacy_02,c2d285d3-228d-4555-94cf-b8dbdab8315e,26,0.386996834649507,char_tfidf_v1
q_pharmacy_02,aed2cad8-375c-4284-a92b-391a64bf66e7,27,0.38549776015725956,char_tfidf_v1
q_pharmacy_02,4223ad21-0303-44ee-94d1-ff0ec414b5e5,28,0.3852829937754873,char_tfidf_v1
q_pharmacy_02,b3f805f2-2898-41e9-99ef-8a73ff7b3050,29,0.38311520348598704,char_tfidf_v1
q_pharmacy_02,2c72b585-bd54-4864-b05f-b84f0916a2f9,30,0.38311520348598704,char_tfidf_v1
q_pharmacy_02,d39e2178-5ee6-4a81-aab7-ef539f11a576,31,0.3723224866234226,char_tfidf_v1
q_pharmacy_02,ce3e49bc-6fd0-4196-a8b1-aebbe21691c0,32,0.3686859433087451,char_tfidf_v1
q_pharmacy_02,2cd89e3f-d8f5-48fa-95ac-f44931d26b81,33,0.36685462413107295,char_tfidf_v1
q_pharmacy_02,e4f33cb5-1dc5-4a89-b115-99e4b44886af,34,0.36657542152869327,char_tfidf_v1
q_pharmacy_02,d840eed9-bfbb-4b6d-9829-a24524e65279,35,0.3651013673284801,char_tfidf_v1
q_pharmacy_02,4b91d46e-c671-4414-a0c3-8fcabb768d84,36,0.36226814778633726,char_tfidf_v1
q_pharmacy_02,9b18bf72-f7b4-461a-9642-5baf941c9614,37,0.3610851775336585,char_tfidf_v1
q_pharmacy_02,191e4405-8743-4e87-9401-b6128174bfbd,38,0.3596871336464263,char_tfidf_v1
q_pharmacy_02,955cf4e2-eee5-4127-af9b-6ec28fb67d5e,39,0.3586692835655877,char_tfidf_v1
q_pharmacy_02,f7a31a58-59bf-4f79-9f49-5c9ac6355035,40,0.35848413522081124,char_tfidf_v1
q_pharmacy_03,76a3551b-dae4-4326-92cc-662015aedbfb,1,0.5654675737973694,char_tfidf_v1
q_pharmacy_03,2743811c-5e71-4d2b-aa75-1b0147d44f2d,2,0.4724521580304611,char_tfidf_v1
q_pharmacy_03,c111ac9d-3f3a-405c-a8db-4d127ccda9e2,3,0.4351522483701571,char_tfidf_v1
q_pharmacy_03,24456103-f6b8-46af-8655-82e61d7265d8,4,0.4007029080539055,char_tfidf_v1
q_pharmacy_03,19c43376-7f6a-493d-a37c-806877ef9e4c,5,0.31987449328002104,char_tfidf_v1
q_pharmacy_03,24667eab-862c-40ce-91c0-62316c56c65c,6,0.31901374026153345,char_tfidf_v1
q_pharmacy_03,e8f5777a-054d-44c3-9c74-01cabe8fa937,7,0.3131535428644808,char_tfidf_v1
q_pharmacy_03,e497756a-26c3-404a-85e9-5d8385b30f01,8,0.2723290240219213,char_tfidf_v1
q_pharmacy_03,be9f8c61-892c-48ed-a49d-b63bd032c025,9,0.26667637392140114,char_tfidf_v1
q_pharmacy_03,83adc225-4787-4ef9-970d-b90e53bb78b2,10,0.2604408906149226,char_tfidf_v1
q_pharmacy_03,842f6cf1-6411-4f4b-be23-746d79e31656,11,0.24427207364771722,char_tfidf_v1
q_pharmacy_03,e5a3f9ef-5b2e-4183-bb30-844faf771adb,12,0.24032545345933387,char_tfidf_v1
q_pharmacy_03,06261986-3eba-4244-b63f-397460d82f4a,13,0.2397611037081398,char_tfidf_v1
q_pharmacy_03,1f1c795c-87b6-4ebf-831f-bf079bf5beaf,14,0.2369363975382992,char_tfidf_v1
q_pharmacy_03,ef217227-6e1d-4314-87a1-5c58262f89fd,15,0.23586111303039176,char_tfidf_v1
q_pharmacy_03,397afc8c-f4f1-4bed-bb40-156a737947d1,16,0.2357752323756646,char_tfidf_v1
q_pharmacy_03,63b203af-f2a0-42b5-b5d4-a82d75305c03,17,0.2340640536774149,char_tfidf_v1
q_pharmacy_03,34b61d32-ba8d-4ef1-a0be-c449f4d829c9,18,0.23184275227562207,char_tfidf_v1
q_pharmacy_03,5b2acd9b-f13d-4940-a1fd-4a41a0846c2f,19,0.2301124562623188,char_tfidf_v1
q_pharmacy_03,e350e872-7a7f-4ed7-8fb2-22824e634b1f,20,0.22690202946631877,char_tfidf_v1
q_pharmacy_03,eb43609c-e410-46ab-b136-7e47e0e032d2,21,0.21680758600637665,char_tfidf_v1
q_pharmacy_03,f6e26069-81f2-40b8-babf-f934d2f5dd38,22,0.2118835242852104,char_tfidf_v1
q_pharmacy_03,161616dd-5fd0-4893-9089-8fd85ac9341b,23,0.21074222717460825,char_tfidf_v1
q_pharmacy_03,67927fc0-f685-4d7e-ab58-dc237e487bdb,24,0.21031645651045988,char_tfidf_v1
q_pharmacy_03,d434f6c6-8159-4795-9498-5cc0b2854fa4,25,0.20909794719343336,char_tfidf_v1
q_pharmacy_03,a77b643b-6b18-4c2d-bf70-a5eb0d94052d,26,0.2085483166693728,char_tfidf_v1
q_pharmacy_03,8bb213a2-4ac2-4af1-bf6f-338e9d5258d0,27,0.2076503668913516,char_tfidf_v1
q_pharmacy_03,e3df78a6-fbf3-461f-be41-0b389333956c,28,0.20745477135902016,char_tfidf_v1
q_pharmacy_03,2852850e-b089-45c8-9960-f646d25873a1,29,0.20727357762994364,char_tfidf_v1
q_pharmacy_03,9e984b5d-16a9-4d9e-a44d-21730c888530,30,0.20705165571964596,char_tfidf_v1
q_pharmacy_03,6a110f69-bfac-401e-bba9-c0788d530655,31,0.20660430693656467,char_tfidf_v1
q_pharmacy_03,229143e0-cbfa-4763-aefe-a69516a67ccf,32,0.20469037104282628,char_tfidf_v1
q_pharmacy_03,f8f88404-e507-4828-8f8c-e3d7fd4b2a92,33,0.20402106541321496,char_tfidf_v1
q_pharmacy_03,e8b3810d-cd03-4978-b8dc-dd5243b0a5ac,34,0.20045563084399703,char_tfidf_v1
q_pharmacy_03,b9345d1f-69e3-48bc-b82e-a796af4f6956,35,0.19939133214943114,char_tfidf_v1
q_pharmacy_03,afe1ebb6-67d5-41f4-83a1-9f2c245a0a79,36,0.19779261457950137,char_tfidf_v1
q_pharmacy_03,056fd190-e4ee-454e-bb0b-c5f0aed1a866,37,0.19776765232714602,char_tfidf_v1
q_pharmacy_03,60551d18-2e2f-4a4e-aad6-d781f7989d99,38,0.197754414871534,char_tfidf_v1
q_pharmacy_03,af841040-0055-4f95-bbe1-b98bb9cf9b59,39,0.1972723723506772,char_tfidf_v1
q_pharmacy_03,8fc53d4b-2748-46cb-bd31-5c94f81809b5,40,0.19595549404852516,char_tfidf_v1
q_pharmacy_04,5723d922-e55c-46bc-a5b9-846ba2afdf5d,1,0.3766283378508347,char_tfidf_v1
q_pharmacy_04,19c43376-7f6a-493d-a37c-806877ef9e4c,2,0.35704450328428794,char_tfidf_v1
q_pharmacy_04,24667eab-862c-40ce-91c0-62316c56c65c,3,0.3560837291669615,char_tfidf_v1
q_pharmacy_04,e8f5777a-054d-44c3-9c74-01cabe8fa937,4,0.34954256595221633,char_tfidf_v1
q_pharmacy_04,c161453d-f2c8-4b97-a2c3-a54e0cbdb7e8,5,0.3178531077533353,char_tfidf_v1
q_pharmacy_04,6702c44f-743f-4a82-a486-762c643027a2,6,0.3158801285786792,char_tfidf_v1
q_pharmacy_04,e497756a-26c3-404a-85e9-5d8385b30f01,7,0.3039741622245655,char_tfidf_v1
q_pharmacy_04,5f59c153-0ca4-4ba4-9f1c-e59663f9e5e2,8,0.2970881824120716,char_tfidf_v1
q_pharmacy_04,83adc225-4787-4ef9-970d-b90e53bb78b2,9,0.29070460564393674,char_tfidf_v1
q_pharmacy_04,ad2284ff-8791-453b-b8a9-67654ff94220,10,0.2848167934391185,char_tfidf_v1
q_pharmacy_04,e5a3f9ef-5b2e-4183-bb30-844faf771adb,11,0.26825171734416164,char_tfidf_v1
q_pharmacy_04,1f1c795c-87b6-4ebf-831f-bf079bf5beaf,12,0.2644688468329164,char_tfidf_v1
q_pharmacy_04,ef217227-6e1d-4314-87a1-5c58262f89fd,13,0.2632686122687962,char_tfidf_v1
q_pharmacy_04,397afc8c-f4f1-4bed-bb40-156a737947d1,14,0.2631727521225421,char_tfidf_v1
q_pharmacy_04,63b203af-f2a0-42b5-b5d4-a82d75305c03,15,0.26126273128254857,char_tfidf_v1
q_pharmacy_04,34b61d32-ba8d-4ef1-a0be-c449f4d829c9,16,0.2587833105337566,char_tfidf_v1
q_pharmacy_04,5b2acd9b-f13d-4940-a1fd-4a41a0846c2f,17,0.25685195091120666,char_tfidf_v1
q_pharmacy_04,e350e872-7a7f-4ed7-8fb2-22824e634b1f,18,0.25326846656097135,char_tfidf_v1
q_pharmacy_04,eb43609c-e410-46ab-b136-7e47e0e032d2,19,0.24200103002944628,char_tfidf_v1
q_pharmacy_04,37f4da31-01d0-4a5e-beb6-00bbe79abc0d,20,0.23836465624192085,char_tfidf_v1
q_pharmacy_04,f6e26069-81f2-40b8-babf-f934d2f5dd38,21,0.236504783194173,char_tfidf_v1
q_pharmacy_04,161616dd-5fd0-4893-9089-8fd85ac9341b,22,0.23523086524036474,char_tfidf_v1
q_pharmacy_04,67927fc0-f685-4d7e-ab58-dc237e487bdb,23,0.2347556192345483,char_tfidf_v1
q_pharmacy_04,cb15e2d0-9357-4e06-9f00-880705012933,24,0.2340997111800037,char_tfidf_v1
q_pharmacy_04,d434f6c6-8159-4795-9498-5cc0b2854fa4,25,0.2333955168725755,char_tfidf_v1
q_pharmacy_04,26d825f2-2bcd-4e47-8756-3390d6e52697,26,0.23285946356866644,char_tfidf_v1
q_pharmacy_04,a77b643b-6b18-4c2d-bf70-a5eb0d94052d,27,0.23278201826116451,char_tfidf_v1
q_pharmacy_04,1fbc6c06-1a96-44c5-8f3e-3c225655a2b9,28,0.23269453606943352,char_tfidf_v1
q_pharmacy_04,5beb6187-2766-4dd5-bcca-3b08cb8c087f,29,0.23207562529973816,char_tfidf_v1
q_pharmacy_04,8bb213a2-4ac2-4af1-bf6f-338e9d5258d0,30,0.23177972505178646,char_tfidf_v1
q_pharmacy_04,929d857f-3a8c-4e54-beb8-7c697f744ade,31,0.23164041604843338,char_tfidf_v1
q_pharmacy_04,e3df78a6-fbf3-461f-be41-0b389333956c,32,0.23156140095545166,char_tfidf_v1
q_pharmacy_04,2852850e-b089-45c8-9960-f646d25873a1,33,0.23135915217864872,char_tfidf_v1
q_pharmacy_04,9e984b5d-16a9-4d9e-a44d-21730c888530,34,0.23111144253034993,char_tfidf_v1
q_pharmacy_04,6a110f69-bfac-401e-bba9-c0788d530655,35,0.2306121109881183,char_tfidf_v1
q_pharmacy_04,229143e0-cbfa-4763-aefe-a69516a67ccf,36,0.22847577219007734,char_tfidf_v1
q_pharmacy_04,f8f88404-e507-4828-8f8c-e3d7fd4b2a92,37,0.22772869200365953,char_tfidf_v1
q_pharmacy_04,8f69b854-2bb1-4c60-9270-208d55b08d3f,38,0.22710825914467178,char_tfidf_v1
q_pharmacy_04,938b92f8-b2f3-4151-81af-3884e120024e,39,0.2248005702595488,char_tfidf_v1
q_pharmacy_04,472ec2d2-b9e4-4776-a1e5-7b6773de3ae7,40,0.2239815117732243,char_tfidf_v1
q_butcher_01,e46b6e68-53ff-402a-ace8-30293c0bd813,1,0.9611399950588838,char_tfidf_v1
q_butcher_01,390d2ec4-e598-4e38-a277-eb07077c0689,2,0.8920157859273438,char_tfidf_v1
q_butcher_01,59245b04-50f1-4d4c-8214-4ebcf4548528,3,0.8814430188561736,char_tfidf_v1
q_butcher_01,f11152c3-bd3d-4394-ad71-520a15258720,4,0.8814430188561736,char_tfidf_v1
q_butcher_01,83c4eaaa-68ea-405c-b348-9b3f02aa09e7,5,0.854196197347785,char_tfidf_v1
q_butcher_01,ea603913-76dc-43aa-ada9-a5edaf1358e4,6,0.8500819328771525,char_tfidf_v1
q_butcher_01,01247b16-3f83-4894-b79f-642ec9118c2c,7,0.8451876339760699,char_tfidf_v1
q_butcher_01,4d5334db-3f4d-4b13-bca3-de37f148a8c9,8,0.8071963605999594,char_tfidf_v1
q_butcher_01,c51b7c92-cc2b-4447-bbda-1c5efe71e848,9,0.8055152831391578,char_tfidf_v1
q_butcher_01,3ee575e1-4820-484b-97e6-77bc6551ac17,10,0.8031658482072419,char_tfidf_v1
q_butcher_01,47f5b548-f5f9-4bc3-90a1-72f68c8d9166,11,0.7935778366969001,char_tfidf_v1
q_butcher_01,7bee8dbd-ce0f-4223-b62f-e9dbde08172a,12,0.7895241142367819,char_tfidf_v1
q_butcher_01,61e6f691-ff99-4061-9c81-d5b3213a00aa,13,0.7859417626206782,char_tfidf_v1
q_butcher_01,607770d9-d4fb-4782-bc96-3bbcbbc116b4,14,0.7855687524794706,char_tfidf_v1
q_butcher_01,698cbd22-283d-4453-9bda-dc8099a5fdc7,15,0.7808126217377771,char_tfidf_v1
q_butcher_01,de672acc-5df1-4c94-9328-01a72b7f4249,16,0.7789100805219125,char_tfidf_v1
q_butcher_01,a31ac9b2-2f87-45c6-bdf7-a7c6e222eee6,17,0.7776783615331678,char_tfidf_v1
q_butcher_01,5b1bffd4-1ee2-43de-8a9e-6355c700af5e,18,0.7749312551127254,char_tfidf_v1
q_butcher_01,e4c71a4a-67d1-4947-ad66-836e6f08e311,19,0.7616533301004613,char_tfidf_v1
q_butcher_01,f398a9db-9afa-463e-a641-3a835994c989,20,0.757626222117845,char_tfidf_v1
q_butcher_01,215b8aa1-abdb-4ed2-bdf4-62a07ad9ed12,21,0.754991131324116,char_tfidf_v1
q_butcher_01,1d995b95-6a25-450d-90ff-0cd871015735,22,0.7538536685616417,char_tfidf_v1
q_butcher_01,9fb31d30-345c-404d-b234-0da272f91315,23,0.7536375511149644,char_tfidf_v1
q_butcher_01,40d02b4d-0dc1-486a-bdf7-0d8eb0ff628f,24,0.7399073759971467,char_tfidf_v1
q_butcher_01,01b07bdf-116e-48b9-851c-721796f85bb4,25,0.7376638189173906,char_tfidf_v1
q_butcher_01,e56ab3c4-6769-4064-9cb2-d4f1fc8f20bd,26,0.7328886414744349,char_tfidf_v1
q_butcher_01,9f67f0ba-7ec3-438f-9d07-3db1d3048084,27,0.7317545209954995,char_tfidf_v1
q_butcher_01,be9a70d3-838f-4ef2-a55e-eea38701d2e2,28,0.7295978575336868,char_tfidf_v1
q_butcher_01,5c447c7c-a02b-43d9-bc38-ccc8af6e5d61,29,0.7287548603091156,char_tfidf_v1
q_butcher_01,627db508-83a1-435e-a804-c8292acd9a5f,30,0.7281091648316935,char_tfidf_v1
q_butcher_01,44ec13fb-8a4f-4c5c-ad94-af756fe17f58,31,0.7270990296688854,char_tfidf_v1
q_butcher_01,d55885b2-81ff-44f1-9c74-124f8818ddab,32,0.7269607871659253,char_tfidf_v1
q_butcher_01,a15a163e-c5fc-46c1-bef2-a1ef94fe2b49,33,0.7253107839272553,char_tfidf_v1
q_butcher_01,37c968eb-6979-4149-b295-45433e86f5c0,34,0.7225053697058791,char_tfidf_v1
q_butcher_01,f2084338-fade-4410-9454-7db36fb0212d,35,0.7221409545686247,char_tfidf_v1
q_butcher_01,ad1cd279-64af-42fd-ae51-204a76ee86d1,36,0.7146611470645536,char_tfidf_v1
q_butcher_01,95db22b3-4dfe-40c6-a4b6-129546eb7e0d,37,0.7138136387336934,char_tfidf_v1
q_butcher_01,2a82b7d1-7596-437b-b40d-ff687f04c2a0,38,0.7130127482841088,char_tfidf_v1
q_butcher_01,c618781b-dab6-4152-9e7e-522e1f7e62de,39,0.7103185327421068,char_tfidf_v1
q_butcher_01,baab9fc4-d56b-4fca-9593-f19f7b67c886,40,0.7100649393478112,char_tfidf_v1
q_butcher_02,46653b1d-5cf4-4214-b3e6-69a48a185820,1,0.8740666874515404,char_tfidf_v1
q_butcher_02,a25fd45b-1e9c-4cfc-a607-046d91b5a5cb,2,0.8521612728709141,char_tfidf_v1
q_butcher_02,bf754421-0fa5-4d53-834c-9c9791627931,3,0.8085058690058742,char_tfidf_v1
q_butcher_02,e857181a-b1b9-4250-bcde-ccb69473c32c,4,0.7994985107827651,char_tfidf_v1
q_butcher_02,544478ab-e7e0-401e-9255-d9d735094a11,5,0.7938961702017658,char_tfidf_v1
q_butcher_02,1ab6c987-cea2-4cf2-82e8-b2cc6fab31d0,6,0.7884674953479992,char_tfidf_v1
q_butcher_02,ba364402-60e7-4698-b7aa-404fc23f7a65,7,0.7616257195633594,char_tfidf_v1
q_butcher_02,7ed8a0b8-e95d-4a9a-9a9f-5dd48315f429,8,0.7503251665449788,char_tfidf_v1
q_butcher_02,0597dc37-5367-427f-b3d0-0413a18bb750,9,0.7489931653144992,char_tfidf_v1
q_butcher_02,c1082f66-a832-4863-933d-c337d35d0299,10,0.7479060877860935,char_tfidf_v1
q_butcher_02,f84b131d-e06b-4f90-b314-b18e3203e88e,11,0.7431136568415612,char_tfidf_v1
q_butcher_02,71aebd10-3189-46fc-8212-80e06b43bda7,12,0.7396603975321713,char_tfidf_v1
q_butcher_02,53de4da3-2193-4d19-967f-4a3ee7e4eaef,13,0.7374343101840477,char_tfidf_v1
q_butcher_02,124d6e91-199b-4a5b-8e15-1f3a32344747,14,0.7323078249981078,char_tfidf_v1
q_butcher_02,81d19ace-f7f4-4c64-bbe5-6f58bdeca052,15,0.729527038233009,char_tfidf_v1
q_butcher_02,b5265e15-973f-40e7-9c11-88ccddcbcfa8,16,0.7288206091628758,char_tfidf_v1
q_butcher_02,9659a293-aaa7-4882-8e5e-117a9b703620,17,0.7270885452670033,char_tfidf_v1
q_butcher_02,aa055293-e316-4549-a162-b2d489f30e10,18,0.7260941156997113,char_tfidf_v1
q_butcher_02,c0a0a94f-f4ea-46be-9e6c-7c18806fa8d0,19,0.7236831999265426,char_tfidf_v1
q_butcher_02,5884d750-ab2e-44d3-b5c7-6fc0f6586c14,20,0.7233905167823754,char_tfidf_v1
q_butcher_02,4444f23d-4c5e-4a99-a2f7-0a3bfd088644,21,0.722529144527964,char_tfidf_v1
q_butcher_02,8ac0391c-b1a7-4197-bfb5-99e347524919,22,0.7208133003601969,char_tfidf_v1
q_butcher_02,40e1f405-b746-487d-bcd4-fb09af876bb0,23,0.7125476761481346,char_tfidf_v1
q_butcher_02,6aa70f7b-7393-4e8c-a566-1d36995e39ed,24,0.7103085655681335,char_tfidf_v1
q_butcher_02,5f5a8f6d-bddb-4c92-a943-6d5bb90810f9,25,0.7036468269044588,char_tfidf_v1
q_butcher_02,e5715fc6-2d6e-49e7-a489-04ce3a90d5f0,26,0.6988687861747542,char_tfidf_v1
q_butcher_02,1a5d8e8b-37cc-4bfc-88f3-0c84ceaad21c,27,0.6931576630416117,char_tfidf_v1
q_butcher_02,272c7424-a05e-4d3d-8658-d544717f150a,28,0.6899802511461095,char_tfidf_v1
q_butcher_02,077a8b07-18a1-4685-85ca-f2219c17982b,29,0.6879154321207116,char_tfidf_v1
q_butcher_02,13f1ea34-4c7a-4c2b-9952-3dd7251b4b5c,30,0.6865812801844943,char_tfidf_v1
q_butcher_02,2a73fb26-9976-4d8b-9f01-07984c97e5ce,31,0.6861540818305278,char_tfidf_v1
q_butcher_02,f4d812d3-403e-40fd-a894-c821318aa1dd,32,0.685937181401248,char_tfidf_v1
q_butcher_02,46a2b7be-7552-4808-96ee-91f8c10ad274,33,0.6852966634221673,char_tfidf_v1
q_butcher_02,8eb5c7d5-db76-4ef3-8f36-06e7b1b2c7b8,34,0.6850275088260805,char_tfidf_v1
q_butcher_02,3ce6a432-bc05-4342-9aed-87d1af815451,35,0.6836345337753129,char_tfidf_v1
q_butcher_02,ed326ec6-ac5f-452a-b5b6-a09b39bc4906,36,0.6826527992198634,char_tfidf_v1
q_butcher_02,545c5f57-bd27-4909-882a-9827fc742244,37,0.6795401422839628,char_tfidf_v1
q_butcher_02,bc77e8d3-42f7-4ce8-b427-e62787cf8afc,38,0.6767594503951563,char_tfidf_v1
q_butcher_02,f721cb03-ac67-454f-b612-50e03a1ddfaf,39,0.675939097727682,char_tfidf_v1
q_butcher_02,4225c9ba-cfab-489f-b595-dac7030a92f7,40,0.6745829341186659,char_tfidf_v1
q_butcher_03,76a3551b-dae4-4326-92cc-662015aedbfb,1,0.5196464139722299,char_tfidf_v1
q_butcher_03,4ce61a0b-4507-47a6-b479-9257649f6f68,2,0.47027007792397785,char_tfidf_v1
q_butcher_03,5a5c61c5-cf16-4070-995b-b55e29cf0f19,3,0.45691489521142836,char_tfidf_v1
q_butcher_03,ffdd4e40-f7e2-4a09-ba97-2d78e023bdc0,4,0.451366617550215,char_tfidf_v1
q_butcher_03,3ad564c0-7d09-431a-a675-e9f11d8434d1,5,0.44208310892843183,char_tfidf_v1
q_butcher_03,6331727e-8c19-4bb0-8e3f-a5962bbdf61e,6,0.4311958060652217,char_tfidf_v1
q_butcher_03,60fbcb89-9e0b-4311-a98f-3b9e78dedb6c,7,0.42594365749603413,char_tfidf_v1
q_butcher_03,591857d1-9047-4229-98ba-0cc82a034ec0,8,0.41200387432317614,char_tfidf_v1
q_butcher_03,4b1a7a49-0891-4ed4-8402-8f4a646fbc5e,9,0.40362537791728126,char_tfidf_v1
q_butcher_03,c630d05b-c3ed-4475-8c1c-e180a44557bc,10,0.4033441523358124,char_tfidf_v1
q_butcher_03,2743811c-5e71-4d2b-aa75-1b0147d44f2d,11,0.40243109090659007,char_tfidf_v1
q_butcher_03,8b2482c5-ce6b-4d6e-b399-0116f6e25241,12,0.40051338789748053,char_tfidf_v1
q_butcher_03,c111ac9d-3f3a-405c-a8db-4d127ccda9e2,13,0.3998908441008775,char_tfidf_v1
q_butcher_03,f00d9f2b-5f6c-442b-a2e6-2de683f394b6,14,0.39472662917680906,char_tfidf_v1
q_butcher_03,70fb9688-80ad-4884-ac37-20e318ab9e2d,15,0.39239906006903547,char_tfidf_v1
q_butcher_03,16e5f918-73b0-4427-b29e-14b3aa342b76,16,0.3910057401884929,char_tfidf_v1
q_butcher_03,1efb9a1f-5a99-4bc9-8b4a-f7459619e5fd,17,0.3893457708206607,char_tfidf_v1
q_butcher_03,869d781a-eccb-4d95-afb0-20121fa94fa9,18,0.38757363100827485,char_tfidf_v1
q_butcher_03,e06031b4-de15-4df7-9f50-6fc9ac0a869c,19,0.37649038708239824,char_tfidf_v1
q_butcher_03,e55ce77f-6fb1-4168-ab55-bb9c9e781c10,20,0.3751233708670269,char_tfidf_v1
q_butcher_03,f013fe0b-4023-4bc4-bac5-d761271a9637,21,0.3712365942099611,char_tfidf_v1
q_butcher_03,24456103-f6b8-46af-8655-82e61d7265d8,22,0.36823301438867556,char_tfidf_v1
q_butcher_03,9a02063c-9fe7-45f7-bbe0-79f2ddaa36e7,23,0.36608611146502734,char_tfidf_v1
q_butcher_03,be65db6f-abbc-4df9-8e3c-bab367ba7e7e,24,0.3650303792316445,char_tfidf_v1
q_butcher_03,9534bfab-be0f-4463-ac75-e8d97493a853,25,0.3649838841265609,char_tfidf_v1
q_butcher_03,c2af6736-629a-4de8-8d33-27aa38f265c5,26,0.36151111273749864,char_tfidf_v1
q_butcher_03,3f8f69a9-485e-4a17-a200-807edd83d8bd,27,0.35373923885039943,char_tfidf_v1
q_butcher_03,4327d346-9220-4d1f-9a23-a636748a1590,28,0.3530374096854344,char_tfidf_v1
q_butcher_03,62ae70ee-fbbf-4fbc-99c7-7b16b5598c49,29,0.3485028094472411,char_tfidf_v1
q_butcher_03,f8ba2743-7060-4edb-b1d8-5c01dcaecd58,30,0.3474857815391024,char_tfidf_v1
q_butcher_03,304888e4-c2b1-4db2-a5bf-e3a5de30fa54,31,0.3472518375165084,char_tfidf_v1
q_butcher_03,224e5059-942b-4b44-85cd-490a686544cc,32,0.34256919449410494,char_tfidf_v1
q_butcher_03,66cdaa5b-fb1c-4301-8718-7f3c963a7b1b,33,0.335485328094145,char_tfidf_v1
q_butcher_03,324e7edf-02a4-4650-b745-799d37ae3a4e,34,0.33499785941781557,char_tfidf_v1
q_butcher_03,e45043ed-ae35-442d-9f5e-eb826b833403,35,0.3337815117153718,char_tfidf_v1
q_butcher_03,fa8b2e5d-625d-4b19-accc-9f55abd7153b,36,0.3328709546213239,char_tfidf_v1
q_butcher_03,90603227-e494-4c03-9fe2-96fef9a4602b,37,0.32777245583727815,char_tfidf_v1
q_butcher_03,1425d576-4cdd-486e-b155-344776bd0024,38,0.32739556500702244,char_tfidf_v1
q_butcher_03,0a0e9849-2d79-4383-967e-f44629e1cd00,39,0.3256377268268118,char_tfidf_v1
q_butcher_03,b44e330e-9433-4383-9953-2147d6684fbc,40,0.32526611702281616,char_tfidf_v1
q_butcher_04,9cf570b0-be1e-40bb-9f4e-4dbd84f9be9c,1,0.7033325343791388,char_tfidf_v1
q_butcher_04,b0cfb5d7-7e16-4ec0-aebf-2356a42e017c,2,0.6801429630795718,char_tfidf_v1
q_butcher_04,9cccd09e-9238-428e-ba55-a62ca9e6dd1e,3,0.6756938815873993,char_tfidf_v1
q_butcher_04,6166067b-a68e-4b32-b555-b1a965804cd3,4,0.673991665211311,char_tfidf_v1
q_butcher_04,ac2aa038-d67b-4bab-b6e2-d3c8eb7552d1,5,0.664373546566418,char_tfidf_v1
q_butcher_04,7793d1b3-c08e-42f8-8332-f4840d11a17f,6,0.6567899596089567,char_tfidf_v1
q_butcher_04,cce2b46f-8486-478f-b237-f7f877bc0123,7,0.6561033350192627,char_tfidf_v1
q_butcher_04,7fa5e858-89b5-4106-8b7c-6c11e6d261c5,8,0.5773399843569831,char_tfidf_v1
q_butcher_04,4d0f8d54-a472-4e75-94e6-b02d71536f0d,9,0.5546673717724584,char_tfidf_v1
q_butcher_04,4ced1c53-d5cd-4c16-9f1a-b6a91c20bbb1,10,0.5456447292944138,char_tfidf_v1
q_butcher_04,1d25228e-8fbf-418b-9a30-a837bf985745,11,0.5429607521973833,char_tfidf_v1
q_butcher_04,d86a022d-fe17-41e0-a952-94ab78ef3e01,12,0.5271738576345282,char_tfidf_v1
q_butcher_04,a41b0df6-ff92-46e4-beef-589269279433,13,0.5215226402629172,char_tfidf_v1
q_butcher_04,874a8615-3d73-491f-8f96-bb410a0cff98,14,0.5128533614109487,char_tfidf_v1
q_butcher_04,432228cf-c97f-4bec-872b-5e0ff165853d,15,0.5117655424288959,char_tfidf_v1
q_butcher_04,617a69de-ddc4-44a7-8805-7e199e661233,16,0.5036840434642654,char_tfidf_v1
q_butcher_04,15e1d60d-9ac5-4983-b713-755d88e83a10,17,0.4967551474468932,char_tfidf_v1
q_butcher_04,4d133b16-4e08-416b-b45f-7b39dc5f66b1,18,0.4867190498107301,char_tfidf_v1
q_butcher_04,5a4ce519-80e3-4a19-81e9-0bf62289d448,19,0.47988222628217303,char_tfidf_v1
q_butcher_04,277eeef8-4048-484e-be30-2cb6aa510027,20,0.4749932486925214,char_tfidf_v1
q_butcher_04,6860e7f0-6f6a-40a9-8bc4-736f071f4f48,21,0.4701991430428336,char_tfidf_v1
q_butcher_04,4577431c-72c4-4ba0-84ad-65add48aa83c,22,0.4657240231849515,char_tfidf_v1
q_butcher_04,4ab3ece8-9902-4f4d-b61d-128dd845d385,23,0.46462787197835503,char_tfidf_v1
q_butcher_04,956c47d9-0ece-4bc4-901f-3ab31fa32d62,24,0.4588208368627348,char_tfidf_v1
q_butcher_04,854cd04e-58ed-453d-bcb7-2babc9387908,25,0.45844503428954536,char_tfidf_v1
q_butcher_04,a78c6b01-967c-423a-94a0-8bd04ac50ec6,26,0.4581372737217134,char_tfidf_v1
q_butcher_04,4a5db804-760e-4d8c-95e0-5a7f3c6e07a2,27,0.45190908581485645,char_tfidf_v1
q_butcher_04,1f8995f0-3610-4085-85af-e4380987ccc8,28,0.45004969637367137,char_tfidf_v1
q_butcher_04,aa8ef228-718e-4ed4-b80e-6471be74bbec,29,0.4465850031452885,char_tfidf_v1
q_butcher_04,b75f06cf-50cf-4fd3-8a8a-2055998a9857,30,0.4437223375387128,char_tfidf_v1
q_butcher_04,88b48ebe-3476-4202-bef1-1183d20e8442,31,0.44041261671547566,char_tfidf_v1
q_butcher_04,0508deb9-1c79-49a5-a015-092d51aa4bc6,32,0.43751615011341144,char_tfidf_v1
q_butcher_04,974250a7-25c2-4aa9-929b-365750d56d15,33,0.43616434527395403,char_tfidf_v1
q_butcher_04,d68fc482-a7ff-4bba-9720-ee8ebb11dc9a,34,0.43597009304290607,char_tfidf_v1
q_butcher_04,14ab610f-1990-4653-aaec-5fbbff745ea2,35,0.4343314446434439,char_tfidf_v1
q_butcher_04,3abf1401-e252-4663-8feb-617120c0d8d1,36,0.43380714089122896,char_tfidf_v1
q_butcher_04,0fe21d88-fcb3-4c10-8aaf-6db3dcb7ea07,37,0.41014220045952543,char_tfidf_v1
q_butcher_04,b8541999-2748-4d9d-854c-b8273345c36b,38,0.4091738108663401,char_tfidf_v1
q_butcher_04,a4a55245-6d85-426c-9cab-2f01837b64a1,39,0.40414326520227833,char_tfidf_v1
q_butcher_04,1204e9de-e42e-487c-8949-cb88c336df29,40,0.40391756100222337,char_tfidf_v1
q_bakery_01,3227f307-dd08-45da-aa90-dc42dcbb7251,1,0.9740058256578867,char_tfidf_v1
q_bakery_01,9fb039af-d3f1-4913-b35b-ecb48ee6fcce,2,0.9540003157561927,char_tfidf_v1
q_bakery_01,6dcd62dc-384e-4d4d-a8c2-e9ee2211f171,3,0.9516416574000583,char_tfidf_v1
q_bakery_01,28e4f1e0-9fa6-4368-b52c-d44596318f82,4,0.9512844248640959,char_tfidf_v1
q_bakery_01,1b3c0f08-3d66-4f7b-a1a6-7ee19b937611,5,0.9346837446272765,char_tfidf_v1
q_bakery_01,3abcd3b8-fc6d-4b1d-90bb-1e1811f41494,6,0.9161206886961892,char_tfidf_v1
q_bakery_01,7c72c094-b63d-43c5-afb6-6fc775134bbd,7,0.9101127940306791,char_tfidf_v1
q_bakery_01,19f3dd61-e1f7-4d0b-9fd8-8eb65204800b,8,0.9072606874213018,char_tfidf_v1
q_bakery_01,3e382720-3656-4e4d-b73f-3d7b39209ecf,9,0.9038578195990025,char_tfidf_v1
q_bakery_01,dce780f0-bb58-434c-b58b-358792019ad2,10,0.9034391166783405,char_tfidf_v1
q_bakery_01,9c32ca55-a4f5-4eaa-847c-f321e03d22e4,11,0.9031508437762303,char_tfidf_v1
q_bakery_01,c4adb7b2-d945-4da2-a09e-13db9bf1ac4b,12,0.8976808852631292,char_tfidf_v1
q_bakery_01,2994217c-f472-491c-8b08-feb34e874e70,13,0.896093830883529,char_tfidf_v1
q_bakery_01,da4df623-6618-40c7-a404-a8c23f99016f,14,0.8958384403144193,char_tfidf_v1
q_bakery_01,d56ab651-21db-4b8d-902e-7be19fc4c728,15,0.8915398548281099,char_tfidf_v1
q_bakery_01,779a975d-3bdf-4210-a538-8d0c04cfa7dd,16,0.8905219077872979,char_tfidf_v1
q_bakery_01,495954e3-8ed5-45e7-9975-e8269044e53a,17,0.8821852446663199,char_tfidf_v1
q_bakery_01,13a358d6-3370-4d21-9b53-d9ba2650d41e,18,0.8819685141323325,char_tfidf_v1
q_bakery_01,74ebe765-fc19-4b65-8fd3-c7701354acc4,19,0.8811738257465693,char_tfidf_v1
q_bakery_01,282bd6f8-aaf0-48ea-88ca-6e586f4fc8d1,20,0.8806454167636011,char_tfidf_v1
q_bakery_01,50949138-0c80-4d32-b9ea-68d4b7035ead,21,0.8804070484421402,char_tfidf_v1
q_bakery_01,c849e940-c922-41f9-9450-ec5e1ed34bdc,22,0.8687854505963177,char_tfidf_v1
q_bakery_01,dbfe474b-3139-47d0-8e56-fc9e5c07b064,23,0.8657618454897335,char_tfidf_v1
q_bakery_01,ee543401-5db8-42ec-9852-1ad202ff261d,24,0.8625822782611967,char_tfidf_v1
q_bakery_01,f740f8ff-9773-4e28-9740-4da44a74a52b,25,0.8619872938930899,char_tfidf_v1
q_bakery_01,f58a2e28-8f93-4d55-a840-24fcd9c66dbe,26,0.8617952214526297,char_tfidf_v1
q_bakery_01,86699458-11ea-40e1-a58e-ce37bc6250b1,27,0.8576061442937579,char_tfidf_v1
q_bakery_01,b6637108-29ea-4d80-95d7-40eb3e7771a0,28,0.85236459965762,char_tfidf_v1
q_bakery_01,6dbbbbeb-4371-46f8-a334-9f3938f4ad03,29,0.8512486161512073,char_tfidf_v1
q_bakery_01,b5801045-482d-4643-91c1-49ad79bbd11e,30,0.8440724640147175,char_tfidf_v1
q_bakery_01,151c3e4f-ad4e-45cf-873c-cd9070bb0077,31,0.8326356720020365,char_tfidf_v1
q_bakery_01,42ee71fe-b7f4-465a-97dc-c6354b2949bf,32,0.8324190499605769,char_tfidf_v1
q_bakery_01,7d6bca7d-1152-4a8a-9655-ded7d82766d3,33,0.8289708040812337,char_tfidf_v1
q_bakery_01,86656a1d-8803-43e0-8240-aaf902da5668,34,0.827747104270585,char_tfidf_v1
q_bakery_01,7429979e-38ce-4b2c-ad30-64761b330ed7,35,0.825480431264429,char_tfidf_v1
q_bakery_01,f6158125-abc8-460e-ae47-2b21c785a62e,36,0.8183264489307226,char_tfidf_v1
q_bakery_01,2b45d415-9575-4a6f-9c9f-81ea86caa572,37,0.8182231980129796,char_tfidf_v1
q_bakery_01,e4532a33-fca5-4ab9-83c5-b2562ed80727,38,0.8175766980458313,char_tfidf_v1
q_bakery_01,92c20c11-cbbc-4ec9-9580-bd3db4d98e45,39,0.8087929242927454,char_tfidf_v1
q_bakery_01,32c92327-4272-45d2-89e5-3b7cbe808c04,40,0.8017180209043038,char_tfidf_v1
q_bakery_02,8a8e490f-889e-42d8-9932-8257e60f3d89,1,0.8396375416633349,char_tfidf_v1
q_bakery_02,0a413ebb-2596-4b3f-b5aa-194b242ce558,2,0.8360855097696057,char_tfidf_v1
q_bakery_02,d68ca51b-fcc9-4769-9b35-3dec4ae1bd4a,3,0.7462102298966107,char_tfidf_v1
q_bakery_02,2bca6c63-27ce-48ef-982a-173800c6c834,4,0.669663828069431,char_tfidf_v1
q_bakery_02,96f1eec3-3922-4596-afa8-2bbeed304a4b,5,0.6410397228502397,char_tfidf_v1
q_bakery_02,4253bd28-b4e2-42b7-9cd6-9c32d2541055,6,0.6187335606950765,char_tfidf_v1
q_bakery_02,990a2554-4864-4c2b-a360-564fbbd45a8e,7,0.611132372740755,char_tfidf_v1
q_bakery_02,c1e8b9b6-342e-44c9-8aa2-5b78d6520087,8,0.5875591100896949,char_tfidf_v1
q_bakery_02,f30e7a0f-36e1-4998-9500-b59562ff044a,9,0.5586855286551919,char_tfidf_v1
q_bakery_02,96dfc6f9-b8ca-4001-b6a9-b91dbc2be22a,10,0.5279776194796535,char_tfidf_v1
q_bakery_02,4cf56817-5229-4b61-a59d-0c26c1889def,11,0.527291598963386,char_tfidf_v1
q_bakery_02,827435c1-ee4d-49be-8c30-466ce0b9bd59,12,0.5036856740857718,char_tfidf_v1
q_bakery_02,917c1b52-213d-4671-8763-cd186c6f90b8,13,0.47956702373856164,char_tfidf_v1
q_bakery_02,eda516b4-5f16-41e0-b8bf-72bb36dad15b,14,0.4747406293642541,char_tfidf_v1
q_bakery_02,54859b9b-cdfb-447f-9a2d-5ed8c13a5484,15,0.4659157315055771,char_tfidf_v1
q_bakery_02,008d07a3-ba18-4806-9ec7-48c0adb25276,16,0.4589101324703149,char_tfidf_v1
q_bakery_02,6cfca555-7b68-48f3-84a8-b50d6ac6a221,17,0.45120318994750597,char_tfidf_v1
q_bakery_02,4ff834da-6fdc-4392-805a-e236960e0e2b,18,0.4509866923321373,char_tfidf_v1
q_bakery_02,74020711-f0a9-4331-a0a8-4befeaae3064,19,0.4473808645344202,char_tfidf_v1
q_bakery_02,2133d997-890d-4c23-9876-cef39aee2fda,20,0.4434472752651955,char_tfidf_v1
q_bakery_02,f1fe8e4e-ad15-4c2e-8842-74a9d007e5b9,21,0.4267774619027321,char_tfidf_v1
q_bakery_02,e03deeb7-4637-4b51-b9a4-cf30d3456f8e,22,0.4259942684057928,char_tfidf_v1
q_bakery_02,019b474b-b84d-4c48-bc06-67fd3903f936,23,0.4237548260811132,char_tfidf_v1
q_bakery_02,99aba36d-4827-44f5-8d92-af61d33301d9,24,0.42311372360587773,char_tfidf_v1
q_bakery_02,8394f15a-51f9-47cd-a39c-d0b020e6fda0,25,0.4069956098037168,char_tfidf_v1
q_bakery_02,433e1329-cab2-4e56-b4dd-2a66c0007c81,26,0.4033863726141004,char_tfidf_v1
q_bakery_02,bbe80f0a-e365-40c1-b774-02eddbb1a181,27,0.39956145101713725,char_tfidf_v1
q_bakery_02,43fc6808-3e77-43e7-a313-a241b8c643a3,28,0.3988985804435378,char_tfidf_v1
q_bakery_02,42c28e1b-9a3a-4616-b713-f09eb67fa298,29,0.3984990971275406,char_tfidf_v1
q_bakery_02,c26cd60d-4d87-4688-8184-434bdbf0d251,30,0.3946846912366327,char_tfidf_v1
q_bakery_02,40476c80-a37a-433f-8c32-4566f8f4a14c,31,0.3833848919913844,char_tfidf_v1
q_bakery_02,a7012153-5219-48f7-b3d7-942a104f1145,32,0.37527005022164556,char_tfidf_v1
q_bakery_02,4dfefd10-76cb-4150-918a-cb2ab189d633,33,0.3719128932878592,char_tfidf_v1
q_bakery_02,7bd3d18f-6a78-45c0-9951-c273ceaa9516,34,0.3639642664708687,char_tfidf_v1
q_bakery_02,e47ab7f3-6bdf-4642-bddb-1c7c597b4a9b,35,0.36180936700801736,char_tfidf_v1
q_bakery_02,c9fe90c7-166e-4229-9ee6-5d743eeca266,36,0.36180936700801736,char_tfidf_v1
q_bakery_02,7b2e6446-0ff8-4ba0-bb89-0186d289e3e6,37,0.3616470333969508,char_tfidf_v1
q_bakery_02,27825fc8-43a7-41a0-a295-a661829ce8d6,38,0.3550346093467844,char_tfidf_v1
q_bakery_02,613de9fb-e19a-4174-9508-e339d57de808,39,0.3549454918593325,char_tfidf_v1
q_bakery_02,fb189678-e607-4a8a-9a48-a159e3383c26,40,0.3525855053317112,char_tfidf_v1
q_bakery_03,76a3551b-dae4-4326-92cc-662015aedbfb,1,0.5454099336336914,char_tfidf_v1
q_bakery_03,2743811c-5e71-4d2b-aa75-1b0147d44f2d,2,0.4223831988095408,char_tfidf_v1
q_bakery_03,c111ac9d-3f3a-405c-a8db-4d127ccda9e2,3,0.41971700925359606,char_tfidf_v1
q_bakery_03,5dbf1cf9-0e2e-4c58-9bda-fc2e3341ec40,4,0.3931643693786776,char_tfidf_v1
q_bakery_03,24456103-f6b8-46af-8655-82e61d7265d8,5,0.38648961782346586,char_tfidf_v1
q_bakery_03,ac301828-9bd1-4982-b8c7-15879fe9405c,6,0.3717366376828024,char_tfidf_v1
q_bakery_03,6f6f808d-060c-4238-924b-86c684653dfc,7,0.3493352759924724,char_tfidf_v1
q_bakery_03,1c27a79a-97ad-4985-b858-a8ce91776191,8,0.3388489712734943,char_tfidf_v1
q_bakery_03,04570e59-7b5d-46f8-ac92-9f77570f6222,9,0.33748316721482896,char_tfidf_v1
q_bakery_03,966126c8-a02a-47a5-b0a6-3bd69bdab8c4,10,0.33748316721482896,char_tfidf_v1
q_bakery_03,5723d922-e55c-46bc-a5b9-846ba2afdf5d,11,0.32545098539760176,char_tfidf_v1
q_bakery_03,c8beffa5-6216-45d2-bf79-39af150c55a5,12,0.3178430535265814,char_tfidf_v1
q_bakery_03,ffebab6b-dd5e-4922-b37d-647d00aab258,13,0.2999000491255673,char_tfidf_v1
q_bakery_03,dc7d1b3a-e496-4e3d-9fe1-12bb64cb1cf4,14,0.28801097604980536,char_tfidf_v1
q_bakery_03,79575e6f-fd13-44c3-a027-5963f02ad17e,15,0.2848994557675973,char_tfidf_v1
q_bakery_03,7a7b6e4c-7fbf-4986-be20-aa6b563c2a0b,16,0.2837814725485943,char_tfidf_v1
q_bakery_03,43ad1cfb-9ea3-4f9e-b286-bbdb7afc9d2a,17,0.28282169966126747,char_tfidf_v1
q_bakery_03,f4866676-66ab-442a-a652-bf947c4f4653,18,0.28213625410033016,char_tfidf_v1
q_bakery_03,c161453d-f2c8-4b97-a2c3-a54e0cbdb7e8,19,0.27466230427669824,char_tfidf_v1
q_bakery_03,6702c44f-743f-4a82-a486-762c643027a2,20,0.2729574192427551,char_tfidf_v1
q_bakery_03,a6584e7f-2dca-4e80-9da8-1622a928da84,21,0.2657991016282563,char_tfidf_v1
q_bakery_03,f89439a4-a32f-41c3-84ca-361215c348ac,22,0.26546239922787546,char_tfidf_v1
q_bakery_03,eaa7862b-ab22-4ae5-9b70-1b17046061f7,23,0.2603400609329206,char_tfidf_v1
q_bakery_03,9bef2f16-b5eb-46d7-8b34-1197aeb508c3,24,0.2577679172461328,char_tfidf_v1
q_bakery_03,d58a3a7b-c700-48c9-aaba-b0327832fa08,25,0.2577625185234657,char_tfidf_v1
q_bakery_03,be9f8c61-892c-48ed-a49d-b63bd032c025,26,0.2572171246273176,char_tfidf_v1
q_bakery_03,5f59c153-0ca4-4ba4-9f1c-e59663f9e5e2,27,0.25671897730192755,char_tfidf_v1
q_bakery_03,940d327e-45e5-4d5a-ade7-d22f18911b8b,28,0.25468740977499194,char_tfidf_v1
q_bakery_03,5a1cebb2-3b2b-4152-9fbb-29f05be23ba8,29,0.2538115387855308,char_tfidf_v1
q_bakery_03,ec791e48-199f-4aeb-90ad-cabc30f9416b,30,0.25225335471312943,char_tfidf_v1
q_bakery_03,985b16ef-cdd1-440f-844a-ac5318a0e210,31,0.25006191456710997,char_tfidf_v1
q_bakery_03,bce23887-ea78-43fc-b213-4b86bdaf61a7,32,0.2489367784239893,char_tfidf_v1
q_bakery_03,ad2284ff-8791-453b-b8a9-67654ff94220,33,0.24611506030451197,char_tfidf_v1
q_bakery_03,78be89bd-6747-485a-84b9-c6da9b6ebbfc,34,0.24522441887759844,char_tfidf_v1
q_bakery_03,43c4b6cd-d530-452f-a458-55d71223cb48,35,0.2451789138089917,char_tfidf_v1
q_bakery_03,3e392162-5664-4456-8619-4415ac589b1e,36,0.24454395561757686,char_tfidf_v1
q_bakery_03,09baec57-e4ce-4c5b-bb4e-c39562aae219,37,0.24405802877418215,char_tfidf_v1
q_bakery_03,0ae35aa4-c17b-4d08-a7d0-19f9bd5c881f,38,0.24333438798992468,char_tfidf_v1
q_bakery_03,97a237ab-5c6e-426e-852c-2164e240e2cd,39,0.24186551209527146,char_tfidf_v1
q_bakery_03,801f7111-0693-4b0e-baf4-ebdbb0f6f637,40,0.24121829352661237,char_tfidf_v1
q_bakery_04,5dbf1cf9-0e2e-4c58-9bda-fc2e3341ec40,1,0.4903060122887945,char_tfidf_v1
q_bakery_04,ac301828-9bd1-4982-b8c7-15879fe9405c,2,0.46358399346292334,char_tfidf_v1
q_bakery_04,6f6f808d-060c-4238-924b-86c684653dfc,3,0.4356477836339857,char_tfidf_v1
q_bakery_04,1c27a79a-97ad-4985-b858-a8ce91776191,4,0.4225705603379569,char_tfidf_v1
q_bakery_04,04570e59-7b5d-46f8-ac92-9f77570f6222,5,0.4208672983088205,char_tfidf_v1
q_bakery_04,966126c8-a02a-47a5-b0a6-3bd69bdab8c4,6,0.4208672983088205,char_tfidf_v1
q_bakery_04,c8beffa5-6216-45d2-bf79-39af150c55a5,7,0.39637457573937424,char_tfidf_v1
q_bakery_04,ffebab6b-dd5e-4922-b37d-647d00aab258,8,0.37399827813579345,char_tfidf_v1
q_bakery_04,dc7d1b3a-e496-4e3d-9fe1-12bb64cb1cf4,9,0.35917169550624584,char_tfidf_v1
q_bakery_04,79575e6f-fd13-44c3-a027-5963f02ad17e,10,0.3552913919473652,char_tfidf_v1
q_bakery_04,7a7b6e4c-7fbf-4986-be20-aa6b563c2a0b,11,0.3538971814425288,char_tfidf_v1
q_bakery_04,43ad1cfb-9ea3-4f9e-b286-bbdb7afc9d2a,12,0.3527002713109424,char_tfidf_v1
q_bakery_04,f4866676-66ab-442a-a652-bf947c4f4653,13,0.35184546831809904,char_tfidf_v1
q_bakery_04,a6584e7f-2dca-4e80-9da8-1622a928da84,14,0.3314717907811565,char_tfidf_v1
q_bakery_04,f89439a4-a32f-41c3-84ca-361215c348ac,15,0.33105189715875205,char_tfidf_v1
q_bakery_04,eaa7862b-ab22-4ae5-9b70-1b17046061f7,16,0.3246639498812241,char_tfidf_v1
q_bakery_04,9bef2f16-b5eb-46d7-8b34-1197aeb508c3,17,0.3214562901533202,char_tfidf_v1
q_bakery_04,d58a3a7b-c700-48c9-aaba-b0327832fa08,18,0.3214495575336107,char_tfidf_v1
q_bakery_04,940d327e-45e5-4d5a-ade7-d22f18911b8b,19,0.3176146619396858,char_tfidf_v1
q_bakery_04,5a1cebb2-3b2b-4152-9fbb-29f05be23ba8,20,0.3165223838861053,char_tfidf_v1
q_bakery_04,ec791e48-199f-4aeb-90ad-cabc30f9416b,21,0.31457920927911237,char_tfidf_v1
q_bakery_04,985b16ef-cdd1-440f-844a-ac5318a0e210,22,0.31184631595802537,char_tfidf_v1
q_bakery_04,bce23887-ea78-43fc-b213-4b86bdaf61a7,23,0.3104431852102232,char_tfidf_v1
q_bakery_04,78be89bd-6747-485a-84b9-c6da9b6ebbfc,24,0.30581358917574625,char_tfidf_v1
q_bakery_04,43c4b6cd-d530-452f-a458-55d71223cb48,25,0.30575684087792177,char_tfidf_v1
q_bakery_04,3e392162-5664-4456-8619-4415ac589b1e,26,0.3049649994928676,char_tfidf_v1
q_bakery_04,09baec57-e4ce-4c5b-bb4e-c39562aae219,27,0.30435901158703216,char_tfidf_v1
q_bakery_04,0ae35aa4-c17b-4d08-a7d0-19f9bd5c881f,28,0.3034565762320189,char_tfidf_v1
q_bakery_04,97a237ab-5c6e-426e-852c-2164e240e2cd,29,0.3016247757471664,char_tfidf_v1
q_bakery_04,801f7111-0693-4b0e-baf4-ebdbb0f6f637,30,0.3008176447348115,char_tfidf_v1
q_bakery_04,287fbb51-f236-486b-8096-32b6e4e4b59c,31,0.30043567724564607,char_tfidf_v1
q_bakery_04,51d9a7e1-9c55-423b-97d6-a566e3f7c078,32,0.2957531328295782,char_tfidf_v1
q_bakery_04,2c85a38f-472c-4203-be2a-4fa035bd61a9,33,0.2933976085596893,char_tfidf_v1
q_bakery_04,521e20e2-992c-4ca0-8495-1b33ee4ff271,34,0.29120563158119506,char_tfidf_v1
q_bakery_04,d6b19577-dc7c-40ee-a918-b63204e5675e,35,0.2889431396948277,char_tfidf_v1
q_bakery_04,d4f71082-bec1-4237-9e15-e98f98f635d6,36,0.2885317935933334,char_tfidf_v1
q_bakery_04,5d52a0a6-00a0-4588-85d3-a0dfae7946db,37,0.2876594446821203,char_tfidf_v1
q_bakery_04,827435c1-ee4d-49be-8c30-466ce0b9bd59,38,0.287165100121425,char_tfidf_v1
q_bakery_04,8eea77ce-0499-43a0-958d-ad824077f80b,39,0.2821829721308635,char_tfidf_v1
q_bakery_04,ab042500-884b-4f76-b473-9fdf5ed9b15a,40,0.28046019216745477,char_tfidf_v1
q_korean_food_01,c95bcaf2-4b74-4828-a1b7-7537568c6af9,1,1.0,char_tfidf_v1
q_korean_food_01,0ca7b056-fbc8-49cf-9e4d-dd738c848ea1,2,0.8818951813909675,char_tfidf_v1
q_korean_food_01,769c42de-80d5-487f-9344-fd092ace837b,3,0.8547106803665663,char_tfidf_v1
q_korean_food_01,66e4f4b3-410f-417b-b7a6-36b5c3f4b4a6,4,0.8546747218970031,char_tfidf_v1
q_korean_food_01,1af864e9-af69-4ee2-88ae-f8228ee0c0b5,5,0.8518142817440988,char_tfidf_v1
q_korean_food_01,8cdd9fc6-51be-4eab-ac85-c014f234ba18,6,0.8444003371771824,char_tfidf_v1
q_korean_food_01,cf7eab5d-a1bb-41b2-bcec-517fa4e2a887,7,0.8222043954567504,char_tfidf_v1
q_korean_food_01,6285dd26-4a6a-4ec3-a1ae-8aa0a9260095,8,0.8062575773454898,char_tfidf_v1
q_korean_food_01,049da728-3dd8-43a4-a43b-1beec22fee55,9,0.7972267352336292,char_tfidf_v1
q_korean_food_01,f7fd7f3a-3f34-4d54-b652-dbe552b6b940,10,0.7923181206638399,char_tfidf_v1
q_korean_food_01,16531b04-dc57-4560-bc59-efe6c3998051,11,0.7878863187640291,char_tfidf_v1
q_korean_food_01,847a059e-28db-41aa-938d-b1931a941d70,12,0.7878863187640291,char_tfidf_v1
q_korean_food_01,2c548bee-4681-4741-a218-f4284e79a9ea,13,0.7817028900727641,char_tfidf_v1
q_korean_food_01,598fbb59-5704-48a7-b6e0-348735c00c23,14,0.7772833990414079,char_tfidf_v1
q_korean_food_01,103d8e78-0add-4b36-9000-7ae3cfa2fd1c,15,0.7669969319369582,char_tfidf_v1
q_korean_food_01,ad93d088-08ca-423b-bd01-ae0ff7c1f9c8,16,0.7652295707089394,char_tfidf_v1
q_korean_food_01,9da3903c-ad7e-4b35-a09a-ca470c544380,17,0.7630476416001422,char_tfidf_v1
q_korean_food_01,64f91911-b0da-4f34-9589-3b46389ebe21,18,0.7629278926953784,char_tfidf_v1
q_korean_food_01,ca51ce69-0d20-47e5-8b94-d4d1cc4a2918,19,0.7575457718487337,char_tfidf_v1
q_korean_food_01,e544b68e-a2e1-402f-b6d3-2335a07b8fe1,20,0.7556015554714893,char_tfidf_v1
q_korean_food_01,c8c6555e-16ce-4ae6-91bb-ccb7f82fed43,21,0.754047339129592,char_tfidf_v1
q_korean_food_01,264391f6-762f-4421-a62f-fbbadcb2caef,22,0.754047339129592,char_tfidf_v1
q_korean_food_01,7b548b31-3c12-4cf5-9a76-bc2026144283,23,0.753753834069374,char_tfidf_v1
q_korean_food_01,c973dd0b-bfa9-49e0-be9d-c3adb5e7b9c6,24,0.7486541047667353,char_tfidf_v1
q_korean_food_01,3c4aed4b-fb39-45a4-a483-850adb00ea42,25,0.7422280836775701,char_tfidf_v1
q_korean_food_01,e628e5ae-52c6-4714-b0e8-b9eec740196b,26,0.7412356528748034,char_tfidf_v1
q_korean_food_01,783d0367-830a-4b63-b92c-a3e7b983246f,27,0.7404152753583282,char_tfidf_v1
q_korean_food_01,17352706-df34-4921-915a-7c8231e5dd83,28,0.738959467601971,char_tfidf_v1
q_korean_food_01,52c60fe4-cd4b-457c-b002-7f8a5ef71d13,29,0.7384870053504066,char_tfidf_v1
q_korean_food_01,b45ff622-938c-4351-9db8-c131068d1ca4,30,0.7358890013048993,char_tfidf_v1
q_korean_food_01,0863b60f-7f58-4d1a-8541-b012e0e6493f,31,0.7342282451276516,char_tfidf_v1
q_korean_food_01,31352899-476e-40d0-994e-7934c7057e6e,32,0.7340365692606793,char_tfidf_v1
q_korean_food_01,667b6dae-77b3-4294-8a93-fa5853e7aeb5,33,0.7328454990131683,char_tfidf_v1
q_korean_food_01,8a1ccb5a-2da2-4294-aa53-26a7b00ce7e7,34,0.7315815753753042,char_tfidf_v1
q_korean_food_01,2be58e5e-7968-4a0f-8822-0a323a490383,35,0.7293220302062657,char_tfidf_v1
q_korean_food_01,fc6bd64e-6e49-4448-a5f9-1230ab586c63,36,0.7120084558532327,char_tfidf_v1
q_korean_food_01,daaa54c5-6fa0-4865-a33d-67a7ccf8abb5,37,0.7085421716663443,char_tfidf_v1
q_korean_food_01,cd3ef033-e1bd-48e9-908f-1fdaa4bf1713,38,0.7033145135469421,char_tfidf_v1
q_korean_food_01,41ad4d43-74ed-4dc8-b709-719d58726eba,39,0.7015270681940299,char_tfidf_v1
q_korean_food_01,d495f4e2-492e-4a8d-9a3d-bc9039d52f41,40,0.6996459339115054,char_tfidf_v1
q_korean_food_02,63fe5f1d-f6c6-49f8-82f9-f78f61dad67f,1,0.7371069366950931,char_tfidf_v1
q_korean_food_02,d0a3e8c9-abec-4077-bc28-35605cce5d3e,2,0.5573388700319578,char_tfidf_v1
q_korean_food_02,b0525944-c980-4d0b-804b-de8c397c6ab5,3,0.5397106044593323,char_tfidf_v1
q_korean_food_02,ee140e33-12a8-45ca-a6c9-507ee89f1e36,4,0.5087696643673043,char_tfidf_v1
q_korean_food_02,a7668254-80a7-4e94-a98b-00eb57b83320,5,0.49246485044143445,char_tfidf_v1
q_korean_food_02,32c2a844-db69-437c-b05b-14a8f088d5e6,6,0.45396312602505323,char_tfidf_v1
q_korean_food_02,58507418-7577-4895-b49e-3b4ab6ba501c,7,0.4360825700691005,char_tfidf_v1
q_korean_food_02,f2308484-80cf-45ec-92be-990bcc5a317f,8,0.3935871969314475,char_tfidf_v1
q_korean_food_02,b96a3e14-b352-4936-b6c8-c30169fec54f,9,0.3797620451879698,char_tfidf_v1
q_korean_food_02,93421838-6964-49c2-8723-8017fca415ab,10,0.37605420258627964,char_tfidf_v1
q_korean_food_02,9520aa6a-89a5-432d-802c-88d01797ffcb,11,0.3440288596628326,char_tfidf_v1
q_korean_food_02,0ca7b056-fbc8-49cf-9e4d-dd738c848ea1,12,0.34316565942684757,char_tfidf_v1
q_korean_food_02,25e17541-8ea1-4716-a373-a5cc54844c71,13,0.3148024226345889,char_tfidf_v1
q_korean_food_02,2c548bee-4681-4741-a218-f4284e79a9ea,14,0.30417853891047475,char_tfidf_v1
q_korean_food_02,ad93d088-08ca-423b-bd01-ae0ff7c1f9c8,15,0.2977683921926759,char_tfidf_v1
q_korean_food_02,9da3903c-ad7e-4b35-a09a-ca470c544380,16,0.29691935348916243,char_tfidf_v1
q_korean_food_02,ca51ce69-0d20-47e5-8b94-d4d1cc4a2918,17,0.2947784496707009,char_tfidf_v1
q_korean_food_02,c973dd0b-bfa9-49e0-be9d-c3adb5e7b9c6,18,0.29131849789640357,char_tfidf_v1
q_korean_food_02,5e93a6ca-95dc-4686-862a-cdb9364d8073,19,0.2886354638185667,char_tfidf_v1
q_korean_food_02,52c60fe4-cd4b-457c-b002-7f8a5ef71d13,20,0.28736224612262723,char_tfidf_v1
q_korean_food_02,0863b60f-7f58-4d1a-8541-b012e0e6493f,21,0.2857050647579696,char_tfidf_v1
q_korean_food_02,31352899-476e-40d0-994e-7934c7057e6e,22,0.2856304792781147,char_tfidf_v1
q_korean_food_02,6aab171f-5f80-4e23-8163-9c962ae97fd8,23,0.27204792645068826,char_tfidf_v1
q_korean_food_02,c95bcaf2-4b74-4828-a1b7-7537568c6af9,24,0.24750940895126342,char_tfidf_v1
q_korean_food_02,0d501d99-ba39-428a-a691-db177f93d3f5,25,0.2420961082768232,char_tfidf_v1
q_korean_food_02,688c1023-47ac-4902-8bf7-373e1488ef9c,26,0.23193362282502689,char_tfidf_v1
q_korean_food_02,8b5524e4-1f35-4838-ad8e-b8ff0ce897d6,27,0.2286126217144271,char_tfidf_v1
q_korean_food_02,d6a31862-ad17-42b3-a776-ccd5d3ae60e3,28,0.22611514430223248,char_tfidf_v1
q_korean_food_02,686a8edc-c7a0-41ef-a45c-22e374528127,29,0.21520398639384444,char_tfidf_v1
q_korean_food_02,f9054b53-2ad3-4a07-a86c-18570255c1e2,30,0.21307244825823773,char_tfidf_v1
q_korean_food_02,5d527e89-64f4-454f-912b-a6808ac7164b,31,0.21169532040715391,char_tfidf_v1
q_korean_food_02,769c42de-80d5-487f-9344-fd092ace837b,32,0.21154893532186103,char_tfidf_v1
q_korean_food_02,66e4f4b3-410f-417b-b7a6-36b5c3f4b4a6,33,0.2115400352623127,char_tfidf_v1
q_korean_food_02,1af864e9-af69-4ee2-88ae-f8228ee0c0b5,34,0.2108320494107268,char_tfidf_v1
q_korean_food_02,8cdd9fc6-51be-4eab-ac85-c014f234ba18,35,0.20899702837297196,char_tfidf_v1
q_korean_food_02,0ad6b1c3-201a-48a3-ad94-b091259a89fa,36,0.20666571148496782,char_tfidf_v1
q_korean_food_02,c6291e67-6095-43a0-9e1e-cb917f6390e7,37,0.20631896275551995,char_tfidf_v1
q_korean_food_02,3a4dfa34-6583-4583-85c6-3dfdf931505d,38,0.2055725152418763,char_tfidf_v1
q_korean_food_02,2c7c4299-c491-4d13-9eed-2aa81849c10f,39,0.20396596692962843,char_tfidf_v1
q_korean_food_02,cf7eab5d-a1bb-41b2-bcec-517fa4e2a887,40,0.20350332395663112,char_tfidf_v1
q_korean_food_03,76a3551b-dae4-4326-92cc-662015aedbfb,1,0.7010189136049948,char_tfidf_v1
q_korean_food_03,7fde034b-96e4-455a-83e2-7b5692b96a17,2,0.5963387128775285,char_tfidf_v1
q_korean_food_03,842f6cf1-6411-4f4b-be23-746d79e31656,3,0.4251211035735246,char_tfidf_v1
q_korean_food_03,2743811c-5e71-4d2b-aa75-1b0147d44f2d,4,0.3901915801566629,char_tfidf_v1
q_korean_food_03,c111ac9d-3f3a-405c-a8db-4d127ccda9e2,5,0.38772859223772255,char_tfidf_v1
q_korean_food_03,2056c69e-64b4-4b28-8ce2-800cbcec3e25,6,0.3849714654297687,char_tfidf_v1
q_korean_food_03,41754723-25d0-47ba-a3b8-150d60a44f54,7,0.3646261527944244,char_tfidf_v1
q_korean_food_03,743e7bd5-ea15-440e-8337-6078d1216166,8,0.3636164795751161,char_tfidf_v1
q_korean_food_03,94096b07-1346-4c0c-8f12-8555e10f7e58,9,0.3588374971951384,char_tfidf_v1
q_korean_food_03,24456103-f6b8-46af-8655-82e61d7265d8,10,0.35703360152041275,char_tfidf_v1
q_korean_food_03,6b6db7db-16f6-4c2a-ae17-3df3e118bf19,11,0.3288110285425193,char_tfidf_v1
q_korean_food_03,c95bcaf2-4b74-4828-a1b7-7537568c6af9,12,0.3223067453055523,char_tfidf_v1
q_korean_food_03,bab8d549-cbc3-430a-b4b4-02770973d7e3,13,0.295898443489114,char_tfidf_v1
q_korean_food_03,5288793b-9331-4ec3-8b09-01b1b2dd77b3,14,0.2955988429378847,char_tfidf_v1
q_korean_food_03,87efad3e-1b04-4383-a2a4-2fc47a7227fd,15,0.2911673280414324,char_tfidf_v1
q_korean_food_03,0ca7b056-fbc8-49cf-9e4d-dd738c848ea1,16,0.28424076561477235,char_tfidf_v1
q_korean_food_03,20e990e4-aaf3-4784-9ba0-caad51d06b23,17,0.28354707298267273,char_tfidf_v1
q_korean_food_03,19b6e5db-5866-4752-afed-7fa0dc010f81,18,0.28354707298267273,char_tfidf_v1
q_korean_food_03,be9f8c61-892c-48ed-a49d-b63bd032c025,19,0.2767691831619125,char_tfidf_v1
q_korean_food_03,769c42de-80d5-487f-9344-fd092ace837b,20,0.2754790175668422,char_tfidf_v1
q_korean_food_03,66e4f4b3-410f-417b-b7a6-36b5c3f4b4a6,21,0.27546742790955114,char_tfidf_v1
q_korean_food_03,1af864e9-af69-4ee2-88ae-f8228ee0c0b5,22,0.27454548875372714,char_tfidf_v1
q_korean_food_03,8cdd9fc6-51be-4eab-ac85-c014f234ba18,23,0.27215592441048864,char_tfidf_v1
q_korean_food_03,cf7eab5d-a1bb-41b2-bcec-517fa4e2a887,24,0.2650020226755844,char_tfidf_v1
q_korean_food_03,6285dd26-4a6a-4ec3-a1ae-8aa0a9260095,25,0.2598622556321644,char_tfidf_v1
q_korean_food_03,049da728-3dd8-43a4-a43b-1beec22fee55,26,0.25695155430372235,char_tfidf_v1
q_korean_food_03,9ae77ec1-ca89-4311-ad86-30c93c6a8cb9,27,0.25664084989715463,char_tfidf_v1
q_korean_food_03,f7fd7f3a-3f34-4d54-b652-dbe552b6b940,28,0.2553694747177741,char_tfidf_v1
q_korean_food_03,847a059e-28db-41aa-938d-b1931a941d70,29,0.2539410750716071,char_tfidf_v1
q_korean_food_03,16531b04-dc57-4560-bc59-efe6c3998051,30,0.2539410750716071,char_tfidf_v1
q_korean_food_03,2c548bee-4681-4741-a218-f4284e79a9ea,31,0.2519481142952964,char_tfidf_v1
q_korean_food_03,598fbb59-5704-48a7-b6e0-348735c00c23,32,0.250523682525073,char_tfidf_v1
q_korean_food_03,06261986-3eba-4244-b63f-397460d82f4a,33,0.24883525995016947,char_tfidf_v1
q_korean_food_03,49087638-292d-485f-ad84-f531ad7d5be9,34,0.247221907401676,char_tfidf_v1
q_korean_food_03,103d8e78-0add-4b36-9000-7ae3cfa2fd1c,35,0.2472082847919452,char_tfidf_v1
q_korean_food_03,ad93d088-08ca-423b-bd01-ae0ff7c1f9c8,36,0.24663865234676322,char_tfidf_v1
q_korean_food_03,9da3903c-ad7e-4b35-a09a-ca470c544380,37,0.24593540187721935,char_tfidf_v1
q_korean_food_03,64f91911-b0da-4f34-9589-3b46389ebe21,38,0.24589680599747107,char_tfidf_v1
q_korean_food_03,ca51ce69-0d20-47e5-8b94-d4d1cc4a2918,39,0.2441621121445478,char_tfidf_v1
q_korean_food_03,27115ffd-df49-49a6-8a74-cb12c1730cfe,40,0.24393355084649704,char_tfidf_v1
q_korean_food_04,a54422ab-e457-48f6-90bc-bfe7c5e9053d,1,0.5172030295918865,char_tfidf_v1
q_korean_food_04,7fde034b-96e4-455a-83e2-7b5692b96a17,2,0.5010769818102693,char_tfidf_v1
q_korean_food_04,63fe5f1d-f6c6-49f8-82f9-f78f61dad67f,3,0.4630938097518491,char_tfidf_v1
q_korean_food_04,2056c69e-64b4-4b28-8ce2-800cbcec3e25,4,0.3545724525958886,char_tfidf_v1
q_korean_food_04,9d7940bb-3dd5-4557-8448-ccb465df0b6a,5,0.35398851684080507,char_tfidf_v1
q_korean_food_04,d0a3e8c9-abec-4077-bc28-35605cce5d3e,6,0.35015296668230117,char_tfidf_v1
q_korean_food_04,b0525944-c980-4d0b-804b-de8c397c6ab5,7,0.3390778563327137,char_tfidf_v1
q_korean_food_04,de84fc9f-b40a-4e34-9e49-12ab488220d2,8,0.33454902467010184,char_tfidf_v1
q_korean_food_04,ee140e33-12a8-45ca-a6c9-507ee89f1e36,9,0.31963894304726187,char_tfidf_v1
q_korean_food_04,a7668254-80a7-4e94-a98b-00eb57b83320,10,0.30939530264403853,char_tfidf_v1
q_korean_food_04,10816afe-6da9-4df1-a1b2-8580cae765fc,11,0.3076085182709336,char_tfidf_v1
q_korean_food_04,b5410067-7538-48f5-99b6-2a6c66ee4498,12,0.2898908136030901,char_tfidf_v1
q_korean_food_04,32c2a844-db69-437c-b05b-14a8f088d5e6,13,0.28520626119784037,char_tfidf_v1
q_korean_food_04,58507418-7577-4895-b49e-3b4ab6ba501c,14,0.27397264723234266,char_tfidf_v1
q_korean_food_04,324e7edf-02a4-4650-b745-799d37ae3a4e,15,0.27006389613293724,char_tfidf_v1
q_korean_food_04,41754723-25d0-47ba-a3b8-150d60a44f54,16,0.2628076359292172,char_tfidf_v1
q_korean_food_04,743e7bd5-ea15-440e-8337-6078d1216166,17,0.26207990471796466,char_tfidf_v1
q_korean_food_04,94096b07-1346-4c0c-8f12-8555e10f7e58,18,0.25863540944025637,char_tfidf_v1
q_korean_food_04,f2308484-80cf-45ec-92be-990bcc5a317f,19,0.2472745614276196,char_tfidf_v1
q_korean_food_04,74267cae-9b6c-48f0-ad19-2e87c8ace3af,20,0.24515048660730554,char_tfidf_v1
q_korean_food_04,44cd80b2-6863-41bf-a834-e16e31fc5620,21,0.23913228471637973,char_tfidf_v1
q_korean_food_04,b96a3e14-b352-4936-b6c8-c30169fec54f,22,0.23858879024224702,char_tfidf_v1
q_korean_food_04,6b6db7db-16f6-4c2a-ae17-3df3e118bf19,23,0.23699355741888856,char_tfidf_v1
q_korean_food_04,93421838-6964-49c2-8723-8017fca415ab,24,0.23625930605088172,char_tfidf_v1
q_korean_food_04,90376d82-87fd-4a8d-99b7-9c03ee2815b1,25,0.23347702384883418,char_tfidf_v1
q_korean_food_04,265124b0-be32-4c54-8013-34ddddb1adad,26,0.22024311639878527,char_tfidf_v1
q_korean_food_04,b804cf3f-f859-49e9-ac04-446dea87c7ef,27,0.21703354112136636,char_tfidf_v1
q_korean_food_04,9520aa6a-89a5-432d-802c-88d01797ffcb,28,0.2161391073053321,char_tfidf_v1
q_korean_food_04,0ca7b056-fbc8-49cf-9e4d-dd738c848ea1,29,0.21559679428945783,char_tfidf_v1
q_korean_food_04,bab8d549-cbc3-430a-b4b4-02770973d7e3,30,0.2132715105939001,char_tfidf_v1
q_korean_food_04,5288793b-9331-4ec3-8b09-01b1b2dd77b3,31,0.2130555707552784,char_tfidf_v1
q_korean_food_04,1cfef4e0-3f5d-410c-bae2-bd67fd99af20,32,0.2128256554780101,char_tfidf_v1
q_korean_food_04,55aef460-da14-4c55-9ee4-13566e5ad15f,33,0.21234470035457848,char_tfidf_v1
q_korean_food_04,9a4a9815-e568-43df-a13e-e3087118cc7f,34,0.2088826145820993,char_tfidf_v1
q_korean_food_04,d5e6c49c-7b3e-4d3b-afde-9b7aeb21fe8f,35,0.20807288521247996,char_tfidf_v1
q_korean_food_04,7d02bc66-689e-419d-8668-f7a567e56ec0,36,0.2076975495401861,char_tfidf_v1
q_korean_food_04,4e18884b-b988-4e7c-ac2f-860c31c3ddb6,37,0.20604806266801073,char_tfidf_v1
q_korean_food_04,e544b68e-a2e1-402f-b6d3-2335a07b8fe1,38,0.2053157488553212,char_tfidf_v1
q_korean_food_04,12b98dce-8922-41f9-aaff-e0b502aed76d,39,0.20497777032951997,char_tfidf_v1
q_korean_food_04,ef0cb24e-07e4-45ec-98cf-9d6a54c06386,40,0.204203511843945,char_tfidf_v1
q_cosmetics_01,8afe54e0-103c-41f5-9834-68a1ccb1aca2,1,1.0,char_tfidf_v1
q_cosmetics_01,19eeb638-6694-402a-a234-71c2b828bc59,2,1.0,char_tfidf_v1
q_cosmetics_01,2ce3570b-16d5-451f-b441-12b5b0ffd802,3,1.0,char_tfidf_v1
q_cosmetics_01,c9fa67ba-4528-44e9-8435-c1278d4bc288,4,0.971613506936065,char_tfidf_v1
q_cosmetics_01,98f618f8-f4af-41db-9266-818632b511d6,5,0.9583334885336668,char_tfidf_v1
q_cosmetics_01,4128e81b-d433-46d9-8a5c-c02636ab14c0,6,0.9466142041588705,char_tfidf_v1
q_cosmetics_01,9d9c72ae-6ed1-4339-b6f2-9ea43cea81c5,7,0.9375929683075874,char_tfidf_v1
q_cosmetics_01,aff69bd3-40fc-46d9-90d3-8baf69548bee,8,0.9310065153436888,char_tfidf_v1
q_cosmetics_01,62e5716d-69b0-48c7-af56-25ba9abcef19,9,0.9212676261184245,char_tfidf_v1
q_cosmetics_01,3558a0a1-eb2b-491e-9990-fd448dc27077,10,0.9187796236333268,char_tfidf_v1
q_cosmetics_01,6139e039-5606-406d-b18a-52dc81c11bac,11,0.9183629813882839,char_tfidf_v1
q_cosmetics_01,0ff24615-4ad7-4e5b-abaf-29b9d277810e,12,0.9131333042958771,char_tfidf_v1
q_cosmetics_01,1f954869-5905-4a02-980a-50ad8533496e,13,0.9060504718625622,char_tfidf_v1
q_cosmetics_01,7f2bb43c-317c-4a43-8f2a-398d283affbe,14,0.9012151994936434,char_tfidf_v1
q_cosmetics_01,7fef9da1-c2fa-480f-a2f5-c0397bca26de,15,0.8988592432623266,char_tfidf_v1
q_cosmetics_01,edf854d3-13fa-47ee-99d7-3fababf99ec0,16,0.896190201376401,char_tfidf_v1
q_cosmetics_01,4fbd373f-4818-4436-a073-42838e7af09b,17,0.8955882133578165,char_tfidf_v1
q_cosmetics_01,a31e598a-ae3f-4f19-b62f-b447259c1416,18,0.8919891759988101,char_tfidf_v1
q_cosmetics_01,048c7063-48a2-411c-af7b-9c7542f5af36,19,0.8912545884138473,char_tfidf_v1
q_cosmetics_01,67045a10-41ce-4254-867e-3f29c7593769,20,0.8874236260178034,char_tfidf_v1
q_cosmetics_01,7683aea7-645e-4a86-8398-6e78c2872e99,21,0.8874236260178034,char_tfidf_v1
q_cosmetics_01,df91f0e1-3d54-41df-8937-725efdf7cc5d,22,0.8847004398570811,char_tfidf_v1
q_cosmetics_01,28a8355a-d0d5-441c-b261-2a6590f6249a,23,0.8767443489980611,char_tfidf_v1
q_cosmetics_01,5621bc4b-cd40-4f92-a84d-f752bcad2701,24,0.875054734968719,char_tfidf_v1
q_cosmetics_01,53c58d3f-1c3c-48b3-9abe-4135c41fa8b9,25,0.8750282449452159,char_tfidf_v1
q_cosmetics_01,5d79f4e1-5919-4815-bfa3-b8276b8b6c16,26,0.8747517680520918,char_tfidf_v1
q_cosmetics_01,7c443c40-0601-435e-9de7-e38870f50450,27,0.874555118371836,char_tfidf_v1
q_cosmetics_01,954309bc-df6d-48a8-9f8d-d4ff97316c87,28,0.874555118371836,char_tfidf_v1
q_cosmetics_01,b43a0cc5-bd49-437b-aea5-fea680a2a158,29,0.874555118371836,char_tfidf_v1
q_cosmetics_01,4413a139-e195-4232-812d-9fa304fe6415,30,0.8701726845681953,char_tfidf_v1
q_cosmetics_01,d8ff42b9-3bc9-4e4c-be6e-55ae09e26c57,31,0.8683225666642278,char_tfidf_v1
q_cosmetics_01,fd281ad7-fdfe-477e-b4cb-4074d3224652,32,0.8677884383505003,char_tfidf_v1
q_cosmetics_01,3531ad10-6f9d-4e70-9717-b442eb667322,33,0.8610362497659162,char_tfidf_v1
q_cosmetics_01,cada6b06-1003-43af-9441-81aad2b0d684,34,0.860333194645936,char_tfidf_v1
q_cosmetics_01,6c831555-1e8b-4a1b-807f-342c07ab2296,35,0.8580983141808088,char_tfidf_v1
q_cosmetics_01,485bd704-f298-4e55-86ed-cc781b9b0375,36,0.8580983141808088,char_tfidf_v1
q_cosmetics_01,6d471d32-2856-4de2-8e8c-ec0fd815664d,37,0.8573807688699504,char_tfidf_v1
q_cosmetics_01,897d84d6-51a0-4b4b-a71b-b87033e13a72,38,0.8561204661683739,char_tfidf_v1
q_cosmetics_01,d5fbd03d-a0da-4708-be77-6b8e3b3fe573,39,0.8549884097258401,char_tfidf_v1
q_cosmetics_01,7d02def7-5b14-4e98-8bd1-215311d3ee9b,40,0.8541675765820456,char_tfidf_v1
q_cosmetics_02,8afe54e0-103c-41f5-9834-68a1ccb1aca2,1,0.7834732224068008,char_tfidf_v1
q_cosmetics_02,2ce3570b-16d5-451f-b441-12b5b0ffd802,2,0.7834732224068008,char_tfidf_v1
q_cosmetics_02,19eeb638-6694-402a-a234-71c2b828bc59,3,0.7834732224068008,char_tfidf_v1
q_cosmetics_02,c9fa67ba-4528-44e9-8435-c1278d4bc288,4,0.7612331652131712,char_tfidf_v1
q_cosmetics_02,98f618f8-f4af-41db-9266-818632b511d6,5,0.7508286264018227,char_tfidf_v1
q_cosmetics_02,4128e81b-d433-46d9-8a5c-c02636ab14c0,6,0.7416468809083994,char_tfidf_v1
q_cosmetics_02,9d9c72ae-6ed1-4339-b6f2-9ea43cea81c5,7,0.7345789841859028,char_tfidf_v1
q_cosmetics_02,aff69bd3-40fc-46d9-90d3-8baf69548bee,8,0.7294186746580466,char_tfidf_v1
q_cosmetics_02,62e5716d-69b0-48c7-af56-25ba9abcef19,9,0.7217885157340657,char_tfidf_v1
q_cosmetics_02,3558a0a1-eb2b-491e-9990-fd448dc27077,10,0.7198392324097099,char_tfidf_v1
q_cosmetics_02,6139e039-5606-406d-b18a-52dc81c11bac,11,0.7195128043673957,char_tfidf_v1
q_cosmetics_02,0ff24615-4ad7-4e5b-abaf-29b9d277810e,12,0.7154154924036605,char_tfidf_v1
q_cosmetics_02,1f954869-5905-4a02-980a-50ad8533496e,13,0.7098662828533638,char_tfidf_v1
q_cosmetics_02,7f2bb43c-317c-4a43-8f2a-398d283affbe,14,0.7060779764292724,char_tfidf_v1
q_cosmetics_02,7fef9da1-c2fa-480f-a2f5-c0397bca26de,15,0.7042321478088733,char_tfidf_v1
q_cosmetics_02,edf854d3-13fa-47ee-99d7-3fababf99ec0,16,0.7021410249617686,char_tfidf_v1
q_cosmetics_02,4fbd373f-4818-4436-a073-42838e7af09b,17,0.7016693834689978,char_tfidf_v1
q_cosmetics_02,a31e598a-ae3f-4f19-b62f-b447259c1416,18,0.6988496340717746,char_tfidf_v1
q_cosmetics_02,048c7063-48a2-411c-af7b-9c7542f5af36,19,0.6982741043694438,char_tfidf_v1
q_cosmetics_02,67045a10-41ce-4254-867e-3f29c7593769,20,0.695272647916096,char_tfidf_v1
q_cosmetics_02,7683aea7-645e-4a86-8398-6e78c2872e99,21,0.695272647916096,char_tfidf_v1
q_cosmetics_02,df91f0e1-3d54-41df-8937-725efdf7cc5d,22,0.6931391044795413,char_tfidf_v1
q_cosmetics_02,363501da-13e6-4741-9756-794f351d340e,23,0.6904534251751522,char_tfidf_v1
q_cosmetics_02,28a8355a-d0d5-441c-b261-2a6590f6249a,24,0.6869057203364637,char_tfidf_v1
q_cosmetics_02,5621bc4b-cd40-4f92-a84d-f752bcad2701,25,0.6855819529882712,char_tfidf_v1
q_cosmetics_02,53c58d3f-1c3c-48b3-9abe-4135c41fa8b9,26,0.6855611987641956,char_tfidf_v1
q_cosmetics_02,5d79f4e1-5919-4815-bfa3-b8276b8b6c16,27,0.6853445865218185,char_tfidf_v1
q_cosmetics_02,954309bc-df6d-48a8-9f8d-d4ff97316c87,28,0.6851905167631434,char_tfidf_v1
q_cosmetics_02,b43a0cc5-bd49-437b-aea5-fea680a2a158,29,0.6851905167631434,char_tfidf_v1
q_cosmetics_02,7c443c40-0601-435e-9de7-e38870f50450,30,0.6851905167631434,char_tfidf_v1
q_cosmetics_02,4413a139-e195-4232-812d-9fa304fe6415,31,0.6817569972290203,char_tfidf_v1
q_cosmetics_02,d8ff42b9-3bc9-4e4c-be6e-55ae09e26c57,32,0.6803074793929665,char_tfidf_v1
q_cosmetics_02,fd281ad7-fdfe-477e-b4cb-4074d3224652,33,0.6798890041618318,char_tfidf_v1
q_cosmetics_02,3531ad10-6f9d-4e70-9717-b442eb667322,34,0.6745988452131693,char_tfidf_v1
q_cosmetics_02,cada6b06-1003-43af-9441-81aad2b0d684,35,0.6740480203527887,char_tfidf_v1
q_cosmetics_02,485bd704-f298-4e55-86ed-cc781b9b0375,36,0.6722970513530816,char_tfidf_v1
q_cosmetics_02,6c831555-1e8b-4a1b-807f-342c07ab2296,37,0.6722970513530816,char_tfidf_v1
q_cosmetics_02,6d471d32-2856-4de2-8e8c-ec0fd815664d,38,0.6717348738161605,char_tfidf_v1
q_cosmetics_02,897d84d6-51a0-4b4b-a71b-b87033e13a72,39,0.6707474603973482,char_tfidf_v1
q_cosmetics_02,d5fbd03d-a0da-4708-be77-6b8e3b3fe573,40,0.6698605244883702,char_tfidf_v1
q_cosmetics_03,8afe54e0-103c-41f5-9834-68a1ccb1aca2,1,0.5541641950048298,char_tfidf_v1
q_cosmetics_03,2ce3570b-16d5-451f-b441-12b5b0ffd802,2,0.5541641950048298,char_tfidf_v1
q_cosmetics_03,19eeb638-6694-402a-a234-71c2b828bc59,3,0.5541641950048298,char_tfidf_v1
q_cosmetics_03,c9fa67ba-4528-44e9-8435-c1278d4bc288,4,0.5384334169270439,char_tfidf_v1
q_cosmetics_03,98f618f8-f4af-41db-9266-818632b511d6,5,0.5310741062194297,char_tfidf_v1
q_cosmetics_03,4128e81b-d433-46d9-8a5c-c02636ab14c0,6,0.524579698427838,char_tfidf_v1
q_cosmetics_03,9d9c72ae-6ed1-4339-b6f2-9ea43cea81c5,7,0.519580452524363,char_tfidf_v1
q_cosmetics_03,aff69bd3-40fc-46d9-90d3-8baf69548bee,8,0.515930476119687,char_tfidf_v1
q_cosmetics_03,62e5716d-69b0-48c7-af56-25ba9abcef19,9,0.5105335324119272,char_tfidf_v1
q_cosmetics_03,3558a0a1-eb2b-491e-9990-fd448dc27077,10,0.5091547705176029,char_tfidf_v1
q_cosmetics_03,6139e039-5606-406d-b18a-52dc81c11bac,11,0.5089238823032739,char_tfidf_v1
q_cosmetics_03,0ff24615-4ad7-4e5b-abaf-29b9d277810e,12,0.5060257825072251,char_tfidf_v1
q_cosmetics_03,1f954869-5905-4a02-980a-50ad8533496e,13,0.5021007303734628,char_tfidf_v1
q_cosmetics_03,7f2bb43c-317c-4a43-8f2a-398d283affbe,14,0.4994211955535118,char_tfidf_v1
q_cosmetics_03,7fef9da1-c2fa-480f-a2f5-c0397bca26de,15,0.49811560896511764,char_tfidf_v1
q_cosmetics_03,76a3551b-dae4-4326-92cc-662015aedbfb,16,0.49695963142493255,char_tfidf_v1
q_cosmetics_03,edf854d3-13fa-47ee-99d7-3fababf99ec0,17,0.49663652151696946,char_tfidf_v1
q_cosmetics_03,4fbd373f-4818-4436-a073-42838e7af09b,18,0.49630292131124815,char_tfidf_v1
q_cosmetics_03,a31e598a-ae3f-4f19-b62f-b447259c1416,19,0.49430846367040215,char_tfidf_v1
q_cosmetics_03,048c7063-48a2-411c-af7b-9c7542f5af36,20,0.4939013815327206,char_tfidf_v1
q_cosmetics_03,67045a10-41ce-4254-867e-3f29c7593769,21,0.49177839934042317,char_tfidf_v1
q_cosmetics_03,7683aea7-645e-4a86-8398-6e78c2872e99,22,0.49177839934042317,char_tfidf_v1
q_cosmetics_03,df91f0e1-3d54-41df-8937-725efdf7cc5d,23,0.4902693070738182,char_tfidf_v1
q_cosmetics_03,28a8355a-d0d5-441c-b261-2a6590f6249a,24,0.485860326387544,char_tfidf_v1
q_cosmetics_03,5621bc4b-cd40-4f92-a84d-f752bcad2701,25,0.4849240027891048,char_tfidf_v1
q_cosmetics_03,53c58d3f-1c3c-48b3-9abe-4135c41fa8b9,26,0.48490932296655465,char_tfidf_v1
q_cosmetics_03,5d79f4e1-5919-4815-bfa3-b8276b8b6c16,27,0.484756109371639,char_tfidf_v1
q_cosmetics_03,7c443c40-0601-435e-9de7-e38870f50450,28,0.48464713315988206,char_tfidf_v1
q_cosmetics_03,b43a0cc5-bd49-437b-aea5-fea680a2a158,29,0.48464713315988206,char_tfidf_v1
q_cosmetics_03,954309bc-df6d-48a8-9f8d-d4ff97316c87,30,0.48464713315988206,char_tfidf_v1
q_cosmetics_03,4413a139-e195-4232-812d-9fa304fe6415,31,0.4822185452589256,char_tfidf_v1
q_cosmetics_03,d8ff42b9-3bc9-4e4c-be6e-55ae09e26c57,32,0.4811932761600094,char_tfidf_v1
q_cosmetics_03,fd281ad7-fdfe-477e-b4cb-4074d3224652,33,0.48089728137300336,char_tfidf_v1
q_cosmetics_03,3531ad10-6f9d-4e70-9717-b442eb667322,34,0.47715546022150646,char_tfidf_v1
q_cosmetics_03,cada6b06-1003-43af-9441-81aad2b0d684,35,0.47676585224689866,char_tfidf_v1
q_cosmetics_03,6c831555-1e8b-4a1b-807f-342c07ab2296,36,0.47552736151300945,char_tfidf_v1
q_cosmetics_03,485bd704-f298-4e55-86ed-cc781b9b0375,37,0.47552736151300945,char_tfidf_v1
q_cosmetics_03,6d471d32-2856-4de2-8e8c-ec0fd815664d,38,0.47512972359343814,char_tfidf_v1
q_cosmetics_03,897d84d6-51a0-4b4b-a71b-b87033e13a72,39,0.47443130896135643,char_tfidf_v1
q_cosmetics_03,d5fbd03d-a0da-4708-be77-6b8e3b3fe573,40,0.4738039638141798,char_tfidf_v1
q_cosmetics_04,8afe54e0-103c-41f5-9834-68a1ccb1aca2,1,0.6606501410487554,char_tfidf_v1
q_cosmetics_04,19eeb638-6694-402a-a234-71c2b828bc59,2,0.6606501410487554,char_tfidf_v1
q_cosmetics_04,2ce3570b-16d5-451f-b441-12b5b0ffd802,3,0.6606501410487553,char_tfidf_v1
q_cosmetics_04,51fd05d6-a07e-471c-8d56-8be03e65d226,4,0.6588899220292568,char_tfidf_v1
q_cosmetics_04,c9fa67ba-4528-44e9-8435-c1278d4bc288,5,0.6418966004021871,char_tfidf_v1
q_cosmetics_04,98f618f8-f4af-41db-9266-818632b511d6,6,0.6331231543715126,char_tfidf_v1
q_cosmetics_04,4128e81b-d433-46d9-8a5c-c02636ab14c0,7,0.625380807496313,char_tfidf_v1
q_cosmetics_04,9d9c72ae-6ed1-4339-b6f2-9ea43cea81c5,8,0.6194209267587286,char_tfidf_v1
q_cosmetics_04,aff69bd3-40fc-46d9-90d3-8baf69548bee,9,0.6150695856791182,char_tfidf_v1
q_cosmetics_04,62e5716d-69b0-48c7-af56-25ba9abcef19,10,0.6086355871387891,char_tfidf_v1
q_cosmetics_04,3558a0a1-eb2b-491e-9990-fd448dc27077,11,0.6069918879460796,char_tfidf_v1
q_cosmetics_04,6139e039-5606-406d-b18a-52dc81c11bac,12,0.6067166331881253,char_tfidf_v1
q_cosmetics_04,0ff24615-4ad7-4e5b-abaf-29b9d277810e,13,0.603261646279387,char_tfidf_v1
q_cosmetics_04,1f954869-5905-4a02-980a-50ad8533496e,14,0.5985823720332929,char_tfidf_v1
q_cosmetics_04,7f2bb43c-317c-4a43-8f2a-398d283affbe,15,0.5953879486607575,char_tfidf_v1
q_cosmetics_04,7fef9da1-c2fa-480f-a2f5-c0397bca26de,16,0.5938314858442335,char_tfidf_v1
q_cosmetics_04,edf854d3-13fa-47ee-99d7-3fababf99ec0,17,0.5920681829458316,char_tfidf_v1
q_cosmetics_04,4fbd373f-4818-4436-a073-42838e7af09b,18,0.5916704794764441,char_tfidf_v1
q_cosmetics_04,a31e598a-ae3f-4f19-b62f-b447259c1416,19,0.5892927749375768,char_tfidf_v1
q_cosmetics_04,048c7063-48a2-411c-af7b-9c7542f5af36,20,0.5888074695459585,char_tfidf_v1
q_cosmetics_04,67045a10-41ce-4254-867e-3f29c7593769,21,0.5862765436986597,char_tfidf_v1
q_cosmetics_04,7683aea7-645e-4a86-8398-6e78c2872e99,22,0.5862765436986597,char_tfidf_v1
q_cosmetics_04,df91f0e1-3d54-41df-8937-725efdf7cc5d,23,0.5844774703774764,char_tfidf_v1
q_cosmetics_04,28a8355a-d0d5-441c-b261-2a6590f6249a,24,0.579221277829268,char_tfidf_v1
q_cosmetics_04,5621bc4b-cd40-4f92-a84d-f752bcad2701,25,0.5781050340824654,char_tfidf_v1
q_cosmetics_04,53c58d3f-1c3c-48b3-9abe-4135c41fa8b9,26,0.5780875334447015,char_tfidf_v1
q_cosmetics_04,5d79f4e1-5919-4815-bfa3-b8276b8b6c16,27,0.5779048789462624,char_tfidf_v1
q_cosmetics_04,954309bc-df6d-48a8-9f8d-d4ff97316c87,28,0.5777749623072642,char_tfidf_v1
q_cosmetics_04,7c443c40-0601-435e-9de7-e38870f50450,29,0.5777749623072642,char_tfidf_v1
q_cosmetics_04,b43a0cc5-bd49-437b-aea5-fea680a2a158,30,0.5777749623072642,char_tfidf_v1
q_cosmetics_04,4413a139-e195-4232-812d-9fa304fe6415,31,0.5748797067967522,char_tfidf_v1
q_cosmetics_04,d8ff42b9-3bc9-4e4c-be6e-55ae09e26c57,32,0.5736574261425392,char_tfidf_v1
q_cosmetics_04,fd281ad7-fdfe-477e-b4cb-4074d3224652,33,0.5733045541967371,char_tfidf_v1
q_cosmetics_04,3531ad10-6f9d-4e70-9717-b442eb667322,34,0.5688437198559437,char_tfidf_v1
q_cosmetics_04,cada6b06-1003-43af-9441-81aad2b0d684,35,0.5683792463917638,char_tfidf_v1
q_cosmetics_04,485bd704-f298-4e55-86ed-cc781b9b0375,36,0.5669027722972505,char_tfidf_v1
q_cosmetics_04,6c831555-1e8b-4a1b-807f-342c07ab2296,37,0.5669027722972505,char_tfidf_v1
q_cosmetics_04,6d471d32-2856-4de2-8e8c-ec0fd815664d,38,0.566428725886423,char_tfidf_v1
q_cosmetics_04,897d84d6-51a0-4b4b-a71b-b87033e13a72,39,0.5655961067288622,char_tfidf_v1
q_cosmetics_04,d5fbd03d-a0da-4708-be77-6b8e3b3fe573,40,0.5648482134804271,char_tfidf_v1
q_nail_01,c7ffcd63-f235-450a-8dcf-925dac5c939a,1,0.9502129573432178,char_tfidf_v1
q_nail_01,567cf63e-c586-4fe1-b5d5-2fdf563103fc,2,0.9367773970405473,char_tfidf_v1
q_nail_01,f9f90649-f87f-439f-8a81-695f187b88ca,3,0.9333644640483225,char_tfidf_v1
q_nail_01,ba92cc90-19be-41c8-89ce-66f32c41b100,4,0.9292993385241661,char_tfidf_v1
q_nail_01,80dc3068-b0bc-449d-b721-a14e281d7e42,5,0.92726253899865,char_tfidf_v1
q_nail_01,92675fa9-0cea-4f39-a7a4-79a4d10577dc,6,0.9239527217051086,char_tfidf_v1
q_nail_01,cfc84c5f-4788-4224-86fd-8a3858838dcc,7,0.9198834719891986,char_tfidf_v1
q_nail_01,d5da111d-1b5b-4450-9a35-1e9dd7d76543,8,0.9187031011699154,char_tfidf_v1
q_nail_01,15e9b343-cce7-4e06-9982-cc8fef8153ec,9,0.9187031011699154,char_tfidf_v1
q_nail_01,f6dd6559-02a7-43c2-a4e6-df132a6a5ad1,10,0.9148770636246646,char_tfidf_v1
q_nail_01,a0b8c3af-2a26-4836-b6d1-aa2842846017,11,0.9130815195153213,char_tfidf_v1
q_nail_01,3383b8fa-d6bb-47aa-bc12-d4ab8bb30234,12,0.9112274593124435,char_tfidf_v1
q_nail_01,d0b45c26-c692-4f3e-8f27-25dae96a791e,13,0.9099179750560076,char_tfidf_v1
q_nail_01,779f781c-21fe-43f3-9628-b35a1fb18ef4,14,0.909425340376893,char_tfidf_v1
q_nail_01,1efb95bf-1ca2-4f76-b499-960d77191959,15,0.9079166804197638,char_tfidf_v1
q_nail_01,3e760831-9541-4df7-8bdd-ce378ebc2452,16,0.9055909337646217,char_tfidf_v1
q_nail_01,62c4e1a7-96f1-4a64-87eb-20ab5811bdcf,17,0.9037268140610439,char_tfidf_v1
q_nail_01,8c0ed015-c09d-468b-8169-8ab30a5d38fb,18,0.9023513421466616,char_tfidf_v1
q_nail_01,18cf308d-1bff-4bcf-9a80-547874aad33e,19,0.8993771578879878,char_tfidf_v1
q_nail_01,7b53d3cd-5655-49f3-9826-24bb51415359,20,0.8990684927162201,char_tfidf_v1
q_nail_01,3cecd9e2-bf0d-434e-b4cf-e590d2383329,21,0.8925891688813292,char_tfidf_v1
q_nail_01,2b4454b7-7267-4b79-8957-7c550776fa8e,22,0.8915454044104043,char_tfidf_v1
q_nail_01,957a13b1-fda7-41a9-839f-4cf8a9d5eec4,23,0.8900035436120979,char_tfidf_v1
q_nail_01,3d3ab51c-d5ea-46ce-9cfe-f90f5fcb9c16,24,0.8852828995246627,char_tfidf_v1
q_nail_01,a16da508-2815-4ee9-b86e-c65241bd7a56,25,0.8851402313759765,char_tfidf_v1
q_nail_01,1f032edd-f8b8-4712-9833-99c139515f86,26,0.8841393441733149,char_tfidf_v1
q_nail_01,93932972-b09c-4428-8d0e-6f38638b853a,27,0.8727952397733943,char_tfidf_v1
q_nail_01,20f2147e-cf9e-422b-86d6-c6c9e7f5dd77,28,0.8697467450058766,char_tfidf_v1
q_nail_01,5c943127-0ef7-4887-8253-872c5f000602,29,0.8652227454679481,char_tfidf_v1
q_nail_01,35bc7903-ee01-4c1e-8660-311f2ecc838f,30,0.8651556777708301,char_tfidf_v1
q_nail_01,dcdfaa2d-43b1-4e99-9734-f34689532edc,31,0.8650485136803414,char_tfidf_v1
q_nail_01,31d17f41-a907-4206-97e1-e1fd9bc1baac,32,0.8640902163610138,char_tfidf_v1
q_nail_01,0f78b3ab-efbe-4f64-b57f-598322b08fe4,33,0.8623733330224116,char_tfidf_v1
q_nail_01,7c10033e-08d4-4f97-be1a-5f58c657a178,34,0.8601089377240031,char_tfidf_v1
q_nail_01,03f86e5a-e674-4d9e-ab1f-6c68bcd18e6e,35,0.8589493085717071,char_tfidf_v1
q_nail_01,a2850d2f-68ba-43ec-998c-7370f9a16c3e,36,0.85689636351,char_tfidf_v1
q_nail_01,8f6db123-e824-4d6d-8486-d6844eab54f9,37,0.8540191421028678,char_tfidf_v1
q_nail_01,9c12b347-acb1-41ba-b317-288da081f7f7,38,0.8520711758963491,char_tfidf_v1
q_nail_01,bd15cff2-c5e3-4f75-b2fe-4187942947e9,39,0.8514790689489528,char_tfidf_v1
q_nail_01,49c7e7f5-c27b-4fcb-96e3-592b0fc974ac,40,0.8495869212688631,char_tfidf_v1
q_nail_02,78d65982-f477-4f27-8f08-eda02e7f2db8,1,1.0000000000000002,char_tfidf_v1
q_nail_02,f676a6de-aecf-4eaa-a5a4-8d6f4d2185d5,2,0.9306590910198329,char_tfidf_v1
q_nail_02,1bcccb0e-91ba-4245-9cc1-ed6646801628,3,0.9203689395158346,char_tfidf_v1
q_nail_02,6ec912e5-bb70-4bfc-8010-5664e7d3f314,4,0.9069348678804288,char_tfidf_v1
q_nail_02,46a41a39-bb2b-4895-a49a-197e0febb649,5,0.8980267464090377,char_tfidf_v1
q_nail_02,b4196e93-d128-4b36-9100-294b1312e3e5,6,0.8326006697735586,char_tfidf_v1
q_nail_02,8ca9647a-29af-4859-a038-c98dfb8f53f2,7,0.8316731991625745,char_tfidf_v1
q_nail_02,d202454d-b077-427e-a107-ecebad301133,8,0.8166910515378346,char_tfidf_v1
q_nail_02,a8119d7e-d7d0-47f9-878c-c5fc86681652,9,0.8099388057717434,char_tfidf_v1
q_nail_02,903ae331-865e-412c-81ff-3cc95a7620f1,10,0.8095317461024809,char_tfidf_v1
q_nail_02,fb404ec3-e34b-456d-8e4f-d538eb9614cf,11,0.7965834529558686,char_tfidf_v1
q_nail_02,df8a572d-4742-4bf9-bebc-22af935c6920,12,0.7777501020751417,char_tfidf_v1
q_nail_02,67204a9e-67fe-4def-816f-72bc2ab8d1c7,13,0.7731074118676406,char_tfidf_v1
q_nail_02,1534b599-72c2-4df1-bf31-331c4366be56,14,0.7631374840890244,char_tfidf_v1
q_nail_02,3d31c15c-5c17-4d6d-a961-4f892fde6984,15,0.7588824830790722,char_tfidf_v1
q_nail_02,2b50bccc-3a29-4485-b5aa-8577a179d57a,16,0.7560616219869472,char_tfidf_v1
q_nail_02,853f15f1-48d6-4576-a815-1c1abf2af7f3,17,0.754088924148589,char_tfidf_v1
q_nail_02,1296029d-9183-4e5b-8ab0-308ce0b1b2c3,18,0.7519502675420102,char_tfidf_v1
q_nail_02,8c938892-828c-4c35-a65d-d90094304a6c,19,0.7489326621382117,char_tfidf_v1
q_nail_02,053d5ae8-ba7f-44b3-aaa0-a0265c922b10,20,0.7399576514409791,char_tfidf_v1
q_nail_02,4a8bf8ef-2ed0-4262-b5a8-a81198e62940,21,0.7387276790021005,char_tfidf_v1
q_nail_02,89995266-a376-49fd-8427-392ca4d6c8a4,22,0.7380518432084606,char_tfidf_v1
q_nail_02,1fccd41f-7698-4a89-a060-8574c5bbd02c,23,0.7366197031663257,char_tfidf_v1
q_nail_02,2b4cda8a-1bc9-4274-8bce-ed110ed5c040,24,0.7354515435194716,char_tfidf_v1
q_nail_02,a76d5bb6-6249-4bdb-9801-30b732aa7075,25,0.7350454378592591,char_tfidf_v1
q_nail_02,5891c532-bd60-4bfc-9a1b-fad270897d50,26,0.7301501475894653,char_tfidf_v1
q_nail_02,916e9751-a58e-41dc-99fb-551af0254158,27,0.7286671143059053,char_tfidf_v1
q_nail_02,e2498c41-c043-40da-b4e0-56cb0d3b1226,28,0.7274341251260498,char_tfidf_v1
q_nail_02,e30ab297-c92f-4d02-badb-5f097b4258c8,29,0.7260240975921838,char_tfidf_v1
q_nail_02,b0d93586-2ac7-407b-b4a1-295afa974218,30,0.7257542743601908,char_tfidf_v1
q_nail_02,74b77a80-0bc5-48a6-820d-9f0dd947191e,31,0.7213094596358939,char_tfidf_v1
q_nail_02,10829a71-dc73-4f77-9196-8d9e4c52f988,32,0.7123595626537754,char_tfidf_v1
q_nail_02,f6b02694-87d6-4db4-bbbe-e73e4f3dde45,33,0.6985930953324887,char_tfidf_v1
q_nail_02,88ec4c30-883f-483a-8729-c36d65cd1943,34,0.690192058818785,char_tfidf_v1
q_nail_02,ed74e008-9af7-4852-8852-b94abcb400c1,35,0.6805902180946342,char_tfidf_v1
q_nail_02,4b1951d4-aa67-4b08-91a6-de7833c6387c,36,0.6801960968969993,char_tfidf_v1
q_nail_02,d2cfc577-2727-43a8-94c8-eb8d60e707ca,37,0.6726722935157535,char_tfidf_v1
q_nail_02,0cfe753a-a75d-45b6-823e-13bb2b29d3fa,38,0.6715740681723458,char_tfidf_v1
q_nail_02,e2bad5c7-ea54-4687-bc72-a92d93719e3e,39,0.6665044120151391,char_tfidf_v1
q_nail_02,28357908-0550-4db7-96bc-36888efe3a94,40,0.6440007709659885,char_tfidf_v1
q_nail_03,f316fbf7-589e-4e03-adc0-3687950303da,1,0.5644607234755785,char_tfidf_v1
q_nail_03,81a86fc2-6fca-4820-b0b4-77df1c636435,2,0.5459759799558352,char_tfidf_v1
q_nail_03,caa0c013-f250-4ba4-a9d7-975609a8f41d,3,0.4665525133363239,char_tfidf_v1
q_nail_03,58da1b66-2ee7-4c35-ab39-8c2fcebd2e2c,4,0.4275438121159935,char_tfidf_v1
q_nail_03,76a3551b-dae4-4326-92cc-662015aedbfb,5,0.415331389711465,char_tfidf_v1
q_nail_03,b086d5e4-9aae-4f01-8b7a-86ea7bb2d4be,6,0.3697861014808042,char_tfidf_v1
q_nail_03,27e4048a-bff5-425f-a30d-bb17047bf285,7,0.36877196436813336,char_tfidf_v1
q_nail_03,4b1b2d3c-8e42-4df9-b615-62d89b32f750,8,0.36816604338637293,char_tfidf_v1
q_nail_03,118be106-b3ea-4c87-85cd-465abef39fe6,9,0.3614177761776382,char_tfidf_v1
q_nail_03,f06ea9b7-6cbb-4260-b37d-b1356a3fbc45,10,0.3477379791895495,char_tfidf_v1
q_nail_03,7517ed95-d016-4b84-a111-4cd1f2a7c14c,11,0.3465459143783276,char_tfidf_v1
q_nail_03,088571a3-ff35-4fa3-b555-4751cb15a04f,12,0.33616778510348166,char_tfidf_v1
q_nail_03,1541829b-2117-454a-a680-e49e16d561a8,13,0.33484586298812014,char_tfidf_v1
q_nail_03,66290dbf-5f94-4379-b6b2-f31d23f1a7d9,14,0.32897950985807783,char_tfidf_v1
q_nail_03,2743811c-5e71-4d2b-aa75-1b0147d44f2d,15,0.3216461419827427,char_tfidf_v1
q_nail_03,dea099a4-1ca1-4348-b55b-3681daabcc7d,16,0.3206880654244779,char_tfidf_v1
q_nail_03,c111ac9d-3f3a-405c-a8db-4d127ccda9e2,17,0.3196158302021574,char_tfidf_v1
q_nail_03,c8d90403-d778-42b6-b99f-62bc9e7c9948,18,0.31838557657485567,char_tfidf_v1
q_nail_03,81a61dc7-9ca1-4f2b-82f8-4810e9e51bc6,19,0.3090184688931315,char_tfidf_v1
q_nail_03,557f195f-1605-4eb7-b0a8-5bdf0186bef8,20,0.3077822471562125,char_tfidf_v1
q_nail_03,751df471-d34a-4929-9355-a466dd889366,21,0.3004284880723354,char_tfidf_v1
q_nail_03,6c09e698-19e4-4522-990b-f4904a65ba38,22,0.2989314787771996,char_tfidf_v1
q_nail_03,24456103-f6b8-46af-8655-82e61d7265d8,23,0.29431306652269823,char_tfidf_v1
q_nail_03,7507af5d-dcb0-4f35-a5b5-ecd1b2a3f3e0,24,0.2926166503966763,char_tfidf_v1
q_nail_03,b1636a65-7117-4772-aba5-7a13ab0cd99b,25,0.2840948957450362,char_tfidf_v1
q_nail_03,d7c4fda0-d0b3-46dd-a3f0-9ff652718eb6,26,0.2787562371594957,char_tfidf_v1
q_nail_03,14ecd542-a1bb-475f-b26c-3e807e0f9e16,27,0.2750883098438566,char_tfidf_v1
q_nail_03,e1ef4f13-83c7-402e-97a3-47b88a065eb0,28,0.2707358643224004,char_tfidf_v1
q_nail_03,bae5b4ac-2e89-4bb0-8962-b0c8077f7ec1,29,0.269390822353482,char_tfidf_v1
q_nail_03,0d6c54cc-deb9-4830-a934-e57ab782802e,30,0.2668655175657588,char_tfidf_v1
q_nail_03,6eeeafea-aa7f-4260-af4c-9e06b23066eb,31,0.26612234463183926,char_tfidf_v1
q_nail_03,f91323a8-ed92-4ece-85d8-71d4d408a433,32,0.24576010930036102,char_tfidf_v1
q_nail_03,9503ca5b-d318-475d-84a2-85e7f5d93d98,33,0.24576010930036102,char_tfidf_v1
q_nail_03,af9adb09-c23a-4670-afe6-5bd85507dc98,34,0.242380342206476,char_tfidf_v1
q_nail_03,0c8dfb55-e557-489d-83f3-dc41dea9799e,35,0.24169088803753544,char_tfidf_v1
q_nail_03,892bd2f5-1d08-4717-b229-cdd6a0c6fdf6,36,0.23069129423140577,char_tfidf_v1
q_nail_03,74194820-791e-42ac-ac44-606720c2314a,37,0.2279991102149828,char_tfidf_v1
q_nail_03,45323599-97a8-4945-8067-a8ea77bf0ff0,38,0.22634961318537847,char_tfidf_v1
q_nail_03,a8a219d3-b78e-4a35-8ae1-9fe59e9e21c4,39,0.22168881858370865,char_tfidf_v1
q_nail_03,f7aee8b2-4258-40a9-ace7-da74a7e57316,40,0.22128848538376683,char_tfidf_v1
q_nail_04,b28ce786-97ac-42ae-9db8-ae4f676baf59,1,0.662011081800568,char_tfidf_v1
q_nail_04,f4571ed5-0517-4d4c-89f2-688bc514dcca,2,0.655436166582961,char_tfidf_v1
q_nail_04,664f9c00-ab23-4531-89b0-e06f4cb8c9d1,3,0.6527820756671887,char_tfidf_v1
q_nail_04,1b856a04-9038-498d-bee5-c389e585aa1b,4,0.6502710377106495,char_tfidf_v1
q_nail_04,c714ef26-e1da-49d3-b4ef-be76eb2dfe4a,5,0.642926859994385,char_tfidf_v1
q_nail_04,38e13ee5-e6b7-414a-9063-9aa635f31590,6,0.6427700528750383,char_tfidf_v1
q_nail_04,7961ca9f-9020-44fd-b6a2-ffce95cbd637,7,0.6408464457969963,char_tfidf_v1
q_nail_04,ea1b23f4-a66c-4e61-95d2-935c3962355c,8,0.6373571296020566,char_tfidf_v1
q_nail_04,453b08e4-5196-41ed-9f2d-b251c0ab9d7a,9,0.6365060354652133,char_tfidf_v1
q_nail_04,148093b5-96d8-4d2c-b68a-9c7b21282243,10,0.6362642316665524,char_tfidf_v1
q_nail_04,155bdb19-8220-40af-ae12-7f3556833359,11,0.6351970577666246,char_tfidf_v1
q_nail_04,357d769b-d7a9-44c1-a5da-235b79f4390a,12,0.6312957186735235,char_tfidf_v1
q_nail_04,18a491c4-9066-411d-b5bb-e74adb13c158,13,0.6312957186735235,char_tfidf_v1
q_nail_04,2f0ddf0a-5c66-48d4-8c29-e21e5670685b,14,0.6297260972849067,char_tfidf_v1
q_nail_04,35011ab2-9086-4f2c-86c3-c6da85e3d358,15,0.6296603815432735,char_tfidf_v1
q_nail_04,77a05593-9f7d-4f2a-9ec3-a3dcfe222229,16,0.6295293653465341,char_tfidf_v1
q_nail_04,f2da6916-c7d4-4ebe-8e94-5e58765ff124,17,0.6270215857839713,char_tfidf_v1
q_nail_04,e6ef3358-7b5f-4833-b7dc-5656d3d891e6,18,0.6269717045427428,char_tfidf_v1
q_nail_04,b2465794-9943-4950-a09b-10bb7398a647,19,0.6269717045427428,char_tfidf_v1
q_nail_04,77c1d628-eac1-4fd7-8a3e-aa4c9bfa8d96,20,0.6269717045427428,char_tfidf_v1
q_nail_04,f558e053-3a61-42b7-8bfd-f56fe323273a,21,0.6263647471763522,char_tfidf_v1
q_nail_04,f4e2dc33-a5a5-4964-bed5-78b1c4b5bef0,22,0.6262314798320726,char_tfidf_v1
q_nail_04,9c746d6e-ead6-4221-a4e3-ecd45011d35c,23,0.6233999736740727,char_tfidf_v1
q_nail_04,1790372e-459a-48cd-bc47-1cd20d0e5762,24,0.62255335813006,char_tfidf_v1
q_nail_04,4d27d74d-7e8d-4caa-a975-1e27f8f21339,25,0.6216625887228835,char_tfidf_v1
q_nail_04,c7d3b008-53bd-4981-adb1-3b61a9d80923,26,0.619161147267947,char_tfidf_v1
q_nail_04,88274287-6669-4784-b6ef-334f876ed810,27,0.6187590653590603,char_tfidf_v1
q_nail_04,cc75e8b7-4dc9-4729-af2e-fbd7123e071a,28,0.6149467622317114,char_tfidf_v1
q_nail_04,e11c8ce3-ccda-402d-a269-23d7d7242de1,29,0.6137117277795112,char_tfidf_v1
q_nail_04,03d91ce9-820d-4391-ba82-ba8d0ce304f1,30,0.6134209655548852,char_tfidf_v1
q_nail_04,e91b5d68-9b1e-4bc7-9008-b7266955d56d,31,0.6109213911804503,char_tfidf_v1
q_nail_04,26ca8574-f34f-471c-b4b3-2d394d88dddf,32,0.6076065796387293,char_tfidf_v1
q_nail_04,933564a4-21ab-4335-b927-49b642a0159a,33,0.6057133197149349,char_tfidf_v1
q_nail_04,d16666a5-3298-4603-b14b-2339041a361f,34,0.6008726657883466,char_tfidf_v1
q_nail_04,8ebad00d-ca85-44ea-b3e8-07346e82ab2a,35,0.5965237561292039,char_tfidf_v1
q_nail_04,f0bc70f0-931a-4d2e-a656-3132b9999793,36,0.596469100178366,char_tfidf_v1
q_nail_04,79029542-3beb-47df-b726-c3d41153d396,37,0.5955973133591488,char_tfidf_v1
q_nail_04,8affea08-6922-4ebe-b59a-b7e3f51e0fd7,38,0.5955532729435671,char_tfidf_v1
q_nail_04,73fd435f-d7c3-41d9-9265-77ec2be51a3c,39,0.5950707171489074,char_tfidf_v1
q_nail_04,19548151-a23f-4646-bfa3-3d6105bda59e,40,0.5938188481527495,char_tfidf_v1
q_pizza_01,edfb5308-d4da-4f02-b477-0712955f625d,1,0.9680160234566274,char_tfidf_v1
q_pizza_01,f3f51e88-8e76-4521-bcd7-f0892d093e19,2,0.9284728020533053,char_tfidf_v1
q_pizza_01,6d64f878-f93f-46ee-9720-5dc966222a69,3,0.900851339544114,char_tfidf_v1
q_pizza_01,d368ca54-37ea-4624-b5b4-d393a9c0c60a,4,0.9004218644291417,char_tfidf_v1
q_pizza_01,8d52c07c-117d-450e-96a5-6127031b2c9b,5,0.896988407697108,char_tfidf_v1
q_pizza_01,670321d0-6986-48d9-badf-da51a1db1f31,6,0.8695098923561279,char_tfidf_v1
q_pizza_01,53292391-977f-4287-8e60-54150edafda2,7,0.8637445324930146,char_tfidf_v1
q_pizza_01,87732cce-01af-4f19-bf7b-bc22434cd904,8,0.8637445324930146,char_tfidf_v1
q_pizza_01,b8defc09-3d3d-49b7-a383-a9d516bc6203,9,0.861844865289965,char_tfidf_v1
q_pizza_01,c77c7c23-34bd-439f-9daf-4c86bd46a4d0,10,0.8375422663542341,char_tfidf_v1
q_pizza_01,de7a84a8-1d72-4831-88b7-02010c5af08c,11,0.8291691578871431,char_tfidf_v1
q_pizza_01,b0624dfd-7be6-404e-9c3c-68d5cb599764,12,0.8278962342504961,char_tfidf_v1
q_pizza_01,b6fc83d1-bc1b-420b-bb92-df574d0f7654,13,0.8206732497785963,char_tfidf_v1
q_pizza_01,a7112e8a-d7aa-4d2e-a5fe-21312b42487b,14,0.8172979161932845,char_tfidf_v1
q_pizza_01,1d89f31a-a76b-4414-9539-863d6852482f,15,0.8155940723749401,char_tfidf_v1
q_pizza_01,fae2d562-3505-41e5-94df-965d7ebe9b7b,16,0.8132187502434087,char_tfidf_v1
q_pizza_01,2cffd3ca-481a-4ef7-8239-e65c0d774f8e,17,0.8062037600545878,char_tfidf_v1
q_pizza_01,3ce9ab54-4adf-4bf1-aaf7-f444bdce3a39,18,0.8033146574845813,char_tfidf_v1
q_pizza_01,068adc84-fef9-4327-af24-3bb532b145d1,19,0.7999004679435835,char_tfidf_v1
q_pizza_01,c5a399a4-9a8c-456d-b029-0c423415279b,20,0.7970706302665764,char_tfidf_v1
q_pizza_01,d0748c55-21ac-441e-9ed5-bbc001435913,21,0.7970617333485089,char_tfidf_v1
q_pizza_01,0e76f5e6-49ad-4291-9d95-a4eff7a8ccb5,22,0.7959345782239994,char_tfidf_v1
q_pizza_01,56f444ba-1f19-47dd-a5a1-c1cd56632d88,23,0.7959345782239994,char_tfidf_v1
q_pizza_01,dee000fe-923b-4fa8-8cec-023f633612c9,24,0.7897343563433376,char_tfidf_v1
q_pizza_01,239c1740-a51a-41fd-8999-e77e6dde1625,25,0.7855064092537258,char_tfidf_v1
q_pizza_01,164695db-57cb-4270-b56e-4206d71d2c5a,26,0.7820492281377317,char_tfidf_v1
q_pizza_01,da20778e-1f92-41b8-af45-ca29305b0556,27,0.7724214404095137,char_tfidf_v1
q_pizza_01,80e3a7e4-1d07-42a3-bc74-ab7f2bc71a8c,28,0.7709047367465169,char_tfidf_v1
q_pizza_01,94e0c22c-d7f9-4988-a18e-322ccdb8db75,29,0.7694440213150728,char_tfidf_v1
q_pizza_01,24e1d92f-9ba6-436a-89d9-ad3382608e5c,30,0.7655682741870017,char_tfidf_v1
q_pizza_01,6fffe22e-5ab7-4dec-a8bc-44231f73b1f4,31,0.76198515347755,char_tfidf_v1
q_pizza_01,f75c86b0-4255-4206-8690-d36f24c3ba58,32,0.7593091098256523,char_tfidf_v1
q_pizza_01,1e305b3d-87f9-4b8e-9c4c-52550a958ed7,33,0.7585080985709951,char_tfidf_v1
q_pizza_01,75ed1360-4570-4fef-a6dc-e8cfb95a9db3,34,0.7519544876008558,char_tfidf_v1
q_pizza_01,54e81477-8969-4bd2-95d9-9ce5bbd0d6f6,35,0.7413856295020427,char_tfidf_v1
q_pizza_01,2f38c6db-8998-40ae-9edc-d11122415d22,36,0.7360467484564576,char_tfidf_v1
q_pizza_01,3c6fdfe4-a9c3-4300-88ee-5f48b35d9334,37,0.7360467484564576,char_tfidf_v1
q_pizza_01,82005d54-78ce-4729-9eb6-2b09fd7a5300,38,0.7359370290480054,char_tfidf_v1
q_pizza_01,f5a3af88-3b38-47da-a742-0de96057646d,39,0.7339882859270297,char_tfidf_v1
q_pizza_01,5799098b-8df3-421d-9239-c4d2d3dc3337,40,0.7285616410808515,char_tfidf_v1
q_pizza_02,c84da8c2-2b38-48c6-8c15-235a93071f57,1,0.499273385140509,char_tfidf_v1
q_pizza_02,2fdb5acb-69a8-41e3-9e93-9da75640061c,2,0.46915782142132684,char_tfidf_v1
q_pizza_02,edfb5308-d4da-4f02-b477-0712955f625d,3,0.4593395383421972,char_tfidf_v1
q_pizza_02,c1c61ebc-b0e0-4d3c-939b-7392ff4db9ba,4,0.4455266536360142,char_tfidf_v1
q_pizza_02,8d52c07c-117d-450e-96a5-6127031b2c9b,5,0.4256357654273406,char_tfidf_v1
q_pizza_02,b7da747b-6248-4f61-b835-3f5c59bb6661,6,0.4131848818607297,char_tfidf_v1
q_pizza_02,87732cce-01af-4f19-bf7b-bc22434cd904,7,0.40986099939152,char_tfidf_v1
q_pizza_02,53292391-977f-4287-8e60-54150edafda2,8,0.40986099939152,char_tfidf_v1
q_pizza_02,b8defc09-3d3d-49b7-a383-a9d516bc6203,9,0.4089595760318767,char_tfidf_v1
q_pizza_02,c77c7c23-34bd-439f-9daf-4c86bd46a4d0,10,0.3974275927742109,char_tfidf_v1
q_pizza_02,de7a84a8-1d72-4831-88b7-02010c5af08c,11,0.3934544149707805,char_tfidf_v1
q_pizza_02,b0624dfd-7be6-404e-9c3c-68d5cb599764,12,0.39285039175067477,char_tfidf_v1
q_pizza_02,2cffd3ca-481a-4ef7-8239-e65c0d774f8e,13,0.3825569556492061,char_tfidf_v1
q_pizza_02,3ce9ab54-4adf-4bf1-aaf7-f444bdce3a39,14,0.3811860289201306,char_tfidf_v1
q_pizza_02,dee000fe-923b-4fa8-8cec-023f633612c9,15,0.37474195247344944,char_tfidf_v1
q_pizza_02,164695db-57cb-4270-b56e-4206d71d2c5a,16,0.37109523262943456,char_tfidf_v1
q_pizza_02,24e1d92f-9ba6-436a-89d9-ad3382608e5c,17,0.3632747486749078,char_tfidf_v1
q_pizza_02,6fffe22e-5ab7-4dec-a8bc-44231f73b1f4,18,0.3615744989139309,char_tfidf_v1
q_pizza_02,1e305b3d-87f9-4b8e-9c4c-52550a958ed7,19,0.3599245791224545,char_tfidf_v1
q_pizza_02,2f38c6db-8998-40ae-9edc-d11122415d22,20,0.3492662987405736,char_tfidf_v1
q_pizza_02,3c6fdfe4-a9c3-4300-88ee-5f48b35d9334,21,0.3492662987405736,char_tfidf_v1
q_pizza_02,5799098b-8df3-421d-9239-c4d2d3dc3337,22,0.3457144920730813,char_tfidf_v1
q_pizza_02,83857897-90b6-4221-a78c-311fa6b33900,23,0.3419622115261814,char_tfidf_v1
q_pizza_02,fdb99905-6f4f-4dd3-bd68-f2673fec8958,24,0.33895786029104397,char_tfidf_v1
q_pizza_02,bdb6b464-7231-4ceb-9875-0573c7c039fb,25,0.3378596050495879,char_tfidf_v1
q_pizza_02,6f1e2aa4-5ed0-41b5-b3fd-8f56d8786d95,26,0.3373475818123836,char_tfidf_v1
q_pizza_02,c5280d71-7313-4b40-a401-34a2a53e98d7,27,0.33407117925190005,char_tfidf_v1
q_pizza_02,507a272c-d8b9-4254-be6e-e388bb09379f,28,0.3336967579165083,char_tfidf_v1
q_pizza_02,5d5ea7b5-1fab-4b62-9cb8-e25d16908385,29,0.3328084107695197,char_tfidf_v1
q_pizza_02,912261b9-c002-4cbb-a523-cc00db82f4f7,30,0.33194273273732317,char_tfidf_v1
q_pizza_02,1f2c708b-c369-4824-9abb-58a1ab3770b6,31,0.3318474767649997,char_tfidf_v1
q_pizza_02,1d89f31a-a76b-4414-9539-863d6852482f,32,0.3310291656880799,char_tfidf_v1
q_pizza_02,f7ca6afb-e92d-4158-a75a-e696454d1896,33,0.32894240219458987,char_tfidf_v1
q_pizza_02,670321d0-6986-48d9-badf-da51a1db1f31,34,0.32572467999510435,char_tfidf_v1
q_pizza_02,f3f51e88-8e76-4521-bcd7-f0892d093e19,35,0.32407624504293686,char_tfidf_v1
q_pizza_02,a2fbc5f2-ae3a-480f-97be-2d9834d1a737,36,0.32389888407285816,char_tfidf_v1
q_pizza_02,d4389632-0445-4aa1-83d4-64cb92143d94,37,0.3232812791762366,char_tfidf_v1
q_pizza_02,6d64f878-f93f-46ee-9720-5dc966222a69,38,0.3144351873482183,char_tfidf_v1
q_pizza_02,d368ca54-37ea-4624-b5b4-d393a9c0c60a,39,0.31428528238353676,char_tfidf_v1
q_pizza_02,ffd806c9-5008-4e5d-bc51-ae85ac1e5a9d,40,0.31277120943854236,char_tfidf_v1
q_pizza_03,76a3551b-dae4-4326-92cc-662015aedbfb,1,0.5150957142995296,char_tfidf_v1
q_pizza_03,edfb5308-d4da-4f02-b477-0712955f625d,2,0.4894003112249653,char_tfidf_v1
q_pizza_03,f3f51e88-8e76-4521-bcd7-f0892d093e19,3,0.4694084263876471,char_tfidf_v1
q_pizza_03,6d64f878-f93f-46ee-9720-5dc966222a69,4,0.45544383073951267,char_tfidf_v1
q_pizza_03,d368ca54-37ea-4624-b5b4-d393a9c0c60a,5,0.4552267008058776,char_tfidf_v1
q_pizza_03,8d52c07c-117d-450e-96a5-6127031b2c9b,6,0.4534908464888854,char_tfidf_v1
q_pizza_03,670321d0-6986-48d9-badf-da51a1db1f31,7,0.4395985207070713,char_tfidf_v1
q_pizza_03,53292391-977f-4287-8e60-54150edafda2,8,0.4366837250394789,char_tfidf_v1
q_pizza_03,87732cce-01af-4f19-bf7b-bc22434cd904,9,0.4366837250394789,char_tfidf_v1
q_pizza_03,b8defc09-3d3d-49b7-a383-a9d516bc6203,10,0.43572330940805504,char_tfidf_v1
q_pizza_03,2743811c-5e71-4d2b-aa75-1b0147d44f2d,11,0.42517202888657596,char_tfidf_v1
q_pizza_03,c77c7c23-34bd-439f-9daf-4c86bd46a4d0,12,0.42343663316043295,char_tfidf_v1
q_pizza_03,de7a84a8-1d72-4831-88b7-02010c5af08c,13,0.4192034368182048,char_tfidf_v1
q_pizza_03,b0624dfd-7be6-404e-9c3c-68d5cb599764,14,0.41855988422315993,char_tfidf_v1
q_pizza_03,b6fc83d1-bc1b-420b-bb92-df574d0f7654,15,0.41490815660412916,char_tfidf_v1
q_pizza_03,a7112e8a-d7aa-4d2e-a5fe-21312b42487b,16,0.4132016876334596,char_tfidf_v1
q_pizza_03,1d89f31a-a76b-4414-9539-863d6852482f,17,0.41234027452172317,char_tfidf_v1
q_pizza_03,fae2d562-3505-41e5-94df-965d7ebe9b7b,18,0.4111393818068692,char_tfidf_v1
q_pizza_03,2cffd3ca-481a-4ef7-8239-e65c0d774f8e,19,0.4075928099542775,char_tfidf_v1
q_pizza_03,3ce9ab54-4adf-4bf1-aaf7-f444bdce3a39,20,0.4061321650241728,char_tfidf_v1
q_pizza_03,068adc84-fef9-4327-af24-3bb532b145d1,21,0.4044060516299143,char_tfidf_v1
q_pizza_03,c5a399a4-9a8c-456d-b029-0c423415279b,22,0.40297536927932875,char_tfidf_v1
q_pizza_03,d0748c55-21ac-441e-9ed5-bbc001435913,23,0.40297087126032316,char_tfidf_v1
q_pizza_03,0e76f5e6-49ad-4291-9d95-a4eff7a8ccb5,24,0.4024010149197597,char_tfidf_v1
q_pizza_03,56f444ba-1f19-47dd-a5a1-c1cd56632d88,25,0.4024010149197597,char_tfidf_v1
q_pizza_03,dee000fe-923b-4fa8-8cec-023f633612c9,26,0.3992663658596911,char_tfidf_v1
q_pizza_03,239c1740-a51a-41fd-8999-e77e6dde1625,27,0.3971288406830829,char_tfidf_v1
q_pizza_03,b07f1cbf-3655-4a07-8de2-dfa245d76faa,28,0.39660568636657745,char_tfidf_v1
q_pizza_03,c111ac9d-3f3a-405c-a8db-4d127ccda9e2,29,0.39638887991054456,char_tfidf_v1
q_pizza_03,164695db-57cb-4270-b56e-4206d71d2c5a,30,0.39538099201825705,char_tfidf_v1
q_pizza_03,da20778e-1f92-41b8-af45-ca29305b0556,31,0.3905134668984016,char_tfidf_v1
q_pizza_03,80e3a7e4-1d07-42a3-bc74-ab7f2bc71a8c,32,0.38974666632204735,char_tfidf_v1
q_pizza_03,94e0c22c-d7f9-4988-a18e-322ccdb8db75,33,0.3890081717419606,char_tfidf_v1
q_pizza_03,24e1d92f-9ba6-436a-89d9-ad3382608e5c,34,0.3870487084637246,char_tfidf_v1
q_pizza_03,6fffe22e-5ab7-4dec-a8bc-44231f73b1f4,35,0.38523718846005717,char_tfidf_v1
q_pizza_03,f75c86b0-4255-4206-8690-d36f24c3ba58,36,0.3838842598262793,char_tfidf_v1
q_pizza_03,1e305b3d-87f9-4b8e-9c4c-52550a958ed7,37,0.3834792921936939,char_tfidf_v1
q_pizza_03,75ed1360-4570-4fef-a6dc-e8cfb95a9db3,38,0.3801659800472889,char_tfidf_v1
q_pizza_03,54e81477-8969-4bd2-95d9-9ce5bbd0d6f6,39,0.3748226775424586,char_tfidf_v1
q_pizza_03,3c6fdfe4-a9c3-4300-88ee-5f48b35d9334,40,0.3721234969690086,char_tfidf_v1
q_pizza_04,edfb5308-d4da-4f02-b477-0712955f625d,1,0.582932805898936,char_tfidf_v1
q_pizza_04,f3f51e88-8e76-4521-bcd7-f0892d093e19,2,0.5591201411822818,char_tfidf_v1
q_pizza_04,6d64f878-f93f-46ee-9720-5dc966222a69,3,0.5424866803166039,char_tfidf_v1
q_pizza_04,d368ca54-37ea-4624-b5b4-d393a9c0c60a,4,0.5422280532610924,char_tfidf_v1
q_pizza_04,8d52c07c-117d-450e-96a5-6127031b2c9b,5,0.5401604484712563,char_tfidf_v1
q_pizza_04,670321d0-6986-48d9-badf-da51a1db1f31,6,0.5236130694387725,char_tfidf_v1
q_pizza_04,53292391-977f-4287-8e60-54150edafda2,7,0.5201412081052992,char_tfidf_v1
q_pizza_04,87732cce-01af-4f19-bf7b-bc22434cd904,8,0.5201412081052992,char_tfidf_v1
q_pizza_04,b8defc09-3d3d-49b7-a383-a9d516bc6203,9,0.5189972411604198,char_tfidf_v1
q_pizza_04,c77c7c23-34bd-439f-9daf-4c86bd46a4d0,10,0.504362377847254,char_tfidf_v1
q_pizza_04,de7a84a8-1d72-4831-88b7-02010c5af08c,11,0.49932014766248023,char_tfidf_v1
q_pizza_04,b0624dfd-7be6-404e-9c3c-68d5cb599764,12,0.49855360152148165,char_tfidf_v1
q_pizza_04,b6fc83d1-bc1b-420b-bb92-df574d0f7654,13,0.4942039683510161,char_tfidf_v1
q_pizza_04,a7112e8a-d7aa-4d2e-a5fe-21312b42487b,14,0.49217136493324953,char_tfidf_v1
q_pizza_04,1d89f31a-a76b-4414-9539-863d6852482f,15,0.49114532152717605,char_tfidf_v1
q_pizza_04,fae2d562-3505-41e5-94df-965d7ebe9b7b,16,0.48971491835047765,char_tfidf_v1
q_pizza_04,2cffd3ca-481a-4ef7-8239-e65c0d774f8e,17,0.4854905379528053,char_tfidf_v1
q_pizza_04,3ce9ab54-4adf-4bf1-aaf7-f444bdce3a39,18,0.4837507396159453,char_tfidf_v1
q_pizza_04,068adc84-fef9-4327-af24-3bb532b145d1,19,0.48169473740030233,char_tfidf_v1
q_pizza_04,c5a399a4-9a8c-456d-b029-0c423415279b,20,0.4799906279875204,char_tfidf_v1
q_pizza_04,d0748c55-21ac-441e-9ed5-bbc001435913,21,0.4799852703226809,char_tfidf_v1
q_pizza_04,0e76f5e6-49ad-4291-9d95-a4eff7a8ccb5,22,0.47930650500940897,char_tfidf_v1
q_pizza_04,56f444ba-1f19-47dd-a5a1-c1cd56632d88,23,0.47930650500940897,char_tfidf_v1
q_pizza_04,dee000fe-923b-4fa8-8cec-023f633612c9,24,0.4755727726635497,char_tfidf_v1
q_pizza_04,239c1740-a51a-41fd-8999-e77e6dde1625,25,0.4730267310687639,char_tfidf_v1
q_pizza_04,164695db-57cb-4270-b56e-4206d71d2c5a,26,0.4709448396128241,char_tfidf_v1
q_pizza_04,da20778e-1f92-41b8-af45-ca29305b0556,27,0.46514704992854927,char_tfidf_v1
q_pizza_04,80e3a7e4-1d07-42a3-bc74-ab7f2bc71a8c,28,0.46423370107836115,char_tfidf_v1
q_pizza_04,94e0c22c-d7f9-4988-a18e-322ccdb8db75,29,0.4633540679685382,char_tfidf_v1
q_pizza_04,7fde034b-96e4-455a-83e2-7b5692b96a17,30,0.4613832065413428,char_tfidf_v1
q_pizza_04,24e1d92f-9ba6-436a-89d9-ad3382608e5c,31,0.46102011884623567,char_tfidf_v1
q_pizza_04,6fffe22e-5ab7-4dec-a8bc-44231f73b1f4,32,0.4588623874054102,char_tfidf_v1
q_pizza_04,f75c86b0-4255-4206-8690-d36f24c3ba58,33,0.45725089173084643,char_tfidf_v1
q_pizza_04,1e305b3d-87f9-4b8e-9c4c-52550a958ed7,34,0.45676852808508095,char_tfidf_v1
q_pizza_04,75ed1360-4570-4fef-a6dc-e8cfb95a9db3,35,0.45282198718181,char_tfidf_v1
q_pizza_04,54e81477-8969-4bd2-95d9-9ce5bbd0d6f6,36,0.4464574911844305,char_tfidf_v1
q_pizza_04,2f38c6db-8998-40ae-9edc-d11122415d22,37,0.4432424525560922,char_tfidf_v1
q_pizza_04,3c6fdfe4-a9c3-4300-88ee-5f48b35d9334,38,0.4432424525560922,char_tfidf_v1
q_pizza_04,82005d54-78ce-4729-9eb6-2b09fd7a5300,39,0.44317638025864997,char_tfidf_v1
q_pizza_04,f5a3af88-3b38-47da-a742-0de96057646d,40,0.44200286012266077,char_tfidf_v1
q_rice_cake_01,f7291f98-81cb-434b-b207-43bcb83bd3c3,1,0.8361576422041314,char_tfidf_v1
q_rice_cake_01,8f033bc0-2337-4304-893c-5f4f6186f3ad,2,0.8169089929848172,char_tfidf_v1
q_rice_cake_01,a5d68d29-9e6f-4aa6-b2ee-2213ef70b6a4,3,0.8140901155070202,char_tfidf_v1
q_rice_cake_01,bbe140bd-9d04-4da1-b132-3a59816197bd,4,0.8107719132021609,char_tfidf_v1
q_rice_cake_01,a062ff42-e8bb-4652-ab0c-6978b07d5c27,5,0.6855846647200321,char_tfidf_v1
q_rice_cake_01,d981e953-9af3-41c6-84a3-b71aa6a62110,6,0.669871898197418,char_tfidf_v1
q_rice_cake_01,80a6a661-7a39-433e-a188-50186c0f22f4,7,0.6684878585878371,char_tfidf_v1
q_rice_cake_01,92367542-4807-4efe-803a-6a5140446067,8,0.6554881693488884,char_tfidf_v1
q_rice_cake_01,e358cec9-1775-488a-97b5-a13584a4015f,9,0.6536208555087344,char_tfidf_v1
q_rice_cake_01,a3250180-94c8-4f21-a616-c29ada1e4edf,10,0.6526162640430949,char_tfidf_v1
q_rice_cake_01,eca81c50-5c85-4079-a054-532a4a30127a,11,0.6517232294978925,char_tfidf_v1
q_rice_cake_01,16c72a3b-0266-418e-a39e-195efda25c96,12,0.6510168830786256,char_tfidf_v1
q_rice_cake_01,7decac66-77a7-4421-bf60-0765e3401405,13,0.6462500431798461,char_tfidf_v1
q_rice_cake_01,6122b24d-bffc-4e16-82d0-1acc6991afc4,14,0.6417532014973582,char_tfidf_v1
q_rice_cake_01,a435542f-e53c-4ec3-a184-13ffdb4da791,15,0.6399156397890788,char_tfidf_v1
q_rice_cake_01,bdb63194-bd41-44f9-9d41-66ebff5dc379,16,0.6394004151465653,char_tfidf_v1
q_rice_cake_01,a4641b28-37b6-4342-ad2d-97d6ba03de0a,17,0.638392862443774,char_tfidf_v1
q_rice_cake_01,33ca2d80-ec7e-4439-8edf-30f0a425f110,18,0.6369067105566294,char_tfidf_v1
q_rice_cake_01,c3a3236c-8cdd-40ae-9763-32387e56bf36,19,0.6367691648586178,char_tfidf_v1
q_rice_cake_01,4bea497f-6e91-4e94-957d-4e9a2d26a308,20,0.6340512400347598,char_tfidf_v1
q_rice_cake_01,602ddd72-2481-4ffb-b90d-17213a723d08,21,0.6340512400347598,char_tfidf_v1
q_rice_cake_01,153f8d0a-099d-4f69-8486-95714747789b,22,0.6328708890755027,char_tfidf_v1
q_rice_cake_01,5f4f30dc-bfaf-4823-961e-4cf7abca25e1,23,0.6288432446708351,char_tfidf_v1
q_rice_cake_01,d6f426fd-a6f6-4f5c-864e-e27a34e622f0,24,0.6258749347671029,char_tfidf_v1
q_rice_cake_01,293d4a0a-4c52-4c7c-8ca9-ea59a7572c77,25,0.6168685428859065,char_tfidf_v1
q_rice_cake_01,b5b56ea4-5391-4e9f-8da8-946cbbe19998,26,0.6157917812192066,char_tfidf_v1
q_rice_cake_01,513ed069-0d62-4a44-b2ea-077da5f0fe82,27,0.6146662508907874,char_tfidf_v1
q_rice_cake_01,a4bd771a-c347-4e04-aa18-f3d66ec87e24,28,0.6127175385497018,char_tfidf_v1
q_rice_cake_01,9ee44de1-65a0-45df-a947-9dfda3206e45,29,0.6104647285091617,char_tfidf_v1
q_rice_cake_01,196409ec-5e02-4eaf-b286-d156179abb1b,30,0.6093019147997153,char_tfidf_v1
q_rice_cake_01,c2fb0748-bcb6-4507-bc74-750bcb210aa8,31,0.6052834759417831,char_tfidf_v1
q_rice_cake_01,9f7ca48d-0e23-48e0-8bd5-fbfea92f5fa6,32,0.5941520580290887,char_tfidf_v1
q_rice_cake_01,fc58cf1a-a6d8-4695-9c62-ec346ebd2b99,33,0.5928412600883984,char_tfidf_v1
q_rice_cake_01,7de8cf9b-fa01-4311-ac79-9fe8d987c3ec,34,0.5908871521139404,char_tfidf_v1
q_rice_cake_01,d29cfb0f-02c3-489d-b3f4-cb7e719b3b7c,35,0.5879712880064734,char_tfidf_v1
q_rice_cake_01,9f9640a3-e0d9-4fc3-9118-449c924632f3,36,0.5866033748579333,char_tfidf_v1
q_rice_cake_01,db8751ef-3254-455f-9146-209ef90ebc8e,37,0.5844636509856664,char_tfidf_v1
q_rice_cake_01,76328218-530c-4963-bc22-c7d9cb31a5b3,38,0.5831634160098728,char_tfidf_v1
q_rice_cake_01,4c23817c-d871-477a-b141-cd74e72c7968,39,0.580297352883223,char_tfidf_v1
q_rice_cake_01,4be8fac6-96d9-4c46-982c-720cf88be059,40,0.5760084425205205,char_tfidf_v1
q_rice_cake_02,d29cfb0f-02c3-489d-b3f4-cb7e719b3b7c,1,0.8965314648992552,char_tfidf_v1
q_rice_cake_02,001cb3d4-5441-4963-b517-d5b3904ee312,2,0.8305232780867571,char_tfidf_v1
q_rice_cake_02,7c155bc1-60c9-475d-ade3-bd2ce9822837,3,0.7897935585644102,char_tfidf_v1
q_rice_cake_02,e5efa8b2-c469-4d60-9c05-011c49d8e9d8,4,0.7796045812005844,char_tfidf_v1
q_rice_cake_02,4ca54a53-36e0-4ae1-ad01-e1eceabc7c3a,5,0.7788158160110666,char_tfidf_v1
q_rice_cake_02,85f437ce-0342-42ef-989a-3fca8ee4cb84,6,0.7598474231464666,char_tfidf_v1
q_rice_cake_02,d4bfcc6b-1a20-4b7b-8743-6d56b6f09b3a,7,0.7532985136303476,char_tfidf_v1
q_rice_cake_02,d0a9d531-5b61-4430-bb67-e6702c974cf5,8,0.7463963941478272,char_tfidf_v1
q_rice_cake_02,900ef9c4-758b-4543-9d31-ea36eb070054,9,0.7436416691921588,char_tfidf_v1
q_rice_cake_02,bb1e640f-3833-430a-ba27-8c0f36b10f9b,10,0.7250526802867102,char_tfidf_v1
q_rice_cake_02,0b8ef6dc-2f6b-4707-bd73-529122d9c97a,11,0.7207699583400162,char_tfidf_v1
q_rice_cake_02,b5504773-441d-4f64-8b2d-2ce302c10a2b,12,0.7152542628398348,char_tfidf_v1
q_rice_cake_02,7f4e0747-1bcf-420a-8a96-3a59ebfa24ab,13,0.7112424240898885,char_tfidf_v1
q_rice_cake_02,fbc59996-2c27-4f81-b236-0d0ac158c6ea,14,0.7010510488835272,char_tfidf_v1
q_rice_cake_02,26009e8f-2371-494a-b567-ef44a112f2d6,15,0.689605192948022,char_tfidf_v1
q_rice_cake_02,33f24661-1324-4c7a-84be-61a69e78e7fc,16,0.688591797068747,char_tfidf_v1
q_rice_cake_02,e3650300-a440-4146-be97-aef04c8d9ada,17,0.6874981636741249,char_tfidf_v1
q_rice_cake_02,b8783da9-185b-4a5c-8d14-90d49e78d0f0,18,0.6839645155887227,char_tfidf_v1
q_rice_cake_02,7fc972be-2dd1-4770-a09d-a266709770ce,19,0.671729314644812,char_tfidf_v1
q_rice_cake_02,95a7dec1-596a-47f1-9bb2-565ca5f54ff7,20,0.6655208299956533,char_tfidf_v1
q_rice_cake_02,41df4206-66f7-42a5-a7cc-7afabcf90682,21,0.6626778065737828,char_tfidf_v1
q_rice_cake_02,342d3acb-4c96-4d15-996b-3dbf39f04f45,22,0.6566295363051985,char_tfidf_v1
q_rice_cake_02,de405390-31a7-4f67-ad18-d86791e9d027,23,0.651478793930278,char_tfidf_v1
q_rice_cake_02,f2e22db3-0e1b-497e-9d35-f2112be5982d,24,0.649753524297193,char_tfidf_v1
q_rice_cake_02,0e00d35c-f277-44ec-b3a8-0169af5a983a,25,0.6445383818237939,char_tfidf_v1
q_rice_cake_02,223d426b-b8e2-4337-8668-17314edd4ed8,26,0.6420127431573209,char_tfidf_v1
q_rice_cake_02,f2e95edb-c506-4b03-bd1d-b93dedd952a7,27,0.640467468809544,char_tfidf_v1
q_rice_cake_02,106587ac-d3aa-47bd-a89d-7fa9866edf22,28,0.6393613424662169,char_tfidf_v1
q_rice_cake_02,582ff653-7b05-48c9-b795-ce4cf1551720,29,0.6295689794862204,char_tfidf_v1
q_rice_cake_02,dcfa3608-dde8-47b6-af4e-4aad4909260e,30,0.6272047351368931,char_tfidf_v1
q_rice_cake_02,b350f7fd-dcc4-4d18-9db6-96cc43060be2,31,0.6208888982085905,char_tfidf_v1
q_rice_cake_02,6bd5b9c9-b303-4df0-84bf-61cb1714a999,32,0.614154035400216,char_tfidf_v1
q_rice_cake_02,1f4b80ea-656d-4462-951c-a0d6a6f5db8b,33,0.6139018563335533,char_tfidf_v1
q_rice_cake_02,ba05b3dd-1bf9-42b0-a7c4-a64500e6cf2e,34,0.6132748043516024,char_tfidf_v1
q_rice_cake_02,ea13a3f9-8d78-48a7-9c44-5c38b6114503,35,0.6114587650859525,char_tfidf_v1
q_rice_cake_02,b366a2c5-2cf5-4482-8571-7f6bac88faa7,36,0.6009749193613092,char_tfidf_v1
q_rice_cake_02,5ffab50b-18c6-4a5d-a52e-99b7e90bc98c,37,0.6009749193613092,char_tfidf_v1
q_rice_cake_02,36d4dca3-6014-4170-bf75-18110f61a5ee,38,0.6009749193613092,char_tfidf_v1
q_rice_cake_02,fcac33d5-28a9-4e94-b50f-bd0e16826631,39,0.6009749193613092,char_tfidf_v1
q_rice_cake_02,eb4434b2-f3df-4d4c-87b9-51f897afb7df,40,0.6009749193613092,char_tfidf_v1
q_rice_cake_03,76a3551b-dae4-4326-92cc-662015aedbfb,1,0.5584177254053577,char_tfidf_v1
q_rice_cake_03,2743811c-5e71-4d2b-aa75-1b0147d44f2d,2,0.43245685599682426,char_tfidf_v1
q_rice_cake_03,c111ac9d-3f3a-405c-a8db-4d127ccda9e2,3,0.42972707896945883,char_tfidf_v1
q_rice_cake_03,24456103-f6b8-46af-8655-82e61d7265d8,4,0.3957072285792227,char_tfidf_v1
q_rice_cake_03,5723d922-e55c-46bc-a5b9-846ba2afdf5d,5,0.33321285108591325,char_tfidf_v1
q_rice_cake_03,f7291f98-81cb-434b-b207-43bcb83bd3c3,6,0.29576937607218273,char_tfidf_v1
q_rice_cake_03,8f033bc0-2337-4304-893c-5f4f6186f3ad,7,0.2889606588130526,char_tfidf_v1
q_rice_cake_03,a5d68d29-9e6f-4aa6-b2ee-2213ef70b6a4,8,0.2879635530153537,char_tfidf_v1
q_rice_cake_03,bbe140bd-9d04-4da1-b132-3a59816197bd,9,0.28678982383337503,char_tfidf_v1
q_rice_cake_03,c161453d-f2c8-4b97-a2c3-a54e0cbdb7e8,10,0.2812128818170715,char_tfidf_v1
q_rice_cake_03,6702c44f-743f-4a82-a486-762c643027a2,11,0.279467336010105,char_tfidf_v1
q_rice_cake_03,be9f8c61-892c-48ed-a49d-b63bd032c025,12,0.26335164215428664,char_tfidf_v1
q_rice_cake_03,5f59c153-0ca4-4ba4-9f1c-e59663f9e5e2,13,0.262841614229955,char_tfidf_v1
q_rice_cake_03,ad2284ff-8791-453b-b8a9-67654ff94220,14,0.25198479838387433,char_tfidf_v1
q_rice_cake_03,a062ff42-e8bb-4652-ab0c-6978b07d5c27,15,0.2425080371141271,char_tfidf_v1
q_rice_cake_03,842f6cf1-6411-4f4b-be23-746d79e31656,16,0.241226662795855,char_tfidf_v1
q_rice_cake_03,d981e953-9af3-41c6-84a3-b71aa6a62110,17,0.2369500479070789,char_tfidf_v1
q_rice_cake_03,06261986-3eba-4244-b63f-397460d82f4a,18,0.23677193242800296,char_tfidf_v1
q_rice_cake_03,80a6a661-7a39-433e-a188-50186c0f22f4,19,0.23646047930048714,char_tfidf_v1
q_rice_cake_03,9a66f208-079d-4380-b210-90b4e1a0ecd0,20,0.23586146894995152,char_tfidf_v1
q_rice_cake_03,92367542-4807-4efe-803a-6a5140446067,21,0.2318621717789523,char_tfidf_v1
q_rice_cake_03,e358cec9-1775-488a-97b5-a13584a4015f,22,0.23120165727599634,char_tfidf_v1
q_rice_cake_03,a3250180-94c8-4f21-a616-c29ada1e4edf,23,0.23084630874361142,char_tfidf_v1
q_rice_cake_03,eca81c50-5c85-4079-a054-532a4a30127a,24,0.23053042061807905,char_tfidf_v1
q_rice_cake_03,16c72a3b-0266-418e-a39e-195efda25c96,25,0.23028056864140312,char_tfidf_v1
q_rice_cake_03,7decac66-77a7-4421-bf60-0765e3401405,26,0.22859442096836208,char_tfidf_v1
q_rice_cake_03,6122b24d-bffc-4e16-82d0-1acc6991afc4,27,0.2270037782574746,char_tfidf_v1
q_rice_cake_03,a435542f-e53c-4ec3-a184-13ffdb4da791,28,0.22635378781007612,char_tfidf_v1
q_rice_cake_03,bdb63194-bd41-44f9-9d41-66ebff5dc379,29,0.22617154027281564,char_tfidf_v1
q_rice_cake_03,a4641b28-37b6-4342-ad2d-97d6ba03de0a,30,0.22581514427854016,char_tfidf_v1
q_rice_cake_03,33ca2d80-ec7e-4439-8edf-30f0a425f110,31,0.22528945606590767,char_tfidf_v1
q_rice_cake_03,c3a3236c-8cdd-40ae-9763-32387e56bf36,32,0.22524080279381048,char_tfidf_v1
q_rice_cake_03,602ddd72-2481-4ffb-b90d-17213a723d08,33,0.22427940641495953,char_tfidf_v1
q_rice_cake_03,4bea497f-6e91-4e94-957d-4e9a2d26a308,34,0.22427940641495953,char_tfidf_v1
q_rice_cake_03,153f8d0a-099d-4f69-8486-95714747789b,35,0.22386188745783397,char_tfidf_v1
q_rice_cake_03,5f4f30dc-bfaf-4823-961e-4cf7abca25e1,36,0.22243721128137878,char_tfidf_v1
q_rice_cake_03,d6f426fd-a6f6-4f5c-864e-e27a34e622f0,37,0.22138724758565564,char_tfidf_v1
q_rice_cake_03,293d4a0a-4c52-4c7c-8ca9-ea59a7572c77,38,0.218201466851366,char_tfidf_v1
q_rice_cake_03,b5b56ea4-5391-4e9f-8da8-946cbbe19998,39,0.21782058995655132,char_tfidf_v1
q_rice_cake_03,513ed069-0d62-4a44-b2ea-077da5f0fe82,40,0.21742246239521093,char_tfidf_v1
q_rice_cake_04,f7291f98-81cb-434b-b207-43bcb83bd3c3,1,0.37389086158803997,char_tfidf_v1
q_rice_cake_04,8f033bc0-2337-4304-893c-5f4f6186f3ad,2,0.36528375967596016,char_tfidf_v1
q_rice_cake_04,a5d68d29-9e6f-4aa6-b2ee-2213ef70b6a4,3,0.3640232885928921,char_tfidf_v1
q_rice_cake_04,bbe140bd-9d04-4da1-b132-3a59816197bd,4,0.3625395426387,char_tfidf_v1
q_rice_cake_04,a062ff42-e8bb-4652-ab0c-6978b07d5c27,5,0.3065616195386533,char_tfidf_v1
q_rice_cake_04,d981e953-9af3-41c6-84a3-b71aa6a62110,6,0.29953560014165825,char_tfidf_v1
q_rice_cake_04,80a6a661-7a39-433e-a188-50186c0f22f4,7,0.2989167219110723,char_tfidf_v1
q_rice_cake_04,9a66f208-079d-4380-b210-90b4e1a0ecd0,8,0.29815949511823747,char_tfidf_v1
q_rice_cake_04,249a23db-348d-4c0a-b92f-6d97bbda9af4,9,0.2969917115580348,char_tfidf_v1
q_rice_cake_04,92367542-4807-4efe-803a-6a5140446067,10,0.2931038646643037,char_tfidf_v1
q_rice_cake_04,e358cec9-1775-488a-97b5-a13584a4015f,11,0.29226888864386086,char_tfidf_v1
q_rice_cake_04,a3250180-94c8-4f21-a616-c29ada1e4edf,12,0.2918196819994752,char_tfidf_v1
q_rice_cake_04,eca81c50-5c85-4079-a054-532a4a30127a,13,0.29142035842855923,char_tfidf_v1
q_rice_cake_04,16c72a3b-0266-418e-a39e-195efda25c96,14,0.2911045131166834,char_tfidf_v1
q_rice_cake_04,7decac66-77a7-4421-bf60-0765e3401405,15,0.28897300371361345,char_tfidf_v1
q_rice_cake_04,6122b24d-bffc-4e16-82d0-1acc6991afc4,16,0.2869622249725875,char_tfidf_v1
q_rice_cake_04,a435542f-e53c-4ec3-a184-13ffdb4da791,17,0.2861405527236577,char_tfidf_v1
q_rice_cake_04,bdb63194-bd41-44f9-9d41-66ebff5dc379,18,0.28591016819354326,char_tfidf_v1
q_rice_cake_04,a4641b28-37b6-4342-ad2d-97d6ba03de0a,19,0.2854596374214403,char_tfidf_v1
q_rice_cake_04,33ca2d80-ec7e-4439-8edf-30f0a425f110,20,0.2847950993230138,char_tfidf_v1
q_rice_cake_04,c3a3236c-8cdd-40ae-9763-32387e56bf36,21,0.2847335952752821,char_tfidf_v1
q_rice_cake_04,4bea497f-6e91-4e94-957d-4e9a2d26a308,22,0.28351826553022946,char_tfidf_v1
q_rice_cake_04,602ddd72-2481-4ffb-b90d-17213a723d08,23,0.28351826553022946,char_tfidf_v1
q_rice_cake_04,153f8d0a-099d-4f69-8486-95714747789b,24,0.28299046740358724,char_tfidf_v1
q_rice_cake_04,5f4f30dc-bfaf-4823-961e-4cf7abca25e1,25,0.2811894918929625,char_tfidf_v1
q_rice_cake_04,d6f426fd-a6f6-4f5c-864e-e27a34e622f0,26,0.27986220156952385,char_tfidf_v1
q_rice_cake_04,293d4a0a-4c52-4c7c-8ca9-ea59a7572c77,27,0.2758349614292754,char_tfidf_v1
q_rice_cake_04,b5b56ea4-5391-4e9f-8da8-946cbbe19998,28,0.27535348362297785,char_tfidf_v1
q_rice_cake_04,513ed069-0d62-4a44-b2ea-077da5f0fe82,29,0.2748501987362586,char_tfidf_v1
q_rice_cake_04,a4bd771a-c347-4e04-aa18-f3d66ec87e24,30,0.27397882508681715,char_tfidf_v1
q_rice_cake_04,9ee44de1-65a0-45df-a947-9dfda3206e45,31,0.2729714730702388,char_tfidf_v1
q_rice_cake_04,196409ec-5e02-4eaf-b286-d156179abb1b,32,0.2724515167871804,char_tfidf_v1
q_rice_cake_04,c2fb0748-bcb6-4507-bc74-750bcb210aa8,33,0.27065465756949675,char_tfidf_v1
q_rice_cake_04,37f4da31-01d0-4a5e-beb6-00bbe79abc0d,34,0.2665890178717231,char_tfidf_v1
q_rice_cake_04,9f7ca48d-0e23-48e0-8bd5-fbfea92f5fa6,35,0.2656772044864837,char_tfidf_v1
q_rice_cake_04,fc58cf1a-a6d8-4695-9c62-ec346ebd2b99,36,0.2650910765284583,char_tfidf_v1
q_rice_cake_04,7de8cf9b-fa01-4311-ac79-9fe8d987c3ec,37,0.26421729020237716,char_tfidf_v1
q_rice_cake_04,d29cfb0f-02c3-489d-b3f4-cb7e719b3b7c,38,0.26291345120314175,char_tfidf_v1
q_rice_cake_04,9f9640a3-e0d9-4fc3-9118-449c924632f3,39,0.262301783976927,char_tfidf_v1
q_rice_cake_04,db8751ef-3254-455f-9146-209ef90ebc8e,40,0.26134499884242357,char_tfidf_v1
q_side_dish_01,0630599b-72bb-4b42-9de2-a26c2aab9aae,1,1.0,char_tfidf_v1
q_side_dish_01,ba700003-d433-4456-b281-b42eb7f309a6,2,0.9659211931821199,char_tfidf_v1
q_side_dish_01,a93ba21a-d0a1-4cf8-8877-902657ab72d8,3,0.9299726990369745,char_tfidf_v1
q_side_dish_01,40cf4e56-206a-46b6-9fcd-fc3c992c1f5f,4,0.9261937916975673,char_tfidf_v1
q_side_dish_01,0a138793-f11f-41cc-ba18-73f3c94d3a6b,5,0.9178164326492548,char_tfidf_v1
q_side_dish_01,122bddee-e0e3-452b-9d67-fe448ab27c07,6,0.9138395036460996,char_tfidf_v1
q_side_dish_01,ace88032-980a-4cd9-bc7b-b10ecfa61a8e,7,0.9083521625701967,char_tfidf_v1
q_side_dish_01,93cdc485-88fe-463d-b5df-f4978d3b5aee,8,0.8969449057901793,char_tfidf_v1
q_side_dish_01,484b1b89-25ce-4e66-ac5f-379846b5abc4,9,0.8968695805788156,char_tfidf_v1
q_side_dish_01,13817f50-60a8-4fed-858f-24eba275d6df,10,0.8885163842683201,char_tfidf_v1
q_side_dish_01,271114c7-0437-4af8-b2c8-e99f15699877,11,0.8837835882209136,char_tfidf_v1
q_side_dish_01,fa191eb7-d49e-4864-9ff7-1a1321f44a2b,12,0.8773705234124507,char_tfidf_v1
q_side_dish_01,4465beb9-ce80-4ecd-b21f-bb648c819479,13,0.8773301993899835,char_tfidf_v1
q_side_dish_01,1bc0b5f7-1137-407d-8ccd-6d4bf30f539f,14,0.8600136882574135,char_tfidf_v1
q_side_dish_01,e4bb3fba-10a1-4cd4-a8ec-6ce9a0d06fa4,15,0.8504428855442867,char_tfidf_v1
q_side_dish_01,c364337f-5d9b-4ddd-88dc-836a1c848d63,16,0.8377499736993652,char_tfidf_v1
q_side_dish_01,d9d413d3-4273-45b7-9388-5684806612fb,17,0.8278414455333287,char_tfidf_v1
q_side_dish_01,fe309d7b-2c0d-41be-b646-0eee6fa1f435,18,0.8270441514880718,char_tfidf_v1
q_side_dish_01,cdd5be12-eedc-4699-b0df-4101a4db0518,19,0.8267908897067154,char_tfidf_v1
q_side_dish_01,4658bfbd-42d4-44fb-a444-501a71965109,20,0.8194338388738295,char_tfidf_v1
q_side_dish_01,0466a8b1-9b81-4cff-9d6a-a1b267e02528,21,0.8153718699362208,char_tfidf_v1
q_side_dish_01,9d4e4eb9-ba6a-4339-acb5-6167579e97f8,22,0.8153275764230938,char_tfidf_v1
q_side_dish_01,27f4955d-4ddf-411f-8b41-f4f3da51283a,23,0.8144339883150173,char_tfidf_v1
q_side_dish_01,4f8a79ee-cfd5-4d9c-a724-8a392828583d,24,0.8144147893099489,char_tfidf_v1
q_side_dish_01,d20bb194-2579-4090-a195-15a8f116f2df,25,0.8116998763621504,char_tfidf_v1
q_side_dish_01,16eda152-9c4c-42ef-8822-959642281854,26,0.8109357667834669,char_tfidf_v1
q_side_dish_01,c4598a58-12d0-4436-9018-f04834fece0c,27,0.8086425705220718,char_tfidf_v1
q_side_dish_01,62631faf-23c5-4d0f-a33e-50ee3df779b7,28,0.8071556374842975,char_tfidf_v1
q_side_dish_01,d186142e-6526-4882-a664-cb9327c80937,29,0.807016649320328,char_tfidf_v1
q_side_dish_01,046f1a64-839c-4742-b374-3899eead5a59,30,0.8059404187415931,char_tfidf_v1
q_side_dish_01,7f847992-1881-4f5f-b7be-5a4b0202b23b,31,0.8035590909798603,char_tfidf_v1
q_side_dish_01,d83300cc-ea66-4498-b6a3-cb02449dc1f1,32,0.8029846404147238,char_tfidf_v1
q_side_dish_01,1e2f83f7-5f45-452c-8417-13e26568807b,33,0.8025737458892185,char_tfidf_v1
q_side_dish_01,6d9df444-6c1f-426b-a4b3-d47a8f6f3e79,34,0.8025737458892185,char_tfidf_v1
q_side_dish_01,9a6302f3-3aec-4f80-81a1-eede906d54f2,35,0.8015692064522539,char_tfidf_v1
q_side_dish_01,8e807cef-787e-444d-809f-93bead219baa,36,0.7999770647986914,char_tfidf_v1
q_side_dish_01,e42301ee-2538-487e-9e6b-9568dd8e56e3,37,0.7995748631395199,char_tfidf_v1
q_side_dish_01,0a3c0ee1-95ea-4285-bf50-870e31a204f0,38,0.7974738781365652,char_tfidf_v1
q_side_dish_01,6a938315-629b-4f31-8ca1-b40a88b9532e,39,0.7968722524909189,char_tfidf_v1
q_side_dish_01,c27e8675-2c54-4ab4-92f7-fce229ba41cb,40,0.7965077415112857,char_tfidf_v1
q_side_dish_02,e7d99fed-785c-453d-924c-b057d85ca19a,1,0.9373094185657739,char_tfidf_v1
q_side_dish_02,f5856f07-f7d0-4895-a007-63fd459a221c,2,0.9373094185657739,char_tfidf_v1
q_side_dish_02,8cc37527-661e-45d1-a12c-62839828bd03,3,0.8668255768073102,char_tfidf_v1
q_side_dish_02,b8e5fe96-164b-4fcc-b8c8-a54af08b7a47,4,0.8112472801432369,char_tfidf_v1
q_side_dish_02,60ca3c1d-7f18-4ced-b343-8b0be32d9b6e,5,0.7932473351695561,char_tfidf_v1
q_side_dish_02,a9379967-dfdc-47aa-9cfb-295cf49b370e,6,0.7916569639401583,char_tfidf_v1
q_side_dish_02,cebf979a-c2f6-46fc-b406-be585aacaee8,7,0.7882505293780592,char_tfidf_v1
q_side_dish_02,fb2c5c1e-3314-4ca8-987d-1cbe71ce1f4d,8,0.7780351940449847,char_tfidf_v1
q_side_dish_02,a989aee1-1437-4798-8bba-b19d763ffd03,9,0.7683902793590331,char_tfidf_v1
q_side_dish_02,076afb19-33fa-4d4b-ac28-ae9c058c986d,10,0.763003884003658,char_tfidf_v1
q_side_dish_02,2b649b1d-9602-41a2-bf54-17456cb4b235,11,0.7530274912298938,char_tfidf_v1
q_side_dish_02,77503870-aa92-4d97-9004-56cdbd227676,12,0.7518723900241738,char_tfidf_v1
q_side_dish_02,fa54e6b3-ae2c-4acc-8ea9-9f488aa6b211,13,0.7447101777903146,char_tfidf_v1
q_side_dish_02,a8b6037d-cc4a-4bcf-8e58-13c94c37a175,14,0.7404368371805743,char_tfidf_v1
q_side_dish_02,e0d9885e-a62d-40cc-8fbb-bea8a4bc200b,15,0.7398275555324259,char_tfidf_v1
q_side_dish_02,5bd78493-cac6-403d-a57b-970a64922c3c,16,0.7393594543505094,char_tfidf_v1
q_side_dish_02,3d24f1c5-bc98-4cee-84af-3e5aa0fd0a53,17,0.7387225470004076,char_tfidf_v1
q_side_dish_02,26f69065-b92a-4afe-9313-a716d624f101,18,0.7334293115600177,char_tfidf_v1
q_side_dish_02,758d3108-bf4c-4d83-8bcb-3dcda9d5b34c,19,0.7318945740816271,char_tfidf_v1
q_side_dish_02,5f5c6fec-c857-488d-b282-f92aeafb5355,20,0.7298546919893933,char_tfidf_v1
q_side_dish_02,19a1a600-6c2d-4b11-b748-868de2bc7c37,21,0.7292906181107235,char_tfidf_v1
q_side_dish_02,400a0438-6ea6-452b-aa85-6c4704067bd3,22,0.7189659878132691,char_tfidf_v1
q_side_dish_02,7df1a71c-580b-406b-ba5a-f11f602dc463,23,0.7137311012824287,char_tfidf_v1
q_side_dish_02,54781833-d26c-4fcd-97d5-bde169fd977f,24,0.7125134546861609,char_tfidf_v1
q_side_dish_02,67000a87-4b07-4083-a94f-d8e4b0af0afd,25,0.7020161734130514,char_tfidf_v1
q_side_dish_02,53706764-3f12-4f2a-a5ae-79800a8af8a0,26,0.7006865633533156,char_tfidf_v1
q_side_dish_02,ea9d1945-f259-4166-9226-e9a01b679242,27,0.6971401431695353,char_tfidf_v1
q_side_dish_02,43ac3b9d-4d74-45b1-9118-e9a4894fac1d,28,0.6939316950126222,char_tfidf_v1
q_side_dish_02,97d0e15b-9a97-4054-8226-e42a013fb15d,29,0.6889327537555856,char_tfidf_v1
q_side_dish_02,3608f8a5-a23e-4e3d-be6c-144ea6187e61,30,0.6860626339503281,char_tfidf_v1
q_side_dish_02,4c14001a-c7d3-41c3-95ae-f09530fd9d22,31,0.674787752805612,char_tfidf_v1
q_side_dish_02,22d60d58-ccd2-470e-813e-8e198d45925f,32,0.6741447084458702,char_tfidf_v1
q_side_dish_02,44cc0426-5b11-4b2b-993c-57fe18e30eee,33,0.6691812950964116,char_tfidf_v1
q_side_dish_02,57997807-b8c5-4b37-845c-49df24431da7,34,0.6666491064858561,char_tfidf_v1
q_side_dish_02,2a15c2a6-f98b-4a6e-bb2c-00b826bb120c,35,0.6665090241096046,char_tfidf_v1
q_side_dish_02,ea73937c-cd0e-441a-b9e0-bf7a7f1b5367,36,0.6653766419910898,char_tfidf_v1
q_side_dish_02,33a74e6c-daea-4afa-b2b2-31cca3aed37d,37,0.6642443800797545,char_tfidf_v1
q_side_dish_02,6d1972d3-5852-465f-9756-a9ec80be64cc,38,0.6459604900939374,char_tfidf_v1
q_side_dish_02,39c29132-9266-4a69-81e5-98c62e49b4a5,39,0.641234578320602,char_tfidf_v1
q_side_dish_02,7a2e4c60-e9fa-4fdd-b42f-175214773202,40,0.6320946573695029,char_tfidf_v1
q_side_dish_03,76a3551b-dae4-4326-92cc-662015aedbfb,1,0.52160596094944,char_tfidf_v1
q_side_dish_03,0630599b-72bb-4b42-9de2-a26c2aab9aae,2,0.48648311080535234,char_tfidf_v1
q_side_dish_03,ba700003-d433-4456-b281-b42eb7f309a6,3,0.46990434685205545,char_tfidf_v1
q_side_dish_03,a93ba21a-d0a1-4cf8-8877-902657ab72d8,4,0.45241601159155703,char_tfidf_v1
q_side_dish_03,40cf4e56-206a-46b6-9fcd-fc3c992c1f5f,5,0.450577636993637,char_tfidf_v1
q_side_dish_03,0a138793-f11f-41cc-ba18-73f3c94d3a6b,6,0.4465021933034806,char_tfidf_v1
q_side_dish_03,122bddee-e0e3-452b-9d67-fe448ab27c07,7,0.44456748451057354,char_tfidf_v1
q_side_dish_03,ace88032-980a-4cd9-bc7b-b10ecfa61a8e,8,0.44189798575391837,char_tfidf_v1
q_side_dish_03,93cdc485-88fe-463d-b5df-f4978d3b5aee,9,0.4363485479898201,char_tfidf_v1
q_side_dish_03,484b1b89-25ce-4e66-ac5f-379846b5abc4,10,0.4363119035466738,char_tfidf_v1
q_side_dish_03,13817f50-60a8-4fed-858f-24eba275d6df,11,0.43224821462037616,char_tfidf_v1
q_side_dish_03,271114c7-0437-4af8-b2c8-e99f15699877,12,0.42994578927642657,char_tfidf_v1
q_side_dish_03,fa191eb7-d49e-4864-9ff7-1a1321f44a2b,13,0.4268259415586092,char_tfidf_v1
q_side_dish_03,4465beb9-ce80-4ecd-b21f-bb648c819479,14,0.42680632460271917,char_tfidf_v1
q_side_dish_03,1bc0b5f7-1137-407d-8ccd-6d4bf30f539f,15,0.41838213439865113,char_tfidf_v1
q_side_dish_03,e4bb3fba-10a1-4cd4-a8ec-6ce9a0d06fa4,16,0.41372610052186476,char_tfidf_v1
q_side_dish_03,c364337f-5d9b-4ddd-88dc-836a1c848d63,17,0.4075512132823693,char_tfidf_v1
q_side_dish_03,2743811c-5e71-4d2b-aa75-1b0147d44f2d,18,0.4039486278442423,char_tfidf_v1
q_side_dish_03,d9d413d3-4273-45b7-9388-5684806612fb,19,0.4027308816766534,char_tfidf_v1
q_side_dish_03,fe309d7b-2c0d-41be-b646-0eee6fa1f435,20,0.4023430115892902,char_tfidf_v1
q_side_dish_03,cdd5be12-eedc-4699-b0df-4101a4db0518,21,0.40221980401004787,char_tfidf_v1
q_side_dish_03,c111ac9d-3f3a-405c-a8db-4d127ccda9e2,22,0.4013988019616504,char_tfidf_v1
q_side_dish_03,4658bfbd-42d4-44fb-a444-501a71965109,23,0.3986407230345124,char_tfidf_v1
q_side_dish_03,0466a8b1-9b81-4cff-9d6a-a1b267e02528,24,0.3966646437497498,char_tfidf_v1
q_side_dish_03,9d4e4eb9-ba6a-4339-acb5-6167579e97f8,25,0.3966430957036954,char_tfidf_v1
q_side_dish_03,27f4955d-4ddf-411f-8b41-f4f3da51283a,26,0.3962083801810996,char_tfidf_v1
q_side_dish_03,4f8a79ee-cfd5-4d9c-a724-8a392828583d,27,0.3961990401893896,char_tfidf_v1
q_side_dish_03,d20bb194-2579-4090-a195-15a8f116f2df,28,0.3948782808929787,char_tfidf_v1
q_side_dish_03,16eda152-9c4c-42ef-8822-959642281854,29,0.3945065544881447,char_tfidf_v1
q_side_dish_03,c4598a58-12d0-4436-9018-f04834fece0c,30,0.39339095323721396,char_tfidf_v1
q_side_dish_03,62631faf-23c5-4d0f-a33e-50ee3df779b7,31,0.3926675854274383,char_tfidf_v1
q_side_dish_03,d186142e-6526-4882-a664-cb9327c80937,32,0.3925999700330653,char_tfidf_v1
q_side_dish_03,046f1a64-839c-4742-b374-3899eead5a59,33,0.3920764020331785,char_tfidf_v1
q_side_dish_03,7f847992-1881-4f5f-b7be-5a4b0202b23b,34,0.3909179262958035,char_tfidf_v1
q_side_dish_03,d83300cc-ea66-4498-b6a3-cb02449dc1f1,35,0.3906384657978721,char_tfidf_v1
q_side_dish_03,1e2f83f7-5f45-452c-8417-13e26568807b,36,0.3904385725508913,char_tfidf_v1
q_side_dish_03,6d9df444-6c1f-426b-a4b3-d47a8f6f3e79,37,0.3904385725508913,char_tfidf_v1
q_side_dish_03,9a6302f3-3aec-4f80-81a1-eede906d54f2,38,0.38994988108067025,char_tfidf_v1
q_side_dish_03,8e807cef-787e-444d-809f-93bead219baa,39,0.3891753310562022,char_tfidf_v1
q_side_dish_03,e42301ee-2538-487e-9e6b-9568dd8e56e3,40,0.3889796667418775,char_tfidf_v1
q_side_dish_04,0630599b-72bb-4b42-9de2-a26c2aab9aae,1,0.5927936317335649,char_tfidf_v1
q_side_dish_04,ba700003-d433-4456-b281-b42eb7f309a6,2,0.5725919320748474,char_tfidf_v1
q_side_dish_04,a93ba21a-d0a1-4cf8-8877-902657ab72d8,3,0.5512818936751935,char_tfidf_v1
q_side_dish_04,40cf4e56-206a-46b6-9fcd-fc3c992c1f5f,4,0.5490417814694818,char_tfidf_v1
q_side_dish_04,0a138793-f11f-41cc-ba18-73f3c94d3a6b,5,0.5440757363748967,char_tfidf_v1
q_side_dish_04,122bddee-e0e3-452b-9d67-fe448ab27c07,6,0.5417182381879697,char_tfidf_v1
q_side_dish_04,ace88032-980a-4cd9-bc7b-b10ecfa61a8e,7,0.5384653773430245,char_tfidf_v1
q_side_dish_04,93cdc485-88fe-463d-b5df-f4978d3b5aee,8,0.5317032281682806,char_tfidf_v1
q_side_dish_04,484b1b89-25ce-4e66-ac5f-379846b5abc4,9,0.5316585758626752,char_tfidf_v1
q_side_dish_04,13817f50-60a8-4fed-858f-24eba275d6df,10,0.5267068542851931,char_tfidf_v1
q_side_dish_04,271114c7-0437-4af8-b2c8-e99f15699877,11,0.5239012829279968,char_tfidf_v1
q_side_dish_04,fa191eb7-d49e-4864-9ff7-1a1321f44a2b,12,0.5200996589496454,char_tfidf_v1
q_side_dish_04,4465beb9-ce80-4ecd-b21f-bb648c819479,13,0.5200757551259209,char_tfidf_v1
q_side_dish_04,1bc0b5f7-1137-407d-8ccd-6d4bf30f539f,14,0.5098106376026902,char_tfidf_v1
q_side_dish_04,e4bb3fba-10a1-4cd4-a8ec-6ce9a0d06fa4,15,0.5041371267037702,char_tfidf_v1
q_side_dish_04,c364337f-5d9b-4ddd-88dc-836a1c848d63,16,0.4966128493939451,char_tfidf_v1
q_side_dish_04,d9d413d3-4273-45b7-9388-5684806612fb,17,0.4907391369972661,char_tfidf_v1
q_side_dish_04,fe309d7b-2c0d-41be-b646-0eee6fa1f435,18,0.4902665061646187,char_tfidf_v1
q_side_dish_04,cdd5be12-eedc-4699-b0df-4101a4db0518,19,0.49011637419346915,char_tfidf_v1
q_side_dish_04,4658bfbd-42d4-44fb-a444-501a71965109,20,0.48575516131139423,char_tfidf_v1
q_side_dish_04,0466a8b1-9b81-4cff-9d6a-a1b267e02528,21,0.4833472519928802,char_tfidf_v1
q_side_dish_04,9d4e4eb9-ba6a-4339-acb5-6167579e97f8,22,0.48332099508037146,char_tfidf_v1
q_side_dish_04,27f4955d-4ddf-411f-8b41-f4f3da51283a,23,0.48279128174051095,char_tfidf_v1
q_side_dish_04,4f8a79ee-cfd5-4d9c-a724-8a392828583d,24,0.48277990069257076,char_tfidf_v1
q_side_dish_04,d20bb194-2579-4090-a195-15a8f116f2df,25,0.4811705175864047,char_tfidf_v1
q_side_dish_04,16eda152-9c4c-42ef-8822-959642281854,26,0.48071755829421453,char_tfidf_v1
q_side_dish_04,c4598a58-12d0-4436-9018-f04834fece0c,27,0.4793581661541443,char_tfidf_v1
q_side_dish_04,62631faf-23c5-4d0f-a33e-50ee3df779b7,28,0.4784767217185375,char_tfidf_v1
q_side_dish_04,d186142e-6526-4882-a664-cb9327c80937,29,0.47839433042005,char_tfidf_v1
q_side_dish_04,046f1a64-839c-4742-b374-3899eead5a59,30,0.47775634778669906,char_tfidf_v1
q_side_dish_04,7f847992-1881-4f5f-b7be-5a4b0202b23b,31,0.4763447118544735,char_tfidf_v1
q_side_dish_04,d83300cc-ea66-4498-b6a3-cb02449dc1f1,32,0.4760041812177148,char_tfidf_v1
q_side_dish_04,6d9df444-6c1f-426b-a4b3-d47a8f6f3e79,33,0.475760605559681,char_tfidf_v1
q_side_dish_04,1e2f83f7-5f45-452c-8417-13e26568807b,34,0.475760605559681,char_tfidf_v1
q_side_dish_04,9a6302f3-3aec-4f80-81a1-eede906d54f2,35,0.47516512097862335,char_tfidf_v1
q_side_dish_04,8e807cef-787e-444d-809f-93bead219baa,36,0.4742213095455736,char_tfidf_v1
q_side_dish_04,e42301ee-2538-487e-9e6b-9568dd8e56e3,37,0.4739828869633442,char_tfidf_v1
q_side_dish_04,0a3c0ee1-95ea-4285-bf50-870e31a204f0,38,0.47273743643322497,char_tfidf_v1
q_side_dish_04,6a938315-629b-4f31-8ca1-b40a88b9532e,39,0.4723807965817982,char_tfidf_v1
q_side_dish_04,c27e8675-2c54-4ab4-92f7-fce229ba41cb,40,0.4721647167943745,char_tfidf_v1
q_shoes_01,9cd73ef3-ca9c-4815-9b1e-aadd62213ca1,1,1.0,char_tfidf_v1
q_shoes_01,0a9d199e-da1a-4582-9aff-13ff074e77c7,2,1.0,char_tfidf_v1
q_shoes_01,c469b1a6-6f58-49a4-86d6-6c86164f8365,3,0.9272214115455765,char_tfidf_v1
q_shoes_01,ac562872-f6bc-47fb-bb1d-ab7ca29406d2,4,0.9150361319278295,char_tfidf_v1
q_shoes_01,8c09cac3-57f1-4a4a-b315-c9c8cb962981,5,0.8861141836094322,char_tfidf_v1
q_shoes_01,7a9f59b9-88bb-4012-b64c-585c5aa13b6a,6,0.844301432019755,char_tfidf_v1
q_shoes_01,98cccd71-0982-4c23-8620-ad15e403c306,7,0.8329097222898372,char_tfidf_v1
q_shoes_01,db77e7c5-fd3e-41d9-9df7-8ccbd2cfbc3b,8,0.8181344808031387,char_tfidf_v1
q_shoes_01,fd010701-f6e5-4a20-a00a-06366e96730f,9,0.8174532816856368,char_tfidf_v1
q_shoes_01,8ad7d078-5f2b-4571-8c8b-7975fe5e5f43,10,0.8140514047632206,char_tfidf_v1
q_shoes_01,411370d9-8a5b-427d-bee0-e3653ecb824b,11,0.8130588967569994,char_tfidf_v1
q_shoes_01,579d08e7-ec81-42d9-b08b-253696d6e195,12,0.8103739805606409,char_tfidf_v1
q_shoes_01,1a7e01c9-4cdc-43b2-95ad-08c485344002,13,0.8084131183515346,char_tfidf_v1
q_shoes_01,d2ebb03e-7813-4d46-83da-beb367b395e1,14,0.8081614680894936,char_tfidf_v1
q_shoes_01,ac3e368d-3764-4790-ac03-64c0f7dadd30,15,0.8055999232931176,char_tfidf_v1
q_shoes_01,d1a9c9fd-fb1c-4d94-ae8c-3bffbf740c92,16,0.804746057467981,char_tfidf_v1
q_shoes_01,58514664-4012-42fb-a9ed-fff1eed19fc9,17,0.8027723978131677,char_tfidf_v1
q_shoes_01,2e7723d1-f905-43e1-aad1-a5b8ee00a8f0,18,0.8014642349073771,char_tfidf_v1
q_shoes_01,68096be0-9077-48e4-be05-5a2052ad495f,19,0.8006875726050987,char_tfidf_v1
q_shoes_01,d25b56d4-6e1e-43bc-9c48-909474ad52c7,20,0.7998670358237515,char_tfidf_v1
q_shoes_01,595d8dc3-6b63-4a3f-9842-daaaeaacd12e,21,0.7972012953547125,char_tfidf_v1
q_shoes_01,ef6cb7ea-9d67-4e79-9dbe-7b75f4797c1e,22,0.7965849594349241,char_tfidf_v1
q_shoes_01,613d820a-3c9a-49f3-9246-7980d075c3a6,23,0.7956410162809144,char_tfidf_v1
q_shoes_01,1b61b4b4-d234-4237-bb12-4521037b0b9f,24,0.7842435140663834,char_tfidf_v1
q_shoes_01,c4f7a025-a73f-4ba8-a506-0f8fbf2d1cd4,25,0.7827851903350351,char_tfidf_v1
q_shoes_01,f98c220c-0bc4-4f96-a2b5-8d0f43ff290b,26,0.7805212541892402,char_tfidf_v1
q_shoes_01,9ff7c2fe-eff4-4055-8b41-9e7f0fff69fb,27,0.7793071866788996,char_tfidf_v1
q_shoes_01,b81b7669-8983-4044-9368-266b22d589ad,28,0.7781824081253038,char_tfidf_v1
q_shoes_01,99827e4e-dcfb-4294-af71-23623294d858,29,0.7755738201281478,char_tfidf_v1
q_shoes_01,fc66e946-831a-4630-a8f2-d585868197b7,30,0.7716491311604868,char_tfidf_v1
q_shoes_01,61cf9f80-fbb6-417b-9430-8abbc6d079df,31,0.7698434304230475,char_tfidf_v1
q_shoes_01,4d0984ec-dbbb-432a-aa4c-29adc145999d,32,0.7676422633225561,char_tfidf_v1
q_shoes_01,fd1ab21b-0de7-430e-afa5-5500419b8dad,33,0.7670486980708108,char_tfidf_v1
q_shoes_01,5650208c-f39a-4335-a529-bc240f72e218,34,0.7660934965062992,char_tfidf_v1
q_shoes_01,e2552899-ff33-40d0-b842-718b0bdd913f,35,0.7657167284870534,char_tfidf_v1
q_shoes_01,76cc78f7-0b47-46d6-9475-c8381d1e9af7,36,0.7616923665411919,char_tfidf_v1
q_shoes_01,9f7d74b8-3250-4e99-90ff-692d1ad30be8,37,0.7612435887143916,char_tfidf_v1
q_shoes_01,93e5aded-fb8b-4e3a-86c7-9b545d9c03da,38,0.7593363437838752,char_tfidf_v1
q_shoes_01,3ed2fb56-5e77-4d1d-a6a3-954c8b9d00ee,39,0.759072173933429,char_tfidf_v1
q_shoes_01,c59b305a-de74-4cf4-a654-125199b8fede,40,0.7588907302753773,char_tfidf_v1
q_shoes_02,7d1f635a-858b-4190-bfa8-12bc824fd3d2,1,0.7026433851805947,char_tfidf_v1
q_shoes_02,b001d32a-9e0a-496d-a45e-2d5783e27f82,2,0.43268010463398543,char_tfidf_v1
q_shoes_02,25163280-c83e-4791-8a5d-513346141a97,3,0.4228518059110107,char_tfidf_v1
q_shoes_02,86cb92db-3d62-4613-9423-fe30dcf7c2b7,4,0.40785075464783993,char_tfidf_v1
q_shoes_02,c44d748f-2d9c-4689-bb87-0a3f53ebccbe,5,0.4067185435472275,char_tfidf_v1
q_shoes_02,45d6c65d-71e0-4416-b9b8-30c22755ee9d,6,0.3944990281990258,char_tfidf_v1
q_shoes_02,7aa41eb4-ca66-41be-b63d-dde50db4780b,7,0.37101283446749495,char_tfidf_v1
q_shoes_02,e62a1ee6-d596-40cf-b64f-da901af35994,8,0.3297223286111569,char_tfidf_v1
q_shoes_02,3fcb9038-92dc-4720-86ff-b6d664548c46,9,0.3290871819486784,char_tfidf_v1
q_shoes_02,b0d12be1-8fe8-471e-8108-9c3850098564,10,0.3042755772525518,char_tfidf_v1
q_shoes_02,c15b7d24-b90f-4edb-a4d7-38d243dad39e,11,0.3019816271602198,char_tfidf_v1
q_shoes_02,db77e7c5-fd3e-41d9-9df7-8ccbd2cfbc3b,12,0.280807877466307,char_tfidf_v1
q_shoes_02,7b8995cf-37fc-4f4f-aff3-156ffe3441c7,13,0.2777377382215834,char_tfidf_v1
q_shoes_02,ab649915-7ba4-4fcc-9588-daf4702a4eba,14,0.27574924274195695,char_tfidf_v1
q_shoes_02,9cd73ef3-ca9c-4815-9b1e-aadd62213ca1,15,0.2699545235061377,char_tfidf_v1
q_shoes_02,0a9d199e-da1a-4582-9aff-13ff074e77c7,16,0.2699545235061377,char_tfidf_v1
q_shoes_02,ffa782dc-e0ff-4365-8fd0-3e3c6440106d,17,0.267222395003386,char_tfidf_v1
q_shoes_02,53776ad6-4a97-4445-b7f6-e236725c5048,18,0.26720351445418444,char_tfidf_v1
q_shoes_02,fc66e946-831a-4630-a8f2-d585868197b7,19,0.26485273479389687,char_tfidf_v1
q_shoes_02,c59b305a-de74-4cf4-a654-125199b8fede,20,0.26047367541371425,char_tfidf_v1
q_shoes_02,253e10cf-4a33-4db2-8e33-9f947afa0c56,21,0.26016966474610176,char_tfidf_v1
q_shoes_02,b1eece7f-4a30-4985-8a59-f7b98885ac99,22,0.25534664504686505,char_tfidf_v1
q_shoes_02,5c55b609-2e0f-4319-b960-25580e714d4c,23,0.25446289800509003,char_tfidf_v1
q_shoes_02,5ba86170-2a4c-41be-a5d9-b118dd0e6b62,24,0.25401005949820993,char_tfidf_v1
q_shoes_02,6bcb6f87-0565-4425-9ca7-306adeede94f,25,0.25288406269412483,char_tfidf_v1
q_shoes_02,aa05555d-38e3-46c9-add2-b6f68fcf2214,26,0.25167468745489285,char_tfidf_v1
q_shoes_02,d45608ad-6b3e-4b89-a2c3-7be5e14027ee,27,0.2439383493372435,char_tfidf_v1
q_shoes_02,fd010701-f6e5-4a20-a00a-06366e96730f,28,0.23933313685738772,char_tfidf_v1
q_shoes_02,8c09cac3-57f1-4a4a-b315-c9c8cb962981,29,0.23921053220831448,char_tfidf_v1
q_shoes_02,151d1698-2503-4ffc-9e3b-bac014989306,30,0.23864345077733315,char_tfidf_v1
q_shoes_02,65163e4d-256a-42cf-8e21-9c561289e588,31,0.23840983358528284,char_tfidf_v1
q_shoes_02,4ed4c4e4-eba9-4f13-a775-40b1d4ecfb32,32,0.2359240950604643,char_tfidf_v1
q_shoes_02,5964c7cd-bcf5-49dd-8cf5-c5967b0fa149,33,0.23490218632882542,char_tfidf_v1
q_shoes_02,b6930828-0bf6-4236-9e08-7fabf1748282,34,0.23476143161653626,char_tfidf_v1
q_shoes_02,94c4bf2a-85e8-4856-a125-6d8d04a63c13,35,0.23343189613211948,char_tfidf_v1
q_shoes_02,08924258-ea57-439b-890c-7549332f776b,36,0.23324523430835079,char_tfidf_v1
q_shoes_02,cacafa3e-a69d-42db-8acd-6713cea63db0,37,0.2331460131000314,char_tfidf_v1
q_shoes_02,c469b1a6-6f58-49a4-86d6-6c86164f8365,38,0.23238804973915023,char_tfidf_v1
q_shoes_02,f12eab0f-9520-4105-9084-8a7ca2e7816a,39,0.2319150628661083,char_tfidf_v1
q_shoes_02,e5819632-d3c8-45a5-adca-3675ba074678,40,0.23123862681667887,char_tfidf_v1
q_shoes_03,76a3551b-dae4-4326-92cc-662015aedbfb,1,0.5276093157272754,char_tfidf_v1
q_shoes_03,0a9d199e-da1a-4582-9aff-13ff074e77c7,2,0.4679676421562981,char_tfidf_v1
q_shoes_03,9cd73ef3-ca9c-4815-9b1e-aadd62213ca1,3,0.4679676421562981,char_tfidf_v1
q_shoes_03,c469b1a6-6f58-49a4-86d6-6c86164f8365,4,0.43390961771781794,char_tfidf_v1
q_shoes_03,ac562872-f6bc-47fb-bb1d-ab7ca29406d2,5,0.4282073011460857,char_tfidf_v1
q_shoes_03,8c09cac3-57f1-4a4a-b315-c9c8cb962981,6,0.414672765184959,char_tfidf_v1
q_shoes_03,2743811c-5e71-4d2b-aa75-1b0147d44f2d,7,0.40859782111756043,char_tfidf_v1
q_shoes_03,c111ac9d-3f3a-405c-a8db-4d127ccda9e2,8,0.4060186483514187,char_tfidf_v1
q_shoes_03,7a9f59b9-88bb-4012-b64c-585c5aa13b6a,9,0.3951057504114708,char_tfidf_v1
q_shoes_03,98cccd71-0982-4c23-8620-ad15e403c306,10,0.3897747988690322,char_tfidf_v1
q_shoes_03,db77e7c5-fd3e-41d9-9df7-8ccbd2cfbc3b,11,0.38286046394821194,char_tfidf_v1
q_shoes_03,fd010701-f6e5-4a20-a00a-06366e96730f,12,0.38254168480335554,char_tfidf_v1
q_shoes_03,8ad7d078-5f2b-4571-8c8b-7975fe5e5f43,13,0.3809497164810667,char_tfidf_v1
q_shoes_03,411370d9-8a5b-427d-bee0-e3653ecb824b,14,0.380485254849574,char_tfidf_v1
q_shoes_03,579d08e7-ec81-42d9-b08b-253696d6e195,15,0.3792288009477769,char_tfidf_v1
q_shoes_03,1a7e01c9-4cdc-43b2-95ad-08c485344002,16,0.378311180883188,char_tfidf_v1
q_shoes_03,d2ebb03e-7813-4d46-83da-beb367b395e1,17,0.3781934167034127,char_tfidf_v1
q_shoes_03,ac3e368d-3764-4790-ac03-64c0f7dadd30,18,0.3769946966247748,char_tfidf_v1
q_shoes_03,d1a9c9fd-fb1c-4d94-ae8c-3bffbf740c92,19,0.37659511504786786,char_tfidf_v1
q_shoes_03,58514664-4012-42fb-a9ed-fff1eed19fc9,20,0.37567150619278583,char_tfidf_v1
q_shoes_03,2e7723d1-f905-43e1-aad1-a5b8ee00a8f0,21,0.3750593282822066,char_tfidf_v1
q_shoes_03,68096be0-9077-48e4-be05-5a2052ad495f,22,0.3746958754558578,char_tfidf_v1
q_shoes_03,d25b56d4-6e1e-43bc-9c48-909474ad52c7,23,0.3743118907929882,char_tfidf_v1
q_shoes_03,24456103-f6b8-46af-8655-82e61d7265d8,24,0.3738757037976666,char_tfidf_v1
q_shoes_03,595d8dc3-6b63-4a3f-9842-daaaeaacd12e,25,0.3730644105110914,char_tfidf_v1
q_shoes_03,ef6cb7ea-9d67-4e79-9dbe-7b75f4797c1e,26,0.3727759852439318,char_tfidf_v1
q_shoes_03,613d820a-3c9a-49f3-9246-7980d075c3a6,27,0.37233425039182033,char_tfidf_v1
q_shoes_03,1b61b4b4-d234-4237-bb12-4521037b0b9f,28,0.36700058815401504,char_tfidf_v1
q_shoes_03,c4f7a025-a73f-4ba8-a506-0f8fbf2d1cd4,29,0.36631813983595535,char_tfidf_v1
q_shoes_03,f98c220c-0bc4-4f96-a2b5-8d0f43ff290b,30,0.36525869097581537,char_tfidf_v1
q_shoes_03,9ff7c2fe-eff4-4055-8b41-9e7f0fff69fb,31,0.3646905466655827,char_tfidf_v1
q_shoes_03,b81b7669-8983-4044-9368-266b22d589ad,32,0.3641641866979085,char_tfidf_v1
q_shoes_03,99827e4e-dcfb-4294-af71-23623294d858,33,0.3629434519235222,char_tfidf_v1
q_shoes_03,fc66e946-831a-4630-a8f2-d585868197b7,34,0.3611068244811291,char_tfidf_v1
q_shoes_03,61cf9f80-fbb6-417b-9430-8abbc6d079df,35,0.3602618149645897,char_tfidf_v1
q_shoes_03,4d0984ec-dbbb-432a-aa4c-29adc145999d,36,0.35923173998658076,char_tfidf_v1
q_shoes_03,fd1ab21b-0de7-430e-afa5-5500419b8dad,37,0.3589539706552555,char_tfidf_v1
q_shoes_03,5650208c-f39a-4335-a529-bc240f72e218,38,0.3585069672313271,char_tfidf_v1
q_shoes_03,e2552899-ff33-40d0-b842-718b0bdd913f,39,0.3583306519897207,char_tfidf_v1
q_shoes_03,76cc78f7-0b47-46d6-9475-c8381d1e9af7,40,0.35644738081873234,char_tfidf_v1
q_shoes_04,9cd73ef3-ca9c-4815-9b1e-aadd62213ca1,1,0.5734593325433915,char_tfidf_v1
q_shoes_04,0a9d199e-da1a-4582-9aff-13ff074e77c7,2,0.5734593325433915,char_tfidf_v1
q_shoes_04,c469b1a6-6f58-49a4-86d6-6c86164f8365,3,0.5317237717848676,char_tfidf_v1
q_shoes_04,ac562872-f6bc-47fb-bb1d-ab7ca29406d2,4,0.5247360094684198,char_tfidf_v1
q_shoes_04,8c09cac3-57f1-4a4a-b315-c9c8cb962981,5,0.5081504482898972,char_tfidf_v1
q_shoes_04,7a9f59b9-88bb-4012-b64c-585c5aa13b6a,6,0.48417253567147833,char_tfidf_v1
q_shoes_04,98cccd71-0982-4c23-8620-ad15e403c306,7,0.4776398534132316,char_tfidf_v1
q_shoes_04,8c8c1d78-e52a-4bdf-bb11-507eeea86ce2,8,0.46939740087482423,char_tfidf_v1
q_shoes_04,db77e7c5-fd3e-41d9-9df7-8ccbd2cfbc3b,9,0.46916685329210206,char_tfidf_v1
q_shoes_04,fd010701-f6e5-4a20-a00a-06366e96730f,10,0.4687762133008503,char_tfidf_v1
q_shoes_04,8ad7d078-5f2b-4571-8c8b-7975fe5e5f43,11,0.46682537523152673,char_tfidf_v1
q_shoes_04,411370d9-8a5b-427d-bee0-e3653ecb824b,12,0.46625621225273517,char_tfidf_v1
q_shoes_04,579d08e7-ec81-42d9-b08b-253696d6e195,13,0.46471652200283636,char_tfidf_v1
q_shoes_04,1a7e01c9-4cdc-43b2-95ad-08c485344002,14,0.46359204726919273,char_tfidf_v1
q_shoes_04,d2ebb03e-7813-4d46-83da-beb367b395e1,15,0.4634477360778884,char_tfidf_v1
q_shoes_04,ac3e368d-3764-4790-ac03-64c0f7dadd30,16,0.46197879430867855,char_tfidf_v1
q_shoes_04,d1a9c9fd-fb1c-4d94-ae8c-3bffbf740c92,17,0.46148913698251415,char_tfidf_v1
q_shoes_04,58514664-4012-42fb-a9ed-fff1eed19fc9,18,0.46035732343419705,char_tfidf_v1
q_shoes_04,2e7723d1-f905-43e1-aad1-a5b8ee00a8f0,19,0.4596071452073843,char_tfidf_v1
q_shoes_04,68096be0-9077-48e4-be05-5a2052ad495f,20,0.4591617609619083,char_tfidf_v1
q_shoes_04,d25b56d4-6e1e-43bc-9c48-909474ad52c7,21,0.4586912164869495,char_tfidf_v1
q_shoes_04,595d8dc3-6b63-4a3f-9842-daaaeaacd12e,22,0.4571625227368405,char_tfidf_v1
q_shoes_04,ef6cb7ea-9d67-4e79-9dbe-7b75f4797c1e,23,0.4568090791516562,char_tfidf_v1
q_shoes_04,613d820a-3c9a-49f3-9246-7980d075c3a6,24,0.4562677661405989,char_tfidf_v1
q_shoes_04,1b61b4b4-d234-4237-bb12-4521037b0b9f,25,0.44973176212799204,char_tfidf_v1
q_shoes_04,c4f7a025-a73f-4ba8-a506-0f8fbf2d1cd4,26,0.4488954727743809,char_tfidf_v1
q_shoes_04,f98c220c-0bc4-4f96-a2b5-8d0f43ff290b,27,0.4475971974632925,char_tfidf_v1
q_shoes_04,9ff7c2fe-eff4-4055-8b41-9e7f0fff69fb,28,0.44690097911915,char_tfidf_v1
q_shoes_04,b81b7669-8983-4044-9368-266b22d589ad,29,0.4462559643605458,char_tfidf_v1
q_shoes_04,99827e4e-dcfb-4294-af71-23623294d858,30,0.44476004522881607,char_tfidf_v1
q_shoes_04,fc66e946-831a-4630-a8f2-d585868197b7,31,0.44250939571298076,char_tfidf_v1
q_shoes_04,61cf9f80-fbb6-417b-9430-8abbc6d079df,32,0.44147389977331575,char_tfidf_v1
q_shoes_04,4d0984ec-dbbb-432a-aa4c-29adc145999d,33,0.4402116199570514,char_tfidf_v1
q_shoes_04,fd1ab21b-0de7-430e-afa5-5500419b8dad,34,0.4398712344239646,char_tfidf_v1
q_shoes_04,5650208c-f39a-4335-a529-bc240f72e218,35,0.43932346517233534,char_tfidf_v1
q_shoes_04,e2552899-ff33-40d0-b842-718b0bdd913f,36,0.439107404035495,char_tfidf_v1
q_shoes_04,76cc78f7-0b47-46d6-9475-c8381d1e9af7,37,0.4367995961201082,char_tfidf_v1
q_shoes_04,9f7d74b8-3250-4e99-90ff-692d1ad30be8,38,0.436542240287091,char_tfidf_v1
q_shoes_04,93e5aded-fb8b-4e3a-86c7-9b545d9c03da,39,0.43544851288224024,char_tfidf_v1
q_shoes_04,3ed2fb56-5e77-4d1d-a6a3-954c8b9d00ee,40,0.4352970222161254,char_tfidf_v1
q_fruit_01,d250e4cb-997d-44f8-8d99-5d9505ec8cb4,1,1.0,char_tfidf_v1
q_fruit_01,3f3531a1-d993-45ae-b188-2104998253c6,2,0.9679938839075424,char_tfidf_v1
q_fruit_01,12def721-d9b2-4401-8120-605d3bae375f,3,0.9421113911722568,char_tfidf_v1
q_fruit_01,8898592e-9850-4e53-97c8-a0ff37691b52,4,0.9182634760616579,char_tfidf_v1
q_fruit_01,e59beb2f-b57b-492e-a2c5-00d05b73edf7,5,0.890086440759041,char_tfidf_v1
q_fruit_01,3847397b-c8df-4285-91bd-f01548bf6a31,6,0.8858155020767958,char_tfidf_v1
q_fruit_01,8019268d-e8c3-49c6-b65d-eb3fb8e3a55f,7,0.8764777681711573,char_tfidf_v1
q_fruit_01,07aa9211-faba-46ea-bda8-0efd60f4653c,8,0.8721945991138023,char_tfidf_v1
q_fruit_01,36fbb793-24e5-4f3f-948e-522b0f86b8b9,9,0.8684242305069929,char_tfidf_v1
q_fruit_01,31b0bfe3-cac5-47f0-867d-5552d8f0972a,10,0.8550740314698333,char_tfidf_v1
q_fruit_01,bb18c45d-9514-47c4-9b16-0ba51cbff6a7,11,0.8549656017024518,char_tfidf_v1
q_fruit_01,fc9c60d0-c242-4b7f-9b09-60db435a59e0,12,0.8499423286504351,char_tfidf_v1
q_fruit_01,3e6e7885-b089-490d-9743-1d67ef9371cc,13,0.8480927881653006,char_tfidf_v1
q_fruit_01,90837a7f-5899-4589-905d-b1f91f48d97b,14,0.8453169418700991,char_tfidf_v1
q_fruit_01,d10dba74-a1e7-4a6b-8160-4138ddb6e7da,15,0.8407659889263198,char_tfidf_v1
q_fruit_01,b17526ac-af8d-4e0e-97b4-3cbf29acda2a,16,0.8385341492835963,char_tfidf_v1
q_fruit_01,fff524d9-2b80-4495-8a50-3e99039afa1a,17,0.8318701689491985,char_tfidf_v1
q_fruit_01,ab7abf3b-c86c-46b7-a254-9e9124bd1cda,18,0.8091994830924787,char_tfidf_v1
q_fruit_01,06a818b2-847f-414f-89e8-b103f4ae145e,19,0.8088770395775695,char_tfidf_v1
q_fruit_01,614d06b5-966b-4be0-9167-68ce2dc9bcda,20,0.8074246813116636,char_tfidf_v1
q_fruit_01,656f192f-72d8-4531-aec0-18bd03d05bc6,21,0.7985200509183785,char_tfidf_v1
q_fruit_01,fece4c59-3bea-4bda-8a9d-16d4ee800626,22,0.7930561292812467,char_tfidf_v1
q_fruit_01,4ccfa149-b4f6-4212-9bb7-414643477abe,23,0.7927150680418457,char_tfidf_v1
q_fruit_01,bc8b2639-3ddc-4af2-a5c0-457ad0ca686b,24,0.7921741533188844,char_tfidf_v1
q_fruit_01,84de0b35-60d6-46d3-b0aa-79e52ffe213f,25,0.7898261539169328,char_tfidf_v1
q_fruit_01,be3c13d0-5946-4b75-a158-c67fbb8308c6,26,0.7896103854130954,char_tfidf_v1
q_fruit_01,103c83f7-8510-4eb0-b9b0-e85633c1a7a1,27,0.7896103854130954,char_tfidf_v1
q_fruit_01,de1dc1a1-abbd-42c1-9293-6af8c390a9ce,28,0.7884751272999403,char_tfidf_v1
q_fruit_01,2acea435-157a-42b2-82f0-0bfe6b5e3be5,29,0.7881898753208958,char_tfidf_v1
q_fruit_01,ccfff857-f617-48ed-b6a5-c33281c34fa6,30,0.7793421912354379,char_tfidf_v1
q_fruit_01,69073e4f-39a1-4bb2-9d42-ca57b18cb03a,31,0.7786212023645772,char_tfidf_v1
q_fruit_01,451f66e8-a8aa-442e-8899-8a22fe952437,32,0.775164030379708,char_tfidf_v1
q_fruit_01,cae8849b-5676-4b4a-973f-ba74b776d48e,33,0.7712336434270882,char_tfidf_v1
q_fruit_01,0af5f838-4190-4a50-8032-c9982143d578,34,0.7697316109056009,char_tfidf_v1
q_fruit_01,edceee03-fbb0-4c43-86af-b46c94360a83,35,0.7683210714642005,char_tfidf_v1
q_fruit_01,75f6cb49-965b-48ee-bf8f-c1847c903d0a,36,0.7656937072460848,char_tfidf_v1
q_fruit_01,03bdb89c-b551-49dc-a73f-54cf757bd138,37,0.7618755983056232,char_tfidf_v1
q_fruit_01,e56873ad-306b-4938-bac5-8dfae6a8e5b6,38,0.7611801014621148,char_tfidf_v1
q_fruit_01,6ff4937b-ccca-4a5d-8e35-f886f595a6ab,39,0.7609724488840331,char_tfidf_v1
q_fruit_01,165b3625-5da0-4998-af46-c016619a2e7c,40,0.7583912422992976,char_tfidf_v1
q_fruit_02,e39b8488-36cd-4e8b-b0d5-4d2efbec2753,1,0.9294627884578912,char_tfidf_v1
q_fruit_02,6e9628d9-9629-49bb-9e86-4e5cc48111ab,2,0.9254228604301942,char_tfidf_v1
q_fruit_02,e3dd8f9a-1df3-4fc1-9498-0e7486a53ddb,3,0.9249508708962355,char_tfidf_v1
q_fruit_02,e8a4c29d-5d25-4811-a090-87aed2bc36ee,4,0.8614336089881942,char_tfidf_v1
q_fruit_02,9a8b5c35-c520-4766-8ddc-5ee5c3d8ebac,5,0.8365921725324538,char_tfidf_v1
q_fruit_02,5444e513-9990-42bc-abd9-478248fc96d8,6,0.8325726433558466,char_tfidf_v1
q_fruit_02,d12f6e37-4857-431d-9b73-676cda68e32f,7,0.8280067586883219,char_tfidf_v1
q_fruit_02,17a2274f-0831-4ead-9795-f90266cd9281,8,0.8271030434298694,char_tfidf_v1
q_fruit_02,ebb39eca-8eac-486c-b4c4-4b3f81834c67,9,0.8261023705390926,char_tfidf_v1
q_fruit_02,83978001-a61e-45cb-98e9-9fbc8206d741,10,0.8251981990512474,char_tfidf_v1
q_fruit_02,f4dd1c5a-190f-4228-b2f9-9fd2102bef4e,11,0.8138329251148024,char_tfidf_v1
q_fruit_02,e93b2223-be1b-49b0-9020-262d652bb635,12,0.8133604309516477,char_tfidf_v1
q_fruit_02,ea3c6a0d-4c52-4ad7-a550-136a6b17867d,13,0.8027950844774443,char_tfidf_v1
q_fruit_02,02df6136-5744-4c9b-82ab-c4db06db06dd,14,0.7958142622056149,char_tfidf_v1
q_fruit_02,fb215998-cd77-4314-b499-d9c728e8154b,15,0.7919814802414042,char_tfidf_v1
q_fruit_02,2bfe9b0c-0a92-453d-baaf-20cfe5b6beb9,16,0.7894349551110911,char_tfidf_v1
q_fruit_02,b947c61d-3d08-4754-88ed-625729405770,17,0.7859648105335773,char_tfidf_v1
q_fruit_02,f94dd518-390d-47c1-87aa-5fc4d38b7874,18,0.7850498660082534,char_tfidf_v1
q_fruit_02,ab38e245-8b35-4dc0-8909-211671aef03d,19,0.784891862986306,char_tfidf_v1
q_fruit_02,7b678ee6-c33e-4a5d-a65b-15ae98fafc4e,20,0.7846869703990709,char_tfidf_v1
q_fruit_02,5f3cdb6c-dc4f-4580-9ca2-9d2a5f9a0253,21,0.7821451598303355,char_tfidf_v1
q_fruit_02,90c31c33-0a1b-4bb0-b2c4-e187d07c7131,22,0.7805915624792965,char_tfidf_v1
q_fruit_02,171766d8-8c80-4cd1-b1db-b3592fce76b5,23,0.7725124538938839,char_tfidf_v1
q_fruit_02,71641fe6-0a0d-4389-8ecd-ef673505a29c,24,0.76684139997376,char_tfidf_v1
q_fruit_02,4a8397a3-de7f-44d2-b086-efd9a2edd503,25,0.7643464491079662,char_tfidf_v1
q_fruit_02,56208649-90ac-47d2-b2e3-9f5c976f45b5,26,0.7626130670897884,char_tfidf_v1
q_fruit_02,293d05ce-5d72-4cc5-8276-aff33abcb5e7,27,0.7104471003224552,char_tfidf_v1
q_fruit_02,697395b5-04b2-4981-9407-7628fbd8c3c6,28,0.7002455328560682,char_tfidf_v1
q_fruit_02,cc1c1483-6a34-4695-b072-14b443dc1ef9,29,0.6997897688391659,char_tfidf_v1
q_fruit_02,5a0493ce-758b-430f-a0f7-f62a79a199b0,30,0.6903556899722801,char_tfidf_v1
q_fruit_02,dda52a9d-a0ad-42db-bade-4dda08c5a717,31,0.6880204882113922,char_tfidf_v1
q_fruit_02,c1a32c54-0797-4415-97c7-72472557746e,32,0.6820865577348825,char_tfidf_v1
q_fruit_02,811c55cf-5557-4d73-a16b-ccaae8570b68,33,0.6810768072139401,char_tfidf_v1
q_fruit_02,0c51b967-d106-4c6e-b0d8-04bd27020a49,34,0.680102621013636,char_tfidf_v1
q_fruit_02,3d2f8d35-0289-499c-8a07-7622c9253f30,35,0.6781459374829648,char_tfidf_v1
q_fruit_02,95b1193b-02d6-4f41-89e9-fdab099113d6,36,0.6766199919002277,char_tfidf_v1
q_fruit_02,9121585f-9531-4b30-b007-dd0d5f4843bd,37,0.6755351532314142,char_tfidf_v1
q_fruit_02,a7921497-2475-4903-8aef-14639c431f76,38,0.6680902369255441,char_tfidf_v1
q_fruit_02,948ae9b5-6e9e-44f6-b405-fa4b348e9413,39,0.666961932017755,char_tfidf_v1
q_fruit_02,8ac8fe0c-9e2d-4a95-b0b8-b510b1f54f46,40,0.6661397529529126,char_tfidf_v1
q_fruit_03,76a3551b-dae4-4326-92cc-662015aedbfb,1,0.5314676603412082,char_tfidf_v1
q_fruit_03,d250e4cb-997d-44f8-8d99-5d9505ec8cb4,2,0.4555536563375816,char_tfidf_v1
q_fruit_03,3f3531a1-d993-45ae-b188-2104998253c6,3,0.44097315312649743,char_tfidf_v1
q_fruit_03,12def721-d9b2-4401-8120-605d3bae375f,4,0.42918228892580723,char_tfidf_v1
q_fruit_03,8898592e-9850-4e53-97c8-a0ff37691b52,5,0.41831828400114557,char_tfidf_v1
q_fruit_03,2743811c-5e71-4d2b-aa75-1b0147d44f2d,6,0.41158584872696774,char_tfidf_v1
q_fruit_03,c111ac9d-3f3a-405c-a8db-4d127ccda9e2,7,0.4089878147749939,char_tfidf_v1
q_fruit_03,e59beb2f-b57b-492e-a2c5-00d05b73edf7,8,0.40548213254428533,char_tfidf_v1
q_fruit_03,3847397b-c8df-4285-91bd-f01548bf6a31,9,0.403536490811595,char_tfidf_v1
q_fruit_03,8019268d-e8c3-49c6-b65d-eb3fb8e3a55f,10,0.399282651988974,char_tfidf_v1
q_fruit_03,07aa9211-faba-46ea-bda8-0efd60f4653c,11,0.39733143866418386,char_tfidf_v1
q_fruit_03,36fbb793-24e5-4f3f-948e-522b0f86b8b9,12,0.39561383345961143,char_tfidf_v1
q_fruit_03,31b0bfe3-cac5-47f0-867d-5552d8f0972a,13,0.38953210147539896,char_tfidf_v1
q_fruit_03,bb18c45d-9514-47c4-9b16-0ba51cbff6a7,14,0.3894827058984124,char_tfidf_v1
q_fruit_03,fc9c60d0-c242-4b7f-9b09-60db435a59e0,15,0.38719433549278415,char_tfidf_v1
q_fruit_03,3e6e7885-b089-490d-9743-1d67ef9371cc,16,0.38635177056223685,char_tfidf_v1
q_fruit_03,90837a7f-5899-4589-905d-b1f91f48d97b,17,0.3850872236330266,char_tfidf_v1
q_fruit_03,d10dba74-a1e7-4a6b-8160-4138ddb6e7da,18,0.3830140203796677,char_tfidf_v1
q_fruit_03,b17526ac-af8d-4e0e-97b4-3cbf29acda2a,19,0.3819972976700658,char_tfidf_v1
q_fruit_03,fff524d9-2b80-4495-8a50-3e99039afa1a,20,0.37896149706296917,char_tfidf_v1
q_fruit_03,24456103-f6b8-46af-8655-82e61d7265d8,21,0.3766098126638825,char_tfidf_v1
q_fruit_03,ab7abf3b-c86c-46b7-a254-9e9124bd1cda,22,0.36863378322925966,char_tfidf_v1
q_fruit_03,06a818b2-847f-414f-89e8-b103f4ae145e,23,0.3684868929070805,char_tfidf_v1
q_fruit_03,614d06b5-966b-4be0-9167-68ce2dc9bcda,24,0.367825265788735,char_tfidf_v1
q_fruit_03,656f192f-72d8-4531-aec0-18bd03d05bc6,25,0.36376872885473926,char_tfidf_v1
q_fruit_03,fece4c59-3bea-4bda-8a9d-16d4ee800626,26,0.36127961937500175,char_tfidf_v1
q_fruit_03,4ccfa149-b4f6-4212-9bb7-414643477abe,27,0.36112424768035767,char_tfidf_v1
q_fruit_03,bc8b2639-3ddc-4af2-a5c0-457ad0ca686b,28,0.3608778320005458,char_tfidf_v1
q_fruit_03,84de0b35-60d6-46d3-b0aa-79e52ffe213f,29,0.3598081922879082,char_tfidf_v1
q_fruit_03,103c83f7-8510-4eb0-b9b0-e85633c1a7a1,30,0.35970989815706267,char_tfidf_v1
q_fruit_03,be3c13d0-5946-4b75-a158-c67fbb8308c6,31,0.35970989815706267,char_tfidf_v1
q_fruit_03,de1dc1a1-abbd-42c1-9293-6af8c390a9ce,32,0.359192727172728,char_tfidf_v1
q_fruit_03,2acea435-157a-42b2-82f0-0bfe6b5e3be5,33,0.3590627795906966,char_tfidf_v1
q_fruit_03,ccfff857-f617-48ed-b6a5-c33281c34fa6,34,0.3550321847554465,char_tfidf_v1
q_fruit_03,69073e4f-39a1-4bb2-9d42-ca57b18cb03a,35,0.35470373563914726,char_tfidf_v1
q_fruit_03,451f66e8-a8aa-442e-8899-8a22fe952437,36,0.35312880830085225,char_tfidf_v1
q_fruit_03,cae8849b-5676-4b4a-973f-ba74b776d48e,37,0.3513383061537647,char_tfidf_v1
q_fruit_03,0af5f838-4190-4a50-8032-c9982143d578,38,0.35065404974666314,char_tfidf_v1
q_fruit_03,edceee03-fbb0-4c43-86af-b46c94360a83,39,0.3500114733467249,char_tfidf_v1
q_fruit_03,75f6cb49-965b-48ee-bf8f-c1847c903d0a,40,0.3488145679706317,char_tfidf_v1
q_fruit_04,d250e4cb-997d-44f8-8d99-5d9505ec8cb4,1,0.5603138345932616,char_tfidf_v1
q_fruit_04,3f3531a1-d993-45ae-b188-2104998253c6,2,0.5423803649550596,char_tfidf_v1
q_fruit_04,12def721-d9b2-4401-8120-605d3bae375f,3,0.5278780462017194,char_tfidf_v1
q_fruit_04,8898592e-9850-4e53-97c8-a0ff37691b52,4,0.5145157294390451,char_tfidf_v1
q_fruit_04,e59beb2f-b57b-492e-a2c5-00d05b73edf7,5,0.49872774674116616,char_tfidf_v1
q_fruit_04,3847397b-c8df-4285-91bd-f01548bf6a31,6,0.4963346807108047,char_tfidf_v1
q_fruit_04,8019268d-e8c3-49c6-b65d-eb3fb8e3a55f,7,0.491102619219725,char_tfidf_v1
q_fruit_04,07aa9211-faba-46ea-bda8-0efd60f4653c,8,0.4887027003409871,char_tfidf_v1
q_fruit_04,36fbb793-24e5-4f3f-948e-522b0f86b8b9,9,0.48659011064907565,char_tfidf_v1
q_fruit_04,31b0bfe3-cac5-47f0-867d-5552d8f0972a,10,0.4791098094339815,char_tfidf_v1
q_fruit_04,bb18c45d-9514-47c4-9b16-0ba51cbff6a7,11,0.47904905473523596,char_tfidf_v1
q_fruit_04,fc9c60d0-c242-4b7f-9b09-60db435a59e0,12,0.47623444534925147,char_tfidf_v1
q_fruit_04,3e6e7885-b089-490d-9743-1d67ef9371cc,13,0.4751981222277904,char_tfidf_v1
q_fruit_04,90837a7f-5899-4589-905d-b1f91f48d97b,14,0.47364277714588443,char_tfidf_v1
q_fruit_04,d10dba74-a1e7-4a6b-8160-4138ddb6e7da,15,0.47109281525090196,char_tfidf_v1
q_fruit_04,b17526ac-af8d-4e0e-97b4-3cbf29acda2a,16,0.46984228462249034,char_tfidf_v1
q_fruit_04,fff524d9-2b80-4495-8a50-3e99039afa1a,17,0.4661083642476699,char_tfidf_v1
q_fruit_04,e2928b97-168c-4bcd-925c-deeb35510489,18,0.46242646730342996,char_tfidf_v1
q_fruit_04,ab7abf3b-c86c-46b7-a254-9e9124bd1cda,19,0.45340566532243176,char_tfidf_v1
q_fruit_04,06a818b2-847f-414f-89e8-b103f4ae145e,20,0.45322499576015335,char_tfidf_v1
q_fruit_04,614d06b5-966b-4be0-9167-68ce2dc9bcda,21,0.4524112193309804,char_tfidf_v1
q_fruit_04,656f192f-72d8-4531-aec0-18bd03d05bc6,22,0.4474218317296832,char_tfidf_v1
q_fruit_04,fece4c59-3bea-4bda-8a9d-16d4ee800626,23,0.4443603208452648,char_tfidf_v1
q_fruit_04,4ccfa149-b4f6-4212-9bb7-414643477abe,24,0.4441692195143849,char_tfidf_v1
q_fruit_04,bc8b2639-3ddc-4af2-a5c0-457ad0ca686b,25,0.4438661375117744,char_tfidf_v1
q_fruit_04,84de0b35-60d6-46d3-b0aa-79e52ffe213f,26,0.4425505209632442,char_tfidf_v1
q_fruit_04,be3c13d0-5946-4b75-a158-c67fbb8308c6,27,0.4424296228854747,char_tfidf_v1
q_fruit_04,103c83f7-8510-4eb0-b9b0-e85633c1a7a1,28,0.4424296228854747,char_tfidf_v1
q_fruit_04,de1dc1a1-abbd-42c1-9293-6af8c390a9ce,29,0.44179352205883965,char_tfidf_v1
q_fruit_04,2acea435-157a-42b2-82f0-0bfe6b5e3be5,30,0.44163369142863584,char_tfidf_v1
q_fruit_04,ccfff857-f617-48ed-b6a5-c33281c34fa6,31,0.43667621163144316,char_tfidf_v1
q_fruit_04,69073e4f-39a1-4bb2-9d42-ca57b18cb03a,32,0.4362722315925122,char_tfidf_v1
q_fruit_04,451f66e8-a8aa-442e-8899-8a22fe952437,33,0.43433513030082177,char_tfidf_v1
q_fruit_04,cae8849b-5676-4b4a-973f-ba74b776d48e,34,0.43213288011596396,char_tfidf_v1
q_fruit_04,0af5f838-4190-4a50-8032-c9982143d578,35,0.4312912705141656,char_tfidf_v1
q_fruit_04,edceee03-fbb0-4c43-86af-b46c94360a83,36,0.43050092575090965,char_tfidf_v1
q_fruit_04,75f6cb49-965b-48ee-bf8f-c1847c903d0a,37,0.429028777230984,char_tfidf_v1
q_fruit_04,03bdb89c-b551-49dc-a73f-54cf757bd138,38,0.42688943796965917,char_tfidf_v1
q_fruit_04,e56873ad-306b-4938-bac5-8dfae6a8e5b6,39,0.42649974146632547,char_tfidf_v1
q_fruit_04,6ff4937b-ccca-4a5d-8e35-f886f595a6ab,40,0.42638339085403737,char_tfidf_v1
q_vegetable_01,d1ae37a7-f14f-4ee7-a867-00daf67c85b7,1,0.9295419493294007,char_tfidf_v1
q_vegetable_01,f17cb0af-297f-419e-86db-a1dca61eaab8,2,0.9182348262308528,char_tfidf_v1
q_vegetable_01,29e43063-7953-4c44-91ca-a9a49e4d3010,3,0.8657127550638105,char_tfidf_v1
q_vegetable_01,dc36b3cd-55a1-4ef4-8b39-1207ee18740b,4,0.8657127550638105,char_tfidf_v1
q_vegetable_01,2cfe44c9-9d8a-4ecd-bbde-e6da2ad1fcc7,5,0.8607491526965455,char_tfidf_v1
q_vegetable_01,545c6f7a-bb0e-4ebe-a9e4-40fccb81edc6,6,0.8582015855243741,char_tfidf_v1
q_vegetable_01,94638f05-9b77-4863-80e1-6277f5899822,7,0.8582015855243741,char_tfidf_v1
q_vegetable_01,c5e297ee-9dde-43ca-8d25-53aed83d978a,8,0.8185764300183677,char_tfidf_v1
q_vegetable_01,83cd06b0-592a-4e4f-b484-e1f030c92cca,9,0.8140883646214179,char_tfidf_v1
q_vegetable_01,cac8c80b-14e1-4f0e-b478-3337738723d2,10,0.8098113818362971,char_tfidf_v1
q_vegetable_01,3ed38013-1009-4b72-ba3f-b10030148289,11,0.806880210042024,char_tfidf_v1
q_vegetable_01,1d0d828a-3ee4-4945-b3ce-9a54efea4289,12,0.8060570043932866,char_tfidf_v1
q_vegetable_01,0a47fa4a-19fd-4c00-841d-e16bd6a3c84a,13,0.8048125605906847,char_tfidf_v1
q_vegetable_01,cb0c9232-ca19-47a1-bc4c-f0fc7c27e1fb,14,0.7975694113921535,char_tfidf_v1
q_vegetable_01,b4504ce7-bda5-4ee1-9b9e-fa8f54d33cd7,15,0.792870014312913,char_tfidf_v1
q_vegetable_01,bf528295-96f2-4795-909b-df66a23757c5,16,0.7753758272707334,char_tfidf_v1
q_vegetable_01,5f35d1eb-8806-45cb-8310-e69661deebd8,17,0.7743075243836419,char_tfidf_v1
q_vegetable_01,b78dda6f-90f1-4cbe-8341-58fe3462ffb4,18,0.769642740097592,char_tfidf_v1
q_vegetable_01,818419b2-9ff4-49f6-ae74-cfe3d1197d81,19,0.7692984914899209,char_tfidf_v1
q_vegetable_01,dcd770eb-a73f-42e7-ab46-771f314bce93,20,0.7678058417392803,char_tfidf_v1
q_vegetable_01,e007b87d-1c63-4958-91e1-24d453f10328,21,0.7509889934641603,char_tfidf_v1
q_vegetable_01,a67ec970-f6ac-4314-832a-4ad66d5057d7,22,0.7499153932613907,char_tfidf_v1
q_vegetable_01,1ca7b792-9350-4c78-88ce-80d12cf01a50,23,0.7414839558303119,char_tfidf_v1
q_vegetable_01,888c448d-238d-4979-abc2-7e881ff6c69c,24,0.7409688262071457,char_tfidf_v1
q_vegetable_01,f0eb8b35-0121-430d-8331-d318c13cc957,25,0.7328336187572831,char_tfidf_v1
q_vegetable_01,cf6c7a39-a366-488a-86a9-50052bb87e00,26,0.7261299327968975,char_tfidf_v1
q_vegetable_01,8c66ee33-f10b-458a-bf68-f345576fb68c,27,0.7255172349961407,char_tfidf_v1
q_vegetable_01,5bc3d4b3-d1b8-4f90-8afe-cfec5dc14045,28,0.7245183315251877,char_tfidf_v1
q_vegetable_01,31515898-39ad-48c0-958a-50643dfe32ce,29,0.7245183315251877,char_tfidf_v1
q_vegetable_01,edb50940-6320-4d5c-9e83-ceae4f1e967f,30,0.7237723652152337,char_tfidf_v1
q_vegetable_01,a50d9588-45fd-4e3c-8f9c-22121b7280af,31,0.7228794643081949,char_tfidf_v1
q_vegetable_01,f8a10401-ff1a-40ee-9067-281a1d4518d8,32,0.7215770398203265,char_tfidf_v1
q_vegetable_01,aaf9d1eb-4cb7-4e16-88f5-d2b91bf480ae,33,0.7141542299034238,char_tfidf_v1
q_vegetable_01,98cebc98-8d67-4b55-bf6d-60919650d41a,34,0.7119877284131646,char_tfidf_v1
q_vegetable_01,b1b1c759-5ecd-4c2a-a695-cc5800e6e584,35,0.7024586635526354,char_tfidf_v1
q_vegetable_01,6d1c0565-84e3-4504-969a-2e55246817f2,36,0.7018593354818743,char_tfidf_v1
q_vegetable_01,063d7960-6be9-4765-b6a3-ad8b0bbe656f,37,0.7014737566440253,char_tfidf_v1
q_vegetable_01,a1283b81-ade9-47ab-8235-28bfa73cdec6,38,0.700811039052815,char_tfidf_v1
q_vegetable_01,8af5ba21-3e03-42c8-9fb8-36ebb0651c6b,39,0.6989110249357463,char_tfidf_v1
q_vegetable_01,340131e4-e488-467c-93a1-c2c1a38c97fc,40,0.6958682198276401,char_tfidf_v1
q_vegetable_02,bbe5cca7-e37a-44f6-a94a-94e0dd85243e,1,0.9482190287780121,char_tfidf_v1
q_vegetable_02,45629af1-7f77-40b6-baaf-c8f833278a94,2,0.9319377122781002,char_tfidf_v1
q_vegetable_02,7c8050e5-ae3e-4e86-9a04-af76b4619b75,3,0.7843358445611686,char_tfidf_v1
q_vegetable_02,9dbe0617-8eba-4b00-b2c1-63f46a410bcf,4,0.7506640862884779,char_tfidf_v1
q_vegetable_02,909320cd-f6c5-48da-b2e1-7f24c5d634fd,5,0.7333727289194589,char_tfidf_v1
q_vegetable_02,a6d0fd38-4bb2-4f68-9374-27e4568234ca,6,0.7314006116575749,char_tfidf_v1
q_vegetable_02,bce0ff4d-8e8b-4a27-8693-fa2127904e47,7,0.7073149811032688,char_tfidf_v1
q_vegetable_02,9cd6e166-3c23-4f36-ad12-018a73bd02c3,8,0.6188146686432903,char_tfidf_v1
q_vegetable_02,c50fb70f-de10-490a-b1b5-04eb3509718c,9,0.6131312797870758,char_tfidf_v1
q_vegetable_02,b3f739b1-7c41-4540-8eb8-98ff2c24921f,10,0.6063618758183145,char_tfidf_v1
q_vegetable_02,5786346a-30e8-41fd-9cf0-c2769e0dfde9,11,0.5823318190826172,char_tfidf_v1
q_vegetable_02,879dba5b-f947-4eca-ac46-1a1747d70e05,12,0.5688830089163158,char_tfidf_v1
q_vegetable_02,aa7b0fbb-dd94-4e98-94c9-0e6855415d80,13,0.5688830089163158,char_tfidf_v1
q_vegetable_02,bc7818ab-5c79-4488-92e7-5365da7c12c1,14,0.5625716541973691,char_tfidf_v1
q_vegetable_02,54da37ff-3af1-4033-9ab6-26d2d52c42dd,15,0.5618488725968448,char_tfidf_v1
q_vegetable_02,7f77cf9a-adae-446b-aa48-3e7e673be7ab,16,0.5596589086048528,char_tfidf_v1
q_vegetable_02,c03221ec-685c-4424-9338-555aeef71fda,17,0.5239250057597784,char_tfidf_v1
q_vegetable_02,325d5262-10f4-4d71-a760-9c3424e61119,18,0.5033026213815627,char_tfidf_v1
q_vegetable_02,8d8f2f05-64fe-4f19-b85e-54281cdb3022,19,0.4915418090275339,char_tfidf_v1
q_vegetable_02,0f608550-91f7-4b11-a6f1-2a320696280f,20,0.44383694008437546,char_tfidf_v1
q_vegetable_02,200f925a-5372-40fc-bef6-7121cda3f85d,21,0.4073703198346278,char_tfidf_v1
q_vegetable_02,5ba86170-2a4c-41be-a5d9-b118dd0e6b62,22,0.28987409105161527,char_tfidf_v1
q_vegetable_02,4ed4c4e4-eba9-4f13-a775-40b1d4ecfb32,23,0.2692345442850815,char_tfidf_v1
q_vegetable_02,0ea864eb-7aac-40cc-a5df-37d6470f9ec7,24,0.22093447484292622,char_tfidf_v1
q_vegetable_02,547be72a-2b08-4865-acc9-efec48cc1450,25,0.22052790647565465,char_tfidf_v1
q_vegetable_02,b0d12be1-8fe8-471e-8108-9c3850098564,26,0.21598217299345734,char_tfidf_v1
q_vegetable_02,c15b7d24-b90f-4edb-a4d7-38d243dad39e,27,0.21435387166821115,char_tfidf_v1
q_vegetable_02,38d33dd0-da61-4784-bac4-f0d8ecbe6d79,28,0.20888950999959477,char_tfidf_v1
q_vegetable_02,0174d58f-3182-48ce-9bb7-0818d21a6763,29,0.20120370449224892,char_tfidf_v1
q_vegetable_02,7fdbfbd2-930f-4329-a225-ca7b797e3274,30,0.20120370449224892,char_tfidf_v1
q_vegetable_02,7b8995cf-37fc-4f4f-aff3-156ffe3441c7,31,0.19714497221574998,char_tfidf_v1
q_vegetable_02,ab649915-7ba4-4fcc-9588-daf4702a4eba,32,0.1957334899714129,char_tfidf_v1
q_vegetable_02,b33fb268-ff1b-47e7-b88b-7677d73c0384,33,0.19389563454389006,char_tfidf_v1
q_vegetable_02,ffa782dc-e0ff-4365-8fd0-3e3c6440106d,34,0.18968092696261019,char_tfidf_v1
q_vegetable_02,53776ad6-4a97-4445-b7f6-e236725c5048,35,0.1896675250915803,char_tfidf_v1
q_vegetable_02,114102e4-7128-4d86-bafb-3a197fcbe666,36,0.1847038071345572,char_tfidf_v1
q_vegetable_02,253e10cf-4a33-4db2-8e33-9f947afa0c56,37,0.1846747282388768,char_tfidf_v1
q_vegetable_02,e61f2d1f-8027-499a-af62-2244a8ad5558,38,0.18162385481492216,char_tfidf_v1
q_vegetable_02,b1eece7f-4a30-4985-8a59-f7b98885ac99,39,0.18125123206334645,char_tfidf_v1
q_vegetable_02,5c55b609-2e0f-4319-b960-25580e714d4c,40,0.18062392701250216,char_tfidf_v1
q_vegetable_03,76a3551b-dae4-4326-92cc-662015aedbfb,1,0.5233549303395901,char_tfidf_v1
q_vegetable_03,7fdbfbd2-930f-4329-a225-ca7b797e3274,2,0.4811842099958056,char_tfidf_v1
q_vegetable_03,0174d58f-3182-48ce-9bb7-0818d21a6763,3,0.4811842099958055,char_tfidf_v1
q_vegetable_03,d92b7520-22e8-4f13-b2c6-1eb40f26a376,4,0.4482566445532963,char_tfidf_v1
q_vegetable_03,a2db608a-080c-4af6-b0ab-ac197595f3f8,5,0.44785262566370243,char_tfidf_v1
q_vegetable_03,d19b3de6-4ddc-444e-9f05-82025eb1d7d6,6,0.43736872418190387,char_tfidf_v1
q_vegetable_03,54a6fba6-87e9-4f1e-bb69-287da8b6b49f,7,0.4268185803121494,char_tfidf_v1
q_vegetable_03,547be72a-2b08-4865-acc9-efec48cc1450,8,0.41614264462156325,char_tfidf_v1
q_vegetable_03,8bb83aa6-dcc0-47be-80b9-50c422cc1024,9,0.4132482647624919,char_tfidf_v1
q_vegetable_03,b15231c9-07aa-4d31-9c9e-611b56f7614b,10,0.4073965117012861,char_tfidf_v1
q_vegetable_03,2743811c-5e71-4d2b-aa75-1b0147d44f2d,11,0.4053030866468348,char_tfidf_v1
q_vegetable_03,67023459-41ed-45c3-a5de-e5d4bb552c93,12,0.4039134986552924,char_tfidf_v1
q_vegetable_03,cbde5229-a947-400e-8b14-8f986136869f,13,0.40334343970054787,char_tfidf_v1
q_vegetable_03,c111ac9d-3f3a-405c-a8db-4d127ccda9e2,14,0.4027447110777885,char_tfidf_v1
q_vegetable_03,1cc31f70-4db9-4cac-bde3-d77a405f7d88,15,0.4017196171015615,char_tfidf_v1
q_vegetable_03,4153b473-b7ad-4814-b6f0-07ab68bed172,16,0.40102459853373545,char_tfidf_v1
q_vegetable_03,a1060dd9-cf09-4aab-b7c0-32da97cb9a52,17,0.3963622434982028,char_tfidf_v1
q_vegetable_03,a9aa7a13-c281-4b12-b3e7-f70506128348,18,0.39522690215720097,char_tfidf_v1
q_vegetable_03,77199ec6-6205-4911-83a3-bad17d8b19fb,19,0.3945739469024421,char_tfidf_v1
q_vegetable_03,38d33dd0-da61-4784-bac4-f0d8ecbe6d79,20,0.3941806482189152,char_tfidf_v1
q_vegetable_03,09f5bb3f-dfa0-4037-b9d8-8355f7a5e900,21,0.3925440332866077,char_tfidf_v1
q_vegetable_03,163fad72-4b20-402c-beee-d6813b64210a,22,0.3872075313389718,char_tfidf_v1
q_vegetable_03,a25b522a-58a4-41e3-96db-5666e39f4486,23,0.3864228904676597,char_tfidf_v1
q_vegetable_03,566dd58f-9081-4d60-b591-35b8d7a1384f,24,0.3861095609331706,char_tfidf_v1
q_vegetable_03,12793542-a6b9-4d91-933c-013481c83e89,25,0.38563053707742634,char_tfidf_v1
q_vegetable_03,68620e4a-20c8-4cb4-a5a8-661ad20e238f,26,0.3816446772787468,char_tfidf_v1
q_vegetable_03,c89872f7-7a0e-4e4b-905a-e116a10d65b9,27,0.3815495234185705,char_tfidf_v1
q_vegetable_03,3526b88c-624e-427b-9369-30ee70b121b8,28,0.3811720572891184,char_tfidf_v1
q_vegetable_03,5eb01bb1-b190-493d-ac36-30e486161eb5,29,0.38041071591421294,char_tfidf_v1
q_vegetable_03,10e4b9b6-662b-436c-b9b7-b82677f0ecd8,30,0.3802145267077197,char_tfidf_v1
q_vegetable_03,8e80de93-306c-420f-9a8e-bc873e29a22f,31,0.37919039542790883,char_tfidf_v1
q_vegetable_03,65fce9a0-7e51-4c12-b7a2-f38a6359734a,32,0.37796332683468553,char_tfidf_v1
q_vegetable_03,a22e3618-fa0d-4fe5-ba30-eddbc2082903,33,0.37521183669432046,char_tfidf_v1
q_vegetable_03,0d8ef83e-b4ad-49e5-8c89-5ab441c6fe4e,34,0.37521183669432046,char_tfidf_v1
q_vegetable_03,c6fb138b-4b0a-4ca6-b7f1-5ddfd1906b2b,35,0.37521183669432046,char_tfidf_v1
q_vegetable_03,48db5bd7-0043-4781-9174-a29b826ac87e,36,0.37480316149885384,char_tfidf_v1
q_vegetable_03,f19fad50-cf70-4c77-9d0c-050e1962ac04,37,0.37209235310453714,char_tfidf_v1
q_vegetable_03,24456103-f6b8-46af-8655-82e61d7265d8,38,0.3708609516247357,char_tfidf_v1
q_vegetable_03,5ab92d1a-7d3f-4d6a-a019-4f1a2ee7b1bd,39,0.36898290291164476,char_tfidf_v1
q_vegetable_03,3a9a5b6c-7637-4271-90f5-993ce8312d59,40,0.36847628088558576,char_tfidf_v1
q_vegetable_04,d1ae37a7-f14f-4ee7-a867-00daf67c85b7,1,0.6233917294895372,char_tfidf_v1
q_vegetable_04,f17cb0af-297f-419e-86db-a1dca61eaab8,2,0.5502845527679802,char_tfidf_v1
q_vegetable_04,29e43063-7953-4c44-91ca-a9a49e4d3010,3,0.5188088521988344,char_tfidf_v1
q_vegetable_04,dc36b3cd-55a1-4ef4-8b39-1207ee18740b,4,0.5188088521988344,char_tfidf_v1
q_vegetable_04,2cfe44c9-9d8a-4ecd-bbde-e6da2ad1fcc7,5,0.5158342387004549,char_tfidf_v1
q_vegetable_04,94638f05-9b77-4863-80e1-6277f5899822,6,0.5143075193668623,char_tfidf_v1
q_vegetable_04,545c6f7a-bb0e-4ebe-a9e4-40fccb81edc6,7,0.5143075193668623,char_tfidf_v1
q_vegetable_04,c5e297ee-9dde-43ca-8d25-53aed83d978a,8,0.4905607496375007,char_tfidf_v1
q_vegetable_04,83cd06b0-592a-4e4f-b484-e1f030c92cca,9,0.4878711184133271,char_tfidf_v1
q_vegetable_04,cac8c80b-14e1-4f0e-b478-3337738723d2,10,0.485307985876994,char_tfidf_v1
q_vegetable_04,3ed38013-1009-4b72-ba3f-b10030148289,11,0.48355137796601055,char_tfidf_v1
q_vegetable_04,1d0d828a-3ee4-4945-b3ce-9a54efea4289,12,0.4830580429940502,char_tfidf_v1
q_vegetable_04,0a47fa4a-19fd-4c00-841d-e16bd6a3c84a,13,0.48231226622562745,char_tfidf_v1
q_vegetable_04,cb0c9232-ca19-47a1-bc4c-f0fc7c27e1fb,14,0.47797155402055214,char_tfidf_v1
q_vegetable_04,b4504ce7-bda5-4ee1-9b9e-fa8f54d33cd7,15,0.475155274844294,char_tfidf_v1
q_vegetable_04,bf528295-96f2-4795-909b-df66a23757c5,16,0.4646712672489155,char_tfidf_v1
q_vegetable_04,5f35d1eb-8806-45cb-8310-e69661deebd8,17,0.4640310491264371,char_tfidf_v1
q_vegetable_04,b78dda6f-90f1-4cbe-8341-58fe3462ffb4,18,0.4612355128852941,char_tfidf_v1
q_vegetable_04,818419b2-9ff4-49f6-ae74-cfe3d1197d81,19,0.461029209785366,char_tfidf_v1
q_vegetable_04,cf37e640-c099-4140-abd3-f07ab9878881,20,0.46054249251467244,char_tfidf_v1
q_vegetable_04,dcd770eb-a73f-42e7-ab46-771f314bce93,21,0.46013468686268183,char_tfidf_v1
q_vegetable_04,e007b87d-1c63-4958-91e1-24d453f10328,22,0.4500565983741115,char_tfidf_v1
q_vegetable_04,a67ec970-f6ac-4314-832a-4ad66d5057d7,23,0.44941320564868237,char_tfidf_v1
q_vegetable_04,1ca7b792-9350-4c78-88ce-80d12cf01a50,24,0.4443603698779054,char_tfidf_v1
q_vegetable_04,888c448d-238d-4979-abc2-7e881ff6c69c,25,0.44405166031233034,char_tfidf_v1
q_vegetable_04,f0eb8b35-0121-430d-8331-d318c13cc957,26,0.4391763507887327,char_tfidf_v1
q_vegetable_04,cf6c7a39-a366-488a-86a9-50052bb87e00,27,0.435158930924851,char_tfidf_v1
q_vegetable_04,8c66ee33-f10b-458a-bf68-f345576fb68c,28,0.43479175019325605,char_tfidf_v1
q_vegetable_04,31515898-39ad-48c0-958a-50643dfe32ce,29,0.43419312211461075,char_tfidf_v1
q_vegetable_04,5bc3d4b3-d1b8-4f90-8afe-cfec5dc14045,30,0.43419312211461075,char_tfidf_v1
q_vegetable_04,edb50940-6320-4d5c-9e83-ceae4f1e967f,31,0.4337460755361903,char_tfidf_v1
q_vegetable_04,a50d9588-45fd-4e3c-8f9c-22121b7280af,32,0.43321097322656343,char_tfidf_v1
q_vegetable_04,f8a10401-ff1a-40ee-9067-281a1d4518d8,33,0.4324304494908621,char_tfidf_v1
q_vegetable_04,aaf9d1eb-4cb7-4e16-88f5-d2b91bf480ae,34,0.4279820692740378,char_tfidf_v1
q_vegetable_04,98cebc98-8d67-4b55-bf6d-60919650d41a,35,0.4266837169685255,char_tfidf_v1
q_vegetable_04,b1b1c759-5ecd-4c2a-a695-cc5800e6e584,36,0.4209730893106773,char_tfidf_v1
q_vegetable_04,6d1c0565-84e3-4504-969a-2e55246817f2,37,0.42061392086056104,char_tfidf_v1
q_vegetable_04,063d7960-6be9-4765-b6a3-ad8b0bbe656f,38,0.42038284916486696,char_tfidf_v1
q_vegetable_04,a1283b81-ade9-47ab-8235-28bfa73cdec6,39,0.41998569231253147,char_tfidf_v1
q_vegetable_04,8af5ba21-3e03-42c8-9fb8-36ebb0651c6b,40,0.41884704194903377,char_tfidf_v1
q_seafood_01,82c0edd5-bb6d-4e3b-8e47-a3cad97cea75,1,0.9066502602219007,char_tfidf_v1
q_seafood_01,99d55467-b3a1-419f-be5d-3d803a3d8468,2,0.9066502602219007,char_tfidf_v1
q_seafood_01,623060f1-cc6d-43a5-8bc2-5a1483e9889c,3,0.9059863690164885,char_tfidf_v1
q_seafood_01,32acf482-6940-4d15-8160-3971ea30a346,4,0.8795174554723013,char_tfidf_v1
q_seafood_01,0f2761cc-59c9-4a9f-8519-887e898a6c21,5,0.8735105755948278,char_tfidf_v1
q_seafood_01,23c3af81-9348-4baf-998b-66077ae4b276,6,0.8712452653179229,char_tfidf_v1
q_seafood_01,63bc7227-c40e-4131-9061-a94570f2591e,7,0.8500608472967157,char_tfidf_v1
q_seafood_01,df79c67e-b4bc-4bc1-9989-66267be7da31,8,0.8430111276560877,char_tfidf_v1
q_seafood_01,2f93fe93-50dd-4ffd-8915-e5047ee97f27,9,0.8422271141835542,char_tfidf_v1
q_seafood_01,cc5350e1-229f-4d9c-a431-4c09701df79f,10,0.8395864249006411,char_tfidf_v1
q_seafood_01,eb27f0ec-48a7-4dbc-acc9-ead762d4ab15,11,0.8379515462055543,char_tfidf_v1
q_seafood_01,fc99b06d-341b-491e-b33a-2b7157dd7d38,12,0.8345904442222194,char_tfidf_v1
q_seafood_01,02faca98-629e-48a7-b384-f1efb6b03b0c,13,0.8313710705782951,char_tfidf_v1
q_seafood_01,69ccf875-ccb8-410e-9336-d2d8cd4be945,14,0.8290070792996167,char_tfidf_v1
q_seafood_01,47bb37ee-51f3-4aaf-9f21-7ff318f82ef3,15,0.8173149764435601,char_tfidf_v1
q_seafood_01,fb2624dd-f80d-44e0-9c5b-8e62e7580400,16,0.8155772863028827,char_tfidf_v1
q_seafood_01,0338c9e2-acfe-4b95-a627-b1ee62d800a4,17,0.7999108571397486,char_tfidf_v1
q_seafood_01,2e9487ee-4825-4ee1-9b41-5777d0a99d6e,18,0.7994492461684566,char_tfidf_v1
q_seafood_01,c74e3b87-89db-4284-be87-ffaf30cb0001,19,0.7879671256394589,char_tfidf_v1
q_seafood_01,b2ba525d-999b-43a1-b6ef-046cc82349de,20,0.772806933268932,char_tfidf_v1
q_seafood_01,b73c597b-ad7b-4431-af35-802415dc7be8,21,0.7609804692918196,char_tfidf_v1
q_seafood_01,a6a35c8e-0399-42eb-9626-fbb24da1d413,22,0.7521550411472988,char_tfidf_v1
q_seafood_01,1a99e1f9-a3b3-486d-b2f7-e358f286bb95,23,0.7511865717213909,char_tfidf_v1
q_seafood_01,a0abc246-2341-4454-aab1-f968da88a862,24,0.7428948366259936,char_tfidf_v1
q_seafood_01,dd2bdb77-8a80-4f9d-818e-1681badac833,25,0.7408464292936424,char_tfidf_v1
q_seafood_01,0498f096-c9ea-4ca5-bf41-2bea89c7f968,26,0.7326867051675291,char_tfidf_v1
q_seafood_01,1fff1937-63b6-40de-b03c-6cc9006c5742,27,0.7307683297913506,char_tfidf_v1
q_seafood_01,528a2096-1bac-4795-b37f-49d21759ccb7,28,0.7289384457649428,char_tfidf_v1
q_seafood_01,96d320fd-1704-42d5-b421-4dd10fd93020,29,0.7249969613632286,char_tfidf_v1
q_seafood_01,515b1c2a-8c96-4906-9a24-f1388a5367ad,30,0.7244450055728916,char_tfidf_v1
q_seafood_01,ce4fad41-7b6a-4275-9ad9-f4260eef6e17,31,0.7235544599416618,char_tfidf_v1
q_seafood_01,3d838a54-3333-43d1-b914-cf21df2babf1,32,0.7230515148536608,char_tfidf_v1
q_seafood_01,a8a490f7-2a1e-4f3c-909b-4fc5bf2c5f2f,33,0.7229686003389018,char_tfidf_v1
q_seafood_01,f7991058-93ba-4e61-9370-bae3bb8bcda8,34,0.71995426038741,char_tfidf_v1
q_seafood_01,9b21374d-b396-48aa-a602-207404c4dd0c,35,0.7199409643316255,char_tfidf_v1
q_seafood_01,28a4ed7c-ee5a-4ad9-998c-c55148d01ed2,36,0.7182921972081243,char_tfidf_v1
q_seafood_01,8b874bfd-b23d-42e2-bb65-56624b7f35c6,37,0.7116135324325662,char_tfidf_v1
q_seafood_01,1afbf2ad-4511-4dd9-aaa1-c7717a2e753a,38,0.710387024154202,char_tfidf_v1
q_seafood_01,a2dbd405-51a2-4844-ae21-647749ab7894,39,0.7103774154769742,char_tfidf_v1
q_seafood_01,b73e0346-121b-4092-9916-e4733992a989,40,0.7038950069927535,char_tfidf_v1
q_seafood_02,f2fa327e-e6c8-4be1-80f7-0fafc0eb3d68,1,0.9454370999646671,char_tfidf_v1
q_seafood_02,5a1261cc-3882-4c42-8f25-6b1092b5ee20,2,0.9454370999646671,char_tfidf_v1
q_seafood_02,46b87ca3-96d0-437d-a35e-32807787080a,3,0.9131166420699771,char_tfidf_v1
q_seafood_02,3a51a8da-a810-424e-882d-f9d4cc6f0b31,4,0.9131166420699771,char_tfidf_v1
q_seafood_02,c9b22b1d-2077-41cc-bbe5-7c68bf8dc7fb,5,0.7514075302416208,char_tfidf_v1
q_seafood_02,b6feb932-ddba-4f6a-a495-259a91b539a1,6,0.7365071171513012,char_tfidf_v1
q_seafood_02,ab92020b-1fa3-4351-9322-28a848b6d0f5,7,0.7293941662601731,char_tfidf_v1
q_seafood_02,e671a54b-686e-448b-9474-308ac2f4cef9,8,0.7271959329459526,char_tfidf_v1
q_seafood_02,3968be8a-e03e-4a3e-bf45-d6d923a56c75,9,0.721101772933715,char_tfidf_v1
q_seafood_02,65119698-0626-42bb-a45c-4dd819846c06,10,0.7179503863517471,char_tfidf_v1
q_seafood_02,11e2c3e3-d170-49d6-bc52-77d4f5daef55,11,0.7127606120669163,char_tfidf_v1
q_seafood_02,9cdbc05e-dc4f-4e5c-a70e-5213ac6dbdb0,12,0.7117121691011219,char_tfidf_v1
q_seafood_02,02154607-4d89-4ae5-ad98-7452ebaf1baf,13,0.7012329495400846,char_tfidf_v1
q_seafood_02,4b72e8f8-17b1-4bea-ba72-fb03413724d8,14,0.6978487664137357,char_tfidf_v1
q_seafood_02,9ec0c0a7-d449-4d9e-898e-f9c06ffa90e5,15,0.6968557640677726,char_tfidf_v1
q_seafood_02,315e0ae4-48ca-4462-9a34-92a07f1aceec,16,0.6743646646022864,char_tfidf_v1
q_seafood_02,372fe992-c835-4e24-b41b-79dc5cd86284,17,0.6732727124264735,char_tfidf_v1
q_seafood_02,1ff7ef01-0006-44c1-9d7c-d0ec93bd917a,18,0.670667738313291,char_tfidf_v1
q_seafood_02,97d47447-4ba7-4704-af74-b8879bb34e90,19,0.6703035083780949,char_tfidf_v1
q_seafood_02,ca67df90-fe23-47c1-a015-2e69d3ac46f1,20,0.6510788413784965,char_tfidf_v1
q_seafood_02,920c3491-0cdd-40dd-ae6d-73a989df2566,21,0.6421598543888802,char_tfidf_v1
q_seafood_02,769381ed-3edd-49af-b525-a4985241b0c6,22,0.6327797689920148,char_tfidf_v1
q_seafood_02,f72a0ccb-f9fe-4883-96d7-3d5a672c82e2,23,0.606403379897476,char_tfidf_v1
q_seafood_02,8858d4ce-7b97-4269-9680-7aa2b651e8ed,24,0.583241118702121,char_tfidf_v1
q_seafood_02,4988d5c0-160c-4264-8841-13e020a8d566,25,0.5723506511610681,char_tfidf_v1
q_seafood_02,a9c7f7f1-6f8b-4c45-ac07-e4b894859952,26,0.5700249302889894,char_tfidf_v1
q_seafood_02,7aa43293-3821-4031-a9b1-451f1348f433,27,0.5679549050253043,char_tfidf_v1
q_seafood_02,9fa7ac32-a0de-4b31-9ce7-c6264a82e287,28,0.5598789194779322,char_tfidf_v1
q_seafood_02,35cf2d69-ba17-4590-b7f4-44ee2bf423bb,29,0.5571305329815465,char_tfidf_v1
q_seafood_02,f55141e1-86e1-45e2-bbba-4de8ddf45164,30,0.5481717833481431,char_tfidf_v1
q_seafood_02,faa4dbc5-691a-464d-affe-5e1fa3fb58c3,31,0.5314294054442363,char_tfidf_v1
q_seafood_02,ec325e17-e85e-4e60-956f-27129badaf0f,32,0.5156842004741057,char_tfidf_v1
q_seafood_02,6d943d4e-358f-4d3c-980e-21ce9c742695,33,0.5091145721624191,char_tfidf_v1
q_seafood_02,5cce312c-16d3-467d-aeba-6b784f390ec0,34,0.4976119919580069,char_tfidf_v1
q_seafood_02,9518f00a-5b47-4212-af27-954d31e6b8cf,35,0.49538420142472406,char_tfidf_v1
q_seafood_02,b4f2186a-46c2-4e3e-9a68-01937776ca2f,36,0.48625513466750336,char_tfidf_v1
q_seafood_02,269ae136-bca9-4912-95ed-c269260ac75e,37,0.4715851370780747,char_tfidf_v1
q_seafood_02,ba43612b-ce92-4c84-98e8-8f3f1ee1b406,38,0.45984152992746924,char_tfidf_v1
q_seafood_02,1377b677-9d21-4a9b-a28e-cb4614aa239d,39,0.45303107012340094,char_tfidf_v1
q_seafood_02,704fe731-e3fd-42ac-bdf6-95beed55dda9,40,0.4337287273949526,char_tfidf_v1
q_seafood_03,a87d9091-cfb1-4404-87fe-fac9fc88f969,1,0.5625104100952216,char_tfidf_v1
q_seafood_03,67de312b-60dd-4d89-9b71-dd479a57212f,2,0.5583344873181505,char_tfidf_v1
q_seafood_03,cb555ef8-aca2-446c-a819-e646dbb00d14,3,0.5546749318165413,char_tfidf_v1
q_seafood_03,77dc91df-69fe-447b-9766-7ca8be2f7912,4,0.5453128130212477,char_tfidf_v1
q_seafood_03,80ea62f6-fafe-43fa-8198-ea06fda62f4b,5,0.5354981184909785,char_tfidf_v1
q_seafood_03,2827ddee-256b-4aa7-ac52-248a84818771,6,0.5320077686525877,char_tfidf_v1
q_seafood_03,789b1367-9da6-4b76-86c2-fdf96e5fedad,7,0.5251648165971611,char_tfidf_v1
q_seafood_03,bfe0f34a-908c-40a1-aa04-055825e53da5,8,0.521699270028733,char_tfidf_v1
q_seafood_03,081228e7-6107-4933-9b5d-eeb158010286,9,0.5139117151705124,char_tfidf_v1
q_seafood_03,300eeb90-4760-42b8-9de1-a4b66f4463ac,10,0.5119218719053644,char_tfidf_v1
q_seafood_03,1ca624a5-320c-4477-a569-941cc1bf2e9e,11,0.5102367954555,char_tfidf_v1
q_seafood_03,3f4b7db6-27c4-4ead-a391-5ae661d7e225,12,0.5078221093288791,char_tfidf_v1
q_seafood_03,c51cbfe8-f19d-4c8c-b893-0c5a9baf83b2,13,0.5000158056653662,char_tfidf_v1
q_seafood_03,a92cd8d9-6f93-44b4-98be-75a18acb1667,14,0.49462486644933684,char_tfidf_v1
q_seafood_03,47f89ae8-af3e-46b7-8f18-262cbb449a33,15,0.4933091778101884,char_tfidf_v1
q_seafood_03,8755096a-eb8f-4c28-86d7-c02cb41140c7,16,0.4896644806528103,char_tfidf_v1
q_seafood_03,ccedb1dd-dc6d-44de-95fb-7fcb4d72d032,17,0.48132274118058765,char_tfidf_v1
q_seafood_03,74c89370-aa17-46d2-bbd2-bf690fa810f6,18,0.4736053076485931,char_tfidf_v1
q_seafood_03,875fe014-0bc4-4fac-b82b-1ce58589cdfc,19,0.47256340702104216,char_tfidf_v1
q_seafood_03,559ad30f-a7cf-423c-b8fc-017690d93b59,20,0.46812804520620077,char_tfidf_v1
q_seafood_03,899af6fc-93b0-49d9-871a-0f7f97817ffd,21,0.4672398029612941,char_tfidf_v1
q_seafood_03,0c3b8779-121d-47f0-849c-682b3472b490,22,0.46461281737177096,char_tfidf_v1
q_seafood_03,76a3551b-dae4-4326-92cc-662015aedbfb,23,0.4627598088152447,char_tfidf_v1
q_seafood_03,c1b5f7cd-108b-4415-8101-717e70ba478f,24,0.46243702107227047,char_tfidf_v1
q_seafood_03,c13f74d6-e954-4ec0-beb0-9dd4099184a8,25,0.4603264768636743,char_tfidf_v1
q_seafood_03,6d2967fa-a63c-483f-9aa6-db9e7fe58cc4,26,0.45802885111517905,char_tfidf_v1
q_seafood_03,f611aa53-e25b-40e3-b7ea-6dee91d055a1,27,0.4563923910198766,char_tfidf_v1
q_seafood_03,ba51c21a-ba2a-421a-80da-695b00bd127c,28,0.45572510884032613,char_tfidf_v1
q_seafood_03,9eb1af95-5a43-458f-862e-1ac3122e9a34,29,0.45455418788804014,char_tfidf_v1
q_seafood_03,3161afba-0d9e-4c94-8797-3f85599bf5f6,30,0.4541998795958936,char_tfidf_v1
q_seafood_03,58da5bf1-394e-47ba-abf5-94805807e50f,31,0.4529075421904138,char_tfidf_v1
q_seafood_03,20736d47-260a-49c1-b5f3-faede9645a9f,32,0.450485113013428,char_tfidf_v1
q_seafood_03,dbf1c2e8-b9d2-42fb-a867-53014dc657d4,33,0.4467426196068963,char_tfidf_v1
q_seafood_03,afee9ad5-32c5-4ad7-bc9e-6a0fe292bebe,34,0.445553504383981,char_tfidf_v1
q_seafood_03,35b9a58f-7cb1-45d9-990e-89675412b1c4,35,0.44536634455156104,char_tfidf_v1
q_seafood_03,8d6a5b3f-d491-4527-9561-f10701869f2e,36,0.4436808763603881,char_tfidf_v1
q_seafood_03,68f1b8c3-648f-4b9d-bd31-225c07068ea4,37,0.44348616399606916,char_tfidf_v1
q_seafood_03,7f7b5990-f8ca-42e0-9e7e-8843c320c406,38,0.4373098710253479,char_tfidf_v1
q_seafood_03,16b2d000-6695-4ca2-8567-2d8079f9029a,39,0.43708379282613496,char_tfidf_v1
q_seafood_03,9928713a-e8af-4725-aa6e-b03d8f974587,40,0.4357039734886833,char_tfidf_v1
q_seafood_04,82c0edd5-bb6d-4e3b-8e47-a3cad97cea75,1,0.5382664650004166,char_tfidf_v1
q_seafood_04,99d55467-b3a1-419f-be5d-3d803a3d8468,2,0.5382664650004166,char_tfidf_v1
q_seafood_04,623060f1-cc6d-43a5-8bc2-5a1483e9889c,3,0.5378723214282363,char_tfidf_v1
q_seafood_04,32acf482-6940-4d15-8160-3971ea30a346,4,0.522158071787648,char_tfidf_v1
q_seafood_04,0f2761cc-59c9-4a9f-8519-887e898a6c21,5,0.5185918653470979,char_tfidf_v1
q_seafood_04,23c3af81-9348-4baf-998b-66077ae4b276,6,0.5172469801048212,char_tfidf_v1
q_seafood_04,63bc7227-c40e-4131-9061-a94570f2591e,7,0.5046700667109227,char_tfidf_v1
q_seafood_04,df79c67e-b4bc-4bc1-9989-66267be7da31,8,0.5004847398691523,char_tfidf_v1
q_seafood_04,2f93fe93-50dd-4ffd-8915-e5047ee97f27,9,0.5000192812696368,char_tfidf_v1
q_seafood_04,cc5350e1-229f-4d9c-a431-4c09701df79f,10,0.49845153839474904,char_tfidf_v1
q_seafood_04,eb27f0ec-48a7-4dbc-acc9-ead762d4ab15,11,0.49748093218139666,char_tfidf_v1
q_seafood_04,fc99b06d-341b-491e-b33a-2b7157dd7d38,12,0.495485489658022,char_tfidf_v1
q_seafood_04,02faca98-629e-48a7-b384-f1efb6b03b0c,13,0.49357418940603004,char_tfidf_v1
q_seafood_04,69ccf875-ccb8-410e-9336-d2d8cd4be945,14,0.49217071853672856,char_tfidf_v1
q_seafood_04,47bb37ee-51f3-4aaf-9f21-7ff318f82ef3,15,0.4852292691721074,char_tfidf_v1
q_seafood_04,fb2624dd-f80d-44e0-9c5b-8e62e7580400,16,0.48419762514096854,char_tfidf_v1
q_seafood_04,0338c9e2-acfe-4b95-a627-b1ee62d800a4,17,0.47489666994932084,char_tfidf_v1
q_seafood_04,2e9487ee-4825-4ee1-9b41-5777d0a99d6e,18,0.4746226175207008,char_tfidf_v1
q_seafood_04,c74e3b87-89db-4284-be87-ffaf30cb0001,19,0.46780583193202224,char_tfidf_v1
q_seafood_04,b2ba525d-999b-43a1-b6ef-046cc82349de,20,0.458805422938578,char_tfidf_v1
q_seafood_04,b73c597b-ad7b-4431-af35-802415dc7be8,21,0.4517842051242721,char_tfidf_v1
q_seafood_04,a6a35c8e-0399-42eb-9626-fbb24da1d413,22,0.4465446632436977,char_tfidf_v1
q_seafood_04,1a99e1f9-a3b3-486d-b2f7-e358f286bb95,23,0.44596969554422683,char_tfidf_v1
q_seafood_04,a0abc246-2341-4454-aab1-f968da88a862,24,0.4410470002841747,char_tfidf_v1
q_seafood_04,dd2bdb77-8a80-4f9d-818e-1681badac833,25,0.4398308874984178,char_tfidf_v1
q_seafood_04,0498f096-c9ea-4ca5-bf41-2bea89c7f968,26,0.4349865654335164,char_tfidf_v1
q_seafood_04,1fff1937-63b6-40de-b03c-6cc9006c5742,27,0.4338476509285708,char_tfidf_v1
q_seafood_04,528a2096-1bac-4795-b37f-49d21759ccb7,28,0.4327612725868118,char_tfidf_v1
q_seafood_04,96d320fd-1704-42d5-b421-4dd10fd93020,29,0.4304212645717633,char_tfidf_v1
q_seafood_04,515b1c2a-8c96-4906-9a24-f1388a5367ad,30,0.43009357559936,char_tfidf_v1
q_seafood_04,ce4fad41-7b6a-4275-9ad9-f4260eef6e17,31,0.42956487024308926,char_tfidf_v1
q_seafood_04,3d838a54-3333-43d1-b914-cf21df2babf1,32,0.42926627828708924,char_tfidf_v1
q_seafood_04,a8a490f7-2a1e-4f3c-909b-4fc5bf2c5f2f,33,0.42921705301830076,char_tfidf_v1
q_seafood_04,f7991058-93ba-4e61-9370-bae3bb8bcda8,34,0.42742747860224983,char_tfidf_v1
q_seafood_04,9b21374d-b396-48aa-a602-207404c4dd0c,35,0.42741958490689724,char_tfidf_v1
q_seafood_04,28a4ed7c-ee5a-4ad9-998c-c55148d01ed2,36,0.426440733314268,char_tfidf_v1
q_seafood_04,8b874bfd-b23d-42e2-bb65-56624b7f35c6,37,0.42247569691888587,char_tfidf_v1
q_seafood_04,1afbf2ad-4511-4dd9-aaa1-c7717a2e753a,38,0.42174753490950506,char_tfidf_v1
q_seafood_04,a2dbd405-51a2-4844-ae21-647749ab7894,39,0.42174183036283297,char_tfidf_v1
q_seafood_04,b73e0346-121b-4092-9916-e4733992a989,40,0.41789330877454584,char_tfidf_v1
q_books_01,a1813f15-599c-425c-897d-d95d955d3ce1,1,0.8286828382866646,char_tfidf_v1
q_books_01,ee755d5f-f620-4808-962f-fcaa60462729,2,0.7834861188030665,char_tfidf_v1
q_books_01,0a55ce53-29fe-42e8-8305-303701bbf348,3,0.778918348119934,char_tfidf_v1
q_books_01,3e36a603-ef6f-4787-a1ac-67ac9b45ad67,4,0.7616165194574596,char_tfidf_v1
q_books_01,63b056a6-9d23-4081-b83e-4fb9df222136,5,0.7359815079942037,char_tfidf_v1
q_books_01,29251653-4c52-4caa-b06f-fe1f7c4c88a7,6,0.7153917690612112,char_tfidf_v1
q_books_01,c6ef8233-b6c4-4ea9-99d4-6f3cd2004e0a,7,0.7054225945148829,char_tfidf_v1
q_books_01,712de9a6-46fb-4428-bd99-c04f345fa13b,8,0.705187543819354,char_tfidf_v1
q_books_01,601e26d4-3595-44a9-87b2-40c1a3c36e6c,9,0.6966658833154579,char_tfidf_v1
q_books_01,5eedd2a0-41d7-4b79-b8bc-a2a95564a6d4,10,0.6772949345597519,char_tfidf_v1
q_books_01,26fd76b3-26cc-4bb6-a9cd-51933663be5c,11,0.6683507747428792,char_tfidf_v1
q_books_01,153c7990-0dd2-40ea-b45f-41afef98da9c,12,0.6657068788478737,char_tfidf_v1
q_books_01,664a121f-322e-4cbd-89ed-6e45776ae34f,13,0.6656643422413406,char_tfidf_v1
q_books_01,f7350843-6a7c-43c0-8651-822b2bc6b4a8,14,0.6543973777178207,char_tfidf_v1
q_books_01,9fbd3a7d-0680-46bd-90af-6d3e6c13808e,15,0.6476611306537957,char_tfidf_v1
q_books_01,0b4bdfd4-7ffe-4bef-8a0a-a9a3ae1e54be,16,0.6395500949993013,char_tfidf_v1
q_books_01,9d3212d4-80ee-453c-9c3b-1b01afc53c02,17,0.6320750665883719,char_tfidf_v1
q_books_01,2097c225-751a-41c3-8ffe-933e12e1d108,18,0.630510210001043,char_tfidf_v1
q_books_01,a9ce30ed-0197-4394-a099-e87bf23a4222,19,0.6291676223740158,char_tfidf_v1
q_books_01,3a43f0ef-d5b8-449d-83aa-3c2af57b63be,20,0.6254229925052404,char_tfidf_v1
q_books_01,a05d93fe-bbd4-4660-8b0e-de288d3f60ae,21,0.6163348047711877,char_tfidf_v1
q_books_01,ffbb1ad0-bc73-46e3-8f4a-69f4124808ec,22,0.6130692853968647,char_tfidf_v1
q_books_01,941876a0-914b-4e1c-9c4b-ae03708463bd,23,0.6105074895817334,char_tfidf_v1
q_books_01,706aaf51-8e59-48cb-8ded-f799b33666c3,24,0.6076491872133928,char_tfidf_v1
q_books_01,2426064b-8346-4af8-bc3d-5827b1dc1ade,25,0.589611705058746,char_tfidf_v1
q_books_01,e62d1f55-65bd-441a-824f-07ffdf14b804,26,0.5756616932000767,char_tfidf_v1
q_books_01,cd95d114-b71e-46ea-beec-e277bfa86aeb,27,0.5602854999457946,char_tfidf_v1
q_books_01,ca97d35d-a5fb-466e-9414-4e642d4a7a40,28,0.5564744117777606,char_tfidf_v1
q_books_01,14e71015-6ca8-4e99-8be3-a6d85f8f4dc7,29,0.551782732910872,char_tfidf_v1
q_books_01,547ebbd3-926b-4524-9f26-ae7d5fcf16c9,30,0.5451951288090469,char_tfidf_v1
q_books_01,e6848009-c075-4c76-82c5-d797649101b6,31,0.5427257007952937,char_tfidf_v1
q_books_01,3ca3d322-76c4-4bac-9e05-8d7ac6d8666f,32,0.539463666822449,char_tfidf_v1
q_books_01,baed26e3-1376-4436-ba41-3ea8c0c5e5c1,33,0.510951699565901,char_tfidf_v1
q_books_01,94f428ca-f599-41c3-8390-3b073281f73f,34,0.5059538106499719,char_tfidf_v1
q_books_01,d4d8a87f-716a-464a-b0f5-d4e0f9947f5b,35,0.4999475526526604,char_tfidf_v1
q_books_01,fb0f6e7a-ffe8-4293-9e30-709c48d2dedb,36,0.4995316264606552,char_tfidf_v1
q_books_01,44044fad-1034-491e-9c39-bfccafbb010b,37,0.49847050277215715,char_tfidf_v1
q_books_01,eaeeedbc-a0c7-4514-b017-3c45d09fb9a0,38,0.49361685314394405,char_tfidf_v1
q_books_01,466c28f1-c42e-4eba-b1d6-245e39d5f731,39,0.492755163158539,char_tfidf_v1
q_books_01,e570a125-a23b-48a1-95ec-74b87ebca8dc,40,0.4909031571597386,char_tfidf_v1
q_books_02,2c5ae20e-9073-4ad8-a6cf-79e9e245d64e,1,0.6159465183286656,char_tfidf_v1
q_books_02,0cd021bd-2874-4c90-96f4-16999b761156,2,0.6013768122006852,char_tfidf_v1
q_books_02,26305767-b554-4baf-ba0a-777a406e6302,3,0.6000140119676656,char_tfidf_v1
q_books_02,c39d81e1-39d4-4ddb-8d41-a72f7bf003d1,4,0.591547657497928,char_tfidf_v1
q_books_02,c7cce357-ead4-4414-91c6-a493ad908a83,5,0.5420382993178119,char_tfidf_v1
q_books_02,fc281bc0-fec6-4fcd-be60-1b0018b822c3,6,0.5377342673124313,char_tfidf_v1
q_books_02,453dab24-5bb9-414a-b9bb-bd9a7979dd73,7,0.5311294376990675,char_tfidf_v1
q_books_02,ccb37c53-9d4a-415f-974c-c0e07a76a9a2,8,0.529761405363671,char_tfidf_v1
q_books_02,5652fd89-4b21-42fc-9d5f-43e76437c54e,9,0.5258397488156492,char_tfidf_v1
q_books_02,de0510fe-57c8-4dc1-beea-fc29fc9d07b3,10,0.5241774026342669,char_tfidf_v1
q_books_02,c24e1181-927a-47ee-a7df-fa713c79daa1,11,0.518145590049502,char_tfidf_v1
q_books_02,3226a904-0a71-4efd-818e-017fd1744fba,12,0.5174381607385083,char_tfidf_v1
q_books_02,743b2f4d-c836-428b-8327-2cb20594cf72,13,0.5149911117061399,char_tfidf_v1
q_books_02,74671ef2-57d2-42ca-9352-9a69608ee963,14,0.5115950218756836,char_tfidf_v1
q_books_02,fd66e015-b444-40eb-888a-6145030b64cc,15,0.5105962924172673,char_tfidf_v1
q_books_02,e2b27739-4ae9-4294-9ab1-fbfe110b70ec,16,0.5103211206900329,char_tfidf_v1
q_books_02,773ca92f-af46-4690-a2bd-31788b14b3b8,17,0.5101588595398185,char_tfidf_v1
q_books_02,616542bc-b275-4163-b21e-78c533c71ee7,18,0.5087994212452321,char_tfidf_v1
q_books_02,00a77461-4674-4064-b492-fe85892bab2e,19,0.5031363662583566,char_tfidf_v1
q_books_02,e4c1a8d6-2d6e-42e8-9a61-fc5f82173c8b,20,0.4989143534047523,char_tfidf_v1
q_books_02,2641de84-9040-4246-bc8d-bd0e762cf5e4,21,0.4952635594913652,char_tfidf_v1
q_books_02,b530983d-2887-4f4f-898d-ccb13bd1dcd6,22,0.49137946777970454,char_tfidf_v1
q_books_02,b06da4c7-b8e3-4b08-8856-35cdc2ea7ab1,23,0.4913182189918402,char_tfidf_v1
q_books_02,a671ea6f-dda9-4351-9e42-ba747891e7c5,24,0.4893905250665884,char_tfidf_v1
q_books_02,4ba995c6-e24e-4e71-969b-25aa4ea9bdf4,25,0.48722732588410805,char_tfidf_v1
q_books_02,c443373a-e2bc-4d62-b98d-9d738aa001eb,26,0.4866175696397146,char_tfidf_v1
q_books_02,acdbc558-1757-4cd8-a851-750b1b684954,27,0.48656742969016364,char_tfidf_v1
q_books_02,093496fc-7989-4d88-b9be-24c2ea15dcdc,28,0.48595756661285905,char_tfidf_v1
q_books_02,7f70c398-e869-4de9-bd56-fa534926d532,29,0.48574930662266846,char_tfidf_v1
q_books_02,023d6fc9-7b0e-4244-9279-534051fff793,30,0.48571497986445944,char_tfidf_v1
q_books_02,8fa170ff-217f-49d6-b94d-c9201e072679,31,0.4852528736664874,char_tfidf_v1
q_books_02,da060cea-b3d2-45ee-b208-d7877748ded4,32,0.4827477018425373,char_tfidf_v1
q_books_02,87989ed6-052f-4502-863f-b444a7f98c9d,33,0.48104814271512863,char_tfidf_v1
q_books_02,3e351aa9-45ff-4ce7-81f8-aaa2bf3ea0d5,34,0.4803404101891404,char_tfidf_v1
q_books_02,dd730300-c2e1-4ff4-8c88-1600a69b901f,35,0.47747542670956794,char_tfidf_v1
q_books_02,0ba27ff5-635d-4028-9822-25b089c58ae4,36,0.4757335278960385,char_tfidf_v1
q_books_02,637f0d00-ec2f-4108-84a6-ccb75aa6e4c3,37,0.4754424212918519,char_tfidf_v1
q_books_02,8bb600c9-3d7c-4c9e-83ee-836cb6b53492,38,0.4750709577125157,char_tfidf_v1
q_books_02,79be3522-8b0c-41c1-a4bd-63960aa06043,39,0.4746524885933644,char_tfidf_v1
q_books_02,603a008c-78fb-429d-8932-05d030c154f6,40,0.4728179020477248,char_tfidf_v1
q_books_03,76a3551b-dae4-4326-92cc-662015aedbfb,1,0.5066826490158237,char_tfidf_v1
q_books_03,7de49ca7-6094-4d66-9c2b-92946beb6b99,2,0.421120146239471,char_tfidf_v1
q_books_03,2743811c-5e71-4d2b-aa75-1b0147d44f2d,3,0.3923915295175607,char_tfidf_v1
q_books_03,c111ac9d-3f3a-405c-a8db-4d127ccda9e2,4,0.3899146549619688,char_tfidf_v1
q_books_03,0ca62bc5-ce9d-48b8-9a4f-9955cf16e593,5,0.372343584064453,char_tfidf_v1
q_books_03,24456103-f6b8-46af-8655-82e61d7265d8,6,0.35904660201408956,char_tfidf_v1
q_books_03,e81920e1-a9c4-4efe-881a-0bfacbc9d5cb,7,0.34677493186051983,char_tfidf_v1
q_books_03,deb2dc6a-8c31-49d3-b7a9-519960f0dde5,8,0.3337713846911076,char_tfidf_v1
q_books_03,cc30e1bc-07d8-4b83-8d54-c2f53c45946b,9,0.3318105881823171,char_tfidf_v1
q_books_03,347d0df7-16f2-416a-a201-030880eebfb7,10,0.32842006990380906,char_tfidf_v1
q_books_03,7415e50a-23db-4a83-a246-86925403d40d,11,0.3190504358748255,char_tfidf_v1
q_books_03,7390584b-4990-4f7d-a714-d3a79f35d4aa,12,0.31432242754319006,char_tfidf_v1
q_books_03,2e70721b-3b7c-45bb-b95d-fd778dcc5518,13,0.3129112847512208,char_tfidf_v1
q_books_03,74eaa3c6-38c9-4ac7-b39a-76f79c7594af,14,0.3082283270344437,char_tfidf_v1
q_books_03,fe52a83d-bed1-4fcc-b2e4-de376137c808,15,0.3073897998107447,char_tfidf_v1
q_books_03,481ec122-2a64-45ea-b3a6-f9702e4eaeaa,16,0.307318526517921,char_tfidf_v1
q_books_03,ebacb746-27ce-47f2-b880-4380f99dd4ec,17,0.3046217841755049,char_tfidf_v1
q_books_03,5723d922-e55c-46bc-a5b9-846ba2afdf5d,18,0.30234206829980015,char_tfidf_v1
q_books_03,941876a0-914b-4e1c-9c4b-ae03708463bd,19,0.28706854088889344,char_tfidf_v1
q_books_03,24a705bd-78c4-4ce4-8bb1-8248d9782be2,20,0.2863367043301173,char_tfidf_v1
q_books_03,a1933421-af98-4b22-b1d9-c1dab1e3adbb,21,0.283619945389195,char_tfidf_v1
q_books_03,50b3b4b5-b8a3-47d1-ba67-a7e54c234075,22,0.2829343130947883,char_tfidf_v1
q_books_03,9747d321-5deb-4570-8724-9a6ff1cf92bc,23,0.2812177503939485,char_tfidf_v1
q_books_03,00e3accd-f689-498e-b702-f483624f2d91,24,0.2786173268107435,char_tfidf_v1
q_books_03,72051c3a-a1de-40b8-a406-271700df1c71,25,0.27720611885001306,char_tfidf_v1
q_books_03,c817a456-31fe-4040-8e96-83555751472d,26,0.27300539534410256,char_tfidf_v1
q_books_03,78af4e58-fbb3-48fc-a451-728becf545e7,27,0.2715656749716896,char_tfidf_v1
q_books_03,63859576-b9cd-4f7b-a6ae-6378c098cc4e,28,0.26454184527117325,char_tfidf_v1
q_books_03,7dc44662-16cc-4e93-a976-1ab87312e2c0,29,0.2610195709340142,char_tfidf_v1
q_books_03,e87e71bd-aa94-48db-8d42-50e099bad0eb,30,0.25978573843246977,char_tfidf_v1
q_books_03,c161453d-f2c8-4b97-a2c3-a54e0cbdb7e8,31,0.255159679598309,char_tfidf_v1
q_books_03,6702c44f-743f-4a82-a486-762c643027a2,32,0.2535758513399738,char_tfidf_v1
q_books_03,53330011-cc13-41a5-95e3-a3f198dce327,33,0.2518848101498639,char_tfidf_v1
q_books_03,4758fa1e-02ba-489f-9391-534685fac307,34,0.2491776178889091,char_tfidf_v1
q_books_03,683aa6ca-3623-41e0-807c-b3a8fa0cffad,35,0.2399187914259415,char_tfidf_v1
q_books_03,be9f8c61-892c-48ed-a49d-b63bd032c025,36,0.23895320939631653,char_tfidf_v1
q_books_03,5f59c153-0ca4-4ba4-9f1c-e59663f9e5e2,37,0.2384904334348536,char_tfidf_v1
q_books_03,67b6faea-363b-499c-8276-5d2778a39aa0,38,0.23295636113146984,char_tfidf_v1
q_books_03,ad2284ff-8791-453b-b8a9-67654ff94220,39,0.22863945635711858,char_tfidf_v1
q_books_03,4e9b9cf5-6872-43eb-ad69-3cda8cee0407,40,0.22035102855688143,char_tfidf_v1
q_books_04,7de49ca7-6094-4d66-9c2b-92946beb6b99,1,0.5062718120648391,char_tfidf_v1
q_books_04,0ca62bc5-ce9d-48b8-9a4f-9955cf16e593,2,0.44763249324061627,char_tfidf_v1
q_books_04,e81920e1-a9c4-4efe-881a-0bfacbc9d5cb,3,0.4168937883865867,char_tfidf_v1
q_books_04,deb2dc6a-8c31-49d3-b7a9-519960f0dde5,4,0.4012608877820516,char_tfidf_v1
q_books_04,cc30e1bc-07d8-4b83-8d54-c2f53c45946b,5,0.3989036127609908,char_tfidf_v1
q_books_04,347d0df7-16f2-416a-a201-030880eebfb7,6,0.39482752224851475,char_tfidf_v1
q_books_04,7415e50a-23db-4a83-a246-86925403d40d,7,0.3835633221369854,char_tfidf_v1
q_books_04,7390584b-4990-4f7d-a714-d3a79f35d4aa,8,0.37787929735952064,char_tfidf_v1
q_books_04,2e70721b-3b7c-45bb-b95d-fd778dcc5518,9,0.37618281756687205,char_tfidf_v1
q_books_04,74eaa3c6-38c9-4ac7-b39a-76f79c7594af,10,0.3705529527639956,char_tfidf_v1
q_books_04,fe52a83d-bed1-4fcc-b2e4-de376137c808,11,0.3695448730014891,char_tfidf_v1
q_books_04,481ec122-2a64-45ea-b3a6-f9702e4eaeaa,12,0.36945918805045574,char_tfidf_v1
q_books_04,ebacb746-27ce-47f2-b880-4380f99dd4ec,13,0.3662171568995865,char_tfidf_v1
q_books_04,941876a0-914b-4e1c-9c4b-ae03708463bd,14,0.3451145989581426,char_tfidf_v1
q_books_04,24a705bd-78c4-4ce4-8bb1-8248d9782be2,15,0.3442347830099971,char_tfidf_v1
q_books_04,a1933421-af98-4b22-b1d9-c1dab1e3adbb,16,0.34096868784868417,char_tfidf_v1
q_books_04,50b3b4b5-b8a3-47d1-ba67-a7e54c234075,17,0.34014441879578056,char_tfidf_v1
q_books_04,9747d321-5deb-4570-8724-9a6ff1cf92bc,18,0.3380807623385022,char_tfidf_v1
q_books_04,00e3accd-f689-498e-b702-f483624f2d91,19,0.3349545258680754,char_tfidf_v1
q_books_04,72051c3a-a1de-40b8-a406-271700df1c71,20,0.3332579677293606,char_tfidf_v1
q_books_04,c817a456-31fe-4040-8e96-83555751472d,21,0.3282078462371646,char_tfidf_v1
q_books_04,78af4e58-fbb3-48fc-a451-728becf545e7,22,0.3264770103977562,char_tfidf_v1
q_books_04,63859576-b9cd-4f7b-a6ae-6378c098cc4e,23,0.3180329427798343,char_tfidf_v1
q_books_04,7dc44662-16cc-4e93-a976-1ab87312e2c0,24,0.31379845476688384,char_tfidf_v1
q_books_04,e87e71bd-aa94-48db-8d42-50e099bad0eb,25,0.3123151378989557,char_tfidf_v1
q_books_04,53330011-cc13-41a5-95e3-a3f198dce327,26,0.3028166199241006,char_tfidf_v1
q_books_04,4758fa1e-02ba-489f-9391-534685fac307,27,0.2995620258520751,char_tfidf_v1
q_books_04,683aa6ca-3623-41e0-807c-b3a8fa0cffad,28,0.2884310389048609,char_tfidf_v1
q_books_04,67b6faea-363b-499c-8276-5d2778a39aa0,29,0.28006078582380106,char_tfidf_v1
q_books_04,4e9b9cf5-6872-43eb-ad69-3cda8cee0407,30,0.2649066199136576,char_tfidf_v1
q_books_04,efe55d9f-aae5-494d-85e5-265dd3b07f62,31,0.2647757539128012,char_tfidf_v1
q_books_04,f15c2a5b-74e2-44a5-b6e2-4684fc77b894,32,0.2573941579533136,char_tfidf_v1
q_books_04,26e68024-d662-49c0-b5ad-903ef7a9fb76,33,0.2508000745536089,char_tfidf_v1
q_books_04,b0b8c76d-f880-4813-8bfd-f00f32bc4035,34,0.2457785602699175,char_tfidf_v1
q_books_04,e48725c2-9e8b-43c5-bda7-b408ac5c0b8c,35,0.23579838975424955,char_tfidf_v1
q_books_04,37f4da31-01d0-4a5e-beb6-00bbe79abc0d,36,0.23004096234138324,char_tfidf_v1
q_books_04,af3298d4-b921-4b74-accc-4e49afb200a8,37,0.22193344429002887,char_tfidf_v1
q_books_04,8f69b854-2bb1-4c60-9270-208d55b08d3f,38,0.21917763863570824,char_tfidf_v1
q_books_04,0b72196a-c717-47e3-a0e2-b7c710e60657,39,0.2182310808574034,char_tfidf_v1
q_books_04,62f8146c-aa85-4d94-9947-0f19fd052da5,40,0.21378802211841427,char_tfidf_v1
q_eyewear_01,7902063b-e68b-420f-bd25-2f639f6af2c7,1,0.8887400715752422,char_tfidf_v1
q_eyewear_01,9efe0ed4-05ae-4e01-b929-f7a7264dc509,2,0.8187342597575875,char_tfidf_v1
q_eyewear_01,b8db8c8c-b47f-4d70-902a-a4b18d8dbb2e,3,0.8084425857457141,char_tfidf_v1
q_eyewear_01,400c6b41-33b0-4863-be59-ba4629f81565,4,0.7720147503584925,char_tfidf_v1
q_eyewear_01,b1c4bf9c-500e-40e6-8eca-cbed44faa858,5,0.7001226084899681,char_tfidf_v1
q_eyewear_01,450983d8-f478-43bb-8b9d-626522d87470,6,0.6991228613449271,char_tfidf_v1
q_eyewear_01,2f7eef32-f435-41ff-89e7-3a2aa3684ec9,7,0.6991228613449271,char_tfidf_v1
q_eyewear_01,f16d8585-a220-4392-a0b3-d0d12e5f80e3,8,0.6792192795867936,char_tfidf_v1
q_eyewear_01,7ef5a7a8-b7e5-48a2-b948-721ad8df8b40,9,0.6651038522120171,char_tfidf_v1
q_eyewear_01,4f65a125-27a6-4c33-a1de-cd30a51b0dd3,10,0.6433518674405417,char_tfidf_v1
q_eyewear_01,e4a58baa-c133-4274-993e-2a575d0d0bf2,11,0.6257450305037642,char_tfidf_v1
q_eyewear_01,4bb121fc-94a9-451d-a540-5434cd150d5c,12,0.6250953636633598,char_tfidf_v1
q_eyewear_01,69663322-f83a-40a4-9e35-ca9e447d1d8e,13,0.609899326788793,char_tfidf_v1
q_eyewear_01,15f8d5a9-e0be-4f97-9a10-805b08d7a3e8,14,0.5596115754490115,char_tfidf_v1
q_eyewear_01,8dbfc61b-29f2-431d-80e8-856c7ab9ea2b,15,0.5583847707235674,char_tfidf_v1
q_eyewear_01,c8c08ade-4b9a-4b8a-a652-20e5a380bc64,16,0.509906194948976,char_tfidf_v1
q_eyewear_01,d67b8cab-a92b-4df7-b47a-79ec641ba24e,17,0.5075075934057962,char_tfidf_v1
q_eyewear_01,784c6db0-6014-47b8-8feb-f11856f4e95e,18,0.5007627994886938,char_tfidf_v1
q_eyewear_01,c084d751-d7c2-4476-9772-fdd11bf7c932,19,0.4885190292504213,char_tfidf_v1
q_eyewear_01,fecfebb6-2ebd-402a-bc13-2b2948a0d0fd,20,0.441157561908444,char_tfidf_v1
q_eyewear_01,85e10724-e67f-4cde-9c42-6c213be7fe85,21,0.31858561196184404,char_tfidf_v1
q_eyewear_01,b082df6f-e899-400c-88f4-5d9c2b2c2848,22,0.3171028488058292,char_tfidf_v1
q_eyewear_01,7f99220d-7803-4508-8efb-3260a07ec8e0,23,0.3003276485854178,char_tfidf_v1
q_eyewear_01,eb1957f7-b6f5-4222-af0a-8e327ac16492,24,0.27559932796160447,char_tfidf_v1
q_eyewear_01,28c07590-df6c-4650-b1cc-4228f3b8d349,25,0.2695021062067676,char_tfidf_v1
q_eyewear_01,1f179de5-a781-4ab1-bb53-da91361efe1d,26,0.2610667264041223,char_tfidf_v1
q_eyewear_01,e7ae0967-e4d4-4ed7-9b1f-0923e141ae55,27,0.25416648027992217,char_tfidf_v1
q_eyewear_01,849239f4-1bbd-46ce-8fd3-7adf17432cf6,28,0.24639219358143194,char_tfidf_v1
q_eyewear_01,cebbe889-f084-4023-bffc-b23a9ec17c84,29,0.24314843455087806,char_tfidf_v1
q_eyewear_01,c17b9a52-3c4f-4bef-8187-a301675b55ab,30,0.24314843455087806,char_tfidf_v1
q_eyewear_01,834fd35d-8318-4fc7-8d9f-5a245e32cda4,31,0.23863824474325487,char_tfidf_v1
q_eyewear_01,6bd6a6da-cce6-481a-8049-966b568c3741,32,0.23790104283893226,char_tfidf_v1
q_eyewear_01,3c46c4b4-da6c-4e70-80ab-15122c8a58e6,33,0.23739152382695516,char_tfidf_v1
q_eyewear_01,94189e63-e824-4239-88f2-c2f587330ad0,34,0.23336814124141703,char_tfidf_v1
q_eyewear_01,fac86511-64e9-44f2-aff5-e69069e20c94,35,0.23153749858469866,char_tfidf_v1
q_eyewear_01,fe60f560-afe4-4dd1-8c3f-fe0cf029bbaf,36,0.23037685658506818,char_tfidf_v1
q_eyewear_01,c035d7be-1245-4b65-aad2-3c7e14168718,37,0.2297401359113566,char_tfidf_v1
q_eyewear_01,27e4eeb7-6d1b-416c-9c31-67143512000e,38,0.22959162684629453,char_tfidf_v1
q_eyewear_01,1f209633-8dbe-4dba-8226-5e24605242b0,39,0.22674774257263042,char_tfidf_v1
q_eyewear_01,d0e4b46c-8ffd-4fe8-862c-2a7dedb74827,40,0.22544134854294257,char_tfidf_v1
q_eyewear_02,6da75014-3454-4b0b-963b-2c2559e8d24c,1,0.7276440922664528,char_tfidf_v1
q_eyewear_02,75145b4e-9889-4b30-b9d1-28e4451d3ff7,2,0.6757768535497466,char_tfidf_v1
q_eyewear_02,d15e11fe-c36a-49ac-81f2-df4720971d94,3,0.668045961851538,char_tfidf_v1
q_eyewear_02,40b2fc46-2e18-4728-bd1a-d2acdb5e9183,4,0.6666826352547217,char_tfidf_v1
q_eyewear_02,4e76be92-56ff-45e7-bed3-b3844d758167,5,0.6615408941438295,char_tfidf_v1
q_eyewear_02,59d2f654-8838-4288-bb34-89bfd9ede628,6,0.645573743331078,char_tfidf_v1
q_eyewear_02,eb1957f7-b6f5-4222-af0a-8e327ac16492,7,0.6252878144474572,char_tfidf_v1
q_eyewear_02,c0802d45-bbbc-45bc-852e-8ff2de06e80d,8,0.6179458361924984,char_tfidf_v1
q_eyewear_02,60de073d-4136-4956-b346-046fb99bdc2d,9,0.6176501377931526,char_tfidf_v1
q_eyewear_02,7e90589b-8c1f-4da8-a8b3-7404fa21f02c,10,0.6071127474422949,char_tfidf_v1
q_eyewear_02,8dd935d8-8133-4ce7-a87f-03ac2020c4a7,11,0.6029195842166031,char_tfidf_v1
q_eyewear_02,1f179de5-a781-4ab1-bb53-da91361efe1d,12,0.592315823066623,char_tfidf_v1
q_eyewear_02,729b9608-b2ea-48cb-8e38-acffad482a09,13,0.5904379645144561,char_tfidf_v1
q_eyewear_02,46fcd22f-b1d0-45d2-a6a3-fd99d7ff86a4,14,0.5852909132358334,char_tfidf_v1
q_eyewear_02,29faa1d7-404f-4dad-b0ef-68f63fcbe76a,15,0.5842216050330549,char_tfidf_v1
q_eyewear_02,99fe73e9-e6ec-421b-bdc7-8b26ad7ab4f6,16,0.5842216050330549,char_tfidf_v1
q_eyewear_02,b2bafed9-9942-4a7f-8f66-11b039f89c9b,17,0.5828865339222089,char_tfidf_v1
q_eyewear_02,26375764-dfcc-41da-beae-247fdb10f3a3,18,0.5818098800518587,char_tfidf_v1
q_eyewear_02,0f0f7f91-5504-4d69-a3cc-dd8e3df100b2,19,0.5795135636409152,char_tfidf_v1
q_eyewear_02,a63d109c-f9cc-4a64-9a4f-3bf176c8f1c7,20,0.578664911332214,char_tfidf_v1
q_eyewear_02,da1ab000-5bdd-42d8-8b40-5918cd11b076,21,0.5784883225976135,char_tfidf_v1
q_eyewear_02,e7ae0967-e4d4-4ed7-9b1f-0923e141ae55,22,0.5766603428807217,char_tfidf_v1
q_eyewear_02,e827637b-4fcf-427b-b0ff-9d86e74b0559,23,0.5747569374223742,char_tfidf_v1
q_eyewear_02,838be54f-b775-4e16-a910-1e4ca4c26be0,24,0.5710317514817851,char_tfidf_v1
q_eyewear_02,060313d2-6e9c-41c3-8e18-618796869fd2,25,0.5709418790320634,char_tfidf_v1
q_eyewear_02,52e867bd-a673-4f27-8878-6647d9448a52,26,0.5677091323758114,char_tfidf_v1
q_eyewear_02,33fa5284-2f2f-41e3-8be5-2bc9b389d453,27,0.5676241655021766,char_tfidf_v1
q_eyewear_02,5d851b48-be5c-4a17-b420-ff18ea2615a5,28,0.5655606192717774,char_tfidf_v1
q_eyewear_02,d309d034-1812-4e8d-8248-eddf35c195b9,29,0.5643756890030256,char_tfidf_v1
q_eyewear_02,10c37937-c85c-4ddf-b630-18aecf5e1803,30,0.5643756890030256,char_tfidf_v1
q_eyewear_02,849239f4-1bbd-46ce-8fd3-7adf17432cf6,31,0.5590218138808826,char_tfidf_v1
q_eyewear_02,d6e82951-9610-44b3-a16b-bda93768c7b4,32,0.5587224087875525,char_tfidf_v1
q_eyewear_02,75bc618e-37aa-4e2e-a9e9-bb39a6127319,33,0.5586518952836989,char_tfidf_v1
q_eyewear_02,3e7ab85c-ea7f-44ee-bee2-67947757b532,34,0.5571047471691661,char_tfidf_v1
q_eyewear_02,c20ad57c-5d9e-4cd9-8dff-94be2ca1c274,35,0.5565510241119814,char_tfidf_v1
q_eyewear_02,6dbe7b37-1874-4ed8-8a46-b480f5b94bd0,36,0.553331416107104,char_tfidf_v1
q_eyewear_02,cebbe889-f084-4023-bffc-b23a9ec17c84,37,0.5516622785372702,char_tfidf_v1
q_eyewear_02,c17b9a52-3c4f-4bef-8187-a301675b55ab,38,0.5516622785372702,char_tfidf_v1
q_eyewear_02,13fc7af8-fa39-4c53-a2dd-af24bfeb905b,39,0.5515675973414459,char_tfidf_v1
q_eyewear_02,bdb317ef-6cf9-49e9-8098-ead74a3c6ea6,40,0.5497985099786884,char_tfidf_v1
q_eyewear_03,76a3551b-dae4-4326-92cc-662015aedbfb,1,0.4961975625331114,char_tfidf_v1
q_eyewear_03,75145b4e-9889-4b30-b9d1-28e4451d3ff7,2,0.42821736636727076,char_tfidf_v1
q_eyewear_03,d15e11fe-c36a-49ac-81f2-df4720971d94,3,0.4233185568485843,char_tfidf_v1
q_eyewear_03,40b2fc46-2e18-4728-bd1a-d2acdb5e9183,4,0.42245466202632087,char_tfidf_v1
q_eyewear_03,4e76be92-56ff-45e7-bed3-b3844d758167,5,0.4191965113135775,char_tfidf_v1
q_eyewear_03,59d2f654-8838-4288-bb34-89bfd9ede628,6,0.4090786577151453,char_tfidf_v1
q_eyewear_03,eb1957f7-b6f5-4222-af0a-8e327ac16492,7,0.39622413777231563,char_tfidf_v1
q_eyewear_03,c0802d45-bbbc-45bc-852e-8ff2de06e80d,8,0.39157176979648234,char_tfidf_v1
q_eyewear_03,60de073d-4136-4956-b346-046fb99bdc2d,9,0.39138439553359994,char_tfidf_v1
q_eyewear_03,7e90589b-8c1f-4da8-a8b3-7404fa21f02c,10,0.38470720095268796,char_tfidf_v1
q_eyewear_03,2743811c-5e71-4d2b-aa75-1b0147d44f2d,11,0.384271537388233,char_tfidf_v1
q_eyewear_03,8dd935d8-8133-4ce7-a87f-03ac2020c4a7,12,0.3820501325671374,char_tfidf_v1
q_eyewear_03,c111ac9d-3f3a-405c-a8db-4d127ccda9e2,13,0.38184591827620645,char_tfidf_v1
q_eyewear_03,1f179de5-a781-4ab1-bb53-da91361efe1d,14,0.3753308810133435,char_tfidf_v1
q_eyewear_03,729b9608-b2ea-48cb-8e38-acffad482a09,15,0.3741409443657724,char_tfidf_v1
q_eyewear_03,46fcd22f-b1d0-45d2-a6a3-fd99d7ff86a4,16,0.37087942877595664,char_tfidf_v1
q_eyewear_03,29faa1d7-404f-4dad-b0ef-68f63fcbe76a,17,0.37020184365296305,char_tfidf_v1
q_eyewear_03,99fe73e9-e6ec-421b-bdc7-8b26ad7ab4f6,18,0.37020184365296305,char_tfidf_v1
q_eyewear_03,b2bafed9-9942-4a7f-8f66-11b039f89c9b,19,0.3693558533944976,char_tfidf_v1
q_eyewear_03,26375764-dfcc-41da-beae-247fdb10f3a3,20,0.3686736135657307,char_tfidf_v1
q_eyewear_03,0f0f7f91-5504-4d69-a3cc-dd8e3df100b2,21,0.3672185140596215,char_tfidf_v1
q_eyewear_03,a63d109c-f9cc-4a64-9a4f-3bf176c8f1c7,22,0.3666807512542153,char_tfidf_v1
q_eyewear_03,da1ab000-5bdd-42d8-8b40-5918cd11b076,23,0.36656885283321505,char_tfidf_v1
q_eyewear_03,e7ae0967-e4d4-4ed7-9b1f-0923e141ae55,24,0.3654105227483232,char_tfidf_v1
q_eyewear_03,e827637b-4fcf-427b-b0ff-9d86e74b0559,25,0.3642043978740823,char_tfidf_v1
q_eyewear_03,838be54f-b775-4e16-a910-1e4ca4c26be0,26,0.361843871164225,char_tfidf_v1
q_eyewear_03,060313d2-6e9c-41c3-8e18-618796869fd2,27,0.3617869219752633,char_tfidf_v1
q_eyewear_03,52e867bd-a673-4f27-8878-6647d9448a52,28,0.3597384376982401,char_tfidf_v1
q_eyewear_03,33fa5284-2f2f-41e3-8be5-2bc9b389d453,29,0.3596845970100525,char_tfidf_v1
q_eyewear_03,5d851b48-be5c-4a17-b420-ff18ea2615a5,30,0.358376996242851,char_tfidf_v1
q_eyewear_03,10c37937-c85c-4ddf-b630-18aecf5e1803,31,0.3576261452535807,char_tfidf_v1
q_eyewear_03,d309d034-1812-4e8d-8248-eddf35c195b9,32,0.3576261452535807,char_tfidf_v1
q_eyewear_03,849239f4-1bbd-46ce-8fd3-7adf17432cf6,33,0.35423357225759766,char_tfidf_v1
q_eyewear_03,d6e82951-9610-44b3-a16b-bda93768c7b4,34,0.3540438491857444,char_tfidf_v1
q_eyewear_03,75bc618e-37aa-4e2e-a9e9-bb39a6127319,35,0.3539991671183506,char_tfidf_v1
q_eyewear_03,3e7ab85c-ea7f-44ee-bee2-67947757b532,36,0.3530187907004469,char_tfidf_v1
q_eyewear_03,c20ad57c-5d9e-4cd9-8dff-94be2ca1c274,37,0.3526679147744679,char_tfidf_v1
q_eyewear_03,24456103-f6b8-46af-8655-82e61d7265d8,38,0.35161663637237256,char_tfidf_v1
q_eyewear_03,6dbe7b37-1874-4ed8-8a46-b480f5b94bd0,39,0.3506277560248132,char_tfidf_v1
q_eyewear_03,c17b9a52-3c4f-4bef-8187-a301675b55ab,40,0.34957007893731845,char_tfidf_v1
q_eyewear_04,3b20b0d9-3fb6-425a-8da5-9d3fd8b53631,1,0.4797012091173291,char_tfidf_v1
q_eyewear_04,8250eb33-1668-4487-9d99-1bac4e7f832f,2,0.4565946084354497,char_tfidf_v1
q_eyewear_04,c3a2e429-e02d-4e81-85f5-40f88e4d47e9,3,0.4491998750201082,char_tfidf_v1
q_eyewear_04,5f56355f-6910-4a8c-9f19-9ce134456afe,4,0.4096603008747136,char_tfidf_v1
q_eyewear_04,407b6f73-4b3f-4aa7-b022-3e831c9045f8,5,0.40346861201063866,char_tfidf_v1
q_eyewear_04,16a3e8d7-70cf-4d01-9b87-8b6c04e250a8,6,0.39850752572429365,char_tfidf_v1
q_eyewear_04,3581316b-89a8-4d80-a4fd-80fcff4ed254,7,0.39561984780072035,char_tfidf_v1
q_eyewear_04,8cf07b7f-7f32-49f0-a386-9de842f87af3,8,0.39335883457387233,char_tfidf_v1
q_eyewear_04,6f464dc0-8e05-4805-8d72-fc6e52462d02,9,0.3926353648871578,char_tfidf_v1
q_eyewear_04,60811871-4b86-4cf3-88bb-21cb9addd38a,10,0.39100089103170105,char_tfidf_v1
q_eyewear_04,ae6092ab-1861-45f9-9d1b-a419320a2855,11,0.38486091078733614,char_tfidf_v1
q_eyewear_04,d6558c59-1756-4a6b-9aeb-cd8a92f095fd,12,0.3829459545346746,char_tfidf_v1
q_eyewear_04,5e3235d3-1536-4ab1-947c-19b874ca7db7,13,0.3825487804671737,char_tfidf_v1
q_eyewear_04,12e2dab4-6ae9-470f-a5f3-9d63e995e94a,14,0.3822549994788703,char_tfidf_v1
q_eyewear_04,bdbd2ab9-131d-4813-8097-223063476874,15,0.38172400557838254,char_tfidf_v1
q_eyewear_04,0471350c-c444-4e1f-a437-77b0c6387314,16,0.3786846281203517,char_tfidf_v1
q_eyewear_04,1cc9bca7-6be8-4a67-906a-d7a00b23c7a0,17,0.3784104389928981,char_tfidf_v1
q_eyewear_04,8a8528f5-af5c-4efc-a481-b84d124caf03,18,0.37770995829168563,char_tfidf_v1
q_eyewear_04,a7dba0aa-1591-4c93-b07c-05324356dbac,19,0.37428460756005705,char_tfidf_v1
q_eyewear_04,42ac710d-407c-45af-b649-cab2013f7c2f,20,0.3710449819414551,char_tfidf_v1
q_eyewear_04,0fc37fc9-7cd0-4141-bce1-37be042d7ca7,21,0.36853718768155247,char_tfidf_v1
q_eyewear_04,e0525c7a-7eef-489e-a78a-48774c606008,22,0.36824042566615406,char_tfidf_v1
q_eyewear_04,435f7ee9-dd7d-44f7-a929-e60b8eb301c8,23,0.36688091908733567,char_tfidf_v1
q_eyewear_04,7c239e96-e9e8-43b3-b765-c7e5ac29a556,24,0.3612791371466279,char_tfidf_v1
q_eyewear_04,04b5539c-60b0-4c86-b957-726ab85889a8,25,0.35210431533565606,char_tfidf_v1
q_eyewear_04,d9fcba77-7097-405c-be85-0bd598d85f5c,26,0.34383474798962477,char_tfidf_v1
q_eyewear_04,3fc51420-c045-4cbe-9e76-89be72e99351,27,0.3414530869222787,char_tfidf_v1
q_eyewear_04,99b4c566-a24b-4a51-9d24-290641877ab5,28,0.3366359878309835,char_tfidf_v1
q_eyewear_04,53228670-876c-47d9-a06e-9b857d9fdd3a,29,0.3365793617241819,char_tfidf_v1
q_eyewear_04,dc0aecc3-c099-4b00-9aea-dfa139e08731,30,0.33356654275729336,char_tfidf_v1
q_eyewear_04,76e6c0ff-802c-4c0d-b966-f968bcba2908,31,0.33271970319218497,char_tfidf_v1
q_eyewear_04,02822efb-f50a-45c4-8f4d-bfbba20a01e4,32,0.3318545877277981,char_tfidf_v1
q_eyewear_04,27144b4c-7d6f-4896-852d-cd50f6292055,33,0.33086110933628604,char_tfidf_v1
q_eyewear_04,0a56e96f-0d99-455c-bcbf-f29c734ba733,34,0.32978702803770255,char_tfidf_v1
q_eyewear_04,3b75bb9d-5840-4896-97da-1e84b7cfe1b5,35,0.3295018035367451,char_tfidf_v1
q_eyewear_04,b26eb6b9-5d04-49af-bea4-1e711f60b53f,36,0.32933610772177424,char_tfidf_v1
q_eyewear_04,87473edc-7b38-43a4-8aab-5a6c693668c7,37,0.32933610772177424,char_tfidf_v1
q_eyewear_04,32a34358-ac1f-4072-82b8-397f8d8f53d3,38,0.3265594998175761,char_tfidf_v1
q_eyewear_04,961a5af8-4415-4d21-a7f0-56024b829d67,39,0.3255882273249659,char_tfidf_v1
q_eyewear_04,4cb79272-c9dc-44d7-82c4-35cf6651c07d,40,0.3245895599828809,char_tfidf_v1
q_flowers_01,4825acae-5ec9-42a7-a4dd-bcaabd92399d,1,0.8807053513944636,char_tfidf_v1
q_flowers_01,5710315b-3754-44ff-82d5-6af37e637d74,2,0.7763496550275367,char_tfidf_v1
q_flowers_01,76e6d125-64c6-4956-b374-9a908d9c7ced,3,0.7575448072638183,char_tfidf_v1
q_flowers_01,625a945c-bd99-484b-b606-b3ad7cce42d2,4,0.7486741069627083,char_tfidf_v1
q_flowers_01,19df6713-324c-4735-9d58-5bd62b617486,5,0.7470445075692006,char_tfidf_v1
q_flowers_01,f06e2882-121d-4a4c-938a-e0e4f5705f7f,6,0.7321710054735956,char_tfidf_v1
q_flowers_01,e56553fb-0d58-4e21-ac49-b47a33c5fa52,7,0.7069906484762933,char_tfidf_v1
q_flowers_01,cdb13f1a-1aa8-45fc-9c64-0a7078a1e43d,8,0.7011076180567493,char_tfidf_v1
q_flowers_01,65fd7b2b-a15b-4706-8260-0a3420441b1f,9,0.6984946813033239,char_tfidf_v1
q_flowers_01,2c599e14-7e33-4651-9ff3-a34a73f7cc3e,10,0.6984561725849485,char_tfidf_v1
q_flowers_01,1efe5c1e-357b-4186-81c7-88bf538f3a57,11,0.691017519592173,char_tfidf_v1
q_flowers_01,d4315754-5332-4a7c-9955-aed475690a82,12,0.6884754916975641,char_tfidf_v1
q_flowers_01,fcc936b2-3189-4ead-98dc-c4c49f968d9d,13,0.6829967036805844,char_tfidf_v1
q_flowers_01,708e9945-9b7a-4b0c-b6e3-5187ae60bb0f,14,0.6809617983905507,char_tfidf_v1
q_flowers_01,f8d52913-22cb-4465-9eb4-f12e7f675bf9,15,0.6782041188160081,char_tfidf_v1
q_flowers_01,1e82dd11-c331-4fb1-a897-60d259d3960c,16,0.6781765526684848,char_tfidf_v1
q_flowers_01,139f6d68-83b9-40cc-8339-120b154b8714,17,0.674025549906768,char_tfidf_v1
q_flowers_01,7952b3db-31ab-4427-b30a-1e073265a065,18,0.6632714319289015,char_tfidf_v1
q_flowers_01,d693bcbd-a9fa-4239-b63b-16af8ccd0913,19,0.6085484412741482,char_tfidf_v1
q_flowers_01,fff0cefc-6fb6-4102-ba21-0b820e052c61,20,0.6038786911417009,char_tfidf_v1
q_flowers_01,8819d46a-89ec-487b-98a6-fb5f0060c5fe,21,0.6024098211810615,char_tfidf_v1
q_flowers_01,21917a35-0b5a-4960-859f-c13a13fd614b,22,0.6009786059437847,char_tfidf_v1
q_flowers_01,67ae06c5-5250-4bfe-9a0c-661f49694b6c,23,0.5996386226617726,char_tfidf_v1
q_flowers_01,b63a09d7-f4f1-4a85-9654-35a7f50acc1b,24,0.5942792323687794,char_tfidf_v1
q_flowers_01,6192e0ca-16f5-4699-a35d-f4b952842b23,25,0.592614969840905,char_tfidf_v1
q_flowers_01,c982a516-7110-4738-ad3c-dfb2513c736b,26,0.589943409076204,char_tfidf_v1
q_flowers_01,2b921088-aee2-45fb-941f-864337394f39,27,0.5845560094497717,char_tfidf_v1
q_flowers_01,c02f7529-042f-48b8-85a7-8151ca11ca7b,28,0.5782019138937557,char_tfidf_v1
q_flowers_01,08b9f9fd-7584-41c1-ba08-8a0cbb126f18,29,0.5405882146509938,char_tfidf_v1
q_flowers_01,cf118645-a54a-45ab-a7c8-aebcd44ed261,30,0.53408406294522,char_tfidf_v1
q_flowers_01,4e0beb5c-fc71-441c-981f-70b83382cf7d,31,0.5339347109029231,char_tfidf_v1
q_flowers_01,308f2f39-3c42-41c5-9a51-a4469d825859,32,0.5259910810029302,char_tfidf_v1
q_flowers_01,4b8d360b-2a99-46a9-8fa2-cefd7c23aa34,33,0.5207925328893712,char_tfidf_v1
q_flowers_01,edb57fca-afe3-40d2-bff6-c23905495322,34,0.5176573526294608,char_tfidf_v1
q_flowers_01,fbe4ed75-ba84-4f11-9a96-eef98beb4498,35,0.5167030163010292,char_tfidf_v1
q_flowers_01,b673ed87-58db-4d09-be60-f04dbbc336a8,36,0.5122815655336855,char_tfidf_v1
q_flowers_01,604fd235-a1b1-49c1-8450-7136c8f727c3,37,0.5109427511979631,char_tfidf_v1
q_flowers_01,a6427c37-a1c9-4693-80f8-5d4a34c9937f,38,0.5051889820915761,char_tfidf_v1
q_flowers_01,aaf25881-c6f3-417e-a6d2-0260ab83fe57,39,0.5048516840282061,char_tfidf_v1
q_flowers_01,bebbcc5a-7cca-445a-b398-8d5069c8c1f9,40,0.5033881355109547,char_tfidf_v1
q_flowers_02,8ff13037-46a9-4b14-8e21-82c9f6c1a471,1,0.7582851281523951,char_tfidf_v1
q_flowers_02,45a85963-e28e-4698-821a-7051f1e3e57b,2,0.6860410152245306,char_tfidf_v1
q_flowers_02,7a242fbd-249d-4ae5-8ddb-add211b09ba2,3,0.6398755679559762,char_tfidf_v1
q_flowers_02,52c8d398-7bb2-4e2d-b8f4-fabda975b474,4,0.6278906032597095,char_tfidf_v1
q_flowers_02,8dcea9b1-25b6-4857-8b49-2759be790044,5,0.6250608373225703,char_tfidf_v1
q_flowers_02,2db3d1cd-df05-4f7b-9e1c-dc4244ad407c,6,0.6136860479545734,char_tfidf_v1
q_flowers_02,0838ebd8-8e52-472e-8b55-713d7e585593,7,0.5745206924615693,char_tfidf_v1
q_flowers_02,b6dd669c-dd1c-4a99-af83-26d34064db97,8,0.5695682828299086,char_tfidf_v1
q_flowers_02,10845c7a-1388-40af-aee6-13938da3da2a,9,0.5644491724991274,char_tfidf_v1
q_flowers_02,25499cdd-8427-4566-a223-d5fd45aff705,10,0.5605660198857327,char_tfidf_v1
q_flowers_02,fcbbf76b-9a4a-4d81-b5b0-647881d98e8e,11,0.5544383786075064,char_tfidf_v1
q_flowers_02,ef3d4c0a-feb7-44fe-bbdd-47443b35f13b,12,0.5516899599859638,char_tfidf_v1
q_flowers_02,8d57fa1e-6915-4c03-bc8e-775cf3addb2f,13,0.5502326793801973,char_tfidf_v1
q_flowers_02,d1ebf17f-2418-4496-a2e2-0211e98b478c,14,0.5455622837584292,char_tfidf_v1
q_flowers_02,8f01db59-18a1-4ee6-b4f7-5b33282757fa,15,0.5347231284995806,char_tfidf_v1
q_flowers_02,88497932-355f-472a-bed9-887f48f18430,16,0.5335494495683981,char_tfidf_v1
q_flowers_02,16957e71-5a95-492b-bf75-815e56cb2685,17,0.5318472685990686,char_tfidf_v1
q_flowers_02,82fe3969-3c88-4866-9a50-3c8976724828,18,0.5302100113596825,char_tfidf_v1
q_flowers_02,a6b02578-aff3-45ba-88fc-98130cc4f9a9,19,0.5288916969615893,char_tfidf_v1
q_flowers_02,095e5e59-0c33-4606-8ebd-b997096638a6,20,0.5256483465966697,char_tfidf_v1
q_flowers_02,4f429078-685a-42f2-9b6c-9be06316f0eb,21,0.5240452023348691,char_tfidf_v1
q_flowers_02,526f4972-b9dc-4094-b5da-6d8090076e1d,22,0.5171245630904708,char_tfidf_v1
q_flowers_02,2958565f-3773-42c4-bb7d-16d2b785c96b,23,0.5158167886885942,char_tfidf_v1
q_flowers_02,7304f9c1-00af-4a03-a870-248305b7e4d5,24,0.5128997991832696,char_tfidf_v1
q_flowers_02,b718189d-1d95-4aa1-bbcd-d67fadacbc83,25,0.5067548612870728,char_tfidf_v1
q_flowers_02,a936f2f5-32ba-4870-9cb5-5fcd9ff7458b,26,0.5048676279054417,char_tfidf_v1
q_flowers_02,96b5044c-7637-4aa5-9757-ca450d16cddd,27,0.5041979058437434,char_tfidf_v1
q_flowers_02,7f3d529e-5afe-4d8b-873d-67ab3f88e7e7,28,0.5038268521919508,char_tfidf_v1
q_flowers_02,f44ab6ba-c72a-470a-9322-631beb0431fe,29,0.5018440975857414,char_tfidf_v1
q_flowers_02,6e60fbfc-4128-4034-9373-379e27aab5dc,30,0.499458513299307,char_tfidf_v1
q_flowers_02,4c803252-e536-48ce-b395-3dbf73ddc4d0,31,0.4990949779493284,char_tfidf_v1
q_flowers_02,7290953f-b420-48cc-a936-0acf244713b0,32,0.4988421913794552,char_tfidf_v1
q_flowers_02,7b76f020-6dcb-4a88-b451-ad2b1d4f0232,33,0.49721818063065554,char_tfidf_v1
q_flowers_02,09c8f667-54f0-4904-a60b-a025b5a48c50,34,0.49245228961233606,char_tfidf_v1
q_flowers_02,35a3da05-e782-4a5e-9cc0-b32dadd71932,35,0.48927784282076925,char_tfidf_v1
q_flowers_02,2e21a222-1dde-438f-bd3b-8ebbd1fd91b3,36,0.48858714967139466,char_tfidf_v1
q_flowers_02,4e8a85fb-13d3-4bc7-a9ed-17ad1dabad4f,37,0.4871384123479396,char_tfidf_v1
q_flowers_02,2275e28f-e3e4-4b3a-8ade-cfc5d13550ff,38,0.4837060297316153,char_tfidf_v1
q_flowers_02,de67cbce-0b4f-44f1-8f3c-b86f3542e644,39,0.48349138172125916,char_tfidf_v1
q_flowers_02,78dd1e5d-e8a3-4cd6-b212-c488dd86a434,40,0.4814979661302556,char_tfidf_v1
q_flowers_03,fb1202dc-261e-4768-a390-5ba3de8e9aba,1,0.55900618855641,char_tfidf_v1
q_flowers_03,7856c111-baf2-4da2-8108-222d665901ee,2,0.5547216983472995,char_tfidf_v1
q_flowers_03,5014d54a-b5f8-499b-a6e2-87cd2ba7e0b7,3,0.4137255656665018,char_tfidf_v1
q_flowers_03,3604b7c6-0c52-41d4-8067-d6603b8ee6f0,4,0.3961068748092829,char_tfidf_v1
q_flowers_03,9beeedf7-e6fd-4d10-b713-a195f9452adf,5,0.3920983203961992,char_tfidf_v1
q_flowers_03,76a3551b-dae4-4326-92cc-662015aedbfb,6,0.3844885123848182,char_tfidf_v1
q_flowers_03,2743811c-5e71-4d2b-aa75-1b0147d44f2d,7,0.3473222307178319,char_tfidf_v1
q_flowers_03,3a18fa30-9423-4252-b2e4-c29bc867ae66,8,0.3407092927982029,char_tfidf_v1
q_flowers_03,de6704ee-63f8-4250-85b0-38da5a1b0209,9,0.3403975741843483,char_tfidf_v1
q_flowers_03,1d9b9636-ffa3-4b67-b16c-1e6a0ba61ff0,10,0.3353193521366809,char_tfidf_v1
q_flowers_03,6db25e14-436f-49e1-aaca-aa863607185a,11,0.3244232558183909,char_tfidf_v1
q_flowers_03,0cfffb5d-5240-4c84-8fef-ef393cd00d05,12,0.3243325848472813,char_tfidf_v1
q_flowers_03,f3602c06-803c-4cba-95e5-27f51cdb7d4a,13,0.3124643160108879,char_tfidf_v1
q_flowers_03,b26d1af4-a593-4973-a22b-cde4ec7cf3ea,14,0.31214939232732086,char_tfidf_v1
q_flowers_03,98a35585-0858-4a67-9574-d36cf94ee2d6,15,0.30863924871312437,char_tfidf_v1
q_flowers_03,b66dae54-c0df-4385-b175-b0a3af467ff7,16,0.30658611023461513,char_tfidf_v1
q_flowers_03,c111ac9d-3f3a-405c-a8db-4d127ccda9e2,17,0.2958808752077182,char_tfidf_v1
q_flowers_03,b051c4f3-8b69-4d56-a7fb-f4c9c9bc97fb,18,0.2910017512411126,char_tfidf_v1
q_flowers_03,6e13aba3-0da0-4add-b24e-d29a790f994d,19,0.29098049568337075,char_tfidf_v1
q_flowers_03,fc594302-f669-4e1b-89cf-bd5db04ae722,20,0.280572275037048,char_tfidf_v1
q_flowers_03,38247e3a-64d9-4f76-88f5-7b1a8d95d88a,21,0.2728255546295003,char_tfidf_v1
q_flowers_03,24456103-f6b8-46af-8655-82e61d7265d8,22,0.2724571171982443,char_tfidf_v1
q_flowers_03,08466db9-c2a5-487a-b866-956e229fdc9b,23,0.26309596457438983,char_tfidf_v1
q_flowers_03,c2385b8c-427c-456d-b2cd-9348ab49a18b,24,0.26272773570320496,char_tfidf_v1
q_flowers_03,8529283e-d4e1-4160-80e7-868d8f68f53b,25,0.2506643741839396,char_tfidf_v1
q_flowers_03,2ee374be-8d12-46cc-bbb9-f87fac54ddd7,26,0.2339532025610805,char_tfidf_v1
q_flowers_03,5f59c153-0ca4-4ba4-9f1c-e59663f9e5e2,27,0.23051252267643385,char_tfidf_v1
q_flowers_03,b2985855-e1b8-485e-ad15-d495cc453736,28,0.23025489402288438,char_tfidf_v1
q_flowers_03,7ee8c1d2-4b06-4517-8127-0d6d42a4a697,29,0.22977160912831102,char_tfidf_v1
q_flowers_03,5723d922-e55c-46bc-a5b9-846ba2afdf5d,30,0.22942773410089448,char_tfidf_v1
q_flowers_03,6547a5c2-a40d-46ee-9600-744fb29da73f,31,0.20876330322048786,char_tfidf_v1
q_flowers_03,1880a34b-0ea4-4248-90cc-2b48f613180d,32,0.20839113773842718,char_tfidf_v1
q_flowers_03,e1ec6095-146f-47ab-b3ea-7439f49db354,33,0.2043957664179785,char_tfidf_v1
q_flowers_03,f8b6dbb7-a5f0-42f7-8b13-a4d609de71f9,34,0.1936747602830055,char_tfidf_v1
q_flowers_03,c161453d-f2c8-4b97-a2c3-a54e0cbdb7e8,35,0.19362408762151395,char_tfidf_v1
q_flowers_03,6702c44f-743f-4a82-a486-762c643027a2,36,0.1924222233538048,char_tfidf_v1
q_flowers_03,1df50f85-2e24-471e-9955-64cfe30d014e,37,0.18755350453687328,char_tfidf_v1
q_flowers_03,be9f8c61-892c-48ed-a49d-b63bd032c025,38,0.18132605130415358,char_tfidf_v1
q_flowers_03,49fa384a-f969-4892-aabe-fb781940065f,39,0.17871072821890174,char_tfidf_v1
q_flowers_03,ad2284ff-8791-453b-b8a9-67654ff94220,40,0.17349961483381415,char_tfidf_v1
q_flowers_04,9d15b26c-b7c6-48cf-afbc-f0dcdc22cccf,1,0.45961650795695885,char_tfidf_v1
q_flowers_04,df130639-b40a-4429-9dac-1eacf992e7cb,2,0.3952929892684145,char_tfidf_v1
q_flowers_04,067b4645-360b-4994-b793-9940b502f4fe,3,0.3913222740238978,char_tfidf_v1
q_flowers_04,1f17df28-643a-4205-b24d-68dedbfd70d1,4,0.38411612629429215,char_tfidf_v1
q_flowers_04,b6e122e6-145c-46b6-a8a4-d6857ec819c9,5,0.38308640339959754,char_tfidf_v1
q_flowers_04,a0c3dc25-8fc8-4d3a-a909-3ae2445b4982,6,0.3820966587155098,char_tfidf_v1
q_flowers_04,adce481f-e15e-4db6-8e49-425b0ebab629,7,0.3748158174540545,char_tfidf_v1
q_flowers_04,1d3a7396-fb62-43f5-b53d-fa43a333ff0b,8,0.3650213878927196,char_tfidf_v1
q_flowers_04,3a781f2e-8202-470c-befb-3c36411033bf,9,0.3607997404368962,char_tfidf_v1
q_flowers_04,d31a8752-dd4d-4fe2-a513-c93a96253557,10,0.35762290077853753,char_tfidf_v1
q_flowers_04,015a9bf5-459a-4d82-bb4d-f6b4136ffda5,11,0.35505532403074463,char_tfidf_v1
q_flowers_04,64f46af6-68e6-445c-ba37-30a3e6efc1ad,12,0.3409775454502898,char_tfidf_v1
q_flowers_04,68768347-697e-44c9-9438-db42d626fde2,13,0.3397363428074858,char_tfidf_v1
q_flowers_04,81192042-d2b7-4473-9879-cb4e33d0bdab,14,0.3374169784315515,char_tfidf_v1
q_flowers_04,17ab16c1-e885-4dd3-9f1d-0c26539ee24d,15,0.33696289521673445,char_tfidf_v1
q_flowers_04,b051c4f3-8b69-4d56-a7fb-f4c9c9bc97fb,16,0.33265204356498906,char_tfidf_v1
q_flowers_04,2743811c-5e71-4d2b-aa75-1b0147d44f2d,17,0.32804719629315693,char_tfidf_v1
q_flowers_04,4825acae-5ec9-42a7-a4dd-bcaabd92399d,18,0.3278709545209019,char_tfidf_v1
q_flowers_04,1a11edc3-9598-4fe4-b093-b4f766ee30d8,19,0.3238281999419874,char_tfidf_v1
q_flowers_04,957cf2ab-48cd-4318-acf9-256e66cc5641,20,0.31643454837827495,char_tfidf_v1
q_flowers_04,46090ff9-d080-41b3-82dc-f3e2d4029e36,21,0.3159332292953851,char_tfidf_v1
q_flowers_04,69fada19-3d28-4709-b619-5302447f6c58,22,0.31575680633124825,char_tfidf_v1
q_flowers_04,ad7c5583-b22c-46d6-9ac0-97c2235f9086,23,0.3080663513241018,char_tfidf_v1
q_flowers_04,60ef0cbd-6d4c-43a5-b978-e76ce0f50d50,24,0.307892494197361,char_tfidf_v1
q_flowers_04,ae3782b4-7742-4e4a-8223-325b3cc082b5,25,0.30304620317270625,char_tfidf_v1
q_flowers_04,ae37be81-fd10-428e-8c9e-5ec63fedf54b,26,0.3014148509194118,char_tfidf_v1
q_flowers_04,aace9af5-85fc-4ea3-ae03-bb77ad69d32d,27,0.3012105467324785,char_tfidf_v1
q_flowers_04,7543d5f6-37d7-4020-bd10-46e280b051df,28,0.2992079312077321,char_tfidf_v1
q_flowers_04,7313e2f8-9fe0-4e0e-8dd9-3f1100802046,29,0.29809428042298003,char_tfidf_v1
q_flowers_04,591290db-7773-4bb0-a717-a5f27278e6c6,30,0.2974385104896561,char_tfidf_v1
q_flowers_04,b8d695e7-bfff-4615-9dab-9308a7ec236c,31,0.29500019193813987,char_tfidf_v1
q_flowers_04,39d79cf6-29ee-4dd6-8efb-0b2cce6d8271,32,0.2948988111814168,char_tfidf_v1
q_flowers_04,8d650c6a-5a65-4333-8344-0f9eda52ffa4,33,0.29392738682327196,char_tfidf_v1
q_flowers_04,761f7b24-0ee3-455c-a7f3-e20f7dcd6165,34,0.29337375465838,char_tfidf_v1
q_flowers_04,6c173e48-b1d5-46a4-8c7e-b8986310dfbe,35,0.29138744121740184,char_tfidf_v1
q_flowers_04,c4a26831-0cfa-4769-9a1a-9f1585b396ba,36,0.28972906834726264,char_tfidf_v1
q_flowers_04,e63b99a9-28a2-48de-b49f-1c08839a8fa2,37,0.28939029814041156,char_tfidf_v1
q_flowers_04,1789331b-68b5-4a70-ac8a-f94c71281f8c,38,0.28924026021670096,char_tfidf_v1
q_flowers_04,06dede93-cca4-4e0a-8ee9-26168a0b4f4d,39,0.2887820530066664,char_tfidf_v1
q_flowers_04,d6821f66-069a-4e18-9c5e-cb8ee5ded4fe,40,0.28811401021915184,char_tfidf_v1
q_fitness_01,8cac8c43-49c7-4d91-b51f-f9a730630a46,1,0.9165270133201048,char_tfidf_v1
q_fitness_01,b0fa6140-a098-4d5c-bb00-a6e18dcc8081,2,0.910453168594359,char_tfidf_v1
q_fitness_01,93705db9-8401-4488-a4d7-1e98f0ef0b57,3,0.9079855121034004,char_tfidf_v1
q_fitness_01,5de85a90-09e9-48cb-a893-e5f822667d43,4,0.8792002296786219,char_tfidf_v1
q_fitness_01,1b4dce18-d5c1-4c8c-b9d2-fca5df0d9bbc,5,0.8219630382391039,char_tfidf_v1
q_fitness_01,0080a859-c5d8-4b43-b14c-d5eb844118a0,6,0.8214743035389813,char_tfidf_v1
q_fitness_01,0d022b68-2b56-4c6d-83e4-75bbb0250b7c,7,0.8106441561762955,char_tfidf_v1
q_fitness_01,af0be4e3-7515-4b1d-b830-d7d9a8213af3,8,0.8059895886816867,char_tfidf_v1
q_fitness_01,57645c5a-23b7-4d44-8f29-86f9ba797c98,9,0.8055913167540372,char_tfidf_v1
q_fitness_01,2809c6da-d632-4997-a7ac-e413db039e23,10,0.8029890421266325,char_tfidf_v1
q_fitness_01,9dac3be2-407e-4e63-9798-3ef1c972d0e0,11,0.8010220304850661,char_tfidf_v1
q_fitness_01,e6598e81-3b47-4549-ae8b-cc72760c1af4,12,0.797784689944572,char_tfidf_v1
q_fitness_01,ab046750-9e02-4b1b-be26-0d45aecd174f,13,0.7926687384798927,char_tfidf_v1
q_fitness_01,ed2510fd-25e6-4664-9693-c4387003c8f4,14,0.7877364360739948,char_tfidf_v1
q_fitness_01,7c56683c-0cd0-45ce-8f74-0dbdc5b3003f,15,0.785992274253292,char_tfidf_v1
q_fitness_01,7a304117-b41c-4dba-b89b-2c92e30494b5,16,0.7730312370828192,char_tfidf_v1
q_fitness_01,a151d33f-690f-43ab-b351-64fc0d0823db,17,0.7600426396300778,char_tfidf_v1
q_fitness_01,5b15e88f-ac9f-4206-a411-263a2543f5db,18,0.7548132039551327,char_tfidf_v1
q_fitness_01,0214eb76-f204-4d4f-9645-f0444d2c5f33,19,0.7526680974109087,char_tfidf_v1
q_fitness_01,5363b9b0-bdef-4975-9fcf-06d122655da9,20,0.7489293167102737,char_tfidf_v1
q_fitness_01,b85ad62f-dabc-40c2-a50f-971fbc65525f,21,0.7472672532698739,char_tfidf_v1
q_fitness_01,6d73f137-53fe-45f9-8ddd-eb1d99f6a3f1,22,0.738904533388651,char_tfidf_v1
q_fitness_01,25b493da-208f-47d2-a648-0b1eae68ddbb,23,0.7358411388216642,char_tfidf_v1
q_fitness_01,98ba58a4-61a5-4768-a36e-e1cbd2f82d45,24,0.7151024620724116,char_tfidf_v1
q_fitness_01,64c6105b-6bda-4f90-b68a-155ddf4a4bbd,25,0.7057560376246633,char_tfidf_v1
q_fitness_01,9ebd7ffe-692e-451d-8e11-f588fe436083,26,0.7003222718534411,char_tfidf_v1
q_fitness_01,02afd03f-1610-49f8-8e3d-e8dc8df6c0bc,27,0.6912429594014076,char_tfidf_v1
q_fitness_01,28e7d699-65b0-457b-a4ec-5bb0c9a7eecb,28,0.689600965976922,char_tfidf_v1
q_fitness_01,377a1822-9e1b-4458-a1aa-11a43e3e035a,29,0.686803349311312,char_tfidf_v1
q_fitness_01,172961ca-0c85-4246-a5bc-a63d7cadc829,30,0.6835367191542121,char_tfidf_v1
q_fitness_01,eb59f390-37b0-4bfc-9917-aa2a909ba775,31,0.6749771907567615,char_tfidf_v1
q_fitness_01,a1570a46-6991-4ffd-9812-bcbac43742da,32,0.6715428762825398,char_tfidf_v1
q_fitness_01,2f27606a-3445-43db-bb94-bffc58d4c939,33,0.6708790001756472,char_tfidf_v1
q_fitness_01,c69a4ab0-bd25-4463-a3b9-131f29d94287,34,0.6698142616216324,char_tfidf_v1
q_fitness_01,8abc8c69-f4e1-407c-8966-a06bb0cfcf36,35,0.6692804622283911,char_tfidf_v1
q_fitness_01,03c2ebde-8fba-4952-abd9-b9f2a567c819,36,0.6688644995553356,char_tfidf_v1
q_fitness_01,95247b15-da36-4850-8a04-a195a3d9b73c,37,0.664312778154949,char_tfidf_v1
q_fitness_01,51bf2f66-f5e9-47d3-9578-3ebf8ecabb5f,38,0.6614062757031235,char_tfidf_v1
q_fitness_01,074ab624-d672-4af0-aefa-1e755549e6df,39,0.6607288319207608,char_tfidf_v1
q_fitness_01,cf124091-833c-4e80-b342-a6c29fe44082,40,0.6558975489703515,char_tfidf_v1
q_fitness_02,edcd962b-8c0c-4fcc-8aa5-65d00a4502ef,1,0.9202047282780301,char_tfidf_v1
q_fitness_02,c259edd4-7a9b-4d3f-8c13-8538f5d2cdb8,2,0.8011417052923273,char_tfidf_v1
q_fitness_02,ef5b0db5-1e81-4e22-aa70-c17241892888,3,0.5561226248437696,char_tfidf_v1
q_fitness_02,cef2bb2a-029e-43db-bbcc-8c5d444a6faa,4,0.5508297718083092,char_tfidf_v1
q_fitness_02,35f62c74-3304-4a6c-a21f-28b253239019,5,0.5359673774547609,char_tfidf_v1
q_fitness_02,fc1dd3a1-d485-41c0-b22f-42fdfd8fb4e6,6,0.5213370990222713,char_tfidf_v1
q_fitness_02,48ec2024-ee31-4ae0-bb8f-2126c5bfaa61,7,0.5001995438280374,char_tfidf_v1
q_fitness_02,6d7e6d5c-5684-4d8d-b251-f68a8ed49015,8,0.4902692624039479,char_tfidf_v1
q_fitness_02,06a9d0d7-98d4-46de-ba60-78844e443b35,9,0.48175132721331515,char_tfidf_v1
q_fitness_02,ba5e4309-8bb2-4953-af75-20844fe84f40,10,0.4597254199101162,char_tfidf_v1
q_fitness_02,21bfd845-8c16-4b67-809f-81a3833826c0,11,0.4585828843346829,char_tfidf_v1
q_fitness_02,fa172711-c358-4eff-b06f-13bd59fcd52e,12,0.44747826864838564,char_tfidf_v1
q_fitness_02,b4f979c5-4f1e-4697-8977-6238d65f450a,13,0.436684683775202,char_tfidf_v1
q_fitness_02,5bcf8ba5-504a-482a-b5b2-9b32fc390db3,14,0.41068769005100075,char_tfidf_v1
q_fitness_02,7915bda5-bd67-474c-a69f-e0a1701429e4,15,0.40415957386050755,char_tfidf_v1
q_fitness_02,e40de4d2-0f17-4bad-a973-db0dab2ba6c5,16,0.3973582951893152,char_tfidf_v1
q_fitness_02,14ce00a0-8171-41bb-b6c0-9f8671f7d213,17,0.39679191518034335,char_tfidf_v1
q_fitness_02,19cbf6ac-0da1-47dd-9000-8c83b9768dfa,18,0.3951839954564771,char_tfidf_v1
q_fitness_02,2565c1a2-bef2-4867-8f04-20053b2b57e5,19,0.3936612861003991,char_tfidf_v1
q_fitness_02,86f50a37-6a87-43ab-af77-5d2e551b9f8b,20,0.38844258471741594,char_tfidf_v1
q_fitness_02,ff30492b-148a-4999-b790-f3fc1228051f,21,0.3831867291749754,char_tfidf_v1
q_fitness_02,d17602f3-dacb-4ce0-97e4-a553b74367e3,22,0.3831867291749754,char_tfidf_v1
q_fitness_02,b80ef161-dc26-4821-9801-a8a20c0423b8,23,0.3806732579876471,char_tfidf_v1
q_fitness_02,d4a2156d-fdab-43c2-b320-c9a23587e697,24,0.3711964847030269,char_tfidf_v1
q_fitness_02,5f69bfb2-e7cf-4b04-b8b1-227cbcd2adad,25,0.3560506252712654,char_tfidf_v1
q_fitness_02,d7ecb526-ed4e-454b-93b1-3232b17c8698,26,0.35348217679160493,char_tfidf_v1
q_fitness_02,1a1c207b-825c-4b54-b28d-43a4e651b83e,27,0.35300772010366355,char_tfidf_v1
q_fitness_02,54994c5b-8f1c-4a54-a4b7-dd3bc930a7d5,28,0.3528116518305387,char_tfidf_v1
q_fitness_02,f5e649ab-03de-4bfb-a5aa-a7b470454ab9,29,0.3517518461240259,char_tfidf_v1
q_fitness_02,f1d7a9b4-e15b-49c5-ab11-ca40f1618fe7,30,0.34857064761389883,char_tfidf_v1
q_fitness_02,4c0cadbe-0fe6-4f77-9bd6-36dc170a865e,31,0.3467118983959764,char_tfidf_v1
q_fitness_02,d7987e23-b7e8-4ced-a117-28546ccf0f67,32,0.34640324127240096,char_tfidf_v1
q_fitness_02,30380264-31ad-4863-ad1b-e8459f78f274,33,0.34603717907836395,char_tfidf_v1
q_fitness_02,107200da-93f6-4d87-8a8c-f8f6048c4c23,34,0.34427332541125294,char_tfidf_v1
q_fitness_02,c5083e5b-5aab-4c0f-a1de-2c0e0223257a,35,0.34178089541311485,char_tfidf_v1
q_fitness_02,9b7ff15b-e59c-422d-b8bb-19ecdc8aa531,36,0.33792924084027526,char_tfidf_v1
q_fitness_02,c0aa12ed-c2e5-4471-9949-2529e5d45d89,37,0.33498031880402235,char_tfidf_v1
q_fitness_02,36f4d9e2-889a-4168-b518-51e2ddf773df,38,0.33342064502639246,char_tfidf_v1
q_fitness_02,f20ee14b-00fe-42cc-9a55-44db8b799d54,39,0.3319906719784737,char_tfidf_v1
q_fitness_02,3e005de2-e09b-4a1c-b6df-7d3f0777e94b,40,0.32702859107440707,char_tfidf_v1
q_fitness_03,76a3551b-dae4-4326-92cc-662015aedbfb,1,0.4313686256740092,char_tfidf_v1
q_fitness_03,2743811c-5e71-4d2b-aa75-1b0147d44f2d,2,0.3340658993215819,char_tfidf_v1
q_fitness_03,c111ac9d-3f3a-405c-a8db-4d127ccda9e2,3,0.3319571908921775,char_tfidf_v1
q_fitness_03,24456103-f6b8-46af-8655-82e61d7265d8,4,0.3056774088565717,char_tfidf_v1
q_fitness_03,9834588e-7f5d-4762-b7cd-cf6235e64c72,5,0.2867250551943181,char_tfidf_v1
q_fitness_03,0c653404-a68d-40b7-9ec9-471294950fad,6,0.26508874623238715,char_tfidf_v1
q_fitness_03,636a902d-0fd9-4293-ad2d-d40640741dde,7,0.25589012255613597,char_tfidf_v1
q_fitness_03,38a2d21d-5e3b-4e3b-b8e2-a0e960eb412a,8,0.2303331026070536,char_tfidf_v1
q_fitness_03,349e8e97-6fc2-4621-80ca-cbc4b94d3cbb,9,0.2232222861800069,char_tfidf_v1
q_fitness_03,89942b67-9644-483c-b271-d9c5fd43a422,10,0.2231311982734538,char_tfidf_v1
q_fitness_03,00d5e821-820b-4f99-be01-4999464195f4,11,0.21638553722894477,char_tfidf_v1
q_fitness_03,be9f8c61-892c-48ed-a49d-b63bd032c025,12,0.20343486744197492,char_tfidf_v1
q_fitness_03,81b4b249-d75e-4751-80dc-6d385f11424a,13,0.20179721072093032,char_tfidf_v1
q_fitness_03,154a1f80-f7e4-4efe-9213-a311e2b2308c,14,0.2013244541872296,char_tfidf_v1
q_fitness_03,d8e6fbac-fedf-421d-900e-a560e5d14d30,15,0.2009146834031761,char_tfidf_v1
q_fitness_03,23d829b0-b996-49f6-b4e5-74cdeadfcd9f,16,0.19210726455093485,char_tfidf_v1
q_fitness_03,86d33132-ef3f-49c3-a57e-344c3b22efcb,17,0.19199655862295564,char_tfidf_v1
q_fitness_03,1c48ef6c-d475-4858-8aab-0ee9b8033fdb,18,0.19042438808698142,char_tfidf_v1
q_fitness_03,842f6cf1-6411-4f4b-be23-746d79e31656,19,0.18634368013773162,char_tfidf_v1
q_fitness_03,13a15c0b-7143-4162-b2f1-7ae9f203b5d7,20,0.1853355285225926,char_tfidf_v1
q_fitness_03,06261986-3eba-4244-b63f-397460d82f4a,21,0.18290247326140316,char_tfidf_v1
q_fitness_03,9fc35c6f-2f9a-4b20-abeb-000ab840d793,22,0.18249808053365182,char_tfidf_v1
q_fitness_03,b4f7ac86-fbbc-4134-af33-190e1b7fbe7c,23,0.17977368598779914,char_tfidf_v1
q_fitness_03,3dafc751-3be5-482a-b99b-370d5bd28d3d,24,0.17226848720992985,char_tfidf_v1
q_fitness_03,d4bc1bc0-a4e5-4bfe-a03c-604321bf9c67,25,0.1720275511109961,char_tfidf_v1
q_fitness_03,ecaa389d-be82-4903-a754-35399b13ea9b,26,0.17035439621759935,char_tfidf_v1
q_fitness_03,44f0ae81-bd1f-489f-a26b-f17eae7ea79d,27,0.16877519200672497,char_tfidf_v1
q_fitness_03,9c036967-8637-45f9-8074-c9534fa3260b,28,0.16741872216924458,char_tfidf_v1
q_fitness_03,ed73e61f-d4aa-4b8e-9e23-d2274a66eee5,29,0.16723017013402347,char_tfidf_v1
q_fitness_03,d8d78a6f-ba86-4032-9d06-8f6dbd3a3dda,30,0.16706068045881384,char_tfidf_v1
q_fitness_03,03a9a083-e087-4541-9cdb-5af229cc78e0,31,0.1670471442681674,char_tfidf_v1
q_fitness_03,526d5226-5a90-4377-8ee7-cf95821bdcde,32,0.1656160878931291,char_tfidf_v1
q_fitness_03,bffab68c-d149-467a-82d6-a62ae3db58ad,33,0.1628575274311914,char_tfidf_v1
q_fitness_03,6cf83595-97f8-416f-af1e-6c8131d8db01,34,0.1600230035168562,char_tfidf_v1
q_fitness_03,03ccb4c2-62ef-44c1-8a3e-0822ee1f1d4a,35,0.1596271575935299,char_tfidf_v1
q_fitness_03,07869d7b-4842-4e08-bfee-9f3c6a6330ff,36,0.1596271575935299,char_tfidf_v1
q_fitness_03,e0f4bfeb-424a-4ac4-9134-8c443fd053c8,37,0.1596271575935299,char_tfidf_v1
q_fitness_03,a49b2212-4418-45f7-9d0b-a0dfb325dd60,38,0.15873701066498505,char_tfidf_v1
q_fitness_03,81daa6e5-04d4-46ec-9a09-2461470e9ea7,39,0.15599628131934723,char_tfidf_v1
q_fitness_03,174022be-849b-457e-a8b2-63a7e3485909,40,0.15371928111912875,char_tfidf_v1
q_fitness_04,8b575c45-3054-4978-96a5-06428f1ba1a9,1,0.3678695908349777,char_tfidf_v1
q_fitness_04,dbdbb7e1-cdff-42fe-bd89-af4d8c22be0b,2,0.3674913698028981,char_tfidf_v1
q_fitness_04,0080a859-c5d8-4b43-b14c-d5eb844118a0,3,0.3629701927804214,char_tfidf_v1
q_fitness_04,25d00068-c3e9-4e8d-be42-8afd170d7a6d,4,0.3604533300944741,char_tfidf_v1
q_fitness_04,d68b086c-70b8-4b8e-83ec-d36446c4d972,5,0.3603435613571876,char_tfidf_v1
q_fitness_04,1300d2a7-caf0-456f-99ce-2dfb57a6e007,6,0.3535260546786874,char_tfidf_v1
q_fitness_04,7fbb06f8-99f3-47c5-b43c-bdd672ea31b5,7,0.3473618881227798,char_tfidf_v1
q_fitness_04,260638da-7a2b-40de-a30b-986292de3212,8,0.34554846809115025,char_tfidf_v1
q_fitness_04,24701bd4-f2c1-47e7-a4a5-fb43528e9153,9,0.3410531245180623,char_tfidf_v1
q_fitness_04,6245bf61-ba8b-4b60-91d9-610ca5c6e864,10,0.3407268647432798,char_tfidf_v1
q_fitness_04,52bf8fa1-b035-4175-a853-e487655ff9c8,11,0.3265054882500685,char_tfidf_v1
q_fitness_04,14ffe4b2-bd20-4f16-b1dc-dd39c7d48648,12,0.32350909141649004,char_tfidf_v1
q_fitness_04,82ef23fe-994b-40c6-a018-27562ad2238b,13,0.32342380759585343,char_tfidf_v1
q_fitness_04,2f7484dc-68da-481a-b7bf-fd027e058cf6,14,0.32007608182964836,char_tfidf_v1
q_fitness_04,ee94c325-c2ad-4dc1-ab31-c0a63bdfde66,15,0.3190926778006164,char_tfidf_v1
q_fitness_04,f2f063ae-7072-4cb5-9b2b-3bf2574518ed,16,0.31755494068271706,char_tfidf_v1
q_fitness_04,9e998694-e7a4-43c3-baef-9279d201f328,17,0.3160249402078886,char_tfidf_v1
q_fitness_04,b2506e39-9441-4364-a5d4-82b916bf5c8d,18,0.31524128367693677,char_tfidf_v1
q_fitness_04,4fb963a2-ec5c-4e0d-a011-0dbc40952e5c,19,0.3143600704436029,char_tfidf_v1
q_fitness_04,cd0f481d-9369-4b02-8a9a-6cf66b07b9a7,20,0.31177642956819623,char_tfidf_v1
q_fitness_04,fcaaffb2-32bb-4e9e-84a5-faf51d51e8e0,21,0.3114666462184603,char_tfidf_v1
q_fitness_04,d74c83e3-5da2-4b1b-8707-21e8bcfd0dce,22,0.3113089293382678,char_tfidf_v1
q_fitness_04,ccb94eae-2e5a-4dc6-8831-926edacab9ca,23,0.3111414932719373,char_tfidf_v1
q_fitness_04,a5647bf7-e937-49e2-99ce-026cee3ca1ed,24,0.3056429233224984,char_tfidf_v1
q_fitness_04,16487cb2-f608-4373-948a-cfdc355d5dfd,25,0.30549122331578515,char_tfidf_v1
q_fitness_04,3b91fb89-d8c8-4514-be5d-6ee71c48bb85,26,0.299848337689013,char_tfidf_v1
q_fitness_04,bc522304-684b-4362-ab04-08be5b99adb6,27,0.29960487295825056,char_tfidf_v1
q_fitness_04,b3d9e3f9-924e-40d5-afc1-355224046aa4,28,0.2993088657022876,char_tfidf_v1
q_fitness_04,80989184-1d44-4f8e-81f2-c801f7ac111e,29,0.297596452927916,char_tfidf_v1
q_fitness_04,9fefa435-af1b-44f0-aba4-33964b16a97f,30,0.29148393761000707,char_tfidf_v1
q_fitness_04,59f2746c-31a2-4dc2-8ae8-71f8f0f4f57f,31,0.290988430256757,char_tfidf_v1
q_fitness_04,5a793e75-a08d-44e9-ba4a-47b0208c748b,32,0.2908082907057601,char_tfidf_v1
q_fitness_04,328a1610-4d4f-4102-a5d8-6711b4741ecc,33,0.2871544343818331,char_tfidf_v1
q_fitness_04,5e99ffe9-d666-4eb4-a37b-69f0f9389ba8,34,0.28296418907493714,char_tfidf_v1
q_fitness_04,f4c2d17d-f51b-4c8f-a963-37de315abac7,35,0.2819922342127761,char_tfidf_v1
q_fitness_04,c69a4ab0-bd25-4463-a3b9-131f29d94287,36,0.2818309385059832,char_tfidf_v1
q_fitness_04,f2f4ad43-92e5-43ee-83f3-184db9825843,37,0.28155697593144835,char_tfidf_v1
q_fitness_04,c5dd664b-3ba0-4c8e-8c68-6f0dee53eb46,38,0.27936573384622093,char_tfidf_v1
q_fitness_04,37f4da31-01d0-4a5e-beb6-00bbe79abc0d,39,0.2788765363183701,char_tfidf_v1
q_fitness_04,167afa6b-ba96-4720-a6a6-ae1a8dad4813,40,0.2785541189668315,char_tfidf_v1
q_stationery_01,755783c5-f128-4b55-b221-bdef28978c4e,1,0.8553682505477406,char_tfidf_v1
q_stationery_01,65524fe3-c0b2-4802-b998-34503b9e9bcf,2,0.8534869870959337,char_tfidf_v1
q_stationery_01,2f2ffafb-05d5-460b-b74c-c90d6e47b77b,3,0.8327909379279281,char_tfidf_v1
q_stationery_01,dae8be7e-aa2d-4c4d-86a3-5f39a47cb728,4,0.8297969601872287,char_tfidf_v1
q_stationery_01,435a9bb4-4b7b-4662-9f8b-d0a6001f3cfc,5,0.8289250789898792,char_tfidf_v1
q_stationery_01,2411b823-b5a9-4b8a-b87e-0428f66a8d14,6,0.7948288058739283,char_tfidf_v1
q_stationery_01,6899eaa3-047d-4787-8044-371766cd162f,7,0.7948288058739283,char_tfidf_v1
q_stationery_01,6e628890-7ce7-46d2-8056-f6fcb8615559,8,0.7805803897373949,char_tfidf_v1
q_stationery_01,900e4b7d-8cae-4e33-a3eb-4d5fd0d25316,9,0.7759481329659439,char_tfidf_v1
q_stationery_01,8fad454e-9f56-47bf-8769-0f2b6a2c41ff,10,0.7672120745300026,char_tfidf_v1
q_stationery_01,e9c38824-9001-4bee-a130-49975cc44dfd,11,0.7662193882381017,char_tfidf_v1
q_stationery_01,3b9d123f-bdd6-48a4-93f1-c130ac594101,12,0.7633798473567848,char_tfidf_v1
q_stationery_01,3d50695b-325d-4273-8da1-2c62277b16fe,13,0.7619472210083683,char_tfidf_v1
q_stationery_01,e973721b-55ae-41a8-9d5c-3130aa13eb9b,14,0.759704930788093,char_tfidf_v1
q_stationery_01,8bf6b3b1-7e7b-41c9-a8b2-012f571b43d5,15,0.7543488603091646,char_tfidf_v1
q_stationery_01,12ba48f5-e450-4575-a5ba-5051298d3b4e,16,0.7508622618315903,char_tfidf_v1
q_stationery_01,b0f1bcd2-5a15-4085-9ba3-0425abb81cd1,17,0.7490567794624797,char_tfidf_v1
q_stationery_01,0116d1e6-1e97-4150-b153-e21e3c62cef4,18,0.746174441771958,char_tfidf_v1
q_stationery_01,fe4b6429-d32d-4589-9e3e-f4c09b1aa2a2,19,0.7453706741967628,char_tfidf_v1
q_stationery_01,97fedbc5-f227-40ae-b351-f035ffcf754f,20,0.7431994389389716,char_tfidf_v1
q_stationery_01,69be9b74-b5b9-4f7a-8a00-f7b185bc7d4c,21,0.7390764981416627,char_tfidf_v1
q_stationery_01,c1b563a3-cd93-40c4-8a51-87a1f9e39cfd,22,0.7389569269197656,char_tfidf_v1
q_stationery_01,36a37486-d600-4475-b0d3-d1c379c4d8c7,23,0.7365637096882542,char_tfidf_v1
q_stationery_01,082b71b1-ffca-4658-9ee3-0470cdd3e87a,24,0.7337906962179463,char_tfidf_v1
q_stationery_01,a04ed0df-1df4-46e3-96c5-7d8618942cf4,25,0.729972684310201,char_tfidf_v1
q_stationery_01,fc514f19-1cfe-4f94-84ec-1214584671b1,26,0.7185426123447102,char_tfidf_v1
q_stationery_01,8fb5b7e8-24cf-49b6-8d79-7e10c34c5005,27,0.7175075094456537,char_tfidf_v1
q_stationery_01,56a66e3d-058d-4935-b37d-d2cb591fcf8e,28,0.7128135925240837,char_tfidf_v1
q_stationery_01,c74d8dbf-cc3c-4a55-a196-68dd9d066787,29,0.7127009327439191,char_tfidf_v1
q_stationery_01,e592cb26-433c-4869-aebd-84347df0ad67,30,0.7111533213910839,char_tfidf_v1
q_stationery_01,f67e4037-494a-4cea-93dc-f02d56aacdef,31,0.7053299756053871,char_tfidf_v1
q_stationery_01,cb6bed09-644a-4b8b-b9a3-3d6a77f19467,32,0.7045225195562502,char_tfidf_v1
q_stationery_01,6e40353a-f1fd-443e-aa1a-46ef23f3b1ad,33,0.6972352899613911,char_tfidf_v1
q_stationery_01,c5c618df-d4dd-4202-b0f5-ef3cf006bdfc,34,0.6958609918131731,char_tfidf_v1
q_stationery_01,0082c797-13a0-4f77-a6cc-f608ac85460a,35,0.694385663100671,char_tfidf_v1
q_stationery_01,8ed96dd7-7ac5-4dc4-b11e-433b4de41123,36,0.6913520361110317,char_tfidf_v1
q_stationery_01,71041e2a-1089-48b7-aeca-510cb42124f2,37,0.6905489100961539,char_tfidf_v1
q_stationery_01,bb04ad75-71c0-4e46-bae2-41cb208794f6,38,0.6898099939739626,char_tfidf_v1
q_stationery_01,6549bd5b-225b-4c30-a03b-78537f1a644f,39,0.6884952001110664,char_tfidf_v1
q_stationery_01,ffe5acb3-447e-4431-ab76-b4d97bd3a482,40,0.6877694143992327,char_tfidf_v1
q_stationery_02,22e721d8-a90a-4661-876d-1a5e1894cebc,1,0.8867883494573616,char_tfidf_v1
q_stationery_02,7fe1bd00-5f69-4be7-b401-86659bf564ff,2,0.8281367902722674,char_tfidf_v1
q_stationery_02,7624e6d2-012a-4c4e-8e9c-352affba3fd5,3,0.8250776912849085,char_tfidf_v1
q_stationery_02,8e6388e8-ce8c-447e-a43a-cade8fe7bbb8,4,0.8068027120956716,char_tfidf_v1
q_stationery_02,398f9f80-4243-4ce0-b04b-e1cfe43edaac,5,0.7345901008009443,char_tfidf_v1
q_stationery_02,5365a861-15ee-426c-af89-0ff5d04f5c20,6,0.732179940728254,char_tfidf_v1
q_stationery_02,a1208e4b-a28f-4157-9e3a-5f1c69c7ce26,7,0.7307954480978973,char_tfidf_v1
q_stationery_02,70a49ecf-6e99-45f1-a961-67d9d5f956ab,8,0.6332036621647217,char_tfidf_v1
q_stationery_02,dff05fe1-5f65-41e5-8890-7a91fddd3b85,9,0.5788553079909121,char_tfidf_v1
q_stationery_02,e32b736a-7898-4b80-8f83-46de1b706ce7,10,0.5582906739392831,char_tfidf_v1
q_stationery_02,a1043ef0-029a-4122-9781-07de7a9a0a97,11,0.5363830068143433,char_tfidf_v1
q_stationery_02,e5151bcf-2b55-4c0b-bf9a-2ac1d5e74ece,12,0.5026083352536281,char_tfidf_v1
q_stationery_02,5928c18f-fe29-4dcf-815d-bb62b9409b12,13,0.3321349190260585,char_tfidf_v1
q_stationery_02,1f955929-b697-45fa-ba1a-45dd62b214ab,14,0.28038144123158004,char_tfidf_v1
q_stationery_02,12ba48f5-e450-4575-a5ba-5051298d3b4e,15,0.27928524754817574,char_tfidf_v1
q_stationery_02,fc514f19-1cfe-4f94-84ec-1214584671b1,16,0.26726386657532547,char_tfidf_v1
q_stationery_02,6e40353a-f1fd-443e-aa1a-46ef23f3b1ad,17,0.2593385504302603,char_tfidf_v1
q_stationery_02,755783c5-f128-4b55-b221-bdef28978c4e,18,0.23509733985689513,char_tfidf_v1
q_stationery_02,65524fe3-c0b2-4802-b998-34503b9e9bcf,19,0.23458027596914083,char_tfidf_v1
q_stationery_02,22f0c118-8c6d-4a50-8fb3-15c94616db60,20,0.23396035295024065,char_tfidf_v1
q_stationery_02,44044fad-1034-491e-9c39-bfccafbb010b,21,0.23289368365674032,char_tfidf_v1
q_stationery_02,15fb2277-b836-4bf4-8212-f1eaf82261c0,22,0.2320448665350474,char_tfidf_v1
q_stationery_02,b1acefa0-ad9b-4c07-8a12-0688e06809ec,23,0.23078037904527565,char_tfidf_v1
q_stationery_02,2f2ffafb-05d5-460b-b74c-c90d6e47b77b,24,0.22889198194860655,char_tfidf_v1
q_stationery_02,dade6ffd-36d4-4b7e-a91b-989a3473929b,25,0.2284930557984513,char_tfidf_v1
q_stationery_02,dae8be7e-aa2d-4c4d-86a3-5f39a47cb728,26,0.22806908935003456,char_tfidf_v1
q_stationery_02,435a9bb4-4b7b-4662-9f8b-d0a6001f3cfc,27,0.2278294534387918,char_tfidf_v1
q_stationery_02,3b9d123f-bdd6-48a4-93f1-c130ac594101,28,0.22469177066487975,char_tfidf_v1
q_stationery_02,97fedbc5-f227-40ae-b351-f035ffcf754f,29,0.22126530578350548,char_tfidf_v1
q_stationery_02,2411b823-b5a9-4b8a-b87e-0428f66a8d14,30,0.21845811763873005,char_tfidf_v1
q_stationery_02,6899eaa3-047d-4787-8044-371766cd162f,31,0.21845811763873005,char_tfidf_v1
q_stationery_02,6e628890-7ce7-46d2-8056-f6fcb8615559,32,0.21454195085474195,char_tfidf_v1
q_stationery_02,6ccce905-716a-4ecf-9e5c-b8fe46eca7de,33,0.2142448903124308,char_tfidf_v1
q_stationery_02,900e4b7d-8cae-4e33-a3eb-4d5fd0d25316,34,0.21326877845933817,char_tfidf_v1
q_stationery_02,8fad454e-9f56-47bf-8769-0f2b6a2c41ff,35,0.21086767916928506,char_tfidf_v1
q_stationery_02,e9c38824-9001-4bee-a130-49975cc44dfd,36,0.210594840065906,char_tfidf_v1
q_stationery_02,19489be8-6d07-4420-b470-2789da78c6c2,37,0.21029759424920116,char_tfidf_v1
q_stationery_02,3d50695b-325d-4273-8da1-2c62277b16fe,38,0.20942063801843588,char_tfidf_v1
q_stationery_02,e973721b-55ae-41a8-9d5c-3130aa13eb9b,39,0.208804346186659,char_tfidf_v1
q_stationery_02,8bf6b3b1-7e7b-41c9-a8b2-012f571b43d5,40,0.20733223412162058,char_tfidf_v1
q_stationery_03,245aec63-05d3-47d7-9b3d-b96e9db2fdcb,1,0.47315590694496323,char_tfidf_v1
q_stationery_03,db6908bb-41e1-461b-9a7e-9c2952b15fec,2,0.45801871342866807,char_tfidf_v1
q_stationery_03,f5734d5a-fca6-48c0-a15e-1ae820816050,3,0.4074339243243389,char_tfidf_v1
q_stationery_03,76a3551b-dae4-4326-92cc-662015aedbfb,4,0.38316951058600507,char_tfidf_v1
q_stationery_03,2743811c-5e71-4d2b-aa75-1b0147d44f2d,5,0.2967389363250964,char_tfidf_v1
q_stationery_03,c111ac9d-3f3a-405c-a8db-4d127ccda9e2,6,0.2948658451247315,char_tfidf_v1
q_stationery_03,2f90f5b8-b8e2-4297-a675-5261c4c463ac,7,0.2780397970570963,char_tfidf_v1
q_stationery_03,24456103-f6b8-46af-8655-82e61d7265d8,8,0.2715224431674003,char_tfidf_v1
q_stationery_03,c161453d-f2c8-4b97-a2c3-a54e0cbdb7e8,9,0.23689182069223336,char_tfidf_v1
q_stationery_03,5723d922-e55c-46bc-a5b9-846ba2afdf5d,10,0.22864067393074866,char_tfidf_v1
q_stationery_03,6702c44f-743f-4a82-a486-762c643027a2,11,0.1917621119315908,char_tfidf_v1
q_stationery_03,de981591-9da4-47af-be41-e2c32539b589,12,0.18434495058582845,char_tfidf_v1
q_stationery_03,be9f8c61-892c-48ed-a49d-b63bd032c025,13,0.18070400570295111,char_tfidf_v1
q_stationery_03,5f59c153-0ca4-4ba4-9f1c-e59663f9e5e2,14,0.1803540398238961,char_tfidf_v1
q_stationery_03,ad2284ff-8791-453b-b8a9-67654ff94220,15,0.17290441810702575,char_tfidf_v1
q_stationery_03,c079b863-51ca-413b-b4c2-a648950cb04b,16,0.1694068716743602,char_tfidf_v1
q_stationery_03,842f6cf1-6411-4f4b-be23-746d79e31656,17,0.16552250782635386,char_tfidf_v1
q_stationery_03,06261986-3eba-4244-b63f-397460d82f4a,18,0.16246580533073834,char_tfidf_v1
q_stationery_03,9bb7946c-c997-47de-9c0e-53ddad9b4b3d,19,0.1563087419980439,char_tfidf_v1
q_stationery_03,cb15e2d0-9357-4e06-9f00-880705012933,20,0.14211547659058082,char_tfidf_v1
q_stationery_03,26d825f2-2bcd-4e47-8756-3390d6e52697,21,0.14136255648022666,char_tfidf_v1
q_stationery_03,5beb6187-2766-4dd5-bcca-3b08cb8c087f,22,0.14088670989076624,char_tfidf_v1
q_stationery_03,929d857f-3a8c-4e54-beb8-7c697f744ade,23,0.14062250636033877,char_tfidf_v1
q_stationery_03,938b92f8-b2f3-4151-81af-3884e120024e,24,0.13647022467150752,char_tfidf_v1
q_stationery_03,af841040-0055-4f95-bbe1-b98bb9cf9b59,25,0.13367478856150247,char_tfidf_v1
q_stationery_03,67f8333f-a173-44a0-a35d-d4c013a28dc2,26,0.13366231102177029,char_tfidf_v1
q_stationery_03,82c1d1d6-ebf5-4858-bd00-5c78204a31fc,27,0.13023214192726534,char_tfidf_v1
q_stationery_03,c205a4d8-fa64-4fb5-b959-b2e6d85df68b,28,0.11983264771423932,char_tfidf_v1
q_stationery_03,1eaf6dc3-f0f0-4350-8341-9f6f4334b965,29,0.11641534678676771,char_tfidf_v1
q_stationery_03,19b6e5db-5866-4752-afed-7fa0dc010f81,30,0.11594123939083573,char_tfidf_v1
q_stationery_03,20e990e4-aaf3-4784-9ba0-caad51d06b23,31,0.11594123939083573,char_tfidf_v1
q_stationery_03,ecf3246a-ed9b-4f87-a6f9-e5dc2f69ffd1,32,0.11141765826247141,char_tfidf_v1
q_stationery_03,f75764d4-4ad8-44c8-ad99-7ccf3eea78de,33,0.11081124455311792,char_tfidf_v1
q_stationery_03,c0cc81b4-89ec-4a70-b6f7-089de1fd92a8,34,0.10759614927331325,char_tfidf_v1
q_stationery_03,13ad5519-b1b8-40b3-8596-dff41f9b5151,35,0.10367385928397368,char_tfidf_v1
q_stationery_03,9ef96bab-5f5f-4f83-a600-e7d336653705,36,0.10170717328542389,char_tfidf_v1
q_stationery_03,a9a4d8ff-fd49-4e57-bdcd-2759ceb79f84,37,0.09593930109833412,char_tfidf_v1
q_stationery_03,20db201c-d679-474d-bc8d-23db4c4f0787,38,0.09118844352027658,char_tfidf_v1
q_stationery_03,68a24780-7d0e-45a4-9ef4-3b5323a80b66,39,0.08805885183683913,char_tfidf_v1
q_stationery_03,b70e6ff9-6589-4d1f-9c96-d82a545ec2b2,40,0.0873808779718427,char_tfidf_v1
q_stationery_04,755783c5-f128-4b55-b221-bdef28978c4e,1,0.6013711850025647,char_tfidf_v1
q_stationery_04,65524fe3-c0b2-4802-b998-34503b9e9bcf,2,0.547804784034151,char_tfidf_v1
q_stationery_04,2f2ffafb-05d5-460b-b74c-c90d6e47b77b,3,0.5345211664556148,char_tfidf_v1
q_stationery_04,dae8be7e-aa2d-4c4d-86a3-5f39a47cb728,4,0.5325995023242992,char_tfidf_v1
q_stationery_04,435a9bb4-4b7b-4662-9f8b-d0a6001f3cfc,5,0.5320398913422469,char_tfidf_v1
q_stationery_04,2411b823-b5a9-4b8a-b87e-0428f66a8d14,6,0.5101554316925376,char_tfidf_v1
q_stationery_04,6899eaa3-047d-4787-8044-371766cd162f,7,0.5101554316925376,char_tfidf_v1
q_stationery_04,6e628890-7ce7-46d2-8056-f6fcb8615559,8,0.5010101832675314,char_tfidf_v1
q_stationery_04,900e4b7d-8cae-4e33-a3eb-4d5fd0d25316,9,0.49803700094765835,char_tfidf_v1
q_stationery_04,8fad454e-9f56-47bf-8769-0f2b6a2c41ff,10,0.49242982160319737,char_tfidf_v1
q_stationery_04,e9c38824-9001-4bee-a130-49975cc44dfd,11,0.49179267269762494,char_tfidf_v1
q_stationery_04,3b9d123f-bdd6-48a4-93f1-c130ac594101,12,0.4899701328080143,char_tfidf_v1
q_stationery_04,3d50695b-325d-4273-8da1-2c62277b16fe,13,0.4890506113867607,char_tfidf_v1
q_stationery_04,e973721b-55ae-41a8-9d5c-3130aa13eb9b,14,0.48761141274819764,char_tfidf_v1
q_stationery_04,8bf6b3b1-7e7b-41c9-a8b2-012f571b43d5,15,0.48417365555172925,char_tfidf_v1
q_stationery_04,12ba48f5-e450-4575-a5ba-5051298d3b4e,16,0.48193580617042797,char_tfidf_v1
q_stationery_04,b0f1bcd2-5a15-4085-9ba3-0425abb81cd1,17,0.4807769696629688,char_tfidf_v1
q_stationery_04,0116d1e6-1e97-4150-b153-e21e3c62cef4,18,0.47892696093413956,char_tfidf_v1
q_stationery_04,fe4b6429-d32d-4589-9e3e-f4c09b1aa2a2,19,0.4784110682145075,char_tfidf_v1
q_stationery_04,97fedbc5-f227-40ae-b351-f035ffcf754f,20,0.4770174757175336,char_tfidf_v1
q_stationery_04,69be9b74-b5b9-4f7a-8a00-f7b185bc7d4c,21,0.47437119437147546,char_tfidf_v1
q_stationery_04,c1b563a3-cd93-40c4-8a51-87a1f9e39cfd,22,0.4742944484006776,char_tfidf_v1
q_stationery_04,36a37486-d600-4475-b0d3-d1c379c4d8c7,23,0.4727583782924318,char_tfidf_v1
q_stationery_04,082b71b1-ffca-4658-9ee3-0470cdd3e87a,24,0.47097853856646876,char_tfidf_v1
q_stationery_04,a04ed0df-1df4-46e3-96c5-7d8618942cf4,25,0.46852797374218375,char_tfidf_v1
q_stationery_04,fc514f19-1cfe-4f94-84ec-1214584671b1,26,0.46119166024330355,char_tfidf_v1
q_stationery_04,8fb5b7e8-24cf-49b6-8d79-7e10c34c5005,27,0.4605272865285968,char_tfidf_v1
q_stationery_04,56a66e3d-058d-4935-b37d-d2cb591fcf8e,28,0.4575145280631818,char_tfidf_v1
q_stationery_04,c74d8dbf-cc3c-4a55-a196-68dd9d066787,29,0.4574422181539793,char_tfidf_v1
q_stationery_04,e592cb26-433c-4869-aebd-84347df0ad67,30,0.4564488943942424,char_tfidf_v1
q_stationery_04,f67e4037-494a-4cea-93dc-f02d56aacdef,31,0.4527112197387162,char_tfidf_v1
q_stationery_04,cb6bed09-644a-4b8b-b9a3-3d6a77f19467,32,0.45219295959731726,char_tfidf_v1
q_stationery_04,6e40353a-f1fd-443e-aa1a-46ef23f3b1ad,33,0.4475157011331874,char_tfidf_v1
q_stationery_04,c5c618df-d4dd-4202-b0f5-ef3cf006bdfc,34,0.4466336172682129,char_tfidf_v1
q_stationery_04,0082c797-13a0-4f77-a6cc-f608ac85460a,35,0.4456866876266942,char_tfidf_v1
q_stationery_04,8ed96dd7-7ac5-4dc4-b11e-433b4de41123,36,0.4437395748961838,char_tfidf_v1
q_stationery_04,71041e2a-1089-48b7-aeca-510cb42124f2,37,0.44322409395765267,char_tfidf_v1
q_stationery_04,bb04ad75-71c0-4e46-bae2-41cb208794f6,38,0.44274982569948773,char_tfidf_v1
q_stationery_04,6549bd5b-225b-4c30-a03b-78537f1a644f,39,0.4419059342529831,char_tfidf_v1
q_stationery_04,ffe5acb3-447e-4431-ab76-b4d97bd3a482,40,0.4414400936588822,char_tfidf_v1
q_chinese_food_01,e741f44e-68d6-4187-a762-28b12e1494b7,1,0.9581572503743568,char_tfidf_v1
q_chinese_food_01,4afbe5a3-dba9-4789-b133-260dc1d351ca,2,0.8740202700517448,char_tfidf_v1
q_chinese_food_01,5fa3d99d-8481-497a-9a8c-d08f07b55313,3,0.8656393159285221,char_tfidf_v1
q_chinese_food_01,eccbcd2f-3650-440a-840a-856df27555a4,4,0.848047914221458,char_tfidf_v1
q_chinese_food_01,4035a3ae-932b-4121-a2c8-1d8a814d9550,5,0.8363837714178302,char_tfidf_v1
q_chinese_food_01,1f1fcc3c-a70d-4a0c-ac05-c90876fc02aa,6,0.828774287977084,char_tfidf_v1
q_chinese_food_01,6d57a898-2cd1-4372-8477-cd8d1d775aa6,7,0.8278181036079457,char_tfidf_v1
q_chinese_food_01,54fa9e28-5af3-4fac-bd3e-ee82bdfce0c2,8,0.8273294592351645,char_tfidf_v1
q_chinese_food_01,03a07923-8090-41ee-beeb-ab6b22c4e2e6,9,0.8202488145125224,char_tfidf_v1
q_chinese_food_01,33f37b6e-0423-4b02-9850-3f4415e51a24,10,0.8193810720195485,char_tfidf_v1
q_chinese_food_01,c1f0cbbe-cd12-476b-8695-434ad59cc4d6,11,0.8154906495249603,char_tfidf_v1
q_chinese_food_01,c130e134-0ad5-48de-9d54-c4c8ef441f3e,12,0.8152297532723665,char_tfidf_v1
q_chinese_food_01,4c935bf0-3919-47ef-b087-5ede322fd9e3,13,0.8149472722188249,char_tfidf_v1
q_chinese_food_01,2d4f8eec-27f1-42ca-8756-5e14ccf792a8,14,0.8109666228050589,char_tfidf_v1
q_chinese_food_01,9418d35f-a26d-4260-ade6-aab90656e88f,15,0.8068107826326166,char_tfidf_v1
q_chinese_food_01,40d20d7e-9254-4c3a-add4-45dc25a361bc,16,0.804938145379208,char_tfidf_v1
q_chinese_food_01,c3956e90-4857-4a68-ac18-6414206e68bf,17,0.7972741425271864,char_tfidf_v1
q_chinese_food_01,183c55f6-2497-47ad-bbe6-d511521a1c03,18,0.795260062681968,char_tfidf_v1
q_chinese_food_01,6fe6db25-101c-4071-875c-58de2763140a,19,0.7949798581063402,char_tfidf_v1
q_chinese_food_01,86314994-e153-4d29-bff1-05a5f036f9c5,20,0.7937722361943715,char_tfidf_v1
q_chinese_food_01,023910c1-fb9e-410b-95ee-006513998b4b,21,0.7919982491946321,char_tfidf_v1
q_chinese_food_01,09ebd481-839d-4613-a82e-d31af05ec77d,22,0.7901533631574983,char_tfidf_v1
q_chinese_food_01,9bb90139-1e49-4c0f-b423-17d0f10b6e97,23,0.7890563796388995,char_tfidf_v1
q_chinese_food_01,470eca94-ac4d-47ce-bf35-f8a193ba5e86,24,0.7890563796388995,char_tfidf_v1
q_chinese_food_01,78ca98a8-1e0e-4ff3-860a-33faf5b46476,25,0.7849498064459897,char_tfidf_v1
q_chinese_food_01,ba16c348-e96c-472d-89c3-3661779067ff,26,0.7778925556356949,char_tfidf_v1
q_chinese_food_01,105ef797-642c-4004-8106-f288885f87fb,27,0.775666213346419,char_tfidf_v1
q_chinese_food_01,d9c7e43c-457c-4323-b24d-907067e4f950,28,0.7740972602565783,char_tfidf_v1
q_chinese_food_01,7707f2ab-48bb-460c-bd84-27b61a860979,29,0.7736861680576201,char_tfidf_v1
q_chinese_food_01,cc27c088-bcff-4890-b024-00860c3178af,30,0.7725289178383865,char_tfidf_v1
q_chinese_food_01,ff29b2e4-7a56-4d1b-8d9d-33ac71bc0fbe,31,0.7707333773375058,char_tfidf_v1
q_chinese_food_01,75e83d7a-7289-4faa-b569-10b678af81b1,32,0.7683409835925299,char_tfidf_v1
q_chinese_food_01,3e4a8c02-8f20-4f58-9c67-d21ca4efa592,33,0.7675602683880309,char_tfidf_v1
q_chinese_food_01,0dc74355-33b9-450a-beb2-049628a29059,34,0.7639484422137486,char_tfidf_v1
q_chinese_food_01,b71056fc-7517-41ef-8a74-2addf5885f12,35,0.7582391362072547,char_tfidf_v1
q_chinese_food_01,d44649f0-2793-4994-a1d2-3ec161a62146,36,0.7577268124327895,char_tfidf_v1
q_chinese_food_01,f47482df-87b1-45de-b84f-0e0e950cd927,37,0.75733897643782,char_tfidf_v1
q_chinese_food_01,5ba2fd5b-052b-4295-adfd-91a54bff813d,38,0.755200007103347,char_tfidf_v1
q_chinese_food_01,eab44e6a-e68e-4e25-9610-f52b69ea20a2,39,0.753584727883573,char_tfidf_v1
q_chinese_food_01,c8eee3f7-84b0-41ee-90d9-f28e091fa270,40,0.7531208010082191,char_tfidf_v1
q_chinese_food_02,e981fb70-739a-43a4-afe6-dbc7335ed296,1,0.913371035134076,char_tfidf_v1
q_chinese_food_02,22a81f31-72dd-44bf-b636-73d75266e8a0,2,0.913371035134076,char_tfidf_v1
q_chinese_food_02,291ab45c-d13d-42d6-b893-ded930bb8890,3,0.8742357447215213,char_tfidf_v1
q_chinese_food_02,8f4cfbae-c2fd-433a-966c-c1f220fe526f,4,0.8702160680574562,char_tfidf_v1
q_chinese_food_02,3e1d70ae-e63a-4314-92fb-a977b6a79ee8,5,0.8349373996354985,char_tfidf_v1
q_chinese_food_02,116365cb-ffed-43e1-9971-6df263d877cc,6,0.8305840839639169,char_tfidf_v1
q_chinese_food_02,89ff7278-aef3-4150-bd20-0ad13e4eebd8,7,0.7067210871832504,char_tfidf_v1
q_chinese_food_02,dae7eaa8-f055-421f-aef8-df581057cfa7,8,0.7067210871832504,char_tfidf_v1
q_chinese_food_02,89bd86d9-9119-45d0-8531-86d331f2c84c,9,0.7055638357377044,char_tfidf_v1
q_chinese_food_02,a2f4a18f-e719-443b-845b-33d3981eb68d,10,0.6735779869396816,char_tfidf_v1
q_chinese_food_02,f5755342-1ab6-47dc-9e5a-15d017042d56,11,0.6007188171931142,char_tfidf_v1
q_chinese_food_02,86d88308-344a-4446-b0ae-6053f58dd432,12,0.5803181298546329,char_tfidf_v1
q_chinese_food_02,04afb9dc-071d-4cd1-9404-109ed4c4ede0,13,0.5246402649853733,char_tfidf_v1
q_chinese_food_02,aa222641-7a38-46e7-b188-8bfc70b8864f,14,0.5127715359036484,char_tfidf_v1
q_chinese_food_02,066eb21b-e691-452e-b9c8-4862c2977340,15,0.5103926976035249,char_tfidf_v1
q_chinese_food_02,72885314-1ea4-4e31-b157-59946e7d6919,16,0.5037785993936544,char_tfidf_v1
q_chinese_food_02,d75dea9a-1be6-4eb0-bec1-854ce1fb18de,17,0.39853577427390974,char_tfidf_v1
q_chinese_food_02,9245a62e-26d1-4b04-b5f6-54b456ce12f1,18,0.30930630107624,char_tfidf_v1
q_chinese_food_02,4701cec7-c536-4a25-a3ed-5adefa888f1d,19,0.28994716395778736,char_tfidf_v1
q_chinese_food_02,2fd9a171-f716-48b9-9ce6-81c5b52118fe,20,0.28597727856275496,char_tfidf_v1
q_chinese_food_02,b5859b28-02e3-4cea-8ae2-1b187dde2276,21,0.2840946580381608,char_tfidf_v1
q_chinese_food_02,634ba1f0-0d22-4c53-a17f-0c6b52bb3483,22,0.2834360659873618,char_tfidf_v1
q_chinese_food_02,772524cd-6957-4e00-9244-af4510f5a420,23,0.24563053983903332,char_tfidf_v1
q_chinese_food_02,c5e4eb4b-b643-4e48-81a8-d26b68006cd3,24,0.2352011992040532,char_tfidf_v1
q_chinese_food_02,0cddd7d4-60fb-410c-bbe3-945117dce469,25,0.23407729163911328,char_tfidf_v1
q_chinese_food_02,dbe50b67-e750-4662-87b4-00e5f7d44079,26,0.2337574483498256,char_tfidf_v1
q_chinese_food_02,18c274e5-ccf0-401b-8776-9be7483b1b74,27,0.23354501539979378,char_tfidf_v1
q_chinese_food_02,21c9bbdc-f76b-424f-9356-2fbc1479e315,28,0.2217671861543843,char_tfidf_v1
q_chinese_food_02,f7cf52e0-b0c8-4b1c-b6c7-eab3ac5dab4b,29,0.22067532056227324,char_tfidf_v1
q_chinese_food_02,34073dfe-9d8c-4071-908b-875e7a6189f5,30,0.21893664987481937,char_tfidf_v1
q_chinese_food_02,f210d6a4-56ea-45a0-88db-1140492e53e7,31,0.216392712493672,char_tfidf_v1
q_chinese_food_02,a0ecd82d-ef65-40eb-b9eb-b47df2409929,32,0.21280254133691484,char_tfidf_v1
q_chinese_food_02,170e3331-357e-4ff1-a3e7-2980a16470c3,33,0.2114687839030766,char_tfidf_v1
q_chinese_food_02,7bc42716-9c09-4c5c-b43e-e69380469aee,34,0.21114868255421765,char_tfidf_v1
q_chinese_food_02,79ea3a15-65e8-4bed-98a5-5daefde0834d,35,0.21027174646946462,char_tfidf_v1
q_chinese_food_02,100d1278-df93-41e4-b2bc-7a62725e270c,36,0.20532599914302552,char_tfidf_v1
q_chinese_food_02,7c94ea1e-a106-49f9-8bd9-21b52e522eb6,37,0.2051731016303873,char_tfidf_v1
q_chinese_food_02,d79fb75b-d6eb-406c-b2a2-a4bf1df1aebd,38,0.20444869363487683,char_tfidf_v1
q_chinese_food_02,997326b1-b610-48cc-a9f2-450dd2ce1407,39,0.20277169622802932,char_tfidf_v1
q_chinese_food_02,b6816528-a070-46a6-974a-21b40c5f8f0b,40,0.1971425828820457,char_tfidf_v1
q_chinese_food_03,f32c7a99-5cad-4df9-8806-16e7f78bc6ce,1,0.7907488408019194,char_tfidf_v1
q_chinese_food_03,624d027d-83a7-4ed5-8da0-822be7305917,2,0.7431585112969398,char_tfidf_v1
q_chinese_food_03,7ff54927-9d51-414f-8b00-c4358a7a8289,3,0.7414043756625663,char_tfidf_v1
q_chinese_food_03,f363e5a1-66ea-4bfe-9f6f-5da925362614,4,0.5052156285066012,char_tfidf_v1
q_chinese_food_03,27cc3228-f012-4aee-bceb-dc97e517edfd,5,0.49806255858757065,char_tfidf_v1
q_chinese_food_03,76a3551b-dae4-4326-92cc-662015aedbfb,6,0.3430247057837122,char_tfidf_v1
q_chinese_food_03,7fde034b-96e4-455a-83e2-7b5692b96a17,7,0.2579556182927759,char_tfidf_v1
q_chinese_food_03,2743811c-5e71-4d2b-aa75-1b0147d44f2d,8,0.22806697256312114,char_tfidf_v1
q_chinese_food_03,c111ac9d-3f3a-405c-a8db-4d127ccda9e2,9,0.22662735616261676,char_tfidf_v1
q_chinese_food_03,2056c69e-64b4-4b28-8ce2-800cbcec3e25,10,0.21455800434551292,char_tfidf_v1
q_chinese_food_03,0a2531a2-9e72-41f0-974e-fa74b3008c7a,11,0.2121886779135721,char_tfidf_v1
q_chinese_food_03,24456103-f6b8-46af-8655-82e61d7265d8,12,0.20868613456337254,char_tfidf_v1
q_chinese_food_03,be9f8c61-892c-48ed-a49d-b63bd032c025,13,0.16177158327496907,char_tfidf_v1
q_chinese_food_03,c5e4eb4b-b643-4e48-81a8-d26b68006cd3,14,0.1526804618251275,char_tfidf_v1
q_chinese_food_03,0cddd7d4-60fb-410c-bbe3-945117dce469,15,0.15195087912468,char_tfidf_v1
q_chinese_food_03,18c274e5-ccf0-401b-8776-9be7483b1b74,16,0.15160535290154484,char_tfidf_v1
q_chinese_food_03,4006da5c-bdca-4cac-a2e6-62e108658508,17,0.15002995557702778,char_tfidf_v1
q_chinese_food_03,842f6cf1-6411-4f4b-be23-746d79e31656,18,0.14818065628677662,char_tfidf_v1
q_chinese_food_03,06261986-3eba-4244-b63f-397460d82f4a,19,0.14544420558999946,char_tfidf_v1
q_chinese_food_03,2e1ccab1-1759-4b92-bea1-7ec4dd9edfa7,20,0.14155275538534967,char_tfidf_v1
q_chinese_food_03,90376d82-87fd-4a8d-99b7-9c03ee2815b1,21,0.14128103841904735,char_tfidf_v1
q_chinese_food_03,f210d6a4-56ea-45a0-88db-1140492e53e7,22,0.1404709643953062,char_tfidf_v1
q_chinese_food_03,9b7f0ba5-f321-47b2-b4a3-5fe516b8fa70,23,0.1383145785493533,char_tfidf_v1
q_chinese_food_03,170e3331-357e-4ff1-a3e7-2980a16470c3,24,0.1372746044543272,char_tfidf_v1
q_chinese_food_03,7bc42716-9c09-4c5c-b43e-e69380469aee,25,0.13706681120352737,char_tfidf_v1
q_chinese_food_03,8adecf0d-4704-4e39-bdf9-464893460319,26,0.13444638559145422,char_tfidf_v1
q_chinese_food_03,3bc39a28-13c3-4739-b62a-bb69360a9462,27,0.13379266528123535,char_tfidf_v1
q_chinese_food_03,7c94ea1e-a106-49f9-8bd9-21b52e522eb6,28,0.1331877729239125,char_tfidf_v1
q_chinese_food_03,d79fb75b-d6eb-406c-b2a2-a4bf1df1aebd,29,0.13271752469525278,char_tfidf_v1
q_chinese_food_03,89bd86d9-9119-45d0-8531-86d331f2c84c,30,0.13265801636738972,char_tfidf_v1
q_chinese_food_03,997326b1-b610-48cc-a9f2-450dd2ce1407,31,0.13162890465664964,char_tfidf_v1
q_chinese_food_03,b804cf3f-f859-49e9-ac04-446dea87c7ef,32,0.13133079887656263,char_tfidf_v1
q_chinese_food_03,22a81f31-72dd-44bf-b636-73d75266e8a0,33,0.12617378925793368,char_tfidf_v1
q_chinese_food_03,e981fb70-739a-43a4-afe6-dbc7335ed296,34,0.12617378925793368,char_tfidf_v1
q_chinese_food_03,86314994-e153-4d29-bff1-05a5f036f9c5,35,0.12574838773991706,char_tfidf_v1
q_chinese_food_03,8a40568d-0bf7-4de9-aebb-d520804fb4a5,36,0.12466132486628823,char_tfidf_v1
q_chinese_food_03,92f008bd-7adc-4089-8f62-62a2e3249d51,37,0.12396276803905248,char_tfidf_v1
q_chinese_food_03,ca20e919-c230-4065-afc1-e4b2b1ff9ffc,38,0.12381227846435866,char_tfidf_v1
q_chinese_food_03,699e1505-e193-431d-ab24-6834df732384,39,0.12356837848596842,char_tfidf_v1
q_chinese_food_03,c8105e05-4ed3-45c5-a489-ce8d10ef19c3,40,0.12356837848596842,char_tfidf_v1
q_chinese_food_04,aafdcbaf-e13a-484f-a5f5-b1d8d6bb1fb7,1,0.78752366798814,char_tfidf_v1
q_chinese_food_04,8d2c4109-caee-4cfa-aa13-37e939f5f13f,2,0.7571343880488535,char_tfidf_v1
q_chinese_food_04,8185c10c-f3a5-4a2c-853a-88c3cc8aef71,3,0.7515668456641762,char_tfidf_v1
q_chinese_food_04,c95060a1-1059-435a-855b-8eafe877bae2,4,0.7198336318263621,char_tfidf_v1
q_chinese_food_04,355e754b-a02e-4f14-9633-a64690e781d8,5,0.7189520750417122,char_tfidf_v1
q_chinese_food_04,3bc39a28-13c3-4739-b62a-bb69360a9462,6,0.7063811554117512,char_tfidf_v1
q_chinese_food_04,b74dd00c-dfef-41f7-9a6b-5adebaf02404,7,0.6899980904885049,char_tfidf_v1
q_chinese_food_04,831e07da-f1e0-485f-9abc-4517e5c8054c,8,0.6880265872096588,char_tfidf_v1
q_chinese_food_04,ee3eb3fe-e95e-453c-91b5-42d3ca585736,9,0.6785347400282009,char_tfidf_v1
q_chinese_food_04,612cac7d-1399-4269-afab-59e4ff8dcdab,10,0.6773719030364835,char_tfidf_v1
q_chinese_food_04,721b6faa-f7dc-4b85-970a-c1801bb45a19,11,0.6762571598846545,char_tfidf_v1
q_chinese_food_04,9aa72607-f5d9-4269-a934-c91981c0315a,12,0.6724113799051115,char_tfidf_v1
q_chinese_food_04,3747c4a5-a9f2-4fa3-8592-e3b2ff5ff649,13,0.6687525746434344,char_tfidf_v1
q_chinese_food_04,91c70fca-f0c0-4a1e-897d-4909e4485866,14,0.6654418701977766,char_tfidf_v1
q_chinese_food_04,012fea8b-eb2a-48ba-908c-ebc87edc7b6f,15,0.6642063092242944,char_tfidf_v1
q_chinese_food_04,3383e185-45fb-4de9-aae3-881d442702e4,16,0.6632346441766377,char_tfidf_v1
q_chinese_food_04,1f2e53b7-9ffa-4646-83a0-493cb100585f,17,0.6178462313073096,char_tfidf_v1
q_chinese_food_04,72885314-1ea4-4e31-b157-59946e7d6919,18,0.6152299218155317,char_tfidf_v1
q_chinese_food_04,ad570bb1-6737-495e-b0fa-2c9642e16967,19,0.5946175116769088,char_tfidf_v1
q_chinese_food_04,c3fe3b79-79c2-46c7-894d-523c2088ae4d,20,0.5871800859782118,char_tfidf_v1
q_chinese_food_04,48eb5298-90f7-4b7e-aac7-94295dc6ee8b,21,0.5600783977142539,char_tfidf_v1
q_chinese_food_04,afe9bbf4-e934-4b46-8beb-377d2a01cf98,22,0.5446138221084358,char_tfidf_v1
q_chinese_food_04,b835eebe-3200-4282-adbe-2a4a40dc5406,23,0.5245029085010925,char_tfidf_v1
q_chinese_food_04,a174c9bb-2f7f-426a-be92-dedeb528b9cd,24,0.5244005447026144,char_tfidf_v1
q_chinese_food_04,0e670ac8-34bb-49aa-a021-96edc35b4edc,25,0.5240728362140783,char_tfidf_v1
q_chinese_food_04,7443d410-f26f-4f15-ba1d-d59387fac2a5,26,0.5017971081796021,char_tfidf_v1
q_chinese_food_04,ce3548a1-b6cb-464b-ae4d-8eaf76121530,27,0.4974722592718247,char_tfidf_v1
q_chinese_food_04,5b3321ba-06ae-4d27-87e1-31cdfa864cde,28,0.4896543088425369,char_tfidf_v1
q_chinese_food_04,89bd86d9-9119-45d0-8531-86d331f2c84c,29,0.4876085453930068,char_tfidf_v1
q_chinese_food_04,c129889a-1f8c-4799-8515-5e341d6757cc,30,0.4838463552196246,char_tfidf_v1
q_chinese_food_04,7e1e717c-21cb-423c-a95e-0b6269821c27,31,0.4824142795141377,char_tfidf_v1
q_chinese_food_04,245737e6-f881-45b5-8eda-910542006a11,32,0.47857365547362196,char_tfidf_v1
q_chinese_food_04,54a03220-2e4c-4ee3-bf91-75c6c5bb0483,33,0.46062502992353177,char_tfidf_v1
q_chinese_food_04,6f9b178c-d8ee-46a8-81af-7a49e6d3a239,34,0.45737757317654576,char_tfidf_v1
q_chinese_food_04,29f1863f-632b-4eba-8219-6681c4da24e1,35,0.44941605478492913,char_tfidf_v1
q_chinese_food_04,0971f4d4-95cb-47fd-8de4-ac38e2add766,36,0.4493778067069558,char_tfidf_v1
q_chinese_food_04,2549f934-5b97-4eb4-bd00-ae17924d4ba3,37,0.4263216094710073,char_tfidf_v1
q_chinese_food_04,db25db86-fc7d-4232-877c-55da13000e44,38,0.3935660446958066,char_tfidf_v1
q_chinese_food_04,9b7f0ba5-f321-47b2-b4a3-5fe516b8fa70,39,0.3929842334404778,char_tfidf_v1
q_chinese_food_04,9f704cad-5520-4a93-b1a7-0030a108fe6a,40,0.38123171687677837,char_tfidf_v1
q_snack_food_01,1d0cd062-96df-4398-8d95-8fc74a9eac0b,1,0.9377794206208752,char_tfidf_v1
q_snack_food_01,7c6683f5-862a-4d78-86fd-0543bf8e4450,2,0.9220238181004894,char_tfidf_v1
q_snack_food_01,650fb1c8-2fb9-4884-9010-f52f0279d69c,3,0.900271235256713,char_tfidf_v1
q_snack_food_01,2d540484-08bb-412a-b46a-8e6d2d079ce8,4,0.8988023177346754,char_tfidf_v1
q_snack_food_01,0e9f0ef6-5316-46a8-a066-f4bbb1e4e762,5,0.891949298497359,char_tfidf_v1
q_snack_food_01,0fcc963f-9fc4-4a48-bffb-1c69a5f196e1,6,0.8831575624645991,char_tfidf_v1
q_snack_food_01,65c06f56-f1ac-4edf-8762-17cefd430713,7,0.8790845904118656,char_tfidf_v1
q_snack_food_01,db89eba8-a255-4559-8cd7-57ffeb2af883,8,0.8790583723279924,char_tfidf_v1
q_snack_food_01,5f2020b6-aa86-4f18-a592-ab461df6c372,9,0.8765392619613239,char_tfidf_v1
q_snack_food_01,39b92297-99c8-441e-8c20-2723ee9621c7,10,0.8762973176322819,char_tfidf_v1
q_snack_food_01,926f80c7-515f-4f04-ba57-243fc346ba6a,11,0.8679438363296461,char_tfidf_v1
q_snack_food_01,13d4434f-e7e2-4186-b57e-6c65fb16e6bc,12,0.8651214425812427,char_tfidf_v1
q_snack_food_01,6b9a2b26-9295-498c-991e-47c3b403385b,13,0.8641524644022422,char_tfidf_v1
q_snack_food_01,22ec6920-38b7-4d76-ac8c-f8ef74779d55,14,0.8630613024786717,char_tfidf_v1
q_snack_food_01,08fd525f-a0ac-4e8c-96f9-bc40a4eaf842,15,0.8573447191790724,char_tfidf_v1
q_snack_food_01,75a60a94-d2be-44cf-b81b-502d93d4aede,16,0.8357562862979647,char_tfidf_v1
q_snack_food_01,52aa21c7-93f0-4310-8077-d8e649c46a94,17,0.8332438807621205,char_tfidf_v1
q_snack_food_01,e5a6f9f5-d811-46fa-8888-8b89aa1c13be,18,0.8216449358377516,char_tfidf_v1
q_snack_food_01,a70ae85b-0454-462c-8db3-bbd7766afdee,19,0.7976040889405424,char_tfidf_v1
q_snack_food_01,4637d6d8-1fa2-487f-aa40-b2151290ef50,20,0.7911273942344897,char_tfidf_v1
q_snack_food_01,4dcfbd81-8e8d-426f-b39e-74e1995c3393,21,0.7877212421773876,char_tfidf_v1
q_snack_food_01,4e65eded-139b-422b-a408-8671c0ba9b6c,22,0.7852424839988085,char_tfidf_v1
q_snack_food_01,f9356285-5283-48d1-a29b-a5959d996dd6,23,0.7844612708082188,char_tfidf_v1
q_snack_food_01,22a939a5-dd57-476c-acd5-4c40c7b522a6,24,0.7832919606162253,char_tfidf_v1
q_snack_food_01,04c41036-dbe4-4ce1-b514-707473b7ebb3,25,0.7831088760762605,char_tfidf_v1
q_snack_food_01,de2cdf93-937c-4615-ab37-474c9e033e9f,26,0.782279670671412,char_tfidf_v1
q_snack_food_01,00e30e6c-dde0-49cd-9e3e-95465aa4247e,27,0.78226904141228,char_tfidf_v1
q_snack_food_01,93896569-1f05-47ad-ae55-34977c81045b,28,0.7821778363295201,char_tfidf_v1
q_snack_food_01,52bae579-263d-479e-a46d-2ec326936756,29,0.7782894630627137,char_tfidf_v1
q_snack_food_01,d90c5bdf-9b76-4833-9aef-c27a1dfc75b6,30,0.7761433763445841,char_tfidf_v1
q_snack_food_01,7a736fc8-7e84-4cd5-a4d7-f9a5a0238d1f,31,0.7755449475027787,char_tfidf_v1
q_snack_food_01,440e3256-5c56-41e1-8736-091361920933,32,0.7741938764820203,char_tfidf_v1
q_snack_food_01,4feeee14-bdf6-4a37-9268-d8a119c3e182,33,0.7739428944800554,char_tfidf_v1
q_snack_food_01,aea4c836-7dfd-422a-b66a-0ffb9a1e45f9,34,0.7730960713123295,char_tfidf_v1
q_snack_food_01,dc303945-91d5-43cd-b49e-7d1d86258f18,35,0.7713354961897739,char_tfidf_v1
q_snack_food_01,a1b3ef25-45bb-43e0-a0d4-cc56682224b4,36,0.7708749995224063,char_tfidf_v1
q_snack_food_01,96bb68a6-d1a9-4856-831f-039c523986c9,37,0.7701864587634641,char_tfidf_v1
q_snack_food_01,12acfe7a-1939-4f43-b78b-4e09bbc595f0,38,0.7646064556878934,char_tfidf_v1
q_snack_food_01,a8b9ef14-bdd0-4b00-a948-1ca1b9faa612,39,0.7628286588981595,char_tfidf_v1
q_snack_food_01,8f7aa24f-f898-4e7d-b03e-9b26136f974c,40,0.7626146384527057,char_tfidf_v1
q_snack_food_02,ee140e33-12a8-45ca-a6c9-507ee89f1e36,1,1.0,char_tfidf_v1
q_snack_food_02,d0a3e8c9-abec-4077-bc28-35605cce5d3e,2,0.9611054179597452,char_tfidf_v1
q_snack_food_02,b96a3e14-b352-4936-b6c8-c30169fec54f,3,0.8005171275772506,char_tfidf_v1
q_snack_food_02,93421838-6964-49c2-8723-8017fca415ab,4,0.7391443101347899,char_tfidf_v1
q_snack_food_02,9520aa6a-89a5-432d-802c-88d01797ffcb,5,0.6918343345005971,char_tfidf_v1
q_snack_food_02,a7668254-80a7-4e94-a98b-00eb57b83320,6,0.6905918867341961,char_tfidf_v1
q_snack_food_02,32c2a844-db69-437c-b05b-14a8f088d5e6,7,0.6366002597512856,char_tfidf_v1
q_snack_food_02,25e17541-8ea1-4716-a373-a5cc54844c71,8,0.6187523444937915,char_tfidf_v1
q_snack_food_02,63fe5f1d-f6c6-49f8-82f9-f78f61dad67f,9,0.3750176487851744,char_tfidf_v1
q_snack_food_02,b0525944-c980-4d0b-804b-de8c397c6ab5,10,0.31297471933118154,char_tfidf_v1
q_snack_food_02,58507418-7577-4895-b49e-3b4ab6ba501c,11,0.2528814865687546,char_tfidf_v1
q_snack_food_02,08fd525f-a0ac-4e8c-96f9-bc40a4eaf842,12,0.25285992068090035,char_tfidf_v1
q_snack_food_02,33855c72-8b08-4ce1-94ab-8b5fb8e5a6e3,13,0.2316203472476417,char_tfidf_v1
q_snack_food_02,04c41036-dbe4-4ce1-b514-707473b7ebb3,14,0.23096526269941686,char_tfidf_v1
q_snack_food_02,f2308484-80cf-45ec-92be-990bcc5a317f,15,0.22823869213273576,char_tfidf_v1
q_snack_food_02,1d0cd062-96df-4398-8d95-8fc74a9eac0b,16,0.22659424448902965,char_tfidf_v1
q_snack_food_02,2eacc24d-82e8-43c6-9374-6bbee3c49a87,17,0.22267766130431177,char_tfidf_v1
q_snack_food_02,ae27f1d5-4791-43a7-b4d7-104dfcf5a5ed,18,0.2148325350106985,char_tfidf_v1
q_snack_food_02,db89eba8-a255-4559-8cd7-57ffeb2af883,19,0.21240556506085428,char_tfidf_v1
q_snack_food_02,7c6683f5-862a-4d78-86fd-0543bf8e4450,20,0.2103783381079557,char_tfidf_v1
q_snack_food_02,926f80c7-515f-4f04-ba57-243fc346ba6a,21,0.20971997628377922,char_tfidf_v1
q_snack_food_02,13d4434f-e7e2-4186-b57e-6c65fb16e6bc,22,0.20903800548658835,char_tfidf_v1
q_snack_food_02,7c868081-65db-4620-8975-474a6a28db74,23,0.2081617289247569,char_tfidf_v1
q_snack_food_02,650fb1c8-2fb9-4884-9010-f52f0279d69c,24,0.20541504742241012,char_tfidf_v1
q_snack_food_02,2d540484-08bb-412a-b46a-8e6d2d079ce8,25,0.2050798842508767,char_tfidf_v1
q_snack_food_02,0e9f0ef6-5316-46a8-a066-f4bbb1e4e762,26,0.20351622963603322,char_tfidf_v1
q_snack_food_02,75a60a94-d2be-44cf-b81b-502d93d4aede,27,0.20194254651617688,char_tfidf_v1
q_snack_food_02,0fcc963f-9fc4-4a48-bffb-1c69a5f196e1,28,0.20151021766611865,char_tfidf_v1
q_snack_food_02,52aa21c7-93f0-4310-8077-d8e649c46a94,29,0.20133547770902838,char_tfidf_v1
q_snack_food_02,65c06f56-f1ac-4edf-8762-17cefd430713,30,0.20058088691045606,char_tfidf_v1
q_snack_food_02,5f2020b6-aa86-4f18-a592-ab461df6c372,31,0.20000011886645153,char_tfidf_v1
q_snack_food_02,39b92297-99c8-441e-8c20-2723ee9621c7,32,0.1999449143859823,char_tfidf_v1
q_snack_food_02,e5a6f9f5-d811-46fa-8888-8b89aa1c13be,33,0.19853284192473375,char_tfidf_v1
q_snack_food_02,6b9a2b26-9295-498c-991e-47c3b403385b,34,0.19717382107044895,char_tfidf_v1
q_snack_food_02,22ec6920-38b7-4d76-ac8c-f8ef74779d55,35,0.1969248504608172,char_tfidf_v1
q_snack_food_02,a70ae85b-0454-462c-8db3-bbd7766afdee,36,0.19272388790019035,char_tfidf_v1
q_snack_food_02,4a9bdc99-5b4d-4cc4-a7fa-a2bd888b3917,37,0.19247017218734092,char_tfidf_v1
q_snack_food_02,4dcfbd81-8e8d-426f-b39e-74e1995c3393,38,0.19033591035829112,char_tfidf_v1
q_snack_food_02,4e65eded-139b-422b-a408-8671c0ba9b6c,39,0.18973697171195758,char_tfidf_v1
q_snack_food_02,22a939a5-dd57-476c-acd5-4c40c7b522a6,40,0.18926566965252234,char_tfidf_v1
q_snack_food_03,0c5c2ea1-277b-43bc-bb0d-adefbd2a0e9a,1,0.6189744493038059,char_tfidf_v1
q_snack_food_03,8f90ec67-5ed8-4ae8-a390-3bd207b4c8ed,2,0.5655127503623331,char_tfidf_v1
q_snack_food_03,b3ada2ad-908f-40ad-945e-1be1f5a37b9b,3,0.549220268173447,char_tfidf_v1
q_snack_food_03,f886ec88-fa78-4680-8b92-0b8d772a0db2,4,0.5359886953637705,char_tfidf_v1
q_snack_food_03,fe6d9159-d053-4090-8f62-c60342515674,5,0.5218575235429099,char_tfidf_v1
q_snack_food_03,9f4fc8c6-f156-4759-bfe2-8ab5cf10b303,6,0.5205000985924327,char_tfidf_v1
q_snack_food_03,0f488307-5995-4336-ad14-d83e5752db9c,7,0.5087014402595142,char_tfidf_v1
q_snack_food_03,55cadf2e-ffbf-4100-8f3d-8c195d075a17,8,0.5066862357180647,char_tfidf_v1
q_snack_food_03,fa34b7c5-260f-4689-9492-01a37029d680,9,0.5062772814143592,char_tfidf_v1
q_snack_food_03,6825e207-6612-42ca-80fd-b6466d73274c,10,0.49783149639407626,char_tfidf_v1
q_snack_food_03,31584541-5628-4723-9020-47600806b8b6,11,0.4975185390654538,char_tfidf_v1
q_snack_food_03,de05d917-8992-4480-a6cf-d5909c056c8f,12,0.49558267169056086,char_tfidf_v1
q_snack_food_03,23cf5255-56e3-45a5-bd6a-b7203dddfcc1,13,0.4900860061164051,char_tfidf_v1
q_snack_food_03,5d2350ee-2e30-43c2-8425-12deda06c68a,14,0.48878269853928047,char_tfidf_v1
q_snack_food_03,e7d340b6-c235-4697-b866-d64ca891fa01,15,0.48724890364348394,char_tfidf_v1
q_snack_food_03,da670fa3-2148-4109-960c-42607176f477,16,0.48345940843506086,char_tfidf_v1
q_snack_food_03,447d62d7-01a6-428d-98d3-c536c70e544f,17,0.482203982958615,char_tfidf_v1
q_snack_food_03,366ca53e-784c-451d-9fbc-d08616cc6a65,18,0.4816792857218385,char_tfidf_v1
q_snack_food_03,bc67615a-5ff4-42f5-b17c-a9ba8d81d38c,19,0.47601279978244077,char_tfidf_v1
q_snack_food_03,c92cbfda-2358-487c-9ce2-ec9f56f97293,20,0.4759234568339245,char_tfidf_v1
q_snack_food_03,d9e37b20-09f7-462c-9f14-93234bc40f3f,21,0.473407102965154,char_tfidf_v1
q_snack_food_03,a44cae70-8c24-43fa-baa3-2aebf532e47e,22,0.47295642397311166,char_tfidf_v1
q_snack_food_03,bb9657e5-4478-486f-ad4e-512feddd6fd2,23,0.46395453455283414,char_tfidf_v1
q_snack_food_03,6247169f-31a8-4c51-8d42-aab5e19c8b11,24,0.4593699790065501,char_tfidf_v1
q_snack_food_03,d4d96fd3-1106-439f-83d7-573789969e9e,25,0.4579325966308963,char_tfidf_v1
q_snack_food_03,0badcdea-0ad3-4358-aab0-2570e7e02eaf,26,0.45633120973527236,char_tfidf_v1
q_snack_food_03,d6b88a38-f66e-4f32-90b1-c26c72ccbe4e,27,0.45610900119894743,char_tfidf_v1
q_snack_food_03,ab29e0a3-54ba-43d6-8d06-774d05760fd4,28,0.4542125418704275,char_tfidf_v1
q_snack_food_03,4ab5beec-5662-4224-8270-f796a01595db,29,0.45290650575879965,char_tfidf_v1
q_snack_food_03,ea98412a-0437-4b95-a30e-5b7d96b634b9,30,0.44542654479456906,char_tfidf_v1
q_snack_food_03,0596cc53-c95b-47a3-b8a5-b6ebe1b396ea,31,0.44537547233729147,char_tfidf_v1
q_snack_food_03,b273d4a7-b227-4b90-9b4c-0438306ad924,32,0.44312163024939466,char_tfidf_v1
q_snack_food_03,44def3b6-8b36-4c47-909c-c6c0ce341d34,33,0.4375200036851222,char_tfidf_v1
q_snack_food_03,7a7cf641-2ee9-4f37-a48f-a68df22e2680,34,0.43374316648634714,char_tfidf_v1
q_snack_food_03,8999b2f3-923c-4484-8b1f-4fe276ee5594,35,0.43162042479579177,char_tfidf_v1
q_snack_food_03,a2dfe8bc-d78c-473d-9055-daeee6f74583,36,0.42299245994685963,char_tfidf_v1
q_snack_food_03,928e85a3-d850-4a5b-ae3b-a9cbc5827cc5,37,0.4206130782869226,char_tfidf_v1
q_snack_food_03,f4ad88be-da19-41cc-a634-6b0eeb7f097f,38,0.41937694646267487,char_tfidf_v1
q_snack_food_03,76a3551b-dae4-4326-92cc-662015aedbfb,39,0.4190672400473868,char_tfidf_v1
q_snack_food_03,a416ecbc-edc2-44a2-82ca-39e355d5f2ee,40,0.4179664578868078,char_tfidf_v1
q_snack_food_04,7fde034b-96e4-455a-83e2-7b5692b96a17,1,0.3813944838728473,char_tfidf_v1
q_snack_food_04,1d0cd062-96df-4398-8d95-8fc74a9eac0b,2,0.37497661848236974,char_tfidf_v1
q_snack_food_04,7c6683f5-862a-4d78-86fd-0543bf8e4450,3,0.3686766481211786,char_tfidf_v1
q_snack_food_04,650fb1c8-2fb9-4884-9010-f52f0279d69c,4,0.3599787498962245,char_tfidf_v1
q_snack_food_04,2d540484-08bb-412a-b46a-8e6d2d079ce8,5,0.3593913945830971,char_tfidf_v1
q_snack_food_04,211c59b2-afc0-4fe0-8c6f-bb7d8be557e3,6,0.3590652012673064,char_tfidf_v1
q_snack_food_04,0e9f0ef6-5316-46a8-a066-f4bbb1e4e762,7,0.3566511745233498,char_tfidf_v1
q_snack_food_04,0fcc963f-9fc4-4a48-bffb-1c69a5f196e1,8,0.353135747147079,char_tfidf_v1
q_snack_food_04,65c06f56-f1ac-4edf-8762-17cefd430713,9,0.3515071453096704,char_tfidf_v1
q_snack_food_04,db89eba8-a255-4559-8cd7-57ffeb2af883,10,0.35149666185458733,char_tfidf_v1
q_snack_food_04,5f2020b6-aa86-4f18-a592-ab461df6c372,11,0.35048938075403624,char_tfidf_v1
q_snack_food_04,39b92297-99c8-441e-8c20-2723ee9621c7,12,0.3503926378906611,char_tfidf_v1
q_snack_food_04,926f80c7-515f-4f04-ba57-243fc346ba6a,13,0.34705244924657225,char_tfidf_v1
q_snack_food_04,13d4434f-e7e2-4186-b57e-6c65fb16e6bc,14,0.3459238985015565,char_tfidf_v1
q_snack_food_04,6b9a2b26-9295-498c-991e-47c3b403385b,15,0.3455364468759874,char_tfidf_v1
q_snack_food_04,22ec6920-38b7-4d76-ac8c-f8ef74779d55,16,0.34510013936132017,char_tfidf_v1
q_snack_food_04,08fd525f-a0ac-4e8c-96f9-bc40a4eaf842,17,0.3428143298971528,char_tfidf_v1
q_snack_food_04,75a60a94-d2be-44cf-b81b-502d93d4aede,18,0.33418206800049927,char_tfidf_v1
q_snack_food_04,52aa21c7-93f0-4310-8077-d8e649c46a94,19,0.3331774678659991,char_tfidf_v1
q_snack_food_04,b804cf3f-f859-49e9-ac04-446dea87c7ef,20,0.3325555081963545,char_tfidf_v1
q_snack_food_04,e5a6f9f5-d811-46fa-8888-8b89aa1c13be,21,0.3285395614990375,char_tfidf_v1
q_snack_food_04,a70ae85b-0454-462c-8db3-bbd7766afdee,22,0.31892668742999525,char_tfidf_v1
q_snack_food_04,2056c69e-64b4-4b28-8ce2-800cbcec3e25,23,0.3172299167962597,char_tfidf_v1
q_snack_food_04,4637d6d8-1fa2-487f-aa40-b2151290ef50,24,0.3163369429480676,char_tfidf_v1
q_snack_food_04,7a990f9f-3e45-479c-a1a0-34ea0e7eadb7,25,0.3159532835103467,char_tfidf_v1
q_snack_food_04,4dcfbd81-8e8d-426f-b39e-74e1995c3393,26,0.3149749730089497,char_tfidf_v1
q_snack_food_04,4e65eded-139b-422b-a408-8671c0ba9b6c,27,0.31398382696820626,char_tfidf_v1
q_snack_food_04,4a9bdc99-5b4d-4cc4-a7fa-a2bd888b3917,28,0.31389888038905556,char_tfidf_v1
q_snack_food_04,f9356285-5283-48d1-a29b-a5959d996dd6,29,0.3136714542779129,char_tfidf_v1
q_snack_food_04,22a939a5-dd57-476c-acd5-4c40c7b522a6,30,0.3132038987183545,char_tfidf_v1
q_snack_food_04,04c41036-dbe4-4ce1-b514-707473b7ebb3,31,0.313130691287926,char_tfidf_v1
q_snack_food_04,de2cdf93-937c-4615-ab37-474c9e033e9f,32,0.31279912862841325,char_tfidf_v1
q_snack_food_04,00e30e6c-dde0-49cd-9e3e-95465aa4247e,33,0.31279487845661513,char_tfidf_v1
q_snack_food_04,93896569-1f05-47ad-ae55-34977c81045b,34,0.3127584095676956,char_tfidf_v1
q_snack_food_04,52bae579-263d-479e-a46d-2ec326936756,35,0.3112036206408721,char_tfidf_v1
q_snack_food_04,d90c5bdf-9b76-4833-9aef-c27a1dfc75b6,36,0.3103454952407632,char_tfidf_v1
q_snack_food_04,7a736fc8-7e84-4cd5-a4d7-f9a5a0238d1f,37,0.3101062099476888,char_tfidf_v1
q_snack_food_04,440e3256-5c56-41e1-8736-091361920933,38,0.30956597625141274,char_tfidf_v1
q_snack_food_04,4feeee14-bdf6-4a37-9268-d8a119c3e182,39,0.309465619621349,char_tfidf_v1
q_snack_food_04,aea4c836-7dfd-422a-b66a-0ffb9a1e45f9,40,0.3091270123957008,char_tfidf_v1
q_japanese_food_01,395e5db2-316c-480d-a127-7c9f2f4847b4,1,1.0,char_tfidf_v1
q_japanese_food_01,c1a9745c-156e-47ff-b4d8-af7d6bbf25e4,2,0.9290839978292268,char_tfidf_v1
q_japanese_food_01,c16094eb-686f-4ffa-99a1-bbe4f7452631,3,0.9124218612275944,char_tfidf_v1
q_japanese_food_01,c1f85108-72b2-4121-8559-536b105cfa5c,4,0.8612253754640373,char_tfidf_v1
q_japanese_food_01,b049f94f-23fa-458b-8b8b-095d0cb6ed54,5,0.8579550296020013,char_tfidf_v1
q_japanese_food_01,bff1715e-a400-4ba4-9df0-c236d2ba9abe,6,0.8567179098101689,char_tfidf_v1
q_japanese_food_01,8d18c9e1-f5cc-4445-a2f0-2406b5521f66,7,0.8560681340986285,char_tfidf_v1
q_japanese_food_01,4587242d-412f-4b95-90ac-d1a33d07edb2,8,0.854767897757712,char_tfidf_v1
q_japanese_food_01,cad314bc-33a9-424a-83f2-89ee68d2ea13,9,0.8524353696563114,char_tfidf_v1
q_japanese_food_01,7234e0fe-2051-492b-a754-10f380afb9a3,10,0.8503772558397548,char_tfidf_v1
q_japanese_food_01,3c16bc62-ecce-4ea0-8f7c-f807433d83df,11,0.845724297784421,char_tfidf_v1
q_japanese_food_01,ea84f42a-3254-485f-80a5-b90c849cacfd,12,0.845635511242861,char_tfidf_v1
q_japanese_food_01,0474ee0c-1f03-47fa-af45-bb5411abb04a,13,0.8430554731161661,char_tfidf_v1
q_japanese_food_01,44a477c7-b156-4a42-92fa-8f4597c50dcc,14,0.8401215776511992,char_tfidf_v1
q_japanese_food_01,1099991c-2447-4de4-a887-850d21eacd38,15,0.8260441866718662,char_tfidf_v1
q_japanese_food_01,8fde781a-537a-40ac-9a4e-1216a9a32dad,16,0.8254121111479163,char_tfidf_v1
q_japanese_food_01,ba8489d5-45d9-4f15-92f0-d8a784318549,17,0.8202277579315834,char_tfidf_v1
q_japanese_food_01,dddf07f0-7dd7-470f-a66d-ba92a2620b16,18,0.814430685895992,char_tfidf_v1
q_japanese_food_01,7341f9fb-bb31-4677-b92a-6cb259d42750,19,0.8059514834483887,char_tfidf_v1
q_japanese_food_01,a59e2aea-63c0-4aea-b80c-13c2293b0eb4,20,0.8018008001796689,char_tfidf_v1
q_japanese_food_01,d14c472e-d380-45d6-973f-b9d92a87b095,21,0.8007719825095035,char_tfidf_v1
q_japanese_food_01,20426a06-35e3-4192-9736-92b133c5d1b8,22,0.8000316633864917,char_tfidf_v1
q_japanese_food_01,88a61490-9bfe-438b-9b97-c1d6b34ec427,23,0.797532600902286,char_tfidf_v1
q_japanese_food_01,4fd9a187-cbe4-40ac-877d-1a1339c3c3d6,24,0.7933832994401293,char_tfidf_v1
q_japanese_food_01,f1d8ec8d-2dcf-4a4e-ac4e-2504c2aa54d6,25,0.7923650825708736,char_tfidf_v1
q_japanese_food_01,530a9c60-4659-44b1-ba3e-afc0ce47c4c3,26,0.791065706530879,char_tfidf_v1
q_japanese_food_01,1279715c-8e04-4077-94fa-631ba0dd3325,27,0.7876147551403234,char_tfidf_v1
q_japanese_food_01,52c57bbb-b5d7-4687-a2e4-0316aead4d8b,28,0.7853053275765111,char_tfidf_v1
q_japanese_food_01,b8f597be-9306-40fb-a8a9-239b68b5716b,29,0.779689733442448,char_tfidf_v1
q_japanese_food_01,9c69fec2-743b-4a74-9477-e16ae2b7d583,30,0.7794126096653109,char_tfidf_v1
q_japanese_food_01,d6abef51-ae1d-43bc-8661-c2f7bfe865c2,31,0.7749298278154259,char_tfidf_v1
q_japanese_food_01,62a656e3-1225-4668-b333-9e3c5e84c5d2,32,0.77125396776978,char_tfidf_v1
q_japanese_food_01,5ff5e851-9695-4924-8ed9-a9eed1ebe098,33,0.7703710462501985,char_tfidf_v1
q_japanese_food_01,a04b4925-11d6-4d03-ae1d-341b4f383171,34,0.7700909046525173,char_tfidf_v1
q_japanese_food_01,e7578687-6b5a-457b-b0cf-0e9fbbad16b2,35,0.7668952880790979,char_tfidf_v1
q_japanese_food_01,74aec6ce-e931-4e16-a2e2-c5fc39e01711,36,0.7582442164161846,char_tfidf_v1
q_japanese_food_01,8fee5871-019c-4a66-a4ac-c8d03238eaa3,37,0.75233334851829,char_tfidf_v1
q_japanese_food_01,f6266986-adc0-4f25-8b12-3b7e9dd07322,38,0.7498321505304022,char_tfidf_v1
q_japanese_food_01,077d4f81-e5a8-4c8f-8936-3a8ec57ffb1e,39,0.7466053039957004,char_tfidf_v1
q_japanese_food_01,a7eab5f8-9d9d-419e-98a8-02db3ebd2efa,40,0.7460133687447013,char_tfidf_v1
q_japanese_food_02,63fe5f1d-f6c6-49f8-82f9-f78f61dad67f,1,0.5781393172735626,char_tfidf_v1
q_japanese_food_02,58507418-7577-4895-b49e-3b4ab6ba501c,2,0.5559896685207799,char_tfidf_v1
q_japanese_food_02,b0525944-c980-4d0b-804b-de8c397c6ab5,3,0.4824919337640714,char_tfidf_v1
q_japanese_food_02,ee140e33-12a8-45ca-a6c9-507ee89f1e36,4,0.4548312691520872,char_tfidf_v1
q_japanese_food_02,a7668254-80a7-4e94-a98b-00eb57b83320,5,0.4402550478665388,char_tfidf_v1
q_japanese_food_02,d0a3e8c9-abec-4077-bc28-35605cce5d3e,6,0.43714079703957814,char_tfidf_v1
q_japanese_food_02,32c2a844-db69-437c-b05b-14a8f088d5e6,7,0.40583517300504546,char_tfidf_v1
q_japanese_food_02,395e5db2-316c-480d-a127-7c9f2f4847b4,8,0.39660618777274453,char_tfidf_v1
q_japanese_food_02,c1a9745c-156e-47ff-b4d8-af7d6bbf25e4,9,0.3684804624997105,char_tfidf_v1
q_japanese_food_02,c16094eb-686f-4ffa-99a1-bbe4f7452631,10,0.36187215602198836,char_tfidf_v1
q_japanese_food_02,f2308484-80cf-45ec-92be-990bcc5a317f,11,0.35186013797611765,char_tfidf_v1
q_japanese_food_02,eecf2379-6c8b-4bbe-9612-ed5fe5c8d3f0,12,0.3418099804647684,char_tfidf_v1
q_japanese_food_02,c1f85108-72b2-4121-8559-536b105cfa5c,13,0.34156731297594245,char_tfidf_v1
q_japanese_food_02,b049f94f-23fa-458b-8b8b-095d0cb6ed54,14,0.34027027357090195,char_tfidf_v1
q_japanese_food_02,bff1715e-a400-4ba4-9df0-c236d2ba9abe,15,0.33977962420644503,char_tfidf_v1
q_japanese_food_02,8d18c9e1-f5cc-4445-a2f0-2406b5521f66,16,0.3395219191385837,char_tfidf_v1
q_japanese_food_02,b96a3e14-b352-4936-b6c8-c30169fec54f,17,0.3395006917392318,char_tfidf_v1
q_japanese_food_02,4587242d-412f-4b95-90ac-d1a33d07edb2,18,0.3390062373602092,char_tfidf_v1
q_japanese_food_02,cad314bc-33a9-424a-83f2-89ee68d2ea13,19,0.3380811422820399,char_tfidf_v1
q_japanese_food_02,7234e0fe-2051-492b-a754-10f380afb9a3,20,0.33726488160725304,char_tfidf_v1
q_japanese_food_02,93421838-6964-49c2-8723-8017fca415ab,21,0.33618594466515034,char_tfidf_v1
q_japanese_food_02,3c16bc62-ecce-4ea0-8f7c-f807433d83df,22,0.3354194896510606,char_tfidf_v1
q_japanese_food_02,ea84f42a-3254-485f-80a5-b90c849cacfd,23,0.3353842763592869,char_tfidf_v1
q_japanese_food_02,5b13edec-9a25-42db-b3d3-f465176cf4b7,24,0.3350923875679553,char_tfidf_v1
q_japanese_food_02,0474ee0c-1f03-47fa-af45-bb5411abb04a,25,0.3343610172735501,char_tfidf_v1
q_japanese_food_02,44a477c7-b156-4a42-92fa-8f4597c50dcc,26,0.3331974161778659,char_tfidf_v1
q_japanese_food_02,1099991c-2447-4de4-a887-850d21eacd38,27,0.3276142358077662,char_tfidf_v1
q_japanese_food_02,8fde781a-537a-40ac-9a4e-1216a9a32dad,28,0.327363550743828,char_tfidf_v1
q_japanese_food_02,ba8489d5-45d9-4f15-92f0-d8a784318549,29,0.3253074041786308,char_tfidf_v1
q_japanese_food_02,d6ef36c3-e7b7-46cd-b2bf-d9043ba6cc8d,30,0.32502462344561395,char_tfidf_v1
q_japanese_food_02,dddf07f0-7dd7-470f-a66d-ba92a2620b16,31,0.3230082495383509,char_tfidf_v1
q_japanese_food_02,7341f9fb-bb31-4677-b92a-6cb259d42750,32,0.3196453453802537,char_tfidf_v1
q_japanese_food_02,d14c472e-d380-45d6-973f-b9d92a87b095,33,0.31759112325831707,char_tfidf_v1
q_japanese_food_02,20426a06-35e3-4192-9736-92b133c5d1b8,34,0.31729750811320406,char_tfidf_v1
q_japanese_food_02,88a61490-9bfe-438b-9b97-c1d6b34ec427,35,0.3163063644683373,char_tfidf_v1
q_japanese_food_02,4fd9a187-cbe4-40ac-877d-1a1339c3c3d6,36,0.3146607258335115,char_tfidf_v1
q_japanese_food_02,f1d8ec8d-2dcf-4a4e-ac4e-2504c2aa54d6,37,0.31425689472267004,char_tfidf_v1
q_japanese_food_02,530a9c60-4659-44b1-ba3e-afc0ce47c4c3,38,0.31374155414496463,char_tfidf_v1
q_japanese_food_02,895fc404-b7dd-46b7-a484-575f68117f67,39,0.31247276559770637,char_tfidf_v1
q_japanese_food_02,1279715c-8e04-4077-94fa-631ba0dd3325,40,0.31237288546976727,char_tfidf_v1
q_japanese_food_03,3647589b-ff0d-458c-a439-0032eb947013,1,0.5480377824902399,char_tfidf_v1
q_japanese_food_03,a39fdf4e-2169-4244-98d5-bdda978a30fa,2,0.5014628237350411,char_tfidf_v1
q_japanese_food_03,2056c69e-64b4-4b28-8ce2-800cbcec3e25,3,0.4407876211103813,char_tfidf_v1
q_japanese_food_03,76a3551b-dae4-4326-92cc-662015aedbfb,4,0.4393471137613313,char_tfidf_v1
q_japanese_food_03,266e3f77-7a1c-4feb-9725-8e2fb70e0979,5,0.4315532899513968,char_tfidf_v1
q_japanese_food_03,7fde034b-96e4-455a-83e2-7b5692b96a17,6,0.33738736451791973,char_tfidf_v1
q_japanese_food_03,905bdb4c-1e33-4308-8d54-a6303f083fd9,7,0.3155196880644109,char_tfidf_v1
q_japanese_food_03,d2d0ff05-3c0a-45e1-966b-a046c0c6df44,8,0.31543505838862573,char_tfidf_v1
q_japanese_food_03,73edeebd-c90f-4d4e-a48c-23ef79b33f7e,9,0.2891846105942013,char_tfidf_v1
q_japanese_food_03,bc00b582-503d-4de6-8571-abc956f6d323,10,0.2852817049124632,char_tfidf_v1
q_japanese_food_03,2743811c-5e71-4d2b-aa75-1b0147d44f2d,11,0.28443163448030195,char_tfidf_v1
q_japanese_food_03,bf5c8822-1154-42e8-9228-b6f4f633d22b,12,0.28350741473251295,char_tfidf_v1
q_japanese_food_03,c111ac9d-3f3a-405c-a8db-4d127ccda9e2,13,0.282636230081242,char_tfidf_v1
q_japanese_food_03,62a0dcf4-9ca6-4d5d-9d2f-16875e10c3d2,14,0.2804359199377485,char_tfidf_v1
q_japanese_food_03,bb42517f-2916-42c3-bc1a-99be55867a9d,15,0.2796031644506163,char_tfidf_v1
q_japanese_food_03,26f21953-7e16-4ad9-9d9d-cc26c532dc9d,16,0.27739182369137044,char_tfidf_v1
q_japanese_food_03,28f8ed4a-9ede-4082-8707-9cfbed4c2fda,17,0.2708001636225271,char_tfidf_v1
q_japanese_food_03,53690773-065a-4613-8ca5-852f9d51fbcf,18,0.2668685925898571,char_tfidf_v1
q_japanese_food_03,24456103-f6b8-46af-8655-82e61d7265d8,19,0.2602610000043225,char_tfidf_v1
q_japanese_food_03,ed76f49e-1811-4f02-b04d-3942869dc92b,20,0.25919610688851036,char_tfidf_v1
q_japanese_food_03,80f306dd-08f8-4918-acba-f75063260c33,21,0.25609327363451306,char_tfidf_v1
q_japanese_food_03,41da7e6d-3cc1-4f18-9961-dc0b89fa34c3,22,0.25553839218149293,char_tfidf_v1
q_japanese_food_03,819a35a4-d207-4e6a-97ae-3fa50b18f853,23,0.25545023174698084,char_tfidf_v1
q_japanese_food_03,9ef96bab-5f5f-4f83-a600-e7d336653705,24,0.2552032110975346,char_tfidf_v1
q_japanese_food_03,7e8b8f01-ebbe-43ab-99d1-814ecae527f7,25,0.25348940922183966,char_tfidf_v1
q_japanese_food_03,08c05fee-9db1-486f-9152-3755fe8e4ff8,26,0.2521028800348677,char_tfidf_v1
q_japanese_food_03,ec241a1e-7872-4b36-85b1-6bda2d936668,27,0.2513241108725223,char_tfidf_v1
q_japanese_food_03,8d270d18-3a8a-418a-8ea6-eeef4deb63f3,28,0.2492212747144299,char_tfidf_v1
q_japanese_food_03,56378130-a5fb-4d82-ab47-83e7941afda3,29,0.24858801373563277,char_tfidf_v1
q_japanese_food_03,60089c35-33fa-4753-974b-64a3e4068946,30,0.24712284600965398,char_tfidf_v1
q_japanese_food_03,383c530c-422a-4534-826c-7df0f1db8024,31,0.24671047529843657,char_tfidf_v1
q_japanese_food_03,df7235ed-5926-4d1f-a8b2-d2e969fd0232,32,0.2464493970307369,char_tfidf_v1
q_japanese_food_03,876b4c57-5230-45db-8667-3f2b7c4c9cc3,33,0.24466023921674598,char_tfidf_v1
q_japanese_food_03,dedb6e02-eafb-4f91-b0d1-32b0c41ed796,34,0.24424460913306872,char_tfidf_v1
q_japanese_food_03,e8132354-9fd3-4590-b155-ce7e5e5dc50c,35,0.2427843709778018,char_tfidf_v1
q_japanese_food_03,11f9d616-bca0-4c02-a908-51fda68c7414,36,0.2417665118452509,char_tfidf_v1
q_japanese_food_03,81e51282-8b39-4a71-9f11-208a6e2b558b,37,0.23954501427327893,char_tfidf_v1
q_japanese_food_03,b0c70551-5767-4b2b-b353-1687e213eef8,38,0.23953663863745794,char_tfidf_v1
q_japanese_food_03,66cd8fcb-7c37-42c3-8f12-5edf16c258d1,39,0.23910491929494626,char_tfidf_v1
q_japanese_food_03,ced15673-9eda-46ca-89e8-29a0a3bff5d7,40,0.236455154456112,char_tfidf_v1
q_japanese_food_04,a4e48435-61ca-439e-ab8b-b8f100777d92,1,0.6199043539027017,char_tfidf_v1
q_japanese_food_04,395e5db2-316c-480d-a127-7c9f2f4847b4,2,0.5831406975214114,char_tfidf_v1
q_japanese_food_04,62a656e3-1225-4668-b333-9e3c5e84c5d2,3,0.579833866651416,char_tfidf_v1
q_japanese_food_04,c1a9745c-156e-47ff-b4d8-af7d6bbf25e4,4,0.5417866905501169,char_tfidf_v1
q_japanese_food_04,c16094eb-686f-4ffa-99a1-bbe4f7452631,5,0.5320703205900439,char_tfidf_v1
q_japanese_food_04,c1f85108-72b2-4121-8559-536b105cfa5c,6,0.5022155661712383,char_tfidf_v1
q_japanese_food_04,b049f94f-23fa-458b-8b8b-095d0cb6ed54,7,0.5003084944041143,char_tfidf_v1
q_japanese_food_04,bff1715e-a400-4ba4-9df0-c236d2ba9abe,8,0.4995870795057875,char_tfidf_v1
q_japanese_food_04,8d18c9e1-f5cc-4445-a2f0-2406b5521f66,9,0.4992081688441274,char_tfidf_v1
q_japanese_food_04,4587242d-412f-4b95-90ac-d1a33d07edb2,10,0.4984499481173427,char_tfidf_v1
q_japanese_food_04,cad314bc-33a9-424a-83f2-89ee68d2ea13,11,0.49708975605330363,char_tfidf_v1
q_japanese_food_04,7234e0fe-2051-492b-a754-10f380afb9a3,12,0.4958895861267385,char_tfidf_v1
q_japanese_food_04,3c16bc62-ecce-4ea0-8f7c-f807433d83df,13,0.49317625692081324,char_tfidf_v1
q_japanese_food_04,ea84f42a-3254-485f-80a5-b90c849cacfd,14,0.4931244818750373,char_tfidf_v1
q_japanese_food_04,7fde034b-96e4-455a-83e2-7b5692b96a17,15,0.4923694825814815,char_tfidf_v1
q_japanese_food_04,0474ee0c-1f03-47fa-af45-bb5411abb04a,16,0.49161995664220465,char_tfidf_v1
q_japanese_food_04,44a477c7-b156-4a42-92fa-8f4597c50dcc,17,0.48990908279430895,char_tfidf_v1
q_japanese_food_04,1099991c-2447-4de4-a887-850d21eacd38,18,0.48169998319933904,char_tfidf_v1
q_japanese_food_04,8fde781a-537a-40ac-9a4e-1216a9a32dad,19,0.48133139423741667,char_tfidf_v1
q_japanese_food_04,ba8489d5-45d9-4f15-92f0-d8a784318549,20,0.47830818688664706,char_tfidf_v1
q_japanese_food_04,dddf07f0-7dd7-470f-a66d-ba92a2620b16,21,0.4749276782562303,char_tfidf_v1
q_japanese_food_04,7341f9fb-bb31-4677-b92a-6cb259d42750,22,0.46998311022650974,char_tfidf_v1
q_japanese_food_04,a59e2aea-63c0-4aea-b80c-13c2293b0eb4,23,0.46756267788999806,char_tfidf_v1
q_japanese_food_04,d14c472e-d380-45d6-973f-b9d92a87b095,24,0.46696273243619535,char_tfidf_v1
q_japanese_food_04,20426a06-35e3-4192-9736-92b133c5d1b8,25,0.4665310222264138,char_tfidf_v1
q_japanese_food_04,88a61490-9bfe-438b-9b97-c1d6b34ec427,26,0.46507371718622453,char_tfidf_v1
q_japanese_food_04,4fd9a187-cbe4-40ac-877d-1a1339c3c3d6,27,0.46265409063735585,char_tfidf_v1
q_japanese_food_04,f1d8ec8d-2dcf-4a4e-ac4e-2504c2aa54d6,28,0.46206032694198995,char_tfidf_v1
q_japanese_food_04,530a9c60-4659-44b1-ba3e-afc0ce47c4c3,29,0.46130260789168503,char_tfidf_v1
q_japanese_food_04,1279715c-8e04-4077-94fa-631ba0dd3325,30,0.45929021769068384,char_tfidf_v1
q_japanese_food_04,52c57bbb-b5d7-4687-a2e4-0316aead4d8b,31,0.4579434964902472,char_tfidf_v1
q_japanese_food_04,b8f597be-9306-40fb-a8a9-239b68b5716b,32,0.45466881500991246,char_tfidf_v1
q_japanese_food_04,9c69fec2-743b-4a74-9477-e16ae2b7d583,33,0.45450721285721296,char_tfidf_v1
q_japanese_food_04,d6abef51-ae1d-43bc-8661-c2f7bfe865c2,34,0.45189312032243467,char_tfidf_v1
q_japanese_food_04,5ff5e851-9695-4924-8ed9-a9eed1ebe098,35,0.4492347092606402,char_tfidf_v1
q_japanese_food_04,a04b4925-11d6-4d03-ae1d-341b4f383171,36,0.4490713472939636,char_tfidf_v1
q_japanese_food_04,e7578687-6b5a-457b-b0cf-0e9fbbad16b2,37,0.44720785321632894,char_tfidf_v1
q_japanese_food_04,74aec6ce-e931-4e16-a2e2-c5fc39e01711,38,0.44216306125251004,char_tfidf_v1
q_japanese_food_04,8fee5871-019c-4a66-a4ac-c8d03238eaa3,39,0.4387161936235749,char_tfidf_v1
q_japanese_food_04,f6266986-adc0-4f25-8b12-3b7e9dd07322,40,0.4372576432842788,char_tfidf_v1
q_icecream_01,e048d001-ece8-4fe6-9022-ad7ca47826e9,1,0.9539865306739025,char_tfidf_v1
q_icecream_01,6a30c197-27e0-4af5-8577-f8c169c49c78,2,0.9510743782519169,char_tfidf_v1
q_icecream_01,fc022989-e5f9-45bb-98ed-414169839722,3,0.9460557023931389,char_tfidf_v1
q_icecream_01,c47df20f-3861-41f3-b8f9-5a5581275449,4,0.9373464476573707,char_tfidf_v1
q_icecream_01,141d4a90-41cc-4fd8-9f2b-fe8f91b8540b,5,0.9370639988997419,char_tfidf_v1
q_icecream_01,b0741ffd-d17f-4ee1-ac61-46842169ec76,6,0.9334034396583557,char_tfidf_v1
q_icecream_01,3bf47607-965f-4657-867c-62774bf9933b,7,0.9315814478121618,char_tfidf_v1
q_icecream_01,337ff432-40f8-4a74-8e85-822cb2973097,8,0.9277684055232447,char_tfidf_v1
q_icecream_01,0d7a6368-982e-44b8-b4bb-1bea82c5a338,9,0.9260723368948812,char_tfidf_v1
q_icecream_01,da0e6196-3ceb-4b2d-a236-5877024635b1,10,0.9193606492612398,char_tfidf_v1
q_icecream_01,35d4161b-3516-4041-9e33-ef4f2687b86e,11,0.9152919043048855,char_tfidf_v1
q_icecream_01,d8a4d6a8-fa34-47b5-a25f-3d818a44e257,12,0.8978106554801966,char_tfidf_v1
q_icecream_01,b6319b64-8f3f-4170-81eb-3bf115b1cbc9,13,0.8780374434001634,char_tfidf_v1
q_icecream_01,1a4ca19d-1be3-42ab-ab42-4b6f164cdfc3,14,0.8751965743607166,char_tfidf_v1
q_icecream_01,16a3e56a-76ca-4f22-863f-133e6bc33679,15,0.8709786388616572,char_tfidf_v1
q_icecream_01,5eb43fac-babe-474c-af6c-41cdd7e1731c,16,0.8686859262147344,char_tfidf_v1
q_icecream_01,93fe52d4-464d-408c-a8ae-65701581baac,17,0.865082913130512,char_tfidf_v1
q_icecream_01,67456652-ae37-413f-be89-46afd2a6094f,18,0.8640445734468927,char_tfidf_v1
q_icecream_01,61c325c4-259e-479e-8bad-2d342f0df064,19,0.8633155990915672,char_tfidf_v1
q_icecream_01,b181af84-5425-464b-b608-6037fc841e99,20,0.8582487233467727,char_tfidf_v1
q_icecream_01,c2d31cd0-84de-41b0-be1b-a5b3906e603a,21,0.8556161725282535,char_tfidf_v1
q_icecream_01,84f5b05e-99ce-48f2-adc9-d796e7f99c58,22,0.8492619127378844,char_tfidf_v1
q_icecream_01,c6af48f6-ce10-4aa6-afd6-6a168b2f9276,23,0.848905260759298,char_tfidf_v1
q_icecream_01,aefacf1e-f73e-4555-b81f-5df7ccdd0f5f,24,0.841345176420858,char_tfidf_v1
q_icecream_01,d77ec76a-1d48-4f5e-a619-e949ec940289,25,0.8401072993700293,char_tfidf_v1
q_icecream_01,65b80261-f2cf-4710-95fc-effd63ee610e,26,0.8395752640941586,char_tfidf_v1
q_icecream_01,118805a0-52c8-42d1-bf26-664b5312c3e6,27,0.8373184562109877,char_tfidf_v1
q_icecream_01,fa0fb8c4-2d68-4160-90e8-7fa7a5698c12,28,0.8358555977083586,char_tfidf_v1
q_icecream_01,b257eb6d-e965-4d67-8232-642ed3f3d66c,29,0.8345995548552513,char_tfidf_v1
q_icecream_01,fb920894-12bc-4843-b272-508c9c06dd4a,30,0.8299437205239172,char_tfidf_v1
q_icecream_01,87a1345d-cd8f-4c19-81b8-0e8f70fcf866,31,0.8271710381050559,char_tfidf_v1
q_icecream_01,2be44ed2-b665-402c-8379-53f07827949f,32,0.8266054018752886,char_tfidf_v1
q_icecream_01,82556a5d-dd06-4bae-9852-4d5d28137ad2,33,0.8242935076502246,char_tfidf_v1
q_icecream_01,c5ca47aa-6daa-4729-b59d-6a40e7942bae,34,0.8222395924069574,char_tfidf_v1
q_icecream_01,ce9f61db-1ee7-445e-9840-fc60aaad7e50,35,0.8101720201126834,char_tfidf_v1
q_icecream_01,ac6d572a-6bca-4846-aa80-d75db51e57b7,36,0.8064518127702529,char_tfidf_v1
q_icecream_01,dae43f6e-a99c-45f9-bbd8-54ba99b950f7,37,0.8038486763935571,char_tfidf_v1
q_icecream_01,c6cd7e6d-b8f4-41d3-8d34-711d12318944,38,0.8033904391126261,char_tfidf_v1
q_icecream_01,47092f59-c059-44b7-8798-3176e569cfd0,39,0.8022647165081735,char_tfidf_v1
q_icecream_01,2b947da4-fa95-41fd-8905-53dff2db4a7b,40,0.8020822819927141,char_tfidf_v1
q_icecream_02,e048d001-ece8-4fe6-9022-ad7ca47826e9,1,0.8600566490491705,char_tfidf_v1
q_icecream_02,6a30c197-27e0-4af5-8577-f8c169c49c78,2,0.8574312282774494,char_tfidf_v1
q_icecream_02,fc022989-e5f9-45bb-98ed-414169839722,3,0.8529066931787039,char_tfidf_v1
q_icecream_02,c47df20f-3861-41f3-b8f9-5a5581275449,4,0.845054955022119,char_tfidf_v1
q_icecream_02,141d4a90-41cc-4fd8-9f2b-fe8f91b8540b,5,0.8448003162780657,char_tfidf_v1
q_icecream_02,b0741ffd-d17f-4ee1-ac61-46842169ec76,6,0.8415001771109346,char_tfidf_v1
q_icecream_02,3bf47607-965f-4657-867c-62774bf9933b,7,0.8398575792843954,char_tfidf_v1
q_icecream_02,337ff432-40f8-4a74-8e85-822cb2973097,8,0.8364199706093842,char_tfidf_v1
q_icecream_02,0d7a6368-982e-44b8-b4bb-1bea82c5a338,9,0.8348908975520977,char_tfidf_v1
q_icecream_02,da0e6196-3ceb-4b2d-a236-5877024635b1,10,0.8288400452705913,char_tfidf_v1
q_icecream_02,35d4161b-3516-4041-9e33-ef4f2687b86e,11,0.8251719105113657,char_tfidf_v1
q_icecream_02,d8a4d6a8-fa34-47b5-a25f-3d818a44e257,12,0.8094118721859445,char_tfidf_v1
q_icecream_02,b6319b64-8f3f-4170-81eb-3bf115b1cbc9,13,0.7915855381909784,char_tfidf_v1
q_icecream_02,1a4ca19d-1be3-42ab-ab42-4b6f164cdfc3,14,0.7890243822124676,char_tfidf_v1
q_icecream_02,16a3e56a-76ca-4f22-863f-133e6bc33679,15,0.785221746268893,char_tfidf_v1
q_icecream_02,5eb43fac-babe-474c-af6c-41cdd7e1731c,16,0.7831547749931534,char_tfidf_v1
q_icecream_02,93fe52d4-464d-408c-a8ae-65701581baac,17,0.7799065159663647,char_tfidf_v1
q_icecream_02,67456652-ae37-413f-be89-46afd2a6094f,18,0.7789704116083319,char_tfidf_v1
q_icecream_02,61c325c4-259e-479e-8bad-2d342f0df064,19,0.778313212349092,char_tfidf_v1
q_icecream_02,b181af84-5425-464b-b608-6037fc841e99,20,0.7737452231436907,char_tfidf_v1
q_icecream_02,c2d31cd0-84de-41b0-be1b-a5b3906e603a,21,0.7713718742937568,char_tfidf_v1
q_icecream_02,84f5b05e-99ce-48f2-adc9-d796e7f99c58,22,0.7656432573722661,char_tfidf_v1
q_icecream_02,c6af48f6-ce10-4aa6-afd6-6a168b2f9276,23,0.7653217214850004,char_tfidf_v1
q_icecream_02,aefacf1e-f73e-4555-b81f-5df7ccdd0f5f,24,0.7585060059653541,char_tfidf_v1
q_icecream_02,d77ec76a-1d48-4f5e-a619-e949ec940289,25,0.7573900107662198,char_tfidf_v1
q_icecream_02,65b80261-f2cf-4710-95fc-effd63ee610e,26,0.7569103598887403,char_tfidf_v1
q_icecream_02,118805a0-52c8-42d1-bf26-664b5312c3e6,27,0.7548757581798708,char_tfidf_v1
q_icecream_02,fa0fb8c4-2d68-4160-90e8-7fa7a5698c12,28,0.7535569332894233,char_tfidf_v1
q_icecream_02,b257eb6d-e965-4d67-8232-642ed3f3d66c,29,0.7524245608999072,char_tfidf_v1
q_icecream_02,fb920894-12bc-4843-b272-508c9c06dd4a,30,0.7482271418119176,char_tfidf_v1
q_icecream_02,87a1345d-cd8f-4c19-81b8-0e8f70fcf866,31,0.74572745877304,char_tfidf_v1
q_icecream_02,2be44ed2-b665-402c-8379-53f07827949f,32,0.74521751530454,char_tfidf_v1
q_icecream_02,82556a5d-dd06-4bae-9852-4d5d28137ad2,33,0.7431332510762386,char_tfidf_v1
q_icecream_02,c5ca47aa-6daa-4729-b59d-6a40e7942bae,34,0.7412815651197217,char_tfidf_v1
q_icecream_02,ce9f61db-1ee7-445e-9840-fc60aaad7e50,35,0.7304021706462582,char_tfidf_v1
q_icecream_02,ac6d572a-6bca-4846-aa80-d75db51e57b7,36,0.7270482563531093,char_tfidf_v1
q_icecream_02,dae43f6e-a99c-45f9-bbd8-54ba99b950f7,37,0.724701425787716,char_tfidf_v1
q_icecream_02,c6cd7e6d-b8f4-41d3-8d34-711d12318944,38,0.7242883067261414,char_tfidf_v1
q_icecream_02,47092f59-c059-44b7-8798-3176e569cfd0,39,0.7232734232033515,char_tfidf_v1
q_icecream_02,2b947da4-fa95-41fd-8905-53dff2db4a7b,40,0.7231089512606228,char_tfidf_v1
q_icecream_03,e048d001-ece8-4fe6-9022-ad7ca47826e9,1,0.7059488739361888,char_tfidf_v1
q_icecream_03,6a30c197-27e0-4af5-8577-f8c169c49c78,2,0.703793884681174,char_tfidf_v1
q_icecream_03,fc022989-e5f9-45bb-98ed-414169839722,3,0.7000800706416274,char_tfidf_v1
q_icecream_03,c47df20f-3861-41f3-b8f9-5a5581275449,4,0.6936352327158805,char_tfidf_v1
q_icecream_03,141d4a90-41cc-4fd8-9f2b-fe8f91b8540b,5,0.6934262209783122,char_tfidf_v1
q_icecream_03,b0741ffd-d17f-4ee1-ac61-46842169ec76,6,0.6907174115859954,char_tfidf_v1
q_icecream_03,3bf47607-965f-4657-867c-62774bf9933b,7,0.6893691398328994,char_tfidf_v1
q_icecream_03,337ff432-40f8-4a74-8e85-822cb2973097,8,0.6865474931706239,char_tfidf_v1
q_icecream_03,0d7a6368-982e-44b8-b4bb-1bea82c5a338,9,0.6852924044457696,char_tfidf_v1
q_icecream_03,da0e6196-3ceb-4b2d-a236-5877024635b1,10,0.6803257637492455,char_tfidf_v1
q_icecream_03,35d4161b-3516-4041-9e33-ef4f2687b86e,11,0.6773148974236564,char_tfidf_v1
q_icecream_03,d8a4d6a8-fa34-47b5-a25f-3d818a44e257,12,0.6643787945270359,char_tfidf_v1
q_icecream_03,b6319b64-8f3f-4170-81eb-3bf115b1cbc9,13,0.6497466416054005,char_tfidf_v1
q_icecream_03,1a4ca19d-1be3-42ab-ab42-4b6f164cdfc3,14,0.6476444019668798,char_tfidf_v1
q_icecream_03,16a3e56a-76ca-4f22-863f-133e6bc33679,15,0.6445231348209033,char_tfidf_v1
q_icecream_03,5eb43fac-babe-474c-af6c-41cdd7e1731c,16,0.6428265302470304,char_tfidf_v1
q_icecream_03,93fe52d4-464d-408c-a8ae-65701581baac,17,0.6401603049411162,char_tfidf_v1
q_icecream_03,67456652-ae37-413f-be89-46afd2a6094f,18,0.6393919348364603,char_tfidf_v1
q_icecream_03,61c325c4-259e-479e-8bad-2d342f0df064,19,0.6388524946989701,char_tfidf_v1
q_icecream_03,b181af84-5425-464b-b608-6037fc841e99,20,0.6351030128023176,char_tfidf_v1
q_icecream_03,c2d31cd0-84de-41b0-be1b-a5b3906e603a,21,0.6331549283942488,char_tfidf_v1
q_icecream_03,84f5b05e-99ce-48f2-adc9-d796e7f99c58,22,0.6284527838675958,char_tfidf_v1
q_icecream_03,c6af48f6-ce10-4aa6-afd6-6a168b2f9276,23,0.6281888618366501,char_tfidf_v1
q_icecream_03,aefacf1e-f73e-4555-b81f-5df7ccdd0f5f,24,0.6225944086090829,char_tfidf_v1
q_icecream_03,d77ec76a-1d48-4f5e-a619-e949ec940289,25,0.6216783810950606,char_tfidf_v1
q_icecream_03,65b80261-f2cf-4710-95fc-effd63ee610e,26,0.6212846756371543,char_tfidf_v1
q_icecream_03,118805a0-52c8-42d1-bf26-664b5312c3e6,27,0.6196146405448462,char_tfidf_v1
q_icecream_03,fa0fb8c4-2d68-4160-90e8-7fa7a5698c12,28,0.6185321270297659,char_tfidf_v1
q_icecream_03,b257eb6d-e965-4d67-8232-642ed3f3d66c,29,0.6176026568441224,char_tfidf_v1
q_icecream_03,fb920894-12bc-4843-b272-508c9c06dd4a,30,0.614157345094158,char_tfidf_v1
q_icecream_03,87a1345d-cd8f-4c19-81b8-0e8f70fcf866,31,0.6121055634720474,char_tfidf_v1
q_icecream_03,2be44ed2-b665-402c-8379-53f07827949f,32,0.6116869933490714,char_tfidf_v1
q_icecream_03,82556a5d-dd06-4bae-9852-4d5d28137ad2,33,0.609976194430673,char_tfidf_v1
q_icecream_03,c5ca47aa-6daa-4729-b59d-6a40e7942bae,34,0.6084562996454493,char_tfidf_v1
q_icecream_03,ce9f61db-1ee7-445e-9840-fc60aaad7e50,35,0.599526310805598,char_tfidf_v1
q_icecream_03,ac6d572a-6bca-4846-aa80-d75db51e57b7,36,0.5967733618909601,char_tfidf_v1
q_icecream_03,dae43f6e-a99c-45f9-bbd8-54ba99b950f7,37,0.5948470441341124,char_tfidf_v1
q_icecream_03,c6cd7e6d-b8f4-41d3-8d34-711d12318944,38,0.5945079491028226,char_tfidf_v1
q_icecream_03,47092f59-c059-44b7-8798-3176e569cfd0,39,0.5936749157428901,char_tfidf_v1
q_icecream_03,2b947da4-fa95-41fd-8905-53dff2db4a7b,40,0.5935399144230447,char_tfidf_v1
q_icecream_04,0d7a6368-982e-44b8-b4bb-1bea82c5a338,1,0.7818140581583846,char_tfidf_v1
q_icecream_04,e048d001-ece8-4fe6-9022-ad7ca47826e9,2,0.7792955690842207,char_tfidf_v1
q_icecream_04,6a30c197-27e0-4af5-8577-f8c169c49c78,3,0.776916680697455,char_tfidf_v1
q_icecream_04,fc022989-e5f9-45bb-98ed-414169839722,4,0.7728170087066428,char_tfidf_v1
q_icecream_04,c47df20f-3861-41f3-b8f9-5a5581275449,5,0.7657025648362297,char_tfidf_v1
q_icecream_04,141d4a90-41cc-4fd8-9f2b-fe8f91b8540b,6,0.7654718371915131,char_tfidf_v1
q_icecream_04,b0741ffd-d17f-4ee1-ac61-46842169ec76,7,0.7624815878478801,char_tfidf_v1
q_icecream_04,3bf47607-965f-4657-867c-62774bf9933b,8,0.7609932333198098,char_tfidf_v1
q_icecream_04,337ff432-40f8-4a74-8e85-822cb2973097,9,0.7578784231364999,char_tfidf_v1
q_icecream_04,da0e6196-3ceb-4b2d-a236-5877024635b1,10,0.7510102683038605,char_tfidf_v1
q_icecream_04,35d4161b-3516-4041-9e33-ef4f2687b86e,11,0.7476865789075533,char_tfidf_v1
q_icecream_04,d8a4d6a8-fa34-47b5-a25f-3d818a44e257,12,0.7334064404432132,char_tfidf_v1
q_icecream_04,b6319b64-8f3f-4170-81eb-3bf115b1cbc9,13,0.7172540357026062,char_tfidf_v1
q_icecream_04,1a4ca19d-1be3-42ab-ab42-4b6f164cdfc3,14,0.714933377513412,char_tfidf_v1
q_icecream_04,16a3e56a-76ca-4f22-863f-133e6bc33679,15,0.7114878168693028,char_tfidf_v1
q_icecream_04,5eb43fac-babe-474c-af6c-41cdd7e1731c,16,0.7096149384276458,char_tfidf_v1
q_icecream_04,93fe52d4-464d-408c-a8ae-65701581baac,17,0.7066716975729731,char_tfidf_v1
q_icecream_04,67456652-ae37-413f-be89-46afd2a6094f,18,0.7058234953304561,char_tfidf_v1
q_icecream_04,61c325c4-259e-479e-8bad-2d342f0df064,19,0.7052280084270088,char_tfidf_v1
q_icecream_04,b181af84-5425-464b-b608-6037fc841e99,20,0.701088962759111,char_tfidf_v1
q_icecream_04,c2d31cd0-84de-41b0-be1b-a5b3906e603a,21,0.698938476224661,char_tfidf_v1
q_icecream_04,84f5b05e-99ce-48f2-adc9-d796e7f99c58,22,0.6937477881591319,char_tfidf_v1
q_icecream_04,c6af48f6-ce10-4aa6-afd6-6a168b2f9276,23,0.6934564451498955,char_tfidf_v1
q_icecream_04,aefacf1e-f73e-4555-b81f-5df7ccdd0f5f,24,0.6872807392699734,char_tfidf_v1
q_icecream_04,d77ec76a-1d48-4f5e-a619-e949ec940289,25,0.6862695383045879,char_tfidf_v1
q_icecream_04,65b80261-f2cf-4710-95fc-effd63ee610e,26,0.6858349276263956,char_tfidf_v1
q_icecream_04,118805a0-52c8-42d1-bf26-664b5312c3e6,27,0.6839913791830158,char_tfidf_v1
q_icecream_04,fa0fb8c4-2d68-4160-90e8-7fa7a5698c12,28,0.6827963946495437,char_tfidf_v1
q_icecream_04,b257eb6d-e965-4d67-8232-642ed3f3d66c,29,0.6817703543454787,char_tfidf_v1
q_icecream_04,fb920894-12bc-4843-b272-508c9c06dd4a,30,0.6779670815023748,char_tfidf_v1
q_icecream_04,87a1345d-cd8f-4c19-81b8-0e8f70fcf866,31,0.6757021238179411,char_tfidf_v1
q_icecream_04,2be44ed2-b665-402c-8379-53f07827949f,32,0.6752400650850365,char_tfidf_v1
q_icecream_04,82556a5d-dd06-4bae-9852-4d5d28137ad2,33,0.6733515175344634,char_tfidf_v1
q_icecream_04,c5ca47aa-6daa-4729-b59d-6a40e7942bae,34,0.671673708679844,char_tfidf_v1
q_icecream_04,ce9f61db-1ee7-445e-9840-fc60aaad7e50,35,0.6618159116186126,char_tfidf_v1
q_icecream_04,ac6d572a-6bca-4846-aa80-d75db51e57b7,36,0.6587769367433779,char_tfidf_v1
q_icecream_04,dae43f6e-a99c-45f9-bbd8-54ba99b950f7,37,0.6566504783722643,char_tfidf_v1
q_icecream_04,c6cd7e6d-b8f4-41d3-8d34-711d12318944,38,0.656276152036266,char_tfidf_v1
q_icecream_04,47092f59-c059-44b7-8798-3176e569cfd0,39,0.6553565681538311,char_tfidf_v1
q_icecream_04,2b947da4-fa95-41fd-8905-53dff2db4a7b,40,0.6552075404632145,char_tfidf_v1
q_dental_01,5cd3118f-e354-4e05-85f3-7d638d3e771b,1,0.929179379506312,char_tfidf_v1
q_dental_01,7deb8c24-eebc-4411-8b9e-7344def40922,2,0.9273692017363653,char_tfidf_v1
q_dental_01,989215c5-32ae-4ef5-a78d-138600cb955e,3,0.9255627447953025,char_tfidf_v1
q_dental_01,e3e146d7-21f9-40b1-a01a-8df432f1ce48,4,0.9211420357520566,char_tfidf_v1
q_dental_01,1bc33890-a1fe-4ee8-88c7-e8c265daeaf0,5,0.908294120702752,char_tfidf_v1
q_dental_01,5079f032-d73d-407a-b312-d5e298ae8d72,6,0.8788306397189559,char_tfidf_v1
q_dental_01,05a6fc86-6dd3-4be4-bf5c-43e9e6e2a9b2,7,0.8225504291645317,char_tfidf_v1
q_dental_01,062acf6f-305e-4670-a107-58f8fe19825c,8,0.8216377776707525,char_tfidf_v1
q_dental_01,fa419a71-d32e-4030-b145-511f248d8620,9,0.8205496112701615,char_tfidf_v1
q_dental_01,78c530c4-234d-467e-a26c-03e38ed7efba,10,0.8165384993536197,char_tfidf_v1
q_dental_01,6ca5a1d0-42dd-4d98-b211-1f64484943c3,11,0.8033904597027048,char_tfidf_v1
q_dental_01,34b07070-b0fc-4a20-867d-8f218532bc0d,12,0.7906367143476358,char_tfidf_v1
q_dental_01,a1fec92b-0351-4b7f-82f9-b3319928af69,13,0.7885135837248869,char_tfidf_v1
q_dental_01,fa7d8c78-3598-4ff2-8863-590483686413,14,0.7867807105214477,char_tfidf_v1
q_dental_01,22fdfe9d-b981-487e-85b4-c9eb1c84cded,15,0.7676476648949566,char_tfidf_v1
q_dental_01,6d12d594-a129-42eb-89c4-276cdf60dc5a,16,0.7632331736731628,char_tfidf_v1
q_dental_01,fc5ad37e-53e7-4e42-853e-7d730756ab0b,17,0.7623378716761566,char_tfidf_v1
q_dental_01,79e26070-f7d6-4ee6-9ee0-30497b147974,18,0.761711890197346,char_tfidf_v1
q_dental_01,93f1e979-4039-4169-91a4-6757ab5abbdb,19,0.7509922325817704,char_tfidf_v1
q_dental_01,9bc35632-0aab-4050-a009-7702a6b77a7b,20,0.7453009694916566,char_tfidf_v1
q_dental_01,14ba8897-8073-4512-bd61-8cbcb3965506,21,0.7448835373365608,char_tfidf_v1
q_dental_01,6a898403-ebf4-41bb-b69f-85c18b469842,22,0.7412004649211725,char_tfidf_v1
q_dental_01,8eb2edc1-a763-4152-82d1-0d7bdb6d4a6b,23,0.7388740665699769,char_tfidf_v1
q_dental_01,8743b89d-adcb-4a34-992c-ec6e89281fee,24,0.7374272063748681,char_tfidf_v1
q_dental_01,39746a46-9108-410a-9525-d1de629aaad1,25,0.7373072233558143,char_tfidf_v1
q_dental_01,9e995eb1-e1ac-4ba6-94a9-ec0d4edafe2c,26,0.7357190159964536,char_tfidf_v1
q_dental_01,85b604e2-54de-491d-97d0-7b1ce5fb93f5,27,0.732043706653321,char_tfidf_v1
q_dental_01,3a9899b9-7abb-4076-987c-cade4d657497,28,0.7311079598413812,char_tfidf_v1
q_dental_01,f2faaafd-45bb-44bc-8be3-9cd95bb83ae9,29,0.7262981228155028,char_tfidf_v1
q_dental_01,66de30e7-3a55-4ed5-b253-ed773de6cf03,30,0.7260081210766846,char_tfidf_v1
q_dental_01,dd34831b-29df-4308-9120-27d5bbbe6362,31,0.7153147181930212,char_tfidf_v1
q_dental_01,895adb72-675c-44e9-af70-acb03275aece,32,0.7108665269930354,char_tfidf_v1
q_dental_01,b842c553-1530-4353-b832-7d90c228fc47,33,0.7100632347725365,char_tfidf_v1
q_dental_01,b1d4f7bb-abc1-4fa9-96bf-3720f6a328f6,34,0.709346464575902,char_tfidf_v1
q_dental_01,bfaea4db-bc9c-4aec-b49a-a0352aa17ca8,35,0.7056910516168696,char_tfidf_v1
q_dental_01,70c0dbe9-3018-4199-b0d1-7874b902958e,36,0.7052523799164462,char_tfidf_v1
q_dental_01,3d28b58f-311c-4fde-9b31-4a1fd6210781,37,0.7034963527447997,char_tfidf_v1
q_dental_01,c3d346d8-057a-4bf9-86a0-0a93f7556fdd,38,0.6984637428160317,char_tfidf_v1
q_dental_01,b8eb42db-fbf2-49d6-9de3-286af6f69c66,39,0.6983211931542255,char_tfidf_v1
q_dental_01,aaa409a2-3a65-4df8-807c-8acd55119e8f,40,0.6969029775979697,char_tfidf_v1
q_dental_02,a4eadc01-9551-4d95-b793-75faac7478b0,1,0.9650214797342798,char_tfidf_v1
q_dental_02,fe09b498-588b-466f-a3df-b3e285794cd5,2,0.9520214924209421,char_tfidf_v1
q_dental_02,3284f63b-278d-41cb-ae5b-b82a7789c043,3,0.9509429887772807,char_tfidf_v1
q_dental_02,3d08ffb4-7687-489e-a63f-d2912926ae80,4,0.9350469666097648,char_tfidf_v1
q_dental_02,68aeabd1-ad53-406a-98b3-10641a435e8c,5,0.9341305187645185,char_tfidf_v1
q_dental_02,f2c8979e-6461-4b9f-b47b-eee962d3daef,6,0.9318168335779736,char_tfidf_v1
q_dental_02,04268dbb-7ecd-4824-a070-aff359b3efe0,7,0.9296987257371279,char_tfidf_v1
q_dental_02,01fbf9ae-3815-4459-8cc6-be2dda1a0ff2,8,0.927762932303573,char_tfidf_v1
q_dental_02,e4fdea19-6707-4289-8ced-429eef607104,9,0.9258409485109333,char_tfidf_v1
q_dental_02,9ff413a2-2a7f-45db-94c6-27460dff6678,10,0.9188297303362825,char_tfidf_v1
q_dental_02,8caa8946-84c8-4e0b-9a76-bb88a47d8c17,11,0.9156831359837515,char_tfidf_v1
q_dental_02,3e2af6ec-f3f1-470a-bc1e-680c689aca4a,12,0.9121329998831808,char_tfidf_v1
q_dental_02,040d5848-9f9a-4a26-af71-2be8faace0e4,13,0.9119594497865693,char_tfidf_v1
q_dental_02,a4bd311b-baae-4123-9165-42e1898f622b,14,0.9081099249365151,char_tfidf_v1
q_dental_02,84ad0e59-389b-42fd-bd37-e31e2a2e6089,15,0.9078440888211924,char_tfidf_v1
q_dental_02,5b497111-6c9d-4c0a-90f9-e92cfac6a294,16,0.9044648001828792,char_tfidf_v1
q_dental_02,29837b2a-f536-47da-958a-35828e6cf770,17,0.9043387212737359,char_tfidf_v1
q_dental_02,52efa020-6c42-484f-8d8c-812ba1d0e92d,18,0.898289295023333,char_tfidf_v1
q_dental_02,2770ad1a-6f8b-43f8-8134-1ccbf4bf18cf,19,0.896307259875401,char_tfidf_v1
q_dental_02,68922924-536d-423a-9d62-20572075f535,20,0.8955979230467777,char_tfidf_v1
q_dental_02,4c57a4c2-9b02-4d56-9e61-102f75b826db,21,0.8941773268824168,char_tfidf_v1
q_dental_02,4382b928-42e9-4bfa-ad3e-1ce59227480a,22,0.8925092114711142,char_tfidf_v1
q_dental_02,9bcbeb62-a682-4f70-8bbd-ac0a7e2133a2,23,0.8911833086393974,char_tfidf_v1
q_dental_02,7330c10a-f726-4899-8bd2-5bf142d647c5,24,0.8903414445500838,char_tfidf_v1
q_dental_02,2bbdecbd-ebbc-49ac-97ab-86d5bc9ea6ec,25,0.8885512607196654,char_tfidf_v1
q_dental_02,7fc834cb-2a07-4b49-a876-d21ac3261328,26,0.8872259325622402,char_tfidf_v1
q_dental_02,8a21c2dc-ba60-43c1-a1c8-c3d8011e42a3,27,0.8842132816120598,char_tfidf_v1
q_dental_02,ea2a4568-4d9a-40cc-b8c5-2cb61b688c02,28,0.8785284328687942,char_tfidf_v1
q_dental_02,c5938b62-99c9-4967-9e7f-ab6b8f11f58c,29,0.8775140055052265,char_tfidf_v1
q_dental_02,3c005cae-9ea2-43a2-83bd-1251a3c4b623,30,0.8761277428446141,char_tfidf_v1
q_dental_02,6951d239-f771-433f-a3b7-a66198685513,31,0.8717895448459915,char_tfidf_v1
q_dental_02,a7e39d98-31b8-473a-979e-357f2188f762,32,0.8690917716262503,char_tfidf_v1
q_dental_02,2859fb76-4f78-433f-8626-66508e81d4e0,33,0.8626510793575555,char_tfidf_v1
q_dental_02,af509cb7-e7bc-4fcb-9042-0dc4bffb2ed7,34,0.8620791520553044,char_tfidf_v1
q_dental_02,f7652bca-96e7-45fa-8a88-c35650efd216,35,0.8594678824921873,char_tfidf_v1
q_dental_02,242d36eb-ad91-4964-90c9-743523df57f0,36,0.8587378349948018,char_tfidf_v1
q_dental_02,8c5a1bc7-aeda-4e1a-9644-28da5d05a384,37,0.8523556307491746,char_tfidf_v1
q_dental_02,78fce038-adcb-49d8-8f9f-83b52a7f6e9c,38,0.8515148915663908,char_tfidf_v1
q_dental_02,684b9f2f-29c9-4bd5-96b2-1912a1f12ec3,39,0.8510420824706172,char_tfidf_v1
q_dental_02,0bd9cc7c-daad-4027-8d9e-dda8eda298bb,40,0.8434978664625283,char_tfidf_v1
q_dental_03,76a3551b-dae4-4326-92cc-662015aedbfb,1,0.42140828035698946,char_tfidf_v1
q_dental_03,6fb5974d-5d6f-491b-8a8c-5883cdd2fc24,2,0.41723538022709267,char_tfidf_v1
q_dental_03,d623def9-239c-4fa7-b07b-defedaf83e7b,3,0.4156915632998549,char_tfidf_v1
q_dental_03,391ef1d9-0ec7-4b5d-b714-9666ad3043c3,4,0.39658195997959955,char_tfidf_v1
q_dental_03,2743811c-5e71-4d2b-aa75-1b0147d44f2d,5,0.32635228382466286,char_tfidf_v1
q_dental_03,c111ac9d-3f3a-405c-a8db-4d127ccda9e2,6,0.3242922656867625,char_tfidf_v1
q_dental_03,24456103-f6b8-46af-8655-82e61d7265d8,7,0.2986192864837031,char_tfidf_v1
q_dental_03,4cbd7526-5ab9-4975-84a9-5e888989c3fc,8,0.28221995599036187,char_tfidf_v1
q_dental_03,135607e4-b86f-4ee3-8ac8-d8e69133c49a,9,0.26756390269974134,char_tfidf_v1
q_dental_03,2cd15b74-98bf-4b16-bcb1-8c03f351d840,10,0.21376589048852443,char_tfidf_v1
q_dental_03,649b8007-0b49-491a-a626-52edd5088f8a,11,0.20493781651211215,char_tfidf_v1
q_dental_03,be9f8c61-892c-48ed-a49d-b63bd032c025,12,0.19873753571999778,char_tfidf_v1
q_dental_03,2d6fddd9-96a7-4cdd-9682-be71d156f70f,13,0.19493031039894726,char_tfidf_v1
q_dental_03,d3c18280-f2a0-4ee6-b3fe-b3d3d2180f98,14,0.19005284615465817,char_tfidf_v1
q_dental_03,8753dd1a-9ed0-466a-bf15-ca920d69cbb8,15,0.18969910642727084,char_tfidf_v1
q_dental_03,1c48ef6c-d475-4858-8aab-0ee9b8033fdb,16,0.18602746965285805,char_tfidf_v1
q_dental_03,d121e15f-dff6-4157-99f0-e3a20442838b,17,0.18490855182360766,char_tfidf_v1
q_dental_03,db1a81d2-fa76-49e9-80ba-174f85d72363,18,0.18489546940605178,char_tfidf_v1
q_dental_03,91783703-3274-4ef4-93f1-de083cd86644,19,0.1838846934322079,char_tfidf_v1
q_dental_03,842f6cf1-6411-4f4b-be23-746d79e31656,20,0.1820409856640294,char_tfidf_v1
q_dental_03,c95c5a3f-3311-4019-a09b-07f1520b2c49,21,0.18203190171565917,char_tfidf_v1
q_dental_03,13a15c0b-7143-4162-b2f1-7ae9f203b5d7,22,0.1810561123719326,char_tfidf_v1
q_dental_03,773642d3-18d6-4baf-bb65-97b5d155ed9c,23,0.1808234372629403,char_tfidf_v1
q_dental_03,1bff10f1-3af7-407f-be27-fcf526d6128d,24,0.18066517347351524,char_tfidf_v1
q_dental_03,7a93091e-27ee-447a-a8fc-16513897e8d3,25,0.18011739363104606,char_tfidf_v1
q_dental_03,06261986-3eba-4244-b63f-397460d82f4a,26,0.17867923660348894,char_tfidf_v1
q_dental_03,20c4cf39-dc98-4781-8991-6f4d04a52d69,27,0.1725147742854902,char_tfidf_v1
q_dental_03,bae658ee-5c98-4ae4-b12c-a5329f442eff,28,0.16803534550470486,char_tfidf_v1
q_dental_03,3c796233-4258-45ca-a9e9-bd021cee9d0b,29,0.16574649946097042,char_tfidf_v1
q_dental_03,ca7a914c-1a6b-4842-b203-1bdec03716c2,30,0.16502233345040804,char_tfidf_v1
q_dental_03,44f0ae81-bd1f-489f-a26b-f17eae7ea79d,31,0.1648781557057964,char_tfidf_v1
q_dental_03,fba59866-17b0-40d7-ad91-2ada4851988b,32,0.16434440683156926,char_tfidf_v1
q_dental_03,64fbc1fe-0f5f-4f18-8ea9-e859d36e40bd,33,0.16384909459473665,char_tfidf_v1
q_dental_03,ed73e61f-d4aa-4b8e-9e23-d2274a66eee5,34,0.16336880854483454,char_tfidf_v1
q_dental_03,d8d78a6f-ba86-4032-9d06-8f6dbd3a3dda,35,0.16320323240341544,char_tfidf_v1
q_dental_03,526d5226-5a90-4377-8ee7-cf95821bdcde,36,0.16179199562658564,char_tfidf_v1
q_dental_03,b1d7242d-f16b-483d-a304-b6eefc117a7e,37,0.16094011832548488,char_tfidf_v1
q_dental_03,1b20bf9a-b779-4dde-8d65-d345ed37d667,38,0.16091652489960165,char_tfidf_v1
q_dental_03,b8449cfe-9baf-4659-90be-536243fc5b42,39,0.15848635750632672,char_tfidf_v1
q_dental_03,81daa6e5-04d4-46ec-9a09-2461470e9ea7,40,0.15239431136225104,char_tfidf_v1
q_dental_04,76a3551b-dae4-4326-92cc-662015aedbfb,1,0.4093148791140311,char_tfidf_v1
q_dental_04,60f34431-6960-42f8-aabb-5d0c39d6f6d4,2,0.31893628160954735,char_tfidf_v1
q_dental_04,2743811c-5e71-4d2b-aa75-1b0147d44f2d,3,0.31698676041467166,char_tfidf_v1
q_dental_04,c111ac9d-3f3a-405c-a8db-4d127ccda9e2,4,0.31498585982872906,char_tfidf_v1
q_dental_04,24456103-f6b8-46af-8655-82e61d7265d8,5,0.29004963320761157,char_tfidf_v1
q_dental_04,b8e89e46-66be-42e4-b87d-b605bc3b135a,6,0.2526401954823301,char_tfidf_v1
q_dental_04,90c0b96d-a710-48dd-b3b3-37e79355541c,7,0.23058837107597235,char_tfidf_v1
q_dental_04,01b52fc6-d48d-430d-981d-7623dc5c38ca,8,0.22736827041778535,char_tfidf_v1
q_dental_04,0e2e755c-8da6-4a62-a7f2-090761b15e55,9,0.21541384486371912,char_tfidf_v1
q_dental_04,06261986-3eba-4244-b63f-397460d82f4a,10,0.21311948264309535,char_tfidf_v1
q_dental_04,8f2f6e10-2263-4a49-84e9-329707844929,11,0.21008322400638715,char_tfidf_v1
q_dental_04,0fc4023c-9fa1-4506-ab4d-ca2c3192746f,12,0.20693188757837935,char_tfidf_v1
q_dental_04,be9f8c61-892c-48ed-a49d-b63bd032c025,13,0.19303424778397832,char_tfidf_v1
q_dental_04,c0563d68-0f81-4872-8cc5-47594d519241,14,0.18945429205443953,char_tfidf_v1
q_dental_04,842f6cf1-6411-4f4b-be23-746d79e31656,15,0.1768168484438642,char_tfidf_v1
q_dental_04,44d0bb10-a15d-422a-9dcd-ea89280178f2,16,0.1758213906741777,char_tfidf_v1
q_dental_04,93b62a4d-ec3d-4615-9689-5f60648f177c,17,0.17431098753900023,char_tfidf_v1
q_dental_04,f772e197-7e0d-4a8f-ac28-a9e12cc57053,18,0.1715339781342576,char_tfidf_v1
q_dental_04,d902c991-278a-4f7a-99ad-a1323d57e744,19,0.16645958803086075,char_tfidf_v1
q_dental_04,bdb973fd-de34-4eb1-863c-38dc720d1cca,20,0.16537719439979545,char_tfidf_v1
q_dental_04,c48e9989-3f9f-4119-beb6-f00ce225d9b6,21,0.160345433995618,char_tfidf_v1
q_dental_04,744e7a34-a7b5-4440-a3fa-eacbac721629,22,0.15081630496310905,char_tfidf_v1
q_dental_04,34dddc66-7e16-4603-aeda-6a4be0e4c573,23,0.14893010212299226,char_tfidf_v1
q_dental_04,af841040-0055-4f95-bbe1-b98bb9cf9b59,24,0.1427960169298592,char_tfidf_v1
q_dental_04,1e66f54f-6684-4ee2-bbdb-e21e30ab0207,25,0.1339205736737431,char_tfidf_v1
q_dental_04,f04b2731-3052-4241-bb0e-c199b613735f,26,0.12858858684678165,char_tfidf_v1
q_dental_04,224b1b62-1aad-4971-b212-d696510ccee6,27,0.1271373848008703,char_tfidf_v1
q_dental_04,3834a3d2-9a0e-4422-baa9-61c4a4eec597,28,0.12515152579231598,char_tfidf_v1
q_dental_04,1eaf6dc3-f0f0-4350-8341-9f6f4334b965,29,0.12435888629074085,char_tfidf_v1
q_dental_04,8dc1ca0f-84e8-4fd3-b883-7c92566f5192,30,0.12394651272166188,char_tfidf_v1
q_dental_04,20e990e4-aaf3-4784-9ba0-caad51d06b23,31,0.12385242842785875,char_tfidf_v1
q_dental_04,19b6e5db-5866-4752-afed-7fa0dc010f81,32,0.12385242842785875,char_tfidf_v1
q_dental_04,3c6fdfe4-a9c3-4300-88ee-5f48b35d9334,33,0.11971763393227526,char_tfidf_v1
q_dental_04,2f38c6db-8998-40ae-9edc-d11122415d22,34,0.11971763393227526,char_tfidf_v1
q_dental_04,c0cc81b4-89ec-4a70-b6f7-089de1fd92a8,35,0.11493791550790992,char_tfidf_v1
q_dental_04,78b63fe9-0489-4290-8f5c-517e15f86c90,36,0.11381809820342259,char_tfidf_v1
q_dental_04,28c082bc-f6a9-4268-81ec-9d69f6468cb1,37,0.11381809820342259,char_tfidf_v1
q_dental_04,e7c75db1-c52f-4574-8798-79a55d8e9846,38,0.11380903171894809,char_tfidf_v1
q_dental_04,3ddad914-31aa-49d0-8944-dc50a379cc92,39,0.11258906376961228,char_tfidf_v1
q_dental_04,8a0d8922-4190-4459-94fc-e79366c4f6f5,40,0.1114632422947057,char_tfidf_v1
q_oriental_clinic_01,784447de-be76-4c96-937d-1f49f891a07c,1,0.9720031214696213,char_tfidf_v1
q_oriental_clinic_01,cd8e9be2-b81a-46c4-91ff-2f1765c74d74,2,0.9491925020865443,char_tfidf_v1
q_oriental_clinic_01,29a20609-dd52-4fb7-a50f-700260b8f633,3,0.9367230213477828,char_tfidf_v1
q_oriental_clinic_01,6d55a5f1-2336-47db-95dd-67b144415580,4,0.9361343443798262,char_tfidf_v1
q_oriental_clinic_01,76d8e9cc-0071-4425-b991-013de6a7e75a,5,0.935365376398899,char_tfidf_v1
q_oriental_clinic_01,4d09a537-bb63-4759-b883-9dd74072406e,6,0.9295137381711138,char_tfidf_v1
q_oriental_clinic_01,aab2ffa8-c47d-48f0-b6a9-89f51ef16d28,7,0.9275494518302099,char_tfidf_v1
q_oriental_clinic_01,ee69d646-bad2-4794-8caf-eee4e5169cc7,8,0.9015523583446832,char_tfidf_v1
q_oriental_clinic_01,e482b7e1-6708-493c-9244-4894f63b711c,9,0.8901518264337737,char_tfidf_v1
q_oriental_clinic_01,783b5a13-eca0-41dc-89a5-521fab7a336d,10,0.8899764914232087,char_tfidf_v1
q_oriental_clinic_01,91a8eb95-bab8-4dc1-8364-e039a25ab9e8,11,0.8808632565520867,char_tfidf_v1
q_oriental_clinic_01,1a6b59eb-b56d-4e10-a282-ad89b95051a9,12,0.8786024014779003,char_tfidf_v1
q_oriental_clinic_01,86ff03d5-48f3-4b62-a797-0cf59f3c8597,13,0.8786024014779003,char_tfidf_v1
q_oriental_clinic_01,802c11b2-50c5-41b0-871a-c25c27c4d4fe,14,0.8781824806173835,char_tfidf_v1
q_oriental_clinic_01,86a724a9-126d-4857-ba7b-af6d054bb5bf,15,0.8768855865946418,char_tfidf_v1
q_oriental_clinic_01,8fefd2b1-c968-452d-83de-6a820d143dc2,16,0.8766383475206949,char_tfidf_v1
q_oriental_clinic_01,93b56590-06b6-48ae-a5b5-94fec579b7ee,17,0.8756439822561777,char_tfidf_v1
q_oriental_clinic_01,a710a4f6-142f-43b4-a8af-4c6ba2ed8d30,18,0.8740744811875487,char_tfidf_v1
q_oriental_clinic_01,d675c06d-27e6-4d33-acb7-7b9b08e9456d,19,0.8730360253963355,char_tfidf_v1
q_oriental_clinic_01,9f2a6872-5d33-43ca-a108-515b31f110ae,20,0.8722903107148922,char_tfidf_v1
q_oriental_clinic_01,836d8deb-1cff-410b-8a61-1deffc8b540c,21,0.8691399159357988,char_tfidf_v1
q_oriental_clinic_01,8639af76-715d-43ae-8765-d2de1942ef8a,22,0.8689014955796409,char_tfidf_v1
q_oriental_clinic_01,d11d7d66-bb2a-4a67-bcc8-b947b2e2ebda,23,0.8678764173817584,char_tfidf_v1
q_oriental_clinic_01,82bb3d55-ff12-47b9-a3e9-14be24ddd571,24,0.8670012074241477,char_tfidf_v1
q_oriental_clinic_01,f6360fc7-05e6-4065-9637-1c041d2aba3c,25,0.8652708211036955,char_tfidf_v1
q_oriental_clinic_01,f89c9af8-dda3-457a-b2f0-79a835cc18d9,26,0.8650809854203321,char_tfidf_v1
q_oriental_clinic_01,a9980cb6-9a33-4fe2-b32d-7819725ea4d2,27,0.864581791035555,char_tfidf_v1
q_oriental_clinic_01,dad3ffcb-4a83-47d8-82ce-187d88534338,28,0.8636209158161111,char_tfidf_v1
q_oriental_clinic_01,181a214d-8129-4d50-805b-53211442b29d,29,0.8623710965885386,char_tfidf_v1
q_oriental_clinic_01,752d59ec-a888-41e9-a2d2-4ffc4c0bd71b,30,0.8617919316002518,char_tfidf_v1
q_oriental_clinic_01,56a528df-4581-4e02-a89e-d02aa0bb9016,31,0.8599458162122176,char_tfidf_v1
q_oriental_clinic_01,ea216576-82be-43a4-adc5-4b26aa73f1c0,32,0.8597420481092675,char_tfidf_v1
q_oriental_clinic_01,fbfc9f6d-5d14-40d7-96cc-727934db9544,33,0.8595805515380396,char_tfidf_v1
q_oriental_clinic_01,9ce10344-6dad-4d23-ac20-c0c6ee1e9900,34,0.8592421996230485,char_tfidf_v1
q_oriental_clinic_01,ed76a240-84c5-46c3-9e3c-252d9c63e314,35,0.856852867521887,char_tfidf_v1
q_oriental_clinic_01,00192f22-a492-4ba5-a62d-65bf0d0ec7b9,36,0.8568179486662938,char_tfidf_v1
q_oriental_clinic_01,29067988-003c-496d-a678-3685ea33240c,37,0.851776442565598,char_tfidf_v1
q_oriental_clinic_01,e39e7f3e-8809-421b-82fc-4c22d5465d11,38,0.8501883409740025,char_tfidf_v1
q_oriental_clinic_01,85af6195-dd69-4f16-8505-71071e5416a7,39,0.849903058687169,char_tfidf_v1
q_oriental_clinic_01,5ed7db57-3c7f-410b-a8d8-cc427744f11e,40,0.8459321180178373,char_tfidf_v1
q_oriental_clinic_02,0ab1eb9a-a600-4ac0-8ce5-615819efcf3f,1,0.4888180585313124,char_tfidf_v1
q_oriental_clinic_02,88dce2e5-32b2-4358-809e-1adb1ab75841,2,0.48762249289680715,char_tfidf_v1
q_oriental_clinic_02,50a5f05c-148f-4163-882e-fd8463713c5f,3,0.48075934780312884,char_tfidf_v1
q_oriental_clinic_02,e8482e21-058c-422d-9117-3e8530a1a9bb,4,0.47390492113413163,char_tfidf_v1
q_oriental_clinic_02,e65625d1-031b-481e-9891-4aec84a9b008,5,0.47360912418777146,char_tfidf_v1
q_oriental_clinic_02,a1d4e7ec-266d-437e-b903-1fa3f28eb53c,6,0.433730040756818,char_tfidf_v1
q_oriental_clinic_02,fb44d005-bcdd-4c5b-ba8d-33b0f2d6e08f,7,0.43198765128587424,char_tfidf_v1
q_oriental_clinic_02,6055ea95-cd1c-450c-9e83-ec86ab1ee470,8,0.40734205616069785,char_tfidf_v1
q_oriental_clinic_02,223d420a-c2e9-4c8a-89ef-54fddff796b9,9,0.40657251480967876,char_tfidf_v1
q_oriental_clinic_02,21429b19-7264-4746-840b-2340da0f634d,10,0.4022761299531713,char_tfidf_v1
q_oriental_clinic_02,84148ee7-0438-4b03-b0a0-345be788c3c7,11,0.3936485663167405,char_tfidf_v1
q_oriental_clinic_02,2f761257-4534-4951-bb19-dcd29c5106b8,12,0.3907329683493338,char_tfidf_v1
q_oriental_clinic_02,7cfe5466-d7e8-4ceb-89b7-40aec087825d,13,0.3891807219635851,char_tfidf_v1
q_oriental_clinic_02,ada98dbd-1a5d-45a9-8c73-9420750a9a1a,14,0.3880399810373288,char_tfidf_v1
q_oriental_clinic_02,a67889f9-8f50-456b-90fa-9226c4e70ee2,15,0.3867260351252197,char_tfidf_v1
q_oriental_clinic_02,b8ed4560-5eb0-4d1b-bf08-33b5ea5d9604,16,0.38450610242631056,char_tfidf_v1
q_oriental_clinic_02,52f2baa2-7078-464d-a2af-290c85817702,17,0.3778512565712595,char_tfidf_v1
q_oriental_clinic_02,e4db698c-1275-4cd4-a695-2325839cd1c7,18,0.37446234665979994,char_tfidf_v1
q_oriental_clinic_02,06275db0-3bc6-4cb2-b2d0-9c2172db74f9,19,0.3721076484290951,char_tfidf_v1
q_oriental_clinic_02,04a734bb-1790-4ecd-9398-2fd3359294d0,20,0.37071054639824075,char_tfidf_v1
q_oriental_clinic_02,7d73a86e-9a32-4c9e-993a-6d0ef2e41f10,21,0.36694994522984536,char_tfidf_v1
q_oriental_clinic_02,936d2748-2052-4481-813a-b00d9dd17efb,22,0.3646713481272353,char_tfidf_v1
q_oriental_clinic_02,ff399551-3465-4e95-933a-d2542e9e3bd5,23,0.36297626223784607,char_tfidf_v1
q_oriental_clinic_02,10ec5398-f28a-4373-9665-e1bd794cec13,24,0.36116512376572707,char_tfidf_v1
q_oriental_clinic_02,e4142407-903a-4897-802e-8c81eaee32c1,25,0.3595972508471568,char_tfidf_v1
q_oriental_clinic_02,ba331af3-3eea-43b3-a5b9-49fcaaf23d51,26,0.35667532093435467,char_tfidf_v1
q_oriental_clinic_02,24c5cc99-7c21-4eda-9595-bbd8f4de5172,27,0.351936160903691,char_tfidf_v1
q_oriental_clinic_02,376215d9-9f90-472f-8716-c544a32367e2,28,0.34891833939527117,char_tfidf_v1
q_oriental_clinic_02,b2d9d8d6-5146-40f4-bfd2-3fcb4b5ee49b,29,0.346885262926357,char_tfidf_v1
q_oriental_clinic_02,6500333d-e8ee-4930-b687-3e6cc7b501e0,30,0.3432883528090178,char_tfidf_v1
q_oriental_clinic_02,767793a1-91d7-4eb5-a4ea-51be1ed75046,31,0.34121372678385986,char_tfidf_v1
q_oriental_clinic_02,1c8a8990-c1c5-4b90-99a1-09919d081f9a,32,0.3403297628128679,char_tfidf_v1
q_oriental_clinic_02,cef0282b-777a-4200-a8d7-e2f725aed6ea,33,0.33918433347395865,char_tfidf_v1
q_oriental_clinic_02,2daa91f7-3795-476f-a96f-3574a4bf300f,34,0.33804868707542823,char_tfidf_v1
q_oriental_clinic_02,1956dc07-117e-45d3-b607-149e9ff510b5,35,0.3370913588746668,char_tfidf_v1
q_oriental_clinic_02,bb96597b-882e-42f2-99f5-b076ee38a09f,36,0.3363469040360898,char_tfidf_v1
q_oriental_clinic_02,ac4d9e62-9d13-45fd-be91-5a12a3224a1c,37,0.33348524317622746,char_tfidf_v1
q_oriental_clinic_02,c504d99a-b2e3-4cbf-8a95-51d432a3b3e2,38,0.33006536124759006,char_tfidf_v1
q_oriental_clinic_02,9af9aac5-f87e-4a50-9a93-54df3046634d,39,0.32997363298965376,char_tfidf_v1
q_oriental_clinic_02,320e4041-dac5-44b8-862c-78584a234ceb,40,0.3285356482353096,char_tfidf_v1
q_oriental_clinic_03,76a3551b-dae4-4326-92cc-662015aedbfb,1,0.5701506485333512,char_tfidf_v1
q_oriental_clinic_03,2743811c-5e71-4d2b-aa75-1b0147d44f2d,2,0.44154321342557756,char_tfidf_v1
q_oriental_clinic_03,c111ac9d-3f3a-405c-a8db-4d127ccda9e2,3,0.43875608101251873,char_tfidf_v1
q_oriental_clinic_03,24456103-f6b8-46af-8655-82e61d7265d8,4,0.4040214390401123,char_tfidf_v1
q_oriental_clinic_03,be9f8c61-892c-48ed-a49d-b63bd032c025,5,0.2688849274216627,char_tfidf_v1
q_oriental_clinic_03,51516a28-5d7d-464e-aca9-f53dea7e1107,6,0.2530042117715484,char_tfidf_v1
q_oriental_clinic_03,842f6cf1-6411-4f4b-be23-746d79e31656,7,0.2462950797930978,char_tfidf_v1
q_oriental_clinic_03,06261986-3eba-4244-b63f-397460d82f4a,8,0.24174675101927826,char_tfidf_v1
q_oriental_clinic_03,6b2a6a7b-b304-4295-85a6-4c152904b55b,9,0.22667477230495986,char_tfidf_v1
q_oriental_clinic_03,af841040-0055-4f95-bbe1-b98bb9cf9b59,10,0.19890613758474476,char_tfidf_v1
q_oriental_clinic_03,203a7e62-47c5-404a-b50e-309a8e102521,11,0.1923423810800971,char_tfidf_v1
q_oriental_clinic_03,4d8c30a8-0e16-4a72-9eed-e6a73dc23556,12,0.1830480635751015,char_tfidf_v1
q_oriental_clinic_03,110987cb-7ebc-4014-aa11-b1c84ae0bc72,13,0.17618471025470744,char_tfidf_v1
q_oriental_clinic_03,1eaf6dc3-f0f0-4350-8341-9f6f4334b965,14,0.17322433971377385,char_tfidf_v1
q_oriental_clinic_03,19b6e5db-5866-4752-afed-7fa0dc010f81,15,0.1725188748169148,char_tfidf_v1
q_oriental_clinic_03,20e990e4-aaf3-4784-9ba0-caad51d06b23,16,0.1725188748169148,char_tfidf_v1
q_oriental_clinic_03,d6e70346-24fa-4b96-93f2-9792752aa257,17,0.1708203913396049,char_tfidf_v1
q_oriental_clinic_03,99fb7b87-7b56-4b61-8efb-3bbbcacb1fc3,18,0.17001519207076263,char_tfidf_v1
q_oriental_clinic_03,d42d8238-24e1-4737-92f7-bfd98b91df38,19,0.1699103222187962,char_tfidf_v1
q_oriental_clinic_03,20ad171b-58ef-440b-bd2e-15ac23775ce1,20,0.16955401869978143,char_tfidf_v1
q_oriental_clinic_03,e0b9445b-c10a-484b-b3ac-520726f6b8b1,21,0.16917418853490554,char_tfidf_v1
q_oriental_clinic_03,fba3b5b3-d093-43d1-b8c5-5ba2c65373e6,22,0.16579404560571936,char_tfidf_v1
q_oriental_clinic_03,e3ef22f1-dd4f-45fb-94b3-e799925f9f27,23,0.16235948736725983,char_tfidf_v1
q_oriental_clinic_03,fc5bb92f-62db-4ded-afbd-21c5b3d8f072,24,0.16040797112112742,char_tfidf_v1
q_oriental_clinic_03,255bb940-e769-445c-90a7-84f490f7a432,25,0.16027265478708824,char_tfidf_v1
q_oriental_clinic_03,c0cc81b4-89ec-4a70-b6f7-089de1fd92a8,26,0.16010150231956224,char_tfidf_v1
q_oriental_clinic_03,bce53aa0-100a-434c-b9b1-5ec13b9eda23,27,0.1594686622750458,char_tfidf_v1
q_oriental_clinic_03,ba493149-68f2-4e9a-ae86-73ab73278ffe,28,0.15626385062520284,char_tfidf_v1
q_oriental_clinic_03,6cc2aecf-ffb7-4413-8eae-225bb6fe6da4,29,0.15577188446457343,char_tfidf_v1
q_oriental_clinic_03,9ef96bab-5f5f-4f83-a600-e7d336653705,30,0.15133879185870783,char_tfidf_v1
q_oriental_clinic_03,8cae8e4a-4881-49ac-8b26-8c116d027a19,31,0.15003727923024135,char_tfidf_v1
q_oriental_clinic_03,222693c0-8cd6-4b83-b9d7-e33585fc4144,32,0.15000572399575476,char_tfidf_v1
q_oriental_clinic_03,bd708a8b-f30b-4754-98b1-7ca5112dd92a,33,0.14693892328278257,char_tfidf_v1
q_oriental_clinic_03,fab50a52-4bd5-4df2-a12c-e4f195c70e95,34,0.14178766371333779,char_tfidf_v1
q_oriental_clinic_03,65718c15-5553-49db-ad26-407ed78d49b3,35,0.14059778851494534,char_tfidf_v1
q_oriental_clinic_03,239c0fcf-ec40-4a20-a790-57ef66a057da,36,0.1402723306975404,char_tfidf_v1
q_oriental_clinic_03,9baa9cb2-72af-421b-b453-e0881d824db0,37,0.1393499434740857,char_tfidf_v1
q_oriental_clinic_03,952ec564-dd10-4c0a-8ece-d0de795d52b1,38,0.13866738558720113,char_tfidf_v1
q_oriental_clinic_03,46ae3cda-00b2-47bd-b870-3e637d918431,39,0.13745451263401742,char_tfidf_v1
q_oriental_clinic_03,8fe4b10f-09af-458b-93fc-3ca7a0aa4e04,40,0.1365473055233836,char_tfidf_v1
q_oriental_clinic_04,b2d9d8d6-5146-40f4-bfd2-3fcb4b5ee49b,1,0.5576010140648875,char_tfidf_v1
q_oriental_clinic_04,0ab1eb9a-a600-4ac0-8ce5-615819efcf3f,2,0.41913956597163937,char_tfidf_v1
q_oriental_clinic_04,88dce2e5-32b2-4358-809e-1adb1ab75841,3,0.41811442205072386,char_tfidf_v1
q_oriental_clinic_04,8753dd1a-9ed0-466a-bf15-ca920d69cbb8,4,0.4101536916882475,char_tfidf_v1
q_oriental_clinic_04,e65625d1-031b-481e-9891-4aec84a9b008,5,0.406098586759873,char_tfidf_v1
q_oriental_clinic_04,d121e15f-dff6-4157-99f0-e3a20442838b,6,0.39979590090613926,char_tfidf_v1
q_oriental_clinic_04,a1d4e7ec-266d-437e-b903-1fa3f28eb53c,7,0.37190406094628553,char_tfidf_v1
q_oriental_clinic_04,471522f2-c140-4a98-867d-5abda2f03f58,8,0.36335645677874995,char_tfidf_v1
q_oriental_clinic_04,6055ea95-cd1c-450c-9e83-ec86ab1ee470,9,0.34927754742566114,char_tfidf_v1
q_oriental_clinic_04,223d420a-c2e9-4c8a-89ef-54fddff796b9,10,0.3486177002243681,char_tfidf_v1
q_oriental_clinic_04,2f761257-4534-4951-bb19-dcd29c5106b8,11,0.33503599939988576,char_tfidf_v1
q_oriental_clinic_04,ada98dbd-1a5d-45a9-8c73-9420750a9a1a,12,0.3327268835367929,char_tfidf_v1
q_oriental_clinic_04,3c796233-4258-45ca-a9e9-bd021cee9d0b,13,0.3283452653956983,char_tfidf_v1
q_oriental_clinic_04,a8d45a85-80ff-4f32-8e65-137bceeaa7c2,14,0.3243209846473811,char_tfidf_v1
q_oriental_clinic_04,7d73a86e-9a32-4c9e-993a-6d0ef2e41f10,15,0.3146431235357112,char_tfidf_v1
q_oriental_clinic_04,b8449cfe-9baf-4659-90be-536243fc5b42,16,0.3139628606712518,char_tfidf_v1
q_oriental_clinic_04,12e5834a-49d4-4d6a-811d-5a4ba5bd236e,17,0.2992460549072534,char_tfidf_v1
q_oriental_clinic_04,7bb72411-9f36-4541-ace9-c71a90c243cf,18,0.298021983893408,char_tfidf_v1
q_oriental_clinic_04,6500333d-e8ee-4930-b687-3e6cc7b501e0,19,0.2943543690505326,char_tfidf_v1
q_oriental_clinic_04,d02b1495-52ce-40fa-a9ad-a4673b74e9e8,20,0.2943451458449153,char_tfidf_v1
q_oriental_clinic_04,767793a1-91d7-4eb5-a4ea-51be1ed75046,21,0.2925754702628101,char_tfidf_v1
q_oriental_clinic_04,be70519b-ca84-4e3e-b484-d6519e6d3e1d,22,0.2864664380793077,char_tfidf_v1
q_oriental_clinic_04,ac4d9e62-9d13-45fd-be91-5a12a3224a1c,23,0.2859486421242289,char_tfidf_v1
q_oriental_clinic_04,25e13912-6a81-41d7-900a-12b4077e03b2,24,0.2857249402622747,char_tfidf_v1
q_oriental_clinic_04,4e16a292-9300-4296-9238-af469eebcdcf,25,0.28178524352593914,char_tfidf_v1
q_oriental_clinic_04,8b344b54-0e93-4b73-9aa2-4449571e7f33,26,0.28100396286748114,char_tfidf_v1
q_oriental_clinic_04,c590d9d6-835b-42b4-8590-b4173f41bbae,27,0.2805940263424359,char_tfidf_v1
q_oriental_clinic_04,c5d3d4ef-83af-4a0b-b85e-10863e57898a,28,0.27521738503165427,char_tfidf_v1
q_oriental_clinic_04,d623def9-239c-4fa7-b07b-defedaf83e7b,29,0.2717586486159118,char_tfidf_v1
q_oriental_clinic_04,24c28641-bf79-4e56-91ff-3cb958818ff0,30,0.27056887151071407,char_tfidf_v1
q_oriental_clinic_04,11cd1c46-68d6-44f2-823a-c34949e9df6e,31,0.2683972236030413,char_tfidf_v1
q_oriental_clinic_04,94cf51e5-ddbf-4899-b9c0-5f878d09bc88,32,0.26486791649948027,char_tfidf_v1
q_oriental_clinic_04,a2dd6f9e-3823-474f-b765-10b67924a877,33,0.261109768366256,char_tfidf_v1
q_oriental_clinic_04,305ef75f-a949-4205-811d-59e8a2e3818a,34,0.25793039109844695,char_tfidf_v1
q_oriental_clinic_04,7deb8900-f58d-480d-864e-4a6353dd535e,35,0.25367527290020186,char_tfidf_v1
q_oriental_clinic_04,33a37059-0553-4b05-8841-566dee88e39f,36,0.2519935502474797,char_tfidf_v1
q_oriental_clinic_04,c683ad41-07d3-45f7-ac34-b3f1c3cdbf5b,37,0.2493501866523198,char_tfidf_v1
q_oriental_clinic_04,857c1d41-faec-4719-99f8-a304c3bd1aa5,38,0.2453256019445255,char_tfidf_v1
q_oriental_clinic_04,7ed95ea9-6c62-417b-b18d-0e0d06cd638f,39,0.2433066696661088,char_tfidf_v1
q_oriental_clinic_04,6b8f2fbb-e8cd-456e-bb64-df80d823ebf1,40,0.23793224641151575,char_tfidf_v1
q_jewelry_01,5b626bfd-6a75-4dd1-adeb-ba95302874ce,1,0.9535844376305309,char_tfidf_v1
q_jewelry_01,c629ece4-02c6-4829-ac0b-da16e1d748b9,2,0.9470709300402635,char_tfidf_v1
q_jewelry_01,595e9f12-9ff0-4c5d-8b49-e0fbb70a816b,3,0.9421754195108233,char_tfidf_v1
q_jewelry_01,ea7c690a-1aab-44de-b7b3-b4319e7717a4,4,0.9405341703932832,char_tfidf_v1
q_jewelry_01,03398f1a-7a3f-446a-83bd-af19448c925b,5,0.9182792933336366,char_tfidf_v1
q_jewelry_01,9d846251-645f-4e8f-8afe-25d27df2115f,6,0.8982297627610011,char_tfidf_v1
q_jewelry_01,4c3c3921-e358-41a7-8ee0-4e43be556b49,7,0.8957089854326143,char_tfidf_v1
q_jewelry_01,409fe8c3-1560-4d16-bc24-f5781bb345be,8,0.8916087429301459,char_tfidf_v1
q_jewelry_01,371f6fab-9e7e-4cf0-aa20-285c5fdb9440,9,0.8892397753817158,char_tfidf_v1
q_jewelry_01,a2c182ca-cdcf-453c-a32d-802993ee3091,10,0.8881304520640483,char_tfidf_v1
q_jewelry_01,79786f48-9ec9-4d49-9550-2f0c204ab682,11,0.8850918013850737,char_tfidf_v1
q_jewelry_01,a2421117-3144-4c43-b2f4-e7aaba603ad3,12,0.8804803913428109,char_tfidf_v1
q_jewelry_01,bd3a58fd-59e3-43e0-a327-61bfcf64b85f,13,0.8784968695314935,char_tfidf_v1
q_jewelry_01,f92d8805-6fde-43fb-a43c-7ca90a917a70,14,0.876231974967751,char_tfidf_v1
q_jewelry_01,30bf7d12-c06d-48a4-bcaf-f307725b7ea0,15,0.87497642563827,char_tfidf_v1
q_jewelry_01,a2b91ba6-d538-43b5-bdc0-7b3f7df0ede9,16,0.8680953903511257,char_tfidf_v1
q_jewelry_01,5f90571a-1c68-418a-93af-00cb901c5569,17,0.867846467506334,char_tfidf_v1
q_jewelry_01,73ec7fde-e568-490b-b6ff-91787aa3f7cb,18,0.8676716113934888,char_tfidf_v1
q_jewelry_01,e1cd936d-6182-424e-b6cb-86813e47f687,19,0.8647349320512521,char_tfidf_v1
q_jewelry_01,022f2fd5-a34e-4313-aad7-e333c361e000,20,0.8610525293251727,char_tfidf_v1
q_jewelry_01,7f1827f2-b254-429a-9111-501b6622abc7,21,0.8610525293251727,char_tfidf_v1
q_jewelry_01,9cf3c9b7-fd4d-4c0f-93b4-1d78820077e5,22,0.8564011050033852,char_tfidf_v1
q_jewelry_01,f9cb26c5-8d3b-44e8-9485-391635810401,23,0.8536545898291465,char_tfidf_v1
q_jewelry_01,85f6cef5-8a49-447e-bb24-6143d7b60764,24,0.8530673450460075,char_tfidf_v1
q_jewelry_01,e63e5b86-a4d6-4094-9877-46941caa0acd,25,0.8509610693540487,char_tfidf_v1
q_jewelry_01,57ed8e5f-3d34-4037-8b0a-1d34333f739b,26,0.8504344706709639,char_tfidf_v1
q_jewelry_01,12110612-1632-4790-b2c8-6aa09a2c18ea,27,0.8466170327738047,char_tfidf_v1
q_jewelry_01,eff4e43f-e0b7-4205-a1c3-004c8748edbb,28,0.8411564789234839,char_tfidf_v1
q_jewelry_01,a8697e9b-8a44-432d-9000-48d99ccc1c83,29,0.8358255261764297,char_tfidf_v1
q_jewelry_01,aac6b3a7-acb7-4ea4-a532-97b4b4fcf8a8,30,0.830641941680416,char_tfidf_v1
q_jewelry_01,b6aa00ab-ee3d-4642-b765-45a2e1634ae2,31,0.8295787756815458,char_tfidf_v1
q_jewelry_01,07f8b8f4-9040-49c7-8e2b-25cbd6db3f96,32,0.8289838347272649,char_tfidf_v1
q_jewelry_01,e818302b-511c-48de-9174-d74315411a2c,33,0.8281119667616488,char_tfidf_v1
q_jewelry_01,c01ef315-5273-480e-a31e-ec2f7509e0cb,34,0.827781111250038,char_tfidf_v1
q_jewelry_01,607695d5-67e1-4751-b220-d93cd73d3f21,35,0.8244414966596559,char_tfidf_v1
q_jewelry_01,fb28f966-8006-43a5-9c4d-e623b409c83e,36,0.8224752588640856,char_tfidf_v1
q_jewelry_01,370fe534-4763-4278-80e8-09bb0ba40c97,37,0.8208747225738187,char_tfidf_v1
q_jewelry_01,53c4c6cc-37b3-4ad8-87d7-a7c97ea1358c,38,0.8206305964937394,char_tfidf_v1
q_jewelry_01,78fd0c56-8e37-4235-9286-55a4db6f65f8,39,0.8201008982957092,char_tfidf_v1
q_jewelry_01,4f2eeb24-3135-457a-ad76-b0a9bda5e930,40,0.8170190481888134,char_tfidf_v1
q_jewelry_02,984688cd-cd46-4095-8d30-47ee49c3efec,1,0.8612443841536377,char_tfidf_v1
q_jewelry_02,3e83d8ee-19b6-4f78-bef8-4ccd8a6acda2,2,0.8392344301099897,char_tfidf_v1
q_jewelry_02,49a3fe9c-bbf7-42a9-a741-99166f39ce92,3,0.8258412804238444,char_tfidf_v1
q_jewelry_02,5594e06e-c7f2-490c-afb2-c8eef2b067cd,4,0.8152455057718283,char_tfidf_v1
q_jewelry_02,9725f4ff-7770-48db-a543-e43066795cce,5,0.7225311855085577,char_tfidf_v1
q_jewelry_02,cf93d301-e03e-4693-8afb-9b2426c4b9d2,6,0.7155123973469033,char_tfidf_v1
q_jewelry_02,bb840349-5f48-48a5-8700-46fea0ec2d78,7,0.6663161328351206,char_tfidf_v1
q_jewelry_02,5f76c41d-31d2-4395-90f7-2e0a47c01605,8,0.5240467965770612,char_tfidf_v1
q_jewelry_02,9a8c7ceb-63bd-4e18-9791-30014f0b3810,9,0.522558522619081,char_tfidf_v1
q_jewelry_02,166c9193-005d-4dc3-8637-ed2bfd71be6f,10,0.513770681740727,char_tfidf_v1
q_jewelry_02,38734df9-1aea-49b2-9050-25ba327f052d,11,0.3817811223832253,char_tfidf_v1
q_jewelry_02,39abeec8-61c1-4897-9688-df98e8933e55,12,0.29406354903372456,char_tfidf_v1
q_jewelry_02,4af6128c-51b1-4ea8-ae60-2b958126a172,13,0.28666718913787714,char_tfidf_v1
q_jewelry_02,90ca722d-c33f-47cb-8076-38f918299e43,14,0.2717400424605658,char_tfidf_v1
q_jewelry_02,61b9773f-879c-443c-a657-2950180e97eb,15,0.24072577954005125,char_tfidf_v1
q_jewelry_02,c1ba90d4-227f-4fc8-8ad3-286f126415fb,16,0.23957518748287032,char_tfidf_v1
q_jewelry_02,3ae659f2-92d1-48d2-952e-197bbd368849,17,0.2340806514463582,char_tfidf_v1
q_jewelry_02,237b8724-d54e-4896-b7b2-eb4adcbf69fe,18,0.2324987429092017,char_tfidf_v1
q_jewelry_02,2def96be-e339-4079-824e-4349a9f9732c,19,0.22784575987765493,char_tfidf_v1
q_jewelry_02,a974a887-c02b-4e9c-9635-e4e597a333fa,20,0.2190243550024691,char_tfidf_v1
q_jewelry_02,39bba1c2-ce84-40ba-b69f-27a2666623a7,21,0.217222994563248,char_tfidf_v1
q_jewelry_02,b1058651-25e6-4b09-a2e9-6d5f86308f57,22,0.215525594120871,char_tfidf_v1
q_jewelry_02,57199fb7-d9dd-430f-93ec-126b45f97b89,23,0.21454070204452158,char_tfidf_v1
q_jewelry_02,a0a976ce-bfe9-4704-93fa-35315d9e0770,24,0.19909777436414508,char_tfidf_v1
q_jewelry_02,a4336643-0090-48ab-9fb5-910a48547a4c,25,0.19840382272909296,char_tfidf_v1
q_jewelry_02,0fa79d26-39b6-41ab-bc90-d357ee01afe3,26,0.18893827512601702,char_tfidf_v1
q_jewelry_02,a84325be-be8c-465e-93fb-6ae0068b5551,27,0.18521939502242182,char_tfidf_v1
q_jewelry_02,557f8063-2498-4bf1-8ab8-b33089435ec4,28,0.17515983702122745,char_tfidf_v1
q_jewelry_02,3b51455a-1cb0-4be0-a0d0-a7d69a956e3a,29,0.17170726414310436,char_tfidf_v1
q_jewelry_02,50f18a26-e088-4e62-9ee4-40a2662673bc,30,0.17056011866221052,char_tfidf_v1
q_jewelry_02,059dc9f6-0880-4cf2-a377-863a1a65aca6,31,0.1705169055958064,char_tfidf_v1
q_jewelry_02,70e25fe7-1e3b-4ca0-9655-383670451a36,32,0.17049483434748733,char_tfidf_v1
q_jewelry_02,18e24926-e1c8-4931-877d-079643547bf4,33,0.17001276153818928,char_tfidf_v1
q_jewelry_02,862680ab-103e-4357-a1f0-d727d4f38db2,34,0.1687838796341049,char_tfidf_v1
q_jewelry_02,95ab9499-684e-4d5b-827a-bb1bee187544,35,0.16759055788372568,char_tfidf_v1
q_jewelry_02,273e71d0-3dda-4f64-91e2-846fe5ed18b8,36,0.16592925919043908,char_tfidf_v1
q_jewelry_02,18df1b65-5a2b-477b-9ba3-e4d5a5d8d6ff,37,0.1639042705024969,char_tfidf_v1
q_jewelry_02,e74df0f4-f566-49f0-8f03-da271475f232,38,0.16172856116952913,char_tfidf_v1
q_jewelry_02,b5e0fd5f-6c4b-42eb-8c1f-5b81951d2cca,39,0.16040591754330336,char_tfidf_v1
q_jewelry_02,db2144ab-0133-4497-bfae-07618e32821d,40,0.15716835497883672,char_tfidf_v1
q_jewelry_03,fb1abfce-7993-4105-9194-ff00c184df05,1,0.46540593984972956,char_tfidf_v1
q_jewelry_03,fc1d3535-a0d5-487f-8e55-1280673d7615,2,0.4552559402711607,char_tfidf_v1
q_jewelry_03,db263250-3318-4ca7-b22e-98ddf160bc69,3,0.4107376409248012,char_tfidf_v1
q_jewelry_03,e287e27f-9101-41ec-b452-55f52ff8fa39,4,0.36490123566788846,char_tfidf_v1
q_jewelry_03,76a3551b-dae4-4326-92cc-662015aedbfb,5,0.3645134713272708,char_tfidf_v1
q_jewelry_03,db501aba-a212-40a0-b824-1fa363a3e7af,6,0.31747380196144215,char_tfidf_v1
q_jewelry_03,2743811c-5e71-4d2b-aa75-1b0147d44f2d,7,0.2993387666654788,char_tfidf_v1
q_jewelry_03,c111ac9d-3f3a-405c-a8db-4d127ccda9e2,8,0.2974492646786047,char_tfidf_v1
q_jewelry_03,a54a3ab8-d1b5-4844-80b7-ac70fad66dc0,9,0.28092631504996374,char_tfidf_v1
q_jewelry_03,53de7214-cdf0-4e52-8884-96a2b324ae69,10,0.2669995565544625,char_tfidf_v1
q_jewelry_03,24456103-f6b8-46af-8655-82e61d7265d8,11,0.25830235853276584,char_tfidf_v1
q_jewelry_03,5723d922-e55c-46bc-a5b9-846ba2afdf5d,12,0.2175084484505116,char_tfidf_v1
q_jewelry_03,04953f2e-6237-48ad-bae3-331572b31a5d,13,0.20242319620171878,char_tfidf_v1
q_jewelry_03,f75764d4-4ad8-44c8-ad99-7ccf3eea78de,14,0.19741565968469024,char_tfidf_v1
q_jewelry_03,0c0f2fd4-dd64-4b86-a11c-ed97ef89b2d1,15,0.19212381070615073,char_tfidf_v1
q_jewelry_03,e40315b7-ff13-4378-96d3-764034562fb9,16,0.19125473654304753,char_tfidf_v1
q_jewelry_03,ac373383-b8ae-4d55-96fc-93362464806b,17,0.18753960595293898,char_tfidf_v1
q_jewelry_03,c161453d-f2c8-4b97-a2c3-a54e0cbdb7e8,18,0.1835648817534881,char_tfidf_v1
q_jewelry_03,6702c44f-743f-4a82-a486-762c643027a2,19,0.18242545703161656,char_tfidf_v1
q_jewelry_03,0cf82b2a-71a4-4657-b871-9a52288c43c1,20,0.17576899985348937,char_tfidf_v1
q_jewelry_03,f8a09916-a3e3-4d99-8adc-d1c497d3f60b,21,0.17553226990155635,char_tfidf_v1
q_jewelry_03,38e12124-12be-4664-a127-0fa1d2d69561,22,0.17383306661280845,char_tfidf_v1
q_jewelry_03,4d94b5a5-cab3-4fde-8e3a-f9f587c0cdc3,23,0.17383306661280845,char_tfidf_v1
q_jewelry_03,76d1abf1-3feb-4576-a880-f69fe18f5f91,24,0.17383306661280845,char_tfidf_v1
q_jewelry_03,be9f8c61-892c-48ed-a49d-b63bd032c025,25,0.17190575602110933,char_tfidf_v1
q_jewelry_03,5f59c153-0ca4-4ba4-9f1c-e59663f9e5e2,26,0.1715728295384533,char_tfidf_v1
q_jewelry_03,4304ee55-bc0b-4f66-933a-fd3e086a5c11,27,0.170376834675117,char_tfidf_v1
q_jewelry_03,1d5631fa-ec06-4f91-be13-602ed27d1b7b,28,0.16732991488257853,char_tfidf_v1
q_jewelry_03,09e3a824-23c2-4ac1-9710-9e5e2fc11a73,29,0.16521842819757934,char_tfidf_v1
q_jewelry_03,ad2284ff-8791-453b-b8a9-67654ff94220,30,0.16448592048888283,char_tfidf_v1
q_jewelry_03,4f860117-3701-4de7-bb54-f753ce3044c8,31,0.16319538696104408,char_tfidf_v1
q_jewelry_03,11bf25d9-8703-4be2-a1e8-5c3765ffea8a,32,0.1631563756385946,char_tfidf_v1
q_jewelry_03,2f8f2b6a-9ea3-4b43-8629-fd4f39d086aa,33,0.16069283714866003,char_tfidf_v1
q_jewelry_03,e1e1778d-a2f1-4a9c-861c-7cc508e6cbe5,34,0.16025501650174345,char_tfidf_v1
q_jewelry_03,842f6cf1-6411-4f4b-be23-746d79e31656,35,0.15746342609124933,char_tfidf_v1
q_jewelry_03,06261986-3eba-4244-b63f-397460d82f4a,36,0.15455555057738732,char_tfidf_v1
q_jewelry_03,dc5c0ce0-f6c9-4e30-b7ac-b536f2771a50,37,0.14939083449077664,char_tfidf_v1
q_jewelry_03,a7ec59a5-9ab1-4236-9c8e-e03ad8d7f92c,38,0.14822570915881259,char_tfidf_v1
q_jewelry_03,a84325be-be8c-465e-93fb-6ae0068b5551,39,0.14656365367311763,char_tfidf_v1
q_jewelry_03,025b097b-3ecb-4738-ab0f-d71bc283e74d,40,0.14492911547169224,char_tfidf_v1
q_jewelry_04,29dd535c-5a04-4924-8275-85c5a1737d88,1,0.695201843152453,char_tfidf_v1
q_jewelry_04,99853446-9549-40a8-a9a9-6c1585eb069a,2,0.6910982475153377,char_tfidf_v1
q_jewelry_04,73947765-3a97-4a07-9f63-cbc493ec678e,3,0.6832233807461519,char_tfidf_v1
q_jewelry_04,302f4279-8179-4419-8425-73c11e7e028d,4,0.6822553573062016,char_tfidf_v1
q_jewelry_04,31970843-0b7f-4ca7-901e-feae69a91c1e,5,0.6799295973849993,char_tfidf_v1
q_jewelry_04,d9ab5b09-09a9-41d1-b4d0-76845a1c43e0,6,0.6687199421108054,char_tfidf_v1
q_jewelry_04,f41de799-620d-4701-af86-b02d09d2469a,7,0.648167772700859,char_tfidf_v1
q_jewelry_04,f85fcc7d-4404-4f62-8a7b-8f05946b4c9f,8,0.6329948286683008,char_tfidf_v1
q_jewelry_04,644f43ea-8821-4a86-9694-2fa5da055d19,9,0.6283349632872499,char_tfidf_v1
q_jewelry_04,3cb4a2bf-e614-4572-9f50-63a8e61ad24f,10,0.6219301744332258,char_tfidf_v1
q_jewelry_04,9e42a89f-db82-4aee-81e9-2247d4e2cd47,11,0.6134845209188824,char_tfidf_v1
q_jewelry_04,df95dbf6-8904-44fa-b4a8-264d5a541a33,12,0.6024766314565739,char_tfidf_v1
q_jewelry_04,4243d89c-b92b-44f4-b1b7-b5166be0deff,13,0.5972499566405197,char_tfidf_v1
q_jewelry_04,c39095be-a8a6-4e00-9e88-a86045cbe3a7,14,0.5908795647146875,char_tfidf_v1
q_jewelry_04,710db2d9-9dbb-40f3-ac3a-9b624483b6b0,15,0.589414242369063,char_tfidf_v1
q_jewelry_04,aecfd023-8d79-4268-bf6a-8efe135a09ba,16,0.5765109715418753,char_tfidf_v1
q_jewelry_04,36ff21ca-0e11-4cb9-b41d-a11b2d0550b8,17,0.5750221018975893,char_tfidf_v1
q_jewelry_04,ab5f9272-a3d4-4784-b6de-a3aa8f12f3ce,18,0.5748083918756476,char_tfidf_v1
q_jewelry_04,8f0183a4-9b7e-4e79-bd2c-cdf56084c1fe,19,0.5723249261356003,char_tfidf_v1
q_jewelry_04,f3b93dbe-8392-4adc-bab2-5c1ab589365f,20,0.5666831773932501,char_tfidf_v1
q_jewelry_04,7e194087-5a1b-4a6f-b2cd-f0a892445a69,21,0.5653605516488633,char_tfidf_v1
q_jewelry_04,a73c81f3-a1cc-4a81-a8b0-0953db4a54e7,22,0.5598470575021558,char_tfidf_v1
q_jewelry_04,4c2da11f-4773-4358-9f0f-b6ccaf2b89c5,23,0.5595905246477695,char_tfidf_v1
q_jewelry_04,55fd2cdd-161a-4ba5-b68e-b73668db1f29,24,0.5578944128648785,char_tfidf_v1
q_jewelry_04,6b19069e-1d57-4555-8b95-047667525f89,25,0.5400226436236517,char_tfidf_v1
q_jewelry_04,0c03b5af-6bcc-4845-812a-7a7460599260,26,0.5329851914777599,char_tfidf_v1
q_jewelry_04,7b34a7a0-8abc-4472-a552-a380a349dec8,27,0.5218367925696883,char_tfidf_v1
q_jewelry_04,ab08e689-f974-4af6-b4b1-e130bd0b2794,28,0.5110605027852256,char_tfidf_v1
q_jewelry_04,90e5aed7-f1ec-4262-9c89-2a1af6fd7ffb,29,0.5073543042228936,char_tfidf_v1
q_jewelry_04,f22ca4b0-08e5-4fa3-868f-5a814e562c58,30,0.49862951821165713,char_tfidf_v1
q_jewelry_04,e81105a7-36d3-440e-9b78-f92c82fcf615,31,0.49732804248060436,char_tfidf_v1
q_jewelry_04,4032e577-cabb-401c-be9b-b141b8cb6990,32,0.49225466954757807,char_tfidf_v1
q_jewelry_04,82f8a9fb-ec75-4ac4-9763-5794b46a5ac9,33,0.4858827217976146,char_tfidf_v1
q_jewelry_04,f6226a71-1c88-43d0-b8b9-fd610412d6a3,34,0.4757103481776275,char_tfidf_v1
q_jewelry_04,df1d4d49-f255-43f3-bd6f-95f7ae0f8397,35,0.4751246783978431,char_tfidf_v1
q_jewelry_04,f38aea68-99b7-4759-90e3-ea3de2a19bf1,36,0.47026775500620566,char_tfidf_v1
q_jewelry_04,4234c3dc-659d-4f03-9b56-90ab29de6482,37,0.46803371799502325,char_tfidf_v1
q_jewelry_04,a754851e-0e1d-4357-acbb-b1dca71ecd3f,38,0.46803371799502325,char_tfidf_v1
q_jewelry_04,2256ae40-9020-4539-8b78-4bbe2116c342,39,0.46803371799502325,char_tfidf_v1
q_jewelry_04,edc97583-d1d8-4b89-9615-b811244fa81b,40,0.465219884757656,char_tfidf_v1
q_bedding_01,77743384-2bf3-40d8-9f45-91701407937d,1,0.8894020633349811,char_tfidf_v1
q_bedding_01,6ef525dc-5235-4301-b45f-97f258d80b0e,2,0.8543660856099875,char_tfidf_v1
q_bedding_01,6db8379d-89f0-4e0d-8e2e-17374653a160,3,0.839679411407015,char_tfidf_v1
q_bedding_01,7d118582-8ccc-47b1-8314-f79bfbed294b,4,0.8277617317825996,char_tfidf_v1
q_bedding_01,676ef9fb-0c07-4b3b-a9d0-1b63cb5571d6,5,0.8275022738635965,char_tfidf_v1
q_bedding_01,75061660-8895-4ddc-81a1-4ffb9af1159a,6,0.8166538157560089,char_tfidf_v1
q_bedding_01,5d2b77f4-47b8-4b01-9e73-62fc102fd7c1,7,0.8143942523814949,char_tfidf_v1
q_bedding_01,083fc3f4-8b60-4de0-92fa-71f579f4ff52,8,0.8143134160863936,char_tfidf_v1
q_bedding_01,ad15bd55-aac6-415d-96d5-7648d641116c,9,0.8131862693530733,char_tfidf_v1
q_bedding_01,3685205d-1641-4cef-96d1-52acb03fe527,10,0.8112752321308094,char_tfidf_v1
q_bedding_01,118b486d-6231-4803-b5de-83e5c6880af5,11,0.8085952830177783,char_tfidf_v1
q_bedding_01,b786f7f5-2039-4a1f-b9f1-7677dc8a5510,12,0.8073059848303643,char_tfidf_v1
q_bedding_01,7d354b0f-9786-405c-bb97-2afa4ad3295a,13,0.8045641944831932,char_tfidf_v1
q_bedding_01,bc02618e-dd05-4f14-9131-61a2ad243611,14,0.7978873995822792,char_tfidf_v1
q_bedding_01,64958a25-763f-4bd4-bdb7-d5ec75db9e24,15,0.7958199035997818,char_tfidf_v1
q_bedding_01,20e29365-80e2-4e59-978e-85742076a9c1,16,0.7942593317626068,char_tfidf_v1
q_bedding_01,309ae8d2-ac09-4327-af2c-1a7feb1daa9b,17,0.7912705168031995,char_tfidf_v1
q_bedding_01,410b465a-7263-4dff-8f0f-0102206fab7c,18,0.7864709214017785,char_tfidf_v1
q_bedding_01,ede851c2-a67e-4db0-88c3-809feaae7b8a,19,0.7832830626883066,char_tfidf_v1
q_bedding_01,5199b659-3eb8-4e20-974a-7d3cd73135d3,20,0.7807863087969718,char_tfidf_v1
q_bedding_01,d490e08b-e413-48b0-99ea-a472d9b3940a,21,0.7805995402153234,char_tfidf_v1
q_bedding_01,6b7df73a-6efa-4ec8-9a2b-529337f5ae7e,22,0.7772595536479499,char_tfidf_v1
q_bedding_01,cccc5cb1-79fe-4b25-a64d-19c4b00b20f0,23,0.7770878870891492,char_tfidf_v1
q_bedding_01,5ec6b15e-6edc-4bce-bc87-d6ef399b28eb,24,0.7757247225298339,char_tfidf_v1
q_bedding_01,77559c96-3504-468b-b336-12b1dae328fa,25,0.7744860934107127,char_tfidf_v1
q_bedding_01,5bec73d3-3d85-4542-b7bd-c6a415ace4bb,26,0.7725127922677713,char_tfidf_v1
q_bedding_01,30be8100-41b7-46b7-818e-4aa463046a12,27,0.7690474384317616,char_tfidf_v1
q_bedding_01,8926cb4a-1556-43c2-922f-0b936e05febc,28,0.7614667836538114,char_tfidf_v1
q_bedding_01,e234d442-f7b4-4745-adf7-f4e3b6ad32f4,29,0.7603074349870382,char_tfidf_v1
q_bedding_01,29e4cf87-26ff-4546-b5af-caa0a9d45195,30,0.7554957936829644,char_tfidf_v1
q_bedding_01,3a7f3cb3-6e3a-4ae1-8535-53fcc8067ac4,31,0.7504275308964412,char_tfidf_v1
q_bedding_01,262db1be-2719-4b20-bdb2-76a7072a0877,32,0.7495270360380478,char_tfidf_v1
q_bedding_01,d6b5d30b-4e74-4df2-8fff-23d9dbaf7a3c,33,0.7414154232134157,char_tfidf_v1
q_bedding_01,35c8225d-a6b8-4660-a86c-30cc51dedfbc,34,0.7405190206304073,char_tfidf_v1
q_bedding_01,ca1a9a97-d6c4-4b38-9dfe-319b265faed1,35,0.7403850049183847,char_tfidf_v1
q_bedding_01,16c55f0f-a9cc-4335-a6ae-86d9c661cf3f,36,0.73869977978881,char_tfidf_v1
q_bedding_01,344d2182-3e23-4a5e-aaa2-945b8ddd7bca,37,0.7376260688831777,char_tfidf_v1
q_bedding_01,5449e8de-10ec-480a-8c5a-aeca1f154e3f,38,0.7373416835517947,char_tfidf_v1
q_bedding_01,93b3e994-e2c1-47f9-8c04-b7a9d4a2d883,39,0.7372436946692806,char_tfidf_v1
q_bedding_01,168df2c5-2525-43b4-9d3d-16db71175a13,40,0.7366440308371869,char_tfidf_v1
q_bedding_02,d238e069-7283-40e8-9fd5-9950c4068c7a,1,0.6548476082589418,char_tfidf_v1
q_bedding_02,75cb857c-894b-48f0-a460-add42ef3f618,2,0.398533882057152,char_tfidf_v1
q_bedding_02,94962552-a258-4a87-b9db-3686ebedc036,3,0.39453573788285434,char_tfidf_v1
q_bedding_02,6e2bb88e-67bd-4c96-8cab-e2e0a520339b,4,0.39453573788285434,char_tfidf_v1
q_bedding_02,5dc92951-6107-4307-b077-91066beae305,5,0.3813387695866415,char_tfidf_v1
q_bedding_02,5f856f68-330e-468a-905b-6973e464efb7,6,0.3756959449040598,char_tfidf_v1
q_bedding_02,b0d12be1-8fe8-471e-8108-9c3850098564,7,0.3706825424426134,char_tfidf_v1
q_bedding_02,c15b7d24-b90f-4edb-a4d7-38d243dad39e,8,0.3678879466352861,char_tfidf_v1
q_bedding_02,310c9424-eac7-476a-9a67-c7c75fd071a1,9,0.3585268112537836,char_tfidf_v1
q_bedding_02,7b8995cf-37fc-4f4f-aff3-156ffe3441c7,10,0.33835292291890356,char_tfidf_v1
q_bedding_02,ab649915-7ba4-4fcc-9588-daf4702a4eba,11,0.3359304460093888,char_tfidf_v1
q_bedding_02,cbaa5934-030b-4251-ab20-e97a375bab5a,12,0.33051425742051654,char_tfidf_v1
q_bedding_02,ffa782dc-e0ff-4365-8fd0-3e3c6440106d,13,0.3255426468067895,char_tfidf_v1
q_bedding_02,53776ad6-4a97-4445-b7f6-e236725c5048,14,0.3255196456509164,char_tfidf_v1
q_bedding_02,9ea481ab-2428-47f9-ac8e-b5f9fe09c154,15,0.32503152855331846,char_tfidf_v1
q_bedding_02,d59b2475-464c-47de-be2b-ad98fa07ad83,16,0.32141927893231,char_tfidf_v1
q_bedding_02,253e10cf-4a33-4db2-8e33-9f947afa0c56,17,0.3169506855112493,char_tfidf_v1
q_bedding_02,b1eece7f-4a30-4985-8a59-f7b98885ac99,18,0.3110750604594234,char_tfidf_v1
q_bedding_02,352f1f51-a7ee-4677-9904-29e24ae15b42,19,0.31068603084865376,char_tfidf_v1
q_bedding_02,5c55b609-2e0f-4319-b960-25580e714d4c,20,0.30999843905168756,char_tfidf_v1
q_bedding_02,b80cb310-b3a1-4388-b3e6-7a07565759ff,21,0.30958133021594825,char_tfidf_v1
q_bedding_02,5ba86170-2a4c-41be-a5d9-b118dd0e6b62,22,0.30944677029614054,char_tfidf_v1
q_bedding_02,6bcb6f87-0565-4425-9ca7-306adeede94f,23,0.3080750290545683,char_tfidf_v1
q_bedding_02,aa05555d-38e3-46c9-add2-b6f68fcf2214,24,0.30660171235760075,char_tfidf_v1
q_bedding_02,e9450f12-25da-4928-90e1-73f1fe0f9d65,25,0.306228841950119,char_tfidf_v1
q_bedding_02,fdb659ed-6903-4c1c-948c-198d6c4a9cb2,26,0.2943280454940637,char_tfidf_v1
q_bedding_02,151d1698-2503-4ffc-9e3b-bac014989306,27,0.2907264587916533,char_tfidf_v1
q_bedding_02,65163e4d-256a-42cf-8e21-9c561289e588,28,0.2904418555530712,char_tfidf_v1
q_bedding_02,b658c695-42d6-4166-9fd6-69b2acc3abe1,29,0.2894673804921355,char_tfidf_v1
q_bedding_02,4ed4c4e4-eba9-4f13-a775-40b1d4ecfb32,30,0.28741361423134826,char_tfidf_v1
q_bedding_02,7d1f635a-858b-4190-bfa8-12bc824fd3d2,31,0.2866139356556095,char_tfidf_v1
q_bedding_02,5964c7cd-bcf5-49dd-8cf5-c5967b0fa149,32,0.2861686778805291,char_tfidf_v1
q_bedding_02,b6930828-0bf6-4236-9e08-7fabf1748282,33,0.28599720399792816,char_tfidf_v1
q_bedding_02,94c4bf2a-85e8-4856-a125-6d8d04a63c13,34,0.28437750254807365,char_tfidf_v1
q_bedding_02,82bfa994-c84b-453c-8abf-8e499bcd1296,35,0.28429954167792815,char_tfidf_v1
q_bedding_02,08924258-ea57-439b-890c-7549332f776b,36,0.2841501025048749,char_tfidf_v1
q_bedding_02,cacafa3e-a69d-42db-8acd-6713cea63db0,37,0.2840292266524777,char_tfidf_v1
q_bedding_02,34780809-6672-4380-9290-0663fa132a8f,38,0.2831282223224442,char_tfidf_v1
q_bedding_02,f12eab0f-9520-4105-9084-8a7ca2e7816a,39,0.28252962630186446,char_tfidf_v1
q_bedding_02,70811b6e-7893-40f2-8a72-76e1fc41ebe2,40,0.28065741719565374,char_tfidf_v1
q_bedding_03,310c9424-eac7-476a-9a67-c7c75fd071a1,1,0.5251568023134193,char_tfidf_v1
q_bedding_03,76a3551b-dae4-4326-92cc-662015aedbfb,2,0.5080629773241773,char_tfidf_v1
q_bedding_03,cbaa5934-030b-4251-ab20-e97a375bab5a,3,0.48412505033853603,char_tfidf_v1
q_bedding_03,b658c695-42d6-4166-9fd6-69b2acc3abe1,4,0.4587216022298165,char_tfidf_v1
q_bedding_03,75cb857c-894b-48f0-a460-add42ef3f618,5,0.45175322232299375,char_tfidf_v1
q_bedding_03,82bfa994-c84b-453c-8abf-8e499bcd1296,6,0.4505320808513169,char_tfidf_v1
q_bedding_03,70811b6e-7893-40f2-8a72-76e1fc41ebe2,7,0.4447603729124503,char_tfidf_v1
q_bedding_03,1c8cb171-a0f1-4b64-aea8-94c9bdb8feb3,8,0.4395350771744673,char_tfidf_v1
q_bedding_03,0eb187dc-1e99-4170-a6ed-e9dff3d21b6c,9,0.43591102827400485,char_tfidf_v1
q_bedding_03,414ae9d9-178e-4e71-bc5a-20d46c8e8abc,10,0.43591102827400485,char_tfidf_v1
q_bedding_03,5dc92951-6107-4307-b077-91066beae305,11,0.4322619122575538,char_tfidf_v1
q_bedding_03,5f856f68-330e-468a-905b-6973e464efb7,12,0.4258655571466614,char_tfidf_v1
q_bedding_03,7d8f2d67-f8dc-4e33-ba21-ab1537060ee8,13,0.4234070374867977,char_tfidf_v1
q_bedding_03,fd1f2de0-f47e-4df2-8e23-8a97ba99e17d,14,0.42221557950056654,char_tfidf_v1
q_bedding_03,ec8ce93a-8b7f-46d4-bb89-2a0ebe1a5a5a,15,0.42221557950056654,char_tfidf_v1
q_bedding_03,9af5feb3-3a79-4bb7-8d7b-04f8755bb236,16,0.42201542381170426,char_tfidf_v1
q_bedding_03,fa8608ae-7155-4e49-a3e4-6d7cfb04c48f,17,0.41973293949253887,char_tfidf_v1
q_bedding_03,ae553b19-db0f-4366-bd17-950926b3bb51,18,0.41939483552726503,char_tfidf_v1
q_bedding_03,b61fa63c-5271-4295-91f5-78ba546dda90,19,0.4182608487940542,char_tfidf_v1
q_bedding_03,0829fe47-f308-40f0-a247-23107e05e184,20,0.41541658118782865,char_tfidf_v1
q_bedding_03,26130dc8-f89b-478d-9c25-35fa1ffd444f,21,0.4132611177358217,char_tfidf_v1
q_bedding_03,fcf2d023-c5a8-488b-b727-097fbd6f605c,22,0.40970010481723806,char_tfidf_v1
q_bedding_03,36605745-783b-45bf-80cf-aa23e5ef2d1f,23,0.40918145648143567,char_tfidf_v1
q_bedding_03,02149791-6e33-4077-a92d-4f7756bbaa40,24,0.4090533801007672,char_tfidf_v1
q_bedding_03,505754f0-ac77-49e9-9a9c-4b3ffac8bbe5,25,0.40845159833662953,char_tfidf_v1
q_bedding_03,a21dafbc-1d1c-4a1f-b5e4-ac57b3a5623b,26,0.4070615395393372,char_tfidf_v1
q_bedding_03,871456dc-7da2-4db3-8ad4-cf75c984b2ad,27,0.4038096988194665,char_tfidf_v1
q_bedding_03,dfc5c005-040b-495b-9966-505a560f2474,28,0.403548401320611,char_tfidf_v1
q_bedding_03,d5896cb3-59f2-4a0f-90cf-dffc4836d261,29,0.4027091246930018,char_tfidf_v1
q_bedding_03,0c070458-933d-4b37-93e8-3933daa97cc2,30,0.40225707396041943,char_tfidf_v1
q_bedding_03,6fa9647d-cef1-4bed-b758-2cd57995d9fb,31,0.4017892808472553,char_tfidf_v1
q_bedding_03,173c4f05-ba1c-4cc8-9bce-c32997c05bce,32,0.4017732195153849,char_tfidf_v1
q_bedding_03,cf116c04-37ec-475b-a55c-c565b2025e5f,33,0.40146793296134586,char_tfidf_v1
q_bedding_03,5c040c58-27f4-480c-9dce-9b4d9822455a,34,0.40091193049952056,char_tfidf_v1
q_bedding_03,f8050b0a-0f61-4d0b-aa77-415d8da4200c,35,0.4003986111354837,char_tfidf_v1
q_bedding_03,40555502-0ca4-4f0a-89cc-2a68be4ac658,36,0.3981845369886588,char_tfidf_v1
q_bedding_03,7470b831-3dd2-4b0e-9de5-53da2296c5a6,37,0.3938702332524654,char_tfidf_v1
q_bedding_03,eebe2a61-8abd-4556-8d35-f58a5ff997dd,38,0.3935201417629511,char_tfidf_v1
q_bedding_03,2743811c-5e71-4d2b-aa75-1b0147d44f2d,39,0.3934605006717996,char_tfidf_v1
q_bedding_03,ff192627-a959-45d8-800e-1592b6c39803,40,0.3931337080849872,char_tfidf_v1
q_bedding_04,61057e75-4b2e-460d-8dcd-edc88e1a48c6,1,0.574956906009139,char_tfidf_v1
q_bedding_04,6e524b62-7a38-4ee8-8c16-3d6e19d6c0a1,2,0.562503149948522,char_tfidf_v1
q_bedding_04,1ce7fce6-b899-41ec-85f4-cd65aa04226f,3,0.5401043726348179,char_tfidf_v1
q_bedding_04,19b2bf20-9d77-4fe7-a977-98fee8494e37,4,0.5366580563060314,char_tfidf_v1
q_bedding_04,c3cb5733-571e-44d0-b783-3c6625f1ca61,5,0.5355616568741863,char_tfidf_v1
q_bedding_04,67f5d98e-ef04-40f6-b715-a5a3312d1686,6,0.5355303204993277,char_tfidf_v1
q_bedding_04,b5182eaa-0eab-4a05-8b53-cff69e548a3d,7,0.5325429511844284,char_tfidf_v1
q_bedding_04,be9e14ff-432a-46a0-b756-cc9e85240f00,8,0.529832986071123,char_tfidf_v1
q_bedding_04,34eb58c4-7805-4adb-a68b-07bf9bdcad60,9,0.5225901241999928,char_tfidf_v1
q_bedding_04,4ce4642b-c58e-491a-be5e-2e2eff885047,10,0.5223365605057884,char_tfidf_v1
q_bedding_04,124d5d0a-4fe8-438e-a79f-e68d9a91cc03,11,0.5180155177954743,char_tfidf_v1
q_bedding_04,b574317c-4a13-4a6c-9927-7cd3fb6e22ee,12,0.5165416632687528,char_tfidf_v1
q_bedding_04,6c0eacee-745a-4ff0-8dfa-5c464854e301,13,0.5127696030601238,char_tfidf_v1
q_bedding_04,f5a1d060-2d2d-42c0-9527-3c97c34fae8a,14,0.511920100875892,char_tfidf_v1
q_bedding_04,9c344717-bc28-4456-b48a-dd4e5d869df4,15,0.5113356875863858,char_tfidf_v1
q_bedding_04,6b978c94-cdc0-4212-8524-571079962642,16,0.5111390354687506,char_tfidf_v1
q_bedding_04,3220ecbc-c954-43f8-864f-d8a8b8c65378,17,0.5078205369449985,char_tfidf_v1
q_bedding_04,9d4838d3-4e8f-4458-aa28-eaeea91189d4,18,0.5056025939244686,char_tfidf_v1
q_bedding_04,a13342f8-c8e1-4403-8ef2-35578bcc6781,19,0.5006506763210656,char_tfidf_v1
q_bedding_04,a6f687e3-6ebc-4a7a-9ff9-58c575088ad5,20,0.49141525751203624,char_tfidf_v1
q_bedding_04,bd70b396-33c7-4075-a035-a2879ce7545d,21,0.4900072122021011,char_tfidf_v1
q_bedding_04,1a95ac0b-f903-419e-9b4f-2aa2594ae8a0,22,0.48837003113560884,char_tfidf_v1
q_bedding_04,27ffa690-fb99-4739-a1ac-bacc9b04c530,23,0.484645445248171,char_tfidf_v1
q_bedding_04,3a29a3a7-18fd-4666-99b1-68f7caee7849,24,0.4830980037297836,char_tfidf_v1
q_bedding_04,0f822c7a-7ae1-4224-90af-bc8c5014c8be,25,0.4810006346065693,char_tfidf_v1
q_bedding_04,a8ff2edd-5dc6-4d8f-a633-b9e292e305fa,26,0.47841528380959475,char_tfidf_v1
q_bedding_04,6e0278b6-3f40-4293-bf54-6d1f47394982,27,0.4588456253338524,char_tfidf_v1
q_bedding_04,0a7829cd-024f-4ed3-9746-18a16cc96c4e,28,0.45636339498782935,char_tfidf_v1
q_bedding_04,d7ec3d7f-ef6d-4107-8798-c1cafe470dfa,29,0.45526702150799403,char_tfidf_v1
q_bedding_04,52475ece-386d-439a-a811-67d64a7bbdc1,30,0.45282541180173824,char_tfidf_v1
q_bedding_04,ae44497a-78e5-4beb-a8d7-1ec3cf284828,31,0.450647769633723,char_tfidf_v1
q_bedding_04,57aad33c-d6bf-4649-9410-afb56e3bb0e3,32,0.4499434641838489,char_tfidf_v1
q_bedding_04,355f9a17-48ff-42c0-b20a-e8a2165a422f,33,0.44768590348865267,char_tfidf_v1
q_bedding_04,b890b0bc-f593-4fae-a27f-e404488d3b7f,34,0.44739820579353134,char_tfidf_v1
q_bedding_04,6a3fee36-545a-4da8-a71d-fb2995040803,35,0.4472136819371124,char_tfidf_v1
q_bedding_04,6c66511a-7a4f-449a-9159-f134f165e432,36,0.4455755297167215,char_tfidf_v1
q_bedding_04,462894d4-10a0-4c8a-bb86-86f38691edda,37,0.44387602779956703,char_tfidf_v1
q_bedding_04,940fd7a3-caac-4ca5-bd04-9e4f3a731453,38,0.44176664241007885,char_tfidf_v1
q_bedding_04,4cb6a0c6-3a11-4894-ac4d-b3ceda71d113,39,0.44146773523358024,char_tfidf_v1
q_bedding_04,43eae82c-423a-4568-8f7d-d4b7659aa8f5,40,0.44041887686181413,char_tfidf_v1
q_furniture_01,b5423e05-adfe-4a18-8b18-98dbe02b81ef,1,0.9305937572194127,char_tfidf_v1
q_furniture_01,19787508-4f87-474c-8036-12ac0043a334,2,0.907747678520237,char_tfidf_v1
q_furniture_01,fac47bcc-d184-4b3c-9853-3bd986287a32,3,0.8962382868464102,char_tfidf_v1
q_furniture_01,747cddf9-b78f-4d08-acb9-1c8d70578cfb,4,0.8892511265597206,char_tfidf_v1
q_furniture_01,830e2a10-a351-4ab6-b86a-84590bf3a2f0,5,0.8518824034860623,char_tfidf_v1
q_furniture_01,f5ddf4d5-0d2a-4e9a-9c45-3db1594ab6d4,6,0.8361380243817919,char_tfidf_v1
q_furniture_01,8bdd1830-9c93-4288-84f8-949a1331078c,7,0.821882218477142,char_tfidf_v1
q_furniture_01,89dc1e0e-6eb1-42c1-b9a7-4a76c12f9fb5,8,0.8199478185347838,char_tfidf_v1
q_furniture_01,6faf2a57-4829-48a0-a95a-4c93f1959ba2,9,0.8180049747615821,char_tfidf_v1
q_furniture_01,99e303fe-8569-42c4-acec-eb2d7b4423bc,10,0.8159567751781003,char_tfidf_v1
q_furniture_01,f4b406c7-8ffa-4ae5-9719-52be5407c901,11,0.8075640395182243,char_tfidf_v1
q_furniture_01,163e2740-40f4-47d3-908e-cd0003cc3aea,12,0.8067374385323273,char_tfidf_v1
q_furniture_01,ca9f30b0-f8bf-483a-9db2-c9051e301605,13,0.8028672703635363,char_tfidf_v1
q_furniture_01,d055856b-9cc4-49c1-b652-3148f0fd3d5d,14,0.7892508458442313,char_tfidf_v1
q_furniture_01,e7ae037d-7fe6-443d-b06b-d9dc6ec6949d,15,0.7892508458442313,char_tfidf_v1
q_furniture_01,bc93c1f6-1544-449d-924c-dee3e0a0f60e,16,0.7891328276598456,char_tfidf_v1
q_furniture_01,3fd37f6d-7582-48b1-b37b-6720f382cafc,17,0.785151526800704,char_tfidf_v1
q_furniture_01,c42a16d2-bde9-471f-afd0-7d1d5186a7f4,18,0.7838866175031661,char_tfidf_v1
q_furniture_01,2a8ad1a2-ddfe-4a5f-bdbd-84b691cf1650,19,0.7818250253296828,char_tfidf_v1
q_furniture_01,702a95c6-9c0c-4760-9e6b-f183e95c2003,20,0.7707674964836504,char_tfidf_v1
q_furniture_01,0489ee6e-4ab8-4ff6-9f33-94e36078b3ec,21,0.767319824375355,char_tfidf_v1
q_furniture_01,698d26a2-9563-400a-91b3-24fc70bced35,22,0.7627824502428173,char_tfidf_v1
q_furniture_01,6d81faa3-9516-4752-8788-2f9cbe928378,23,0.756724487274296,char_tfidf_v1
q_furniture_01,8466aed6-c584-4ad0-9133-32dcb2c4f5db,24,0.755770279465561,char_tfidf_v1
q_furniture_01,6478fbf9-60bd-4894-ba0d-141f0d99ce50,25,0.752230505154047,char_tfidf_v1
q_furniture_01,d900a426-0b63-4488-b1c2-9862f9804988,26,0.7515109145604969,char_tfidf_v1
q_furniture_01,2e5d3e16-b7e6-4ec9-87b1-b80db50cfb8e,27,0.7491682263595008,char_tfidf_v1
q_furniture_01,e07340c6-82c3-4136-b102-cb879126f346,28,0.7489983045476334,char_tfidf_v1
q_furniture_01,0b4b871f-5f8b-40ab-9da2-4cf687622c22,29,0.7489740762231604,char_tfidf_v1
q_furniture_01,1060d706-f6af-4c96-9007-a78ea1e800e7,30,0.7480648516574426,char_tfidf_v1
q_furniture_01,e5d6f685-e813-4ae1-99e4-25e75f3bef6f,31,0.7470865060379228,char_tfidf_v1
q_furniture_01,b935fe1d-c445-49e7-8045-7fb76055c104,32,0.7467969065984705,char_tfidf_v1
q_furniture_01,0a1ada5b-ccf8-48a5-b6ad-2c4ef397d03a,33,0.7448340929358609,char_tfidf_v1
q_furniture_01,ac4548f8-4b4c-4877-8b36-c027ba92a7b1,34,0.7442418548331543,char_tfidf_v1
q_furniture_01,0fbc5ef3-a388-4283-995e-982a1784c0d0,35,0.7432236424754829,char_tfidf_v1
q_furniture_01,c2ae64f1-d97c-4e65-a35b-57fdc07fe36a,36,0.7419987135094035,char_tfidf_v1
q_furniture_01,75cf53e3-5877-4d6d-a034-5ba8bc6cab87,37,0.7396569619338976,char_tfidf_v1
q_furniture_01,a6962674-d660-4f13-ae3b-ea731e12e81c,38,0.7393432398873719,char_tfidf_v1
q_furniture_01,3e3e2bdd-02fb-4f28-ab48-1aa73ae014a6,39,0.7382858046527867,char_tfidf_v1
q_furniture_01,cc7363d5-a3e5-4e05-bb17-99395a2f3d5a,40,0.7275655009498699,char_tfidf_v1
q_furniture_02,773a7d06-360e-4e6c-855d-ae1805d3bd1d,1,0.9528420280423006,char_tfidf_v1
q_furniture_02,aef50963-8c82-41aa-8d14-4d548a657219,2,0.8596918680929799,char_tfidf_v1
q_furniture_02,f23df528-80d5-41d4-bcd9-f2cbc345f3ba,3,0.8125411538826368,char_tfidf_v1
q_furniture_02,99de4b24-c601-4560-97cf-032fec8ec3c4,4,0.5898678401933679,char_tfidf_v1
q_furniture_02,0ed71d4c-b871-43b3-8519-99310c994a33,5,0.5851701364196454,char_tfidf_v1
q_furniture_02,7ece6f82-8d9f-475c-9c04-be15505285dd,6,0.5820922375441554,char_tfidf_v1
q_furniture_02,f5d5ff1b-528d-47a5-9ad4-d2ea7b84f2af,7,0.5639882634625374,char_tfidf_v1
q_furniture_02,548ec3e8-7ab2-4ea9-82d1-7e1d8aed685f,8,0.5020547806627931,char_tfidf_v1
q_furniture_02,0c1dd1eb-0de8-4f54-8ace-5459f2a8b263,9,0.469115001740685,char_tfidf_v1
q_furniture_02,747cddf9-b78f-4d08-acb9-1c8d70578cfb,10,0.303946594041658,char_tfidf_v1
q_furniture_02,328ce010-10a0-41c7-9d9a-1015ba14a913,11,0.29907562554939526,char_tfidf_v1
q_furniture_02,9c5a25d4-029f-4af8-b6b1-18ead5172aaa,12,0.29730315352158987,char_tfidf_v1
q_furniture_02,33cc95f6-7083-4dcc-b15c-5de0b2372789,13,0.2884541570204192,char_tfidf_v1
q_furniture_02,ca9f30b0-f8bf-483a-9db2-c9051e301605,14,0.2744205376928823,char_tfidf_v1
q_furniture_02,106454eb-97cd-48f1-a8a2-f707bcee70d6,15,0.273203207260099,char_tfidf_v1
q_furniture_02,702a95c6-9c0c-4760-9e6b-f183e95c2003,16,0.2634488148028091,char_tfidf_v1
q_furniture_02,ac4548f8-4b4c-4877-8b36-c027ba92a7b1,17,0.2543823338126425,char_tfidf_v1
q_furniture_02,a6962674-d660-4f13-ae3b-ea731e12e81c,18,0.25270798414490325,char_tfidf_v1
q_furniture_02,ed2f2a1f-7e22-421a-ad76-f65858f80c2e,19,0.24509527058812358,char_tfidf_v1
q_furniture_02,5d59ff90-1a4c-4aae-9d6d-64b8a3911976,20,0.24509527058812358,char_tfidf_v1
q_furniture_02,7e112451-2784-435c-975f-b3ea628da6bf,21,0.2449972822433692,char_tfidf_v1
q_furniture_02,dc2076ae-3283-4dc5-a580-38f9396b1ad6,22,0.24479339172965772,char_tfidf_v1
q_furniture_02,fac47bcc-d184-4b3c-9853-3bd986287a32,23,0.2420265223540494,char_tfidf_v1
q_furniture_02,4fd0b6bc-1110-442c-ae7a-8c2b9ec37734,24,0.2419345886066815,char_tfidf_v1
q_furniture_02,2b391bc4-eab3-4835-a8fa-ae246878c0ce,25,0.24044598529476874,char_tfidf_v1
q_furniture_02,b5423e05-adfe-4a18-8b18-98dbe02b81ef,26,0.2349850992663638,char_tfidf_v1
q_furniture_02,2f3c1d0b-c137-4691-a404-3a17ed6ac8c7,27,0.2336774528030945,char_tfidf_v1
q_furniture_02,19787508-4f87-474c-8036-12ac0043a334,28,0.22921621458459474,char_tfidf_v1
q_furniture_02,f5ddf4d5-0d2a-4e9a-9c45-3db1594ab6d4,29,0.22579662263836145,char_tfidf_v1
q_furniture_02,3f178591-21b4-48c1-9e52-356604435453,30,0.22423270506796664,char_tfidf_v1
q_furniture_02,99e303fe-8569-42c4-acec-eb2d7b4423bc,31,0.22034673544517247,char_tfidf_v1
q_furniture_02,f4b406c7-8ffa-4ae5-9719-52be5407c901,32,0.2180803017805898,char_tfidf_v1
q_furniture_02,6878d6bd-23f7-4cb3-ad87-56a39983acff,33,0.21806843032857265,char_tfidf_v1
q_furniture_02,585fe56f-ee38-4841-a06e-be13eda3a657,34,0.21789509262579831,char_tfidf_v1
q_furniture_02,554bb99c-3657-4a3e-a2ce-e2fab8baf190,35,0.2175161218865006,char_tfidf_v1
q_furniture_02,6d26130f-db7b-4513-89c4-b31f340987af,36,0.2163494813872817,char_tfidf_v1
q_furniture_02,b2a2e3d6-f434-4c17-86b6-8edb3d0e407c,37,0.21630862188638506,char_tfidf_v1
q_furniture_02,6ccce905-716a-4ecf-9e5c-b8fe46eca7de,38,0.21621416327121468,char_tfidf_v1
q_furniture_02,830e2a10-a351-4ab6-b86a-84590bf3a2f0,39,0.21510962178015464,char_tfidf_v1
q_furniture_02,c73bf560-85fe-43e6-89a3-d32a890b50a4,40,0.21475823979614095,char_tfidf_v1
q_furniture_03,76a3551b-dae4-4326-92cc-662015aedbfb,1,0.4216028537603675,char_tfidf_v1
q_furniture_03,472f5609-7d98-4e07-8c42-7a6f61c07c89,2,0.3587514219766602,char_tfidf_v1
q_furniture_03,2743811c-5e71-4d2b-aa75-1b0147d44f2d,3,0.32650296779914517,char_tfidf_v1
q_furniture_03,c111ac9d-3f3a-405c-a8db-4d127ccda9e2,4,0.3244419985058955,char_tfidf_v1
q_furniture_03,24456103-f6b8-46af-8655-82e61d7265d8,5,0.2987571655278364,char_tfidf_v1
q_furniture_03,ff307928-dc87-45f6-ac65-9ce1cd87ab7a,6,0.27751850032175024,char_tfidf_v1
q_furniture_03,5723d922-e55c-46bc-a5b9-846ba2afdf5d,7,0.25157419354027816,char_tfidf_v1
q_furniture_03,93993d60-9b40-4249-8a88-f398ff51a92b,8,0.2443387282796944,char_tfidf_v1
q_furniture_03,be9f8c61-892c-48ed-a49d-b63bd032c025,9,0.22327495991003118,char_tfidf_v1
q_furniture_03,03bbdf3c-2f90-40f2-8ed9-496e9673c8ba,10,0.21505746010617138,char_tfidf_v1
q_furniture_03,c161453d-f2c8-4b97-a2c3-a54e0cbdb7e8,11,0.21231445223589737,char_tfidf_v1
q_furniture_03,6702c44f-743f-4a82-a486-762c643027a2,12,0.21099657305673575,char_tfidf_v1
q_furniture_03,7f0dffda-6e4a-4b0b-9133-471e0d77c590,13,0.2013813891829152,char_tfidf_v1
q_furniture_03,5f59c153-0ca4-4ba4-9f1c-e59663f9e5e2,14,0.1984442284060552,char_tfidf_v1
q_furniture_03,ad2284ff-8791-453b-b8a9-67654ff94220,15,0.19024738160980476,char_tfidf_v1
q_furniture_03,4abb9418-808e-4ebf-839d-ea28fa1c9739,16,0.18255171837377007,char_tfidf_v1
q_furniture_03,842f6cf1-6411-4f4b-be23-746d79e31656,17,0.18212503796149476,char_tfidf_v1
q_furniture_03,06261986-3eba-4244-b63f-397460d82f4a,18,0.17876173670801815,char_tfidf_v1
q_furniture_03,1db677b8-efc9-4c9c-9460-707a3c221b0d,19,0.17363489258487255,char_tfidf_v1
q_furniture_03,c0ac7a4a-7108-44ab-b869-c4fc909233a1,20,0.158457355063572,char_tfidf_v1
q_furniture_03,cb15e2d0-9357-4e06-9f00-880705012933,21,0.15637019344902953,char_tfidf_v1
q_furniture_03,26d825f2-2bcd-4e47-8756-3390d6e52697,22,0.15554175261955588,char_tfidf_v1
q_furniture_03,5beb6187-2766-4dd5-bcca-3b08cb8c087f,23,0.15501817682731228,char_tfidf_v1
q_furniture_03,929d857f-3a8c-4e54-beb8-7c697f744ade,24,0.15472747268900172,char_tfidf_v1
q_furniture_03,938b92f8-b2f3-4151-81af-3884e120024e,25,0.1501587015282931,char_tfidf_v1
q_furniture_03,af841040-0055-4f95-bbe1-b98bb9cf9b59,26,0.14708287266163703,char_tfidf_v1
q_furniture_03,82c1d1d6-ebf5-4858-bd00-5c78204a31fc,27,0.14329491562073593,char_tfidf_v1
q_furniture_03,9bfb80f5-4a9c-4992-8cda-2ca84a6e53c0,28,0.14166981733535594,char_tfidf_v1
q_furniture_03,06eab6d0-6e19-4260-bf4d-e8d75adc20f3,29,0.14165921602290896,char_tfidf_v1
q_furniture_03,6f379121-d5e7-442e-8e42-f5632198fdd8,30,0.13372164771681963,char_tfidf_v1
q_furniture_03,988a743e-e93e-4742-a0e7-e76bbdda79d5,31,0.13302645005142325,char_tfidf_v1
q_furniture_03,1eaf6dc3-f0f0-4350-8341-9f6f4334b965,32,0.12809224395683622,char_tfidf_v1
q_furniture_03,5ae76cdb-e322-4e2e-b01d-0bfb50e26878,33,0.12763467738092701,char_tfidf_v1
q_furniture_03,fbae8f6f-4f02-4214-bf8d-de48c3dbf491,34,0.1276086297588089,char_tfidf_v1
q_furniture_03,19b6e5db-5866-4752-afed-7fa0dc010f81,35,0.12757058180577383,char_tfidf_v1
q_furniture_03,20e990e4-aaf3-4784-9ba0-caad51d06b23,36,0.12757058180577383,char_tfidf_v1
q_furniture_03,442ff5b2-eaed-4628-92a6-1dab4ab6a0e0,37,0.1263428190529754,char_tfidf_v1
q_furniture_03,ecf3246a-ed9b-4f87-a6f9-e5dc2f69ffd1,38,0.12259326847513273,char_tfidf_v1
q_furniture_03,f75764d4-4ad8-44c8-ad99-7ccf3eea78de,39,0.12192602918975264,char_tfidf_v1
q_furniture_03,c0cc81b4-89ec-4a70-b6f7-089de1fd92a8,40,0.11838844776005043,char_tfidf_v1
q_furniture_04,b5423e05-adfe-4a18-8b18-98dbe02b81ef,1,0.5657710322279679,char_tfidf_v1
q_furniture_04,19787508-4f87-474c-8036-12ac0043a334,2,0.5518813521954953,char_tfidf_v1
q_furniture_04,fac47bcc-d184-4b3c-9853-3bd986287a32,3,0.5448840127473201,char_tfidf_v1
q_furniture_04,747cddf9-b78f-4d08-acb9-1c8d70578cfb,4,0.5406360443324508,char_tfidf_v1
q_furniture_04,830e2a10-a351-4ab6-b86a-84590bf3a2f0,5,0.5179170642593447,char_tfidf_v1
q_furniture_04,cf7b5166-2ba5-4d58-abbf-5ff7d9beb532,6,0.5116369445367417,char_tfidf_v1
q_furniture_04,f5ddf4d5-0d2a-4e9a-9c45-3db1594ab6d4,7,0.5083449888521042,char_tfidf_v1
q_furniture_04,8bdd1830-9c93-4288-84f8-949a1331078c,8,0.49967791800691086,char_tfidf_v1
q_furniture_04,89dc1e0e-6eb1-42c1-b9a7-4a76c12f9fb5,9,0.49850186514427414,char_tfidf_v1
q_furniture_04,6faf2a57-4829-48a0-a95a-4c93f1959ba2,10,0.4973206787044398,char_tfidf_v1
q_furniture_04,99e303fe-8569-42c4-acec-eb2d7b4423bc,11,0.4960754393252096,char_tfidf_v1
q_furniture_04,f4b406c7-8ffa-4ae5-9719-52be5407c901,12,0.490972926353607,char_tfidf_v1
q_furniture_04,163e2740-40f4-47d3-908e-cd0003cc3aea,13,0.49047037957698886,char_tfidf_v1
q_furniture_04,ca9f30b0-f8bf-483a-9db2-c9051e301605,14,0.4881174419790672,char_tfidf_v1
q_furniture_04,d055856b-9cc4-49c1-b652-3148f0fd3d5d,15,0.47983909442324424,char_tfidf_v1
q_furniture_04,e7ae037d-7fe6-443d-b06b-d9dc6ec6949d,16,0.47983909442324424,char_tfidf_v1
q_furniture_04,bc93c1f6-1544-449d-924c-dee3e0a0f60e,17,0.47976734316821645,char_tfidf_v1
q_furniture_04,3fd37f6d-7582-48b1-b37b-6720f382cafc,18,0.47734684047387527,char_tfidf_v1
q_furniture_04,c42a16d2-bde9-471f-afd0-7d1d5186a7f4,19,0.476577816360624,char_tfidf_v1
q_furniture_04,2a8ad1a2-ddfe-4a5f-bdbd-84b691cf1650,20,0.4753244347180157,char_tfidf_v1
q_furniture_04,635b9569-cea5-4850-8466-ea61c8626e4a,21,0.4717933422401183,char_tfidf_v1
q_furniture_04,702a95c6-9c0c-4760-9e6b-f183e95c2003,22,0.4686018133157368,char_tfidf_v1
q_furniture_04,6878d6bd-23f7-4cb3-ad87-56a39983acff,23,0.46658811282868234,char_tfidf_v1
q_furniture_04,0489ee6e-4ab8-4ff6-9f33-94e36078b3ec,24,0.46650573971502607,char_tfidf_v1
q_furniture_04,698d26a2-9563-400a-91b3-24fc70bced35,25,0.46374716238022773,char_tfidf_v1
q_furniture_04,dda4141e-6784-4cd0-87d7-3f8af9b65f5f,26,0.46355188722122304,char_tfidf_v1
q_furniture_04,6d81faa3-9516-4752-8788-2f9cbe928378,27,0.46006411600761926,char_tfidf_v1
q_furniture_04,8466aed6-c584-4ad0-9133-32dcb2c4f5db,28,0.4594839883926209,char_tfidf_v1
q_furniture_04,6478fbf9-60bd-4894-ba0d-141f0d99ce50,29,0.4573319196187412,char_tfidf_v1
q_furniture_04,d900a426-0b63-4488-b1c2-9862f9804988,30,0.45689443171412547,char_tfidf_v1
q_furniture_04,2e5d3e16-b7e6-4ec9-87b1-b80db50cfb8e,31,0.4554701527402087,char_tfidf_v1
q_furniture_04,e07340c6-82c3-4136-b102-cb879126f346,32,0.45536684575136155,char_tfidf_v1
q_furniture_04,0b4b871f-5f8b-40ab-9da2-4cf687622c22,33,0.4553521157104174,char_tfidf_v1
q_furniture_04,1060d706-f6af-4c96-9007-a78ea1e800e7,34,0.45479933645837267,char_tfidf_v1
q_furniture_04,e5d6f685-e813-4ae1-99e4-25e75f3bef6f,35,0.45420453383183745,char_tfidf_v1
q_furniture_04,b935fe1d-c445-49e7-8045-7fb76055c104,36,0.45402846669994407,char_tfidf_v1
q_furniture_04,0a1ada5b-ccf8-48a5-b6ad-2c4ef397d03a,37,0.4528351392105313,char_tfidf_v1
q_furniture_04,ac4548f8-4b4c-4877-8b36-c027ba92a7b1,38,0.45247507751863447,char_tfidf_v1
q_furniture_04,0fbc5ef3-a388-4283-995e-982a1784c0d0,39,0.45185603719931366,char_tfidf_v1
q_furniture_04,c2ae64f1-d97c-4e65-a35b-57fdc07fe36a,40,0.45111131983992003,char_tfidf_v1
q_hamburger_01,a91e34b4-bd04-4a2b-b4b6-7c72db1288f5,1,0.9544399700309598,char_tfidf_v1
q_hamburger_01,bbb3d889-ecf8-4529-be1f-705ad31052c6,2,0.9443650216726451,char_tfidf_v1
q_hamburger_01,20cc8073-cd55-4986-962f-23a439360be8,3,0.940335987052189,char_tfidf_v1
q_hamburger_01,685e2124-e381-409f-85f0-58fb4f00c423,4,0.9066565689537308,char_tfidf_v1
q_hamburger_01,5ced3c35-00aa-49dc-9dc7-517431f22faa,5,0.8691960608907476,char_tfidf_v1
q_hamburger_01,e6b80137-8a47-41da-9012-3caa77a8dde6,6,0.8690704083201123,char_tfidf_v1
q_hamburger_01,1599d392-aa8e-4d0d-a6b2-0d8df0dc04b3,7,0.8623612339017982,char_tfidf_v1
q_hamburger_01,f64bebaf-6903-4ad9-83c0-c2dabf575807,8,0.8537555914135198,char_tfidf_v1
q_hamburger_01,4fbc560d-031f-4dbb-b908-a43ac4659b14,9,0.8462138611310785,char_tfidf_v1
q_hamburger_01,8e9c5e3b-25a8-4a1b-b28b-f10825b420fb,10,0.8363251829516126,char_tfidf_v1
q_hamburger_01,a5683b8c-f865-46ba-bba9-462f15eff405,11,0.8344718386491393,char_tfidf_v1
q_hamburger_01,ca0e35cd-fca2-4ac3-a635-9fc2ae6fe363,12,0.8101286562501232,char_tfidf_v1
q_hamburger_01,ad41ba3c-5aed-4a28-961d-32cd6baf9590,13,0.8063876426478943,char_tfidf_v1
q_hamburger_01,08620365-64fa-45a2-8fbf-ae89e70eac12,14,0.8007550610253168,char_tfidf_v1
q_hamburger_01,7799fde2-c2ef-41cc-8be0-ee33bc407f9a,15,0.7900347674991275,char_tfidf_v1
q_hamburger_01,ac990665-e235-41c5-88e5-966566ab6e42,16,0.7881094338732934,char_tfidf_v1
q_hamburger_01,0a23e955-7759-418e-a656-67fa96069c7b,17,0.7872849733959548,char_tfidf_v1
q_hamburger_01,eaf863e8-a661-4ba2-9829-39c6424b6e6a,18,0.7829571702386984,char_tfidf_v1
q_hamburger_01,0647c6fc-99f8-43c3-ba31-039067ac08d5,19,0.779971355136083,char_tfidf_v1
q_hamburger_01,ce664ee3-c2c4-4e4b-8b59-6a4b36b54294,20,0.777290708173173,char_tfidf_v1
q_hamburger_01,f3e3f13e-4631-4021-b4f5-324200e08fc5,21,0.7682718805780413,char_tfidf_v1
q_hamburger_01,36154374-c1c9-4085-8248-bd90d4037804,22,0.7611557364626753,char_tfidf_v1
q_hamburger_01,8df8a2cd-343e-4c64-9eef-769c4a1c68f4,23,0.7553678204573013,char_tfidf_v1
q_hamburger_01,fb38c321-f0d8-4681-817f-a8e7b570e7af,24,0.754424714631515,char_tfidf_v1
q_hamburger_01,f9970446-d87f-4013-9030-1a10e54c5144,25,0.7534697610943559,char_tfidf_v1
q_hamburger_01,248f8f64-09ea-4803-ad24-6efc551e5ea2,26,0.7526657647932052,char_tfidf_v1
q_hamburger_01,5b46e308-acfa-4bea-9f06-605fd4811b76,27,0.7436788952304066,char_tfidf_v1
q_hamburger_01,5a7c7d19-e109-4651-893a-bac5bd4f61dd,28,0.7379847688233822,char_tfidf_v1
q_hamburger_01,6be411ee-b171-4e25-82bb-f086d734e27d,29,0.7252405602189772,char_tfidf_v1
q_hamburger_01,1f76fd54-fb9d-432c-ba2a-3e78e1043730,30,0.7225119089169257,char_tfidf_v1
q_hamburger_01,37e47567-ca6f-414a-b43d-bc555c966af8,31,0.721558928292399,char_tfidf_v1
q_hamburger_01,19b4a38d-1a29-4ee6-ac12-b0f07b9ec9b6,32,0.719509624168303,char_tfidf_v1
q_hamburger_01,86f28296-014b-49d4-8769-b40481883b2b,33,0.7183869568163295,char_tfidf_v1
q_hamburger_01,7757246d-6f45-4189-b63b-75cac4e32dcc,34,0.7146051214729979,char_tfidf_v1
q_hamburger_01,4ea88b2f-3ca6-405f-a15a-bd7c23dba153,35,0.7063721333247122,char_tfidf_v1
q_hamburger_01,8f8bd57a-66d0-4d80-aac2-b034d607a2d2,36,0.706281932982472,char_tfidf_v1
q_hamburger_01,0f45a390-df2c-4313-9fdc-69b09d81f913,37,0.6974287474261804,char_tfidf_v1
q_hamburger_01,4042d8b1-49cc-4651-84a8-083c1a73b69c,38,0.6968356753866616,char_tfidf_v1
q_hamburger_01,6d5358cb-3a6a-41be-a0f0-6ae5578f4005,39,0.6968356753866616,char_tfidf_v1
q_hamburger_01,9caf9d3d-84e6-497c-a1a0-2c941640c9a3,40,0.6896218970003771,char_tfidf_v1
q_hamburger_02,5e3fc31c-f7d0-4773-a17a-302450018cd3,1,0.60763008428235,char_tfidf_v1
q_hamburger_02,c857ca19-8554-4746-892a-fc2e90dd33d2,2,0.564491498047101,char_tfidf_v1
q_hamburger_02,1599d392-aa8e-4d0d-a6b2-0d8df0dc04b3,3,0.5357346430496523,char_tfidf_v1
q_hamburger_02,c3933dda-ba29-4bc9-adda-0ba508f8b1d7,4,0.5165064575772709,char_tfidf_v1
q_hamburger_02,8b9803f4-c3a7-4afc-9930-0170c98eba08,5,0.4927596264351183,char_tfidf_v1
q_hamburger_02,ac990665-e235-41c5-88e5-966566ab6e42,6,0.48960633855238045,char_tfidf_v1
q_hamburger_02,0a23e955-7759-418e-a656-67fa96069c7b,7,0.489094149434675,char_tfidf_v1
q_hamburger_02,fb38c321-f0d8-4681-817f-a8e7b570e7af,8,0.46867999083430006,char_tfidf_v1
q_hamburger_02,2516c216-2308-44f8-be5d-5a3de423cd9a,9,0.4521337595157716,char_tfidf_v1
q_hamburger_02,6be411ee-b171-4e25-82bb-f086d734e27d,10,0.4505495810567576,char_tfidf_v1
q_hamburger_02,45109a5c-6265-441f-8ea4-3a164574734b,11,0.4491528718337054,char_tfidf_v1
q_hamburger_02,ada30590-1d33-4908-a74e-c9ba55606d73,12,0.44558183832633436,char_tfidf_v1
q_hamburger_02,e6be6eb7-ac66-4b1b-8e8d-f09d439240e0,13,0.44273883075396486,char_tfidf_v1
q_hamburger_02,728cea87-80f8-4bb6-b0fd-c94fa2e8069a,14,0.4419233986887752,char_tfidf_v1
q_hamburger_02,de855508-e54c-4f03-b76f-87ada60dac6d,15,0.43536894199104786,char_tfidf_v1
q_hamburger_02,f3e3f13e-4631-4021-b4f5-324200e08fc5,16,0.42656722414588943,char_tfidf_v1
q_hamburger_02,10bb52a0-31fb-4344-b5e0-97d3afa52b70,17,0.42564539904248816,char_tfidf_v1
q_hamburger_02,a62e7f41-9051-4cd3-b232-c0331f971973,18,0.41962759678997896,char_tfidf_v1
q_hamburger_02,b39b35e5-781d-4041-a5e5-ae2c2f57486a,19,0.41858979387991285,char_tfidf_v1
q_hamburger_02,98346200-8286-4a60-b2fa-07b7db702e94,20,0.4158552610889278,char_tfidf_v1
q_hamburger_02,b628ead2-caff-45eb-a233-8a610f8d095f,21,0.41128928756353594,char_tfidf_v1
q_hamburger_02,6d5358cb-3a6a-41be-a0f0-6ae5578f4005,22,0.40924142896150156,char_tfidf_v1
q_hamburger_02,4042d8b1-49cc-4651-84a8-083c1a73b69c,23,0.40924142896150156,char_tfidf_v1
q_hamburger_02,0e04abf4-4e13-40fb-96e2-ca38ae9c4b1c,24,0.40764842367784954,char_tfidf_v1
q_hamburger_02,8d1c7433-b06a-48aa-92a6-b94f34a74bfc,25,0.40429037644161897,char_tfidf_v1
q_hamburger_02,5d1b3aa4-6c76-4f3d-bc55-98da1d10c42c,26,0.38999877495866975,char_tfidf_v1
q_hamburger_02,6a4a2969-df8f-4cd4-8f05-d288ac736527,27,0.3866467167326979,char_tfidf_v1
q_hamburger_02,0afcfe69-7d1e-4e29-aee1-efe41c86cb8c,28,0.37907939131858875,char_tfidf_v1
q_hamburger_02,7152a25a-0627-485c-9fa9-c5ad3dc6408a,29,0.37498387498541585,char_tfidf_v1
q_hamburger_02,4eb53f5f-cebb-4fde-bb34-85ede3674519,30,0.37420904996239335,char_tfidf_v1
q_hamburger_02,fae1a1e4-c300-4603-b6ae-eda78b6a8fdb,31,0.37167850541537906,char_tfidf_v1
q_hamburger_02,e2eb784d-68b3-44b1-9d8b-8d18d158a8cb,32,0.36800801647255876,char_tfidf_v1
q_hamburger_02,9ea9c9e0-322a-413b-8009-b645429e3f88,33,0.36794916658866916,char_tfidf_v1
q_hamburger_02,c3c3daa8-ba6c-463d-bc53-1962c3560bc0,34,0.3652712600692759,char_tfidf_v1
q_hamburger_02,52e2033c-4b45-4a6b-aa3d-c1082c180e58,35,0.36188890283055153,char_tfidf_v1
q_hamburger_02,5078d297-5469-468f-af5b-61a6ce554ecb,36,0.35670699955080126,char_tfidf_v1
q_hamburger_02,7b7eddc5-f6ff-49ea-a9eb-324312f8ad4c,37,0.35497311813374044,char_tfidf_v1
q_hamburger_02,07454c67-5088-4758-8e10-dde6b6f8f9b4,38,0.3510578886334926,char_tfidf_v1
q_hamburger_02,54986f42-98e3-4aa8-917f-7d47f924e4f0,39,0.34795312753055396,char_tfidf_v1
q_hamburger_02,0e62dc75-b1af-4b5b-9e54-07858c9d26b7,40,0.34775819222658855,char_tfidf_v1
q_hamburger_03,a91e34b4-bd04-4a2b-b4b6-7c72db1288f5,1,0.6368854363026104,char_tfidf_v1
q_hamburger_03,bbb3d889-ecf8-4529-be1f-705ad31052c6,2,0.6301625536883131,char_tfidf_v1
q_hamburger_03,20cc8073-cd55-4986-962f-23a439360be8,3,0.6274740310439353,char_tfidf_v1
q_hamburger_03,685e2124-e381-409f-85f0-58fb4f00c423,4,0.6050001913436146,char_tfidf_v1
q_hamburger_03,5ced3c35-00aa-49dc-9dc7-517431f22faa,5,0.5800032792580524,char_tfidf_v1
q_hamburger_03,e6b80137-8a47-41da-9012-3caa77a8dde6,6,0.5799194329243023,char_tfidf_v1
q_hamburger_03,1599d392-aa8e-4d0d-a6b2-0d8df0dc04b3,7,0.5754424876885538,char_tfidf_v1
q_hamburger_03,f64bebaf-6903-4ad9-83c0-c2dabf575807,8,0.569700053860438,char_tfidf_v1
q_hamburger_03,4fbc560d-031f-4dbb-b908-a43ac4659b14,9,0.564667554874406,char_tfidf_v1
q_hamburger_03,8e9c5e3b-25a8-4a1b-b28b-f10825b420fb,10,0.5580689679390947,char_tfidf_v1
q_hamburger_03,a5683b8c-f865-46ba-bba9-462f15eff405,11,0.556832255278516,char_tfidf_v1
q_hamburger_03,ca0e35cd-fca2-4ac3-a635-9fc2ae6fe363,12,0.5405883647982288,char_tfidf_v1
q_hamburger_03,ad41ba3c-5aed-4a28-961d-32cd6baf9590,13,0.5380920348507391,char_tfidf_v1
q_hamburger_03,08620365-64fa-45a2-8fbf-ae89e70eac12,14,0.5343334860505574,char_tfidf_v1
q_hamburger_03,7799fde2-c2ef-41cc-8be0-ee33bc407f9a,15,0.5271799729600508,char_tfidf_v1
q_hamburger_03,ac990665-e235-41c5-88e5-966566ab6e42,16,0.5258952227559309,char_tfidf_v1
q_hamburger_03,0a23e955-7759-418e-a656-67fa96069c7b,17,0.525345070952453,char_tfidf_v1
q_hamburger_03,eaf863e8-a661-4ba2-9829-39c6424b6e6a,18,0.5224571839311752,char_tfidf_v1
q_hamburger_03,0647c6fc-99f8-43c3-ba31-039067ac08d5,19,0.5204647881660582,char_tfidf_v1
q_hamburger_03,ce664ee3-c2c4-4e4b-8b59-6a4b36b54294,20,0.5186760271500136,char_tfidf_v1
q_hamburger_03,f3e3f13e-4631-4021-b4f5-324200e08fc5,21,0.512657880248981,char_tfidf_v1
q_hamburger_03,36154374-c1c9-4085-8248-bd90d4037804,22,0.5079093694028143,char_tfidf_v1
q_hamburger_03,8df8a2cd-343e-4c64-9eef-769c4a1c68f4,23,0.5040471679798731,char_tfidf_v1
q_hamburger_03,fb38c321-f0d8-4681-817f-a8e7b570e7af,24,0.5034178456712987,char_tfidf_v1
q_hamburger_03,f9970446-d87f-4013-9030-1a10e54c5144,25,0.5027806175383,char_tfidf_v1
q_hamburger_03,248f8f64-09ea-4803-ad24-6efc551e5ea2,26,0.5022441212146731,char_tfidf_v1
q_hamburger_03,5b46e308-acfa-4bea-9f06-605fd4811b76,27,0.49624729949490387,char_tfidf_v1
q_hamburger_03,5a7c7d19-e109-4651-893a-bac5bd4f61dd,28,0.4924476826567884,char_tfidf_v1
q_hamburger_03,6be411ee-b171-4e25-82bb-f086d734e27d,29,0.4839436372351737,char_tfidf_v1
q_hamburger_03,1f76fd54-fb9d-432c-ba2a-3e78e1043730,30,0.4821228435450599,char_tfidf_v1
q_hamburger_03,37e47567-ca6f-414a-b43d-bc555c966af8,31,0.4814869319111203,char_tfidf_v1
q_hamburger_03,19b4a38d-1a29-4ee6-ac12-b0f07b9ec9b6,32,0.48011945779836984,char_tfidf_v1
q_hamburger_03,86f28296-014b-49d4-8769-b40481883b2b,33,0.4793703164078839,char_tfidf_v1
q_hamburger_03,7757246d-6f45-4189-b63b-75cac4e32dcc,34,0.47684674664101406,char_tfidf_v1
q_hamburger_03,4ea88b2f-3ca6-405f-a15a-bd7c23dba153,35,0.4713529802297801,char_tfidf_v1
q_hamburger_03,8f8bd57a-66d0-4d80-aac2-b034d607a2d2,36,0.47129279070909136,char_tfidf_v1
q_hamburger_03,0f45a390-df2c-4313-9fdc-69b09d81f913,37,0.46538517459625856,char_tfidf_v1
q_hamburger_03,6d5358cb-3a6a-41be-a0f0-6ae5578f4005,38,0.46498942530189935,char_tfidf_v1
q_hamburger_03,4042d8b1-49cc-4651-84a8-083c1a73b69c,39,0.46498942530189935,char_tfidf_v1
q_hamburger_03,9caf9d3d-84e6-497c-a1a0-2c941640c9a3,40,0.4601757643706728,char_tfidf_v1
q_hamburger_04,5e3fc31c-f7d0-4773-a17a-302450018cd3,1,0.6400608149029636,char_tfidf_v1
q_hamburger_04,c3933dda-ba29-4bc9-adda-0ba508f8b1d7,2,0.5824389778989668,char_tfidf_v1
q_hamburger_04,8b9803f4-c3a7-4afc-9930-0170c98eba08,3,0.5190594346885322,char_tfidf_v1
q_hamburger_04,f3e3f13e-4631-4021-b4f5-324200e08fc5,4,0.48101891930279034,char_tfidf_v1
q_hamburger_04,b628ead2-caff-45eb-a233-8a610f8d095f,5,0.46379074018346156,char_tfidf_v1
q_hamburger_04,c857ca19-8554-4746-892a-fc2e90dd33d2,6,0.4588706484625194,char_tfidf_v1
q_hamburger_04,8d1c7433-b06a-48aa-92a6-b94f34a74bfc,7,0.45589841167439316,char_tfidf_v1
q_hamburger_04,de855508-e54c-4f03-b76f-87ada60dac6d,8,0.42206002541258153,char_tfidf_v1
q_hamburger_04,fae1a1e4-c300-4603-b6ae-eda78b6a8fdb,9,0.4191236055722749,char_tfidf_v1
q_hamburger_04,7fde034b-96e4-455a-83e2-7b5692b96a17,10,0.4142894438165917,char_tfidf_v1
q_hamburger_04,5078d297-5469-468f-af5b-61a6ce554ecb,11,0.40224097333128583,char_tfidf_v1
q_hamburger_04,1599d392-aa8e-4d0d-a6b2-0d8df0dc04b3,12,0.3968645915383039,char_tfidf_v1
q_hamburger_04,07454c67-5088-4758-8e10-dde6b6f8f9b4,13,0.3958707482538521,char_tfidf_v1
q_hamburger_04,4eb53f5f-cebb-4fde-bb34-85ede3674519,14,0.3941815187539268,char_tfidf_v1
q_hamburger_04,1daff59c-ba5b-47cc-9d5c-0d9a64363e2b,15,0.37690052520446726,char_tfidf_v1
q_hamburger_04,7b7eddc5-f6ff-49ea-a9eb-324312f8ad4c,16,0.37391891734536276,char_tfidf_v1
q_hamburger_04,45109a5c-6265-441f-8ea4-3a164574734b,17,0.3736759295494204,char_tfidf_v1
q_hamburger_04,ada30590-1d33-4908-a74e-c9ba55606d73,18,0.37070498279832614,char_tfidf_v1
q_hamburger_04,0e62dc75-b1af-4b5b-9e54-07858c9d26b7,19,0.3663189128771011,char_tfidf_v1
q_hamburger_04,ac990665-e235-41c5-88e5-966566ab6e42,20,0.3626934007068616,char_tfidf_v1
q_hamburger_04,0a23e955-7759-418e-a656-67fa96069c7b,21,0.36231397830507067,char_tfidf_v1
q_hamburger_04,913331cb-d684-4c88-864d-29da51108929,22,0.3581764084241824,char_tfidf_v1
q_hamburger_04,4042d8b1-49cc-4651-84a8-083c1a73b69c,23,0.35474612697198493,char_tfidf_v1
q_hamburger_04,6d5358cb-3a6a-41be-a0f0-6ae5578f4005,24,0.35474612697198493,char_tfidf_v1
q_hamburger_04,ea0cb9bc-db67-46e3-9a83-ba10e29dd57c,25,0.34805010339427706,char_tfidf_v1
q_hamburger_04,fb38c321-f0d8-4681-817f-a8e7b570e7af,26,0.3471914604323836,char_tfidf_v1
q_hamburger_04,2056c69e-64b4-4b28-8ce2-800cbcec3e25,27,0.3445907357048241,char_tfidf_v1
q_hamburger_04,2516c216-2308-44f8-be5d-5a3de423cd9a,28,0.3349342479879058,char_tfidf_v1
q_hamburger_04,b81e1c4b-6945-4685-8159-61903fcc1fb2,29,0.3344505469156034,char_tfidf_v1
q_hamburger_04,6be411ee-b171-4e25-82bb-f086d734e27d,30,0.33376071115354783,char_tfidf_v1
q_hamburger_04,5ec77ca7-6ef4-494e-9fb1-6af438a1641e,31,0.33369886506176394,char_tfidf_v1
q_hamburger_04,0d5fbb91-d090-4fd1-aa3a-3e98150e0319,32,0.32631178829580265,char_tfidf_v1
q_hamburger_04,7e0f4797-38bc-428d-8bea-8322ea704032,33,0.31566016565978905,char_tfidf_v1
q_hamburger_04,10bb52a0-31fb-4344-b5e0-97d3afa52b70,34,0.3153120479003622,char_tfidf_v1
q_hamburger_04,52e2033c-4b45-4a6b-aa3d-c1082c180e58,35,0.3136991457562232,char_tfidf_v1
q_hamburger_04,a62e7f41-9051-4cd3-b232-c0331f971973,36,0.31085414572083303,char_tfidf_v1
q_hamburger_04,b39b35e5-781d-4041-a5e5-ae2c2f57486a,37,0.3100853561095133,char_tfidf_v1
q_hamburger_04,ead16f8d-f77f-4aaf-9cda-b0b38b870421,38,0.30833744024172627,char_tfidf_v1
q_hamburger_04,bbb3d889-ecf8-4529-be1f-705ad31052c6,39,0.30453014953015767,char_tfidf_v1
q_hamburger_04,20cc8073-cd55-4986-962f-23a439360be8,40,0.30323090348940895,char_tfidf_v1
q_noodles_01,275cea6e-73b8-4110-879c-cd7e5c4e96b3,1,0.94328141346061,char_tfidf_v1
q_noodles_01,8bfd0609-74c8-4bd6-82f9-6eba2f38f78d,2,0.9230234726382196,char_tfidf_v1
q_noodles_01,77f78289-dd6a-4294-9d9d-dfcfca9c88d7,3,0.8829129669467234,char_tfidf_v1
q_noodles_01,bddebdee-3054-4a13-850e-8299332ff239,4,0.8226390226140363,char_tfidf_v1
q_noodles_01,8f4ed9d9-a08b-4fbd-988a-df54fdd0750a,5,0.8036067267216589,char_tfidf_v1
q_noodles_01,2783796b-a2ef-4e20-a3b2-ca2560fc34fe,6,0.7961891014302372,char_tfidf_v1
q_noodles_01,08c5802c-4482-41a0-9ad3-be15877d3753,7,0.777825363592222,char_tfidf_v1
q_noodles_01,20bc5df6-6fb4-4e6b-bb4b-2c6822e6902d,8,0.7695987360425511,char_tfidf_v1
q_noodles_01,2f3d0c2f-dbd9-4d48-aa2d-7ac54e054219,9,0.7641817348325217,char_tfidf_v1
q_noodles_01,b58fbae4-374a-49c6-8732-12f9c802556a,10,0.7637476434722844,char_tfidf_v1
q_noodles_01,f5d8333e-cc37-457d-97a1-30c359a25a11,11,0.7587147316815892,char_tfidf_v1
q_noodles_01,4f06413d-8bd4-4e47-bf58-5a3e575c3866,12,0.7557419419735737,char_tfidf_v1
q_noodles_01,8580b405-72f3-4a0a-a205-97557fa181aa,13,0.7552324248999236,char_tfidf_v1
q_noodles_01,fb138867-9420-4295-a1ea-8846f4c00b03,14,0.7540547767182398,char_tfidf_v1
q_noodles_01,ad7ea2f4-39f5-4bd8-9200-d04ccc1525bb,15,0.7532830613456274,char_tfidf_v1
q_noodles_01,a3c0f859-090a-404f-a3a5-e741ae368f89,16,0.7530966864388798,char_tfidf_v1
q_noodles_01,e08e4f6c-7033-4c17-b23e-1d3841e5978f,17,0.7529040463797047,char_tfidf_v1
q_noodles_01,941b8671-65c2-40db-a83d-6622db8a89db,18,0.7473880123689456,char_tfidf_v1
q_noodles_01,789e3c46-51d5-472a-96e8-ee4bf0012fd5,19,0.7421600563900607,char_tfidf_v1
q_noodles_01,faa22799-2a69-4f73-92d2-63a4a348c277,20,0.7399233057044776,char_tfidf_v1
q_noodles_01,6c995fa6-db9e-42ab-a0cd-6b5dbad58c3b,21,0.7353430624303046,char_tfidf_v1
q_noodles_01,9ba2d291-430b-44e0-b4a8-e3da38a38053,22,0.734218455359993,char_tfidf_v1
q_noodles_01,ae5e694a-1209-4f16-b1eb-da09583f9ce4,23,0.7335209756838611,char_tfidf_v1
q_noodles_01,d73effdc-aafc-46b9-b7d3-54597c782abb,24,0.7329443104105682,char_tfidf_v1
q_noodles_01,01a468d2-cf3e-4db1-826a-771917b2e910,25,0.7282078816150128,char_tfidf_v1
q_noodles_01,9e702db2-1692-4244-8069-f38c65b3e5a0,26,0.7112882729955223,char_tfidf_v1
q_noodles_01,1decd31b-604b-4a9a-b330-822be87f48f4,27,0.709595640658011,char_tfidf_v1
q_noodles_01,ba3493ac-8abd-48c4-96df-b06bfdf15e81,28,0.7059718950230567,char_tfidf_v1
q_noodles_01,e782a278-2798-4dac-9450-d6e08ef6d436,29,0.700858733445029,char_tfidf_v1
q_noodles_01,c23275e4-6a03-4561-b11b-b33de58f670d,30,0.6986545382861342,char_tfidf_v1
q_noodles_01,c8a24ab8-6e8d-4a54-a023-9d33acb699fe,31,0.6965417600480369,char_tfidf_v1
q_noodles_01,7e03c7a9-d8a2-4755-81fc-256852e3a5e7,32,0.6940052652121276,char_tfidf_v1
q_noodles_01,b89619af-64c5-4036-b3d9-22c85aeb2578,33,0.6939334844038647,char_tfidf_v1
q_noodles_01,b0238905-4861-4ede-975e-788778c27467,34,0.6920790433298669,char_tfidf_v1
q_noodles_01,57488f1d-c460-48bc-966b-7dc5432011b2,35,0.6892060801821767,char_tfidf_v1
q_noodles_01,369c00db-6623-40ee-befb-7365669c9672,36,0.6819566915144339,char_tfidf_v1
q_noodles_01,b21217b5-3b7c-42c9-9062-52ea01c636fc,37,0.6786448597219333,char_tfidf_v1
q_noodles_01,f85f191a-9025-493a-b780-da021d722bca,38,0.6768093782592964,char_tfidf_v1
q_noodles_01,f35b7551-6858-42ac-9bc8-5cb043e836d4,39,0.6757952653386317,char_tfidf_v1
q_noodles_01,60bb6b44-9232-45aa-8b3c-574f96ef1d1f,40,0.6709268466173257,char_tfidf_v1
q_noodles_02,0dc3ab7d-7bf0-49b3-a1e1-b42c046471ef,1,0.9568638409827348,char_tfidf_v1
q_noodles_02,2ed713f1-2bff-4afd-ac91-f80e5c08331f,2,0.918466448573631,char_tfidf_v1
q_noodles_02,375e02dc-0bcf-48e9-a1ee-407214a54f94,3,0.918466448573631,char_tfidf_v1
q_noodles_02,feca8c21-4cd2-449a-8b50-6fe1e3276cd8,4,0.918466448573631,char_tfidf_v1
q_noodles_02,fc54672a-2561-4c0a-be60-f84ee2360df4,5,0.795703210965597,char_tfidf_v1
q_noodles_02,3b1754bb-1bd2-4a1b-bea4-9978244ec55b,6,0.737698360437286,char_tfidf_v1
q_noodles_02,a7727762-becb-4da0-9c2b-16651c88a504,7,0.7195591718035822,char_tfidf_v1
q_noodles_02,91128aa8-3f3b-428c-9586-ae12b4379afb,8,0.6822631841182729,char_tfidf_v1
q_noodles_02,4ebf1032-1a9f-49f6-b379-c7506be5218c,9,0.6412740980739465,char_tfidf_v1
q_noodles_02,4f410dde-971b-485a-a66b-d1c36d7a7e9e,10,0.5620269677065867,char_tfidf_v1
q_noodles_02,50a24325-a263-4d83-9566-51e410a226b6,11,0.5605385279819972,char_tfidf_v1
q_noodles_02,5edae118-f6c3-4ba7-8efc-4a3044cf30fb,12,0.5520036297453818,char_tfidf_v1
q_noodles_02,0d8fce0a-d4db-4f9d-b3ac-23b11915cf70,13,0.5499253268518369,char_tfidf_v1
q_noodles_02,e61077e2-d33e-4664-9143-5587535a88ff,14,0.5259291228397376,char_tfidf_v1
q_noodles_02,812f0d17-d37d-4c0b-9f9b-801f25b17ad4,15,0.5152757591723195,char_tfidf_v1
q_noodles_02,d52eb5ce-05bd-4cbb-89a1-fdf8f9ddff29,16,0.5103173236470049,char_tfidf_v1
q_noodles_02,df47ed50-573a-4630-8546-1cd8669aaf80,17,0.500415735416868,char_tfidf_v1
q_noodles_02,2edb08fa-b9de-45f4-a728-7d0feff49499,18,0.49776423448360263,char_tfidf_v1
q_noodles_02,23f9a1b1-89e2-4190-a251-f17f3f537227,19,0.49114200031875094,char_tfidf_v1
q_noodles_02,8e908fb1-e865-4502-bbe8-ffd0daa402bc,20,0.4646799531809808,char_tfidf_v1
q_noodles_02,7dae17ea-307c-4fd2-9d98-5784294c42f0,21,0.4491183757075172,char_tfidf_v1
q_noodles_02,b0d9b6b9-9380-48bf-9f0f-227a816c17c7,22,0.44641432645528495,char_tfidf_v1
q_noodles_02,ab277536-269b-4c96-8a54-71f395369781,23,0.44460309644834806,char_tfidf_v1
q_noodles_02,6910f554-a3d1-49f6-9346-cf50f0cd6c5c,24,0.4428014070898282,char_tfidf_v1
q_noodles_02,e3260da8-ec85-4a58-b7f8-8fe2f75d4922,25,0.43179035119119086,char_tfidf_v1
q_noodles_02,454a7e0a-c814-40d6-9500-cc37197e2bdc,26,0.4159686082865243,char_tfidf_v1
q_noodles_02,ec88c998-1b87-41be-9f5c-f0aa3ad509c0,27,0.41345967903747916,char_tfidf_v1
q_noodles_02,19257d21-0e13-4704-bf7a-85ea7f5070e9,28,0.40493249982643326,char_tfidf_v1
q_noodles_02,02457d93-c70f-4fee-bbbe-38e35d009983,29,0.4026733270281542,char_tfidf_v1
q_noodles_02,815af770-71ae-4e59-a4b9-7335baf257cb,30,0.39006950716510286,char_tfidf_v1
q_noodles_02,0b8c3a72-acd7-40fa-9e3f-683fae8f95a9,31,0.37673946772431965,char_tfidf_v1
q_noodles_02,1541aa4d-f5ec-4859-9fb0-526fe494945a,32,0.37280217770730517,char_tfidf_v1
q_noodles_02,cb9053a2-bd18-42a5-b753-d2e518d3f876,33,0.36543096806269987,char_tfidf_v1
q_noodles_02,4aeabaa7-5075-4c19-a7c9-c77f0eada671,34,0.3528405805465358,char_tfidf_v1
q_noodles_02,80a55574-a0c3-499a-9783-a74ed70d9c26,35,0.35167664548541694,char_tfidf_v1
q_noodles_02,b8ec3442-2e1e-45b7-94f3-e8b9fc2dfc7b,36,0.33991097969382694,char_tfidf_v1
q_noodles_02,e7ce3a35-5e5a-4364-922c-c7bcf68771d4,37,0.3100440812162721,char_tfidf_v1
q_noodles_02,31b77c04-8f4f-45e8-bf2c-a02ca420d6d5,38,0.2779698873184044,char_tfidf_v1
q_noodles_02,ae0b0c09-a041-4b36-a209-9f46f1db8a53,39,0.27669407542171337,char_tfidf_v1
q_noodles_02,20bc5df6-6fb4-4e6b-bb4b-2c6822e6902d,40,0.2747417052348043,char_tfidf_v1
q_noodles_03,07e6317e-8529-4a99-b6ff-6463affed556,1,0.7000835337803074,char_tfidf_v1
q_noodles_03,540c3f3d-5db4-493d-bbfe-78754e50f761,2,0.5595281430596288,char_tfidf_v1
q_noodles_03,96929dc7-3532-4592-a918-529a77ceac89,3,0.5397331931388277,char_tfidf_v1
q_noodles_03,a3666bb6-07d6-49b3-b68a-bc8855582f8a,4,0.5288391352214554,char_tfidf_v1
q_noodles_03,082318d1-b53c-40e8-9a48-18eb2a490e1a,5,0.5288391352214554,char_tfidf_v1
q_noodles_03,dc63224f-52dc-4f44-b291-1b54f2e8df7c,6,0.5165984800334198,char_tfidf_v1
q_noodles_03,d18c17e3-9f8f-4dce-bfae-024689a1bdf4,7,0.5141439619910558,char_tfidf_v1
q_noodles_03,dde74325-8f92-4321-9ce6-52d069e55acb,8,0.45633473663277585,char_tfidf_v1
q_noodles_03,4f20341f-a11c-45c4-ad42-332bea16ee8a,9,0.44782564862970325,char_tfidf_v1
q_noodles_03,f0b7a128-54c5-4412-9bc8-621abd6f7c7c,10,0.44727000500019864,char_tfidf_v1
q_noodles_03,3086efe6-0293-476f-a32f-35d8522477d2,11,0.4339474701755009,char_tfidf_v1
q_noodles_03,465db8aa-dcb7-42ef-81c7-c45577529e34,12,0.41741065133142474,char_tfidf_v1
q_noodles_03,76a3551b-dae4-4326-92cc-662015aedbfb,13,0.39820388757289443,char_tfidf_v1
q_noodles_03,0df3eced-9f53-4b4c-9218-80455bc5ca93,14,0.36302227670909104,char_tfidf_v1
q_noodles_03,1b48a4ae-094d-42ca-a00a-79dad4238a1c,15,0.36147497584147736,char_tfidf_v1
q_noodles_03,50076371-efa0-482e-ba76-1f6b2194e659,16,0.35364848318774794,char_tfidf_v1
q_noodles_03,c669426f-fb7e-4fe1-bcc0-133f71cfd8f0,17,0.31604172162023597,char_tfidf_v1
q_noodles_03,ceaffbbf-995f-4cdf-957b-4ac77b2470c4,18,0.31507776931395676,char_tfidf_v1
q_noodles_03,7fde034b-96e4-455a-83e2-7b5692b96a17,19,0.299450530219886,char_tfidf_v1
q_noodles_03,a31b0428-3491-4a68-a74d-63599238ce6c,20,0.2774171739268052,char_tfidf_v1
q_noodles_03,2743811c-5e71-4d2b-aa75-1b0147d44f2d,21,0.2647539771053066,char_tfidf_v1
q_noodles_03,c111ac9d-3f3a-405c-a8db-4d127ccda9e2,22,0.26308278305534805,char_tfidf_v1
q_noodles_03,2056c69e-64b4-4b28-8ce2-800cbcec3e25,23,0.24907194729622903,char_tfidf_v1
q_noodles_03,24456103-f6b8-46af-8655-82e61d7265d8,24,0.24225552464460687,char_tfidf_v1
q_noodles_03,be9f8c61-892c-48ed-a49d-b63bd032c025,25,0.1877942675054214,char_tfidf_v1
q_noodles_03,c2cc2bc0-4145-46ee-8d0b-d896b3678f65,26,0.17823160474166316,char_tfidf_v1
q_noodles_03,ed6dede5-baee-433a-aedd-0a100ca15766,27,0.17254458323355762,char_tfidf_v1
q_noodles_03,842f6cf1-6411-4f4b-be23-746d79e31656,28,0.1720170949835389,char_tfidf_v1
q_noodles_03,06261986-3eba-4244-b63f-397460d82f4a,29,0.1688404570118842,char_tfidf_v1
q_noodles_03,3f21ef87-725f-4fa7-87a4-cd5ac3aad800,30,0.16568832053310772,char_tfidf_v1
q_noodles_03,2e1ccab1-1759-4b92-bea1-7ec4dd9edfa7,31,0.1643230255451112,char_tfidf_v1
q_noodles_03,90376d82-87fd-4a8d-99b7-9c03ee2815b1,32,0.16400760000730957,char_tfidf_v1
q_noodles_03,8adecf0d-4704-4e39-bdf9-464893460319,33,0.15607352039068068,char_tfidf_v1
q_noodles_03,b804cf3f-f859-49e9-ac04-446dea87c7ef,34,0.1524567583294589,char_tfidf_v1
q_noodles_03,ca20e919-c230-4065-afc1-e4b2b1ff9ffc,35,0.14372880373477284,char_tfidf_v1
q_noodles_03,4006da5c-bdca-4cac-a2e6-62e108658508,36,0.14335547699939713,char_tfidf_v1
q_noodles_03,af841040-0055-4f95-bbe1-b98bb9cf9b59,37,0.13891977050644577,char_tfidf_v1
q_noodles_03,1a03adef-4cb8-42ae-89ab-487ca61d5a35,38,0.13711579167668575,char_tfidf_v1
q_noodles_03,bccf2da8-aad7-4c8b-beaf-19a0a0a7eea9,39,0.13681206923983805,char_tfidf_v1
q_noodles_03,1d8d579f-fef4-4b58-846e-6a7924e3230a,40,0.13499411618352622,char_tfidf_v1
q_noodles_04,07e6317e-8529-4a99-b6ff-6463affed556,1,0.7567193093368885,char_tfidf_v1
q_noodles_04,540c3f3d-5db4-493d-bbfe-78754e50f761,2,0.6047931847280137,char_tfidf_v1
q_noodles_04,96929dc7-3532-4592-a918-529a77ceac89,3,0.5833968511340178,char_tfidf_v1
q_noodles_04,a3666bb6-07d6-49b3-b68a-bc8855582f8a,4,0.5716214792171902,char_tfidf_v1
q_noodles_04,082318d1-b53c-40e8-9a48-18eb2a490e1a,5,0.5716214792171902,char_tfidf_v1
q_noodles_04,dc63224f-52dc-4f44-b291-1b54f2e8df7c,6,0.5583905721999886,char_tfidf_v1
q_noodles_04,d18c17e3-9f8f-4dce-bfae-024689a1bdf4,7,0.5557374870920685,char_tfidf_v1
q_noodles_04,dde74325-8f92-4321-9ce6-52d069e55acb,8,0.49325157651765134,char_tfidf_v1
q_noodles_04,4f20341f-a11c-45c4-ad42-332bea16ee8a,9,0.48405411523470615,char_tfidf_v1
q_noodles_04,f0b7a128-54c5-4412-9bc8-621abd6f7c7c,10,0.48345352081522897,char_tfidf_v1
q_noodles_04,3086efe6-0293-476f-a32f-35d8522477d2,11,0.4690532116168048,char_tfidf_v1
q_noodles_04,465db8aa-dcb7-42ef-81c7-c45577529e34,12,0.4511785873319755,char_tfidf_v1
q_noodles_04,0df3eced-9f53-4b4c-9218-80455bc5ca93,13,0.39239026951805656,char_tfidf_v1
q_noodles_04,1b48a4ae-094d-42ca-a00a-79dad4238a1c,14,0.390717794181357,char_tfidf_v1
q_noodles_04,50076371-efa0-482e-ba76-1f6b2194e659,15,0.3822581492537292,char_tfidf_v1
q_noodles_04,c669426f-fb7e-4fe1-bcc0-133f71cfd8f0,16,0.34160905344354964,char_tfidf_v1
q_noodles_04,ceaffbbf-995f-4cdf-957b-4ac77b2470c4,17,0.3405671187482677,char_tfidf_v1
q_noodles_04,7fde034b-96e4-455a-83e2-7b5692b96a17,18,0.32367565793893727,char_tfidf_v1
q_noodles_04,a31b0428-3491-4a68-a74d-63599238ce6c,19,0.29985983403797717,char_tfidf_v1
q_noodles_04,2056c69e-64b4-4b28-8ce2-800cbcec3e25,20,0.2692215183457554,char_tfidf_v1
q_noodles_04,c2cc2bc0-4145-46ee-8d0b-d896b3678f65,21,0.1926502914785602,char_tfidf_v1
q_noodles_04,ed6dede5-baee-433a-aedd-0a100ca15766,22,0.18650319791022593,char_tfidf_v1
q_noodles_04,3f21ef87-725f-4fa7-87a4-cd5ac3aad800,23,0.17909227317771415,char_tfidf_v1
q_noodles_04,2e1ccab1-1759-4b92-bea1-7ec4dd9edfa7,24,0.17761652774091025,char_tfidf_v1
q_noodles_04,90376d82-87fd-4a8d-99b7-9c03ee2815b1,25,0.1772755847196916,char_tfidf_v1
q_noodles_04,8adecf0d-4704-4e39-bdf9-464893460319,26,0.168699649194827,char_tfidf_v1
q_noodles_04,b804cf3f-f859-49e9-ac04-446dea87c7ef,27,0.1647902961577329,char_tfidf_v1
q_noodles_04,37f4da31-01d0-4a5e-beb6-00bbe79abc0d,28,0.1625480870131206,char_tfidf_v1
q_noodles_04,ca20e919-c230-4065-afc1-e4b2b1ff9ffc,29,0.15535626228301658,char_tfidf_v1
q_noodles_04,4006da5c-bdca-4cac-a2e6-62e108658508,30,0.1549527339385845,char_tfidf_v1
q_noodles_04,8f69b854-2bb1-4c60-9270-208d55b08d3f,31,0.1548720085052361,char_tfidf_v1
q_noodles_04,62f8146c-aa85-4d94-9947-0f19fd052da5,32,0.1510636786943029,char_tfidf_v1
q_noodles_04,1a03adef-4cb8-42ae-89ab-487ca61d5a35,33,0.1482082668285162,char_tfidf_v1
q_noodles_04,bccf2da8-aad7-4c8b-beaf-19a0a0a7eea9,34,0.1478799736726974,char_tfidf_v1
q_noodles_04,1d8d579f-fef4-4b58-846e-6a7924e3230a,35,0.14591495076500124,char_tfidf_v1
q_noodles_04,ea978e87-2e72-4f37-a3d1-fc3ec44cc23a,36,0.1453945010239035,char_tfidf_v1
q_noodles_04,04af378c-87c3-494e-b9b2-1c0232b07f5e,37,0.14528806794559088,char_tfidf_v1
q_noodles_04,2dca3187-cb9a-4a1f-a639-7092a0e9fcfb,38,0.14127464491876848,char_tfidf_v1
q_noodles_04,e84f10ea-1a03-4e21-b777-e72ceb2834e5,39,0.14044239214386117,char_tfidf_v1
q_noodles_04,aa405760-bfe9-433c-8bbc-1be195bb6ced,40,0.13886471599550454,char_tfidf_v1
q_pork_cutlet_01,feb74da7-483a-4654-b85f-35828f4a068e,1,0.953469242489903,char_tfidf_v1
q_pork_cutlet_01,022aa88a-4fef-445a-baba-83a8de201d44,2,0.9357511652169895,char_tfidf_v1
q_pork_cutlet_01,ca91e2c1-6d72-453f-8f01-5ceba3b0115a,3,0.9289982943802417,char_tfidf_v1
q_pork_cutlet_01,445c157c-fa33-492e-9dad-43b744e3476e,4,0.9136647914347394,char_tfidf_v1
q_pork_cutlet_01,42db434b-9bc1-4c68-b760-8548a32a3da2,5,0.9119297955315466,char_tfidf_v1
q_pork_cutlet_01,55df2868-59ed-4245-a236-8f3d3c7399de,6,0.9106068898129092,char_tfidf_v1
q_pork_cutlet_01,217afd8e-35e9-4db8-a90d-1edd566aa5a5,7,0.9047443043421041,char_tfidf_v1
q_pork_cutlet_01,919b147a-bc44-43df-8bb7-c718189415bf,8,0.90466544097548,char_tfidf_v1
q_pork_cutlet_01,9bd99d8a-103c-44bb-9fb8-998df4e14e77,9,0.8994353436684213,char_tfidf_v1
q_pork_cutlet_01,8982a8d2-fffb-4de8-8d8b-9c223611bd0f,10,0.898921019703432,char_tfidf_v1
q_pork_cutlet_01,2818030f-5603-4e54-970b-5bc7909edf58,11,0.8954094319940171,char_tfidf_v1
q_pork_cutlet_01,ef9d297b-3674-4a64-9ba6-a98efeb46899,12,0.8931117324613389,char_tfidf_v1
q_pork_cutlet_01,5cb12b9d-3ae9-4ed4-85b5-2900ceaa9ffe,13,0.891989263528399,char_tfidf_v1
q_pork_cutlet_01,315bbfe2-1c10-4ae5-81fe-94e3b89e1d57,14,0.8900885817702074,char_tfidf_v1
q_pork_cutlet_01,15043e8b-d1e1-4e80-8902-fc7f21f28f0c,15,0.888889473111853,char_tfidf_v1
q_pork_cutlet_01,468bcac3-6c75-4575-83c8-30cb9b2f78c5,16,0.887125426534466,char_tfidf_v1
q_pork_cutlet_01,ee751214-4261-4387-a5bf-955bdba58240,17,0.8765879380758105,char_tfidf_v1
q_pork_cutlet_01,818f30b1-bc79-45b5-8a1b-07e75d22b5f8,18,0.8745579908280142,char_tfidf_v1
q_pork_cutlet_01,77d51f1c-c8d4-4bd4-9883-f8c24a361c33,19,0.8718201581682405,char_tfidf_v1
q_pork_cutlet_01,2aa275de-9340-4e3e-aa03-da6018e17de6,20,0.8657009010174402,char_tfidf_v1
q_pork_cutlet_01,8b06f1bd-5cc0-4a7d-9af3-11e5e794bd57,21,0.8656598374646326,char_tfidf_v1
q_pork_cutlet_01,3a7ec82c-a648-44e1-865c-aedab180585c,22,0.8655601992130375,char_tfidf_v1
q_pork_cutlet_01,2c3369b2-0039-424d-ae93-8752e851eca9,23,0.8650348870627446,char_tfidf_v1
q_pork_cutlet_01,087d5a4c-e66a-44cd-92bf-f0c9dd1c07e3,24,0.8634091960545616,char_tfidf_v1
q_pork_cutlet_01,12410d6f-fc90-41c8-b0fe-427e73473c32,25,0.8633703712360149,char_tfidf_v1
q_pork_cutlet_01,f2013bc4-89ef-4bb0-8f98-3455a6393571,26,0.8574608038143562,char_tfidf_v1
q_pork_cutlet_01,b8f2f65b-5e8b-4216-b032-03cd94397e70,27,0.8563152119781258,char_tfidf_v1
q_pork_cutlet_01,62c26e13-925d-4bd2-9563-3c0362069e44,28,0.8544892817536679,char_tfidf_v1
q_pork_cutlet_01,afb78af4-6b4d-4b1f-b4da-edbaa12fe45d,29,0.8455362024245494,char_tfidf_v1
q_pork_cutlet_01,23138dc4-fb7a-4233-987d-979a4f054844,30,0.8416174494682694,char_tfidf_v1
q_pork_cutlet_01,68778bd6-216f-4b4d-b71f-f55e99367d2b,31,0.8356875194251704,char_tfidf_v1
q_pork_cutlet_01,b1373e67-723f-4079-8b03-830e64443e37,32,0.8356614616654172,char_tfidf_v1
q_pork_cutlet_01,ea6ad509-ab64-4b43-bf40-7023103d3b3e,33,0.8348682956439947,char_tfidf_v1
q_pork_cutlet_01,fd124d67-c83c-4982-94da-9d9532506106,34,0.8335148818686616,char_tfidf_v1
q_pork_cutlet_01,6786ef16-22eb-46f7-93ac-b50c9de62f50,35,0.8244453307608217,char_tfidf_v1
q_pork_cutlet_01,1c59b3d2-5e4e-4b04-862e-ece897e00ed3,36,0.8244453307608217,char_tfidf_v1
q_pork_cutlet_01,70e1f7d2-5cde-4fed-84b2-07ee7677f267,37,0.8188966867815057,char_tfidf_v1
q_pork_cutlet_01,4f3cb4d3-443a-4301-bb2b-8055ed939955,38,0.8172309085402083,char_tfidf_v1
q_pork_cutlet_01,c7e23c64-16e4-440a-9286-a88253b601ea,39,0.8148179876050197,char_tfidf_v1
q_pork_cutlet_01,33062b8a-eaf5-4600-b5da-256d02309853,40,0.8137735658640656,char_tfidf_v1
q_pork_cutlet_02,1db3e9b6-a921-48b9-ae29-5562be966e5a,1,0.5959462059724677,char_tfidf_v1
q_pork_cutlet_02,b0e51d95-4fa0-40c1-a735-accf174fb065,2,0.5720690742602289,char_tfidf_v1
q_pork_cutlet_02,ae147dd1-95e9-41e4-95fe-4fd4bd501320,3,0.5463203740660509,char_tfidf_v1
q_pork_cutlet_02,a6ce39d2-ba60-498b-bee0-eeebfc07a619,4,0.5429713270776128,char_tfidf_v1
q_pork_cutlet_02,80200b2c-9063-48e9-8824-8c506e092981,5,0.5425836123890727,char_tfidf_v1
q_pork_cutlet_02,3c9b78e3-3a87-4311-9677-ca9e4a65c6f3,6,0.5398168233654393,char_tfidf_v1
q_pork_cutlet_02,b2950296-e136-41a9-a5a4-8af373128253,7,0.5390079224999443,char_tfidf_v1
q_pork_cutlet_02,15793536-4d66-4463-beda-8fd89d9aeceb,8,0.5369463472374527,char_tfidf_v1
q_pork_cutlet_02,b1fbb3dd-28c7-40ee-a35f-e9a3eefbec70,9,0.5335373321685489,char_tfidf_v1
q_pork_cutlet_02,0e58b6a8-b04a-4d2b-a1e5-df3139446df8,10,0.5281267770861885,char_tfidf_v1
q_pork_cutlet_02,5b1a58dc-0af6-4026-aa6b-ada8a321313f,11,0.5218587626280505,char_tfidf_v1
q_pork_cutlet_02,b85d5c7d-4f90-4bbd-9df2-a3312cdd815f,12,0.5109323750574033,char_tfidf_v1
q_pork_cutlet_02,4785f48f-d16a-4e16-b435-03f0623c35e5,13,0.5101992296667217,char_tfidf_v1
q_pork_cutlet_02,d754f83d-c696-4751-be30-82ae40e1246e,14,0.5075717789168193,char_tfidf_v1
q_pork_cutlet_02,f42bc04e-4220-4ad0-a994-19252abab3f8,15,0.5008609135650599,char_tfidf_v1
q_pork_cutlet_02,7371262b-0647-41e0-8484-7a101c42abae,16,0.5005253162390704,char_tfidf_v1
q_pork_cutlet_02,6def27d1-9bec-43da-bbf5-0798fc99c3a1,17,0.49858254589294276,char_tfidf_v1
q_pork_cutlet_02,89a761c6-b571-40d9-873c-743fb2e68490,18,0.49820534883207246,char_tfidf_v1
q_pork_cutlet_02,065b7b13-3b93-45e7-b5c0-3f58a16a5304,19,0.49731525151147615,char_tfidf_v1
q_pork_cutlet_02,4aa60785-0702-4dd7-b6b5-79832e4a14e8,20,0.4914059313843557,char_tfidf_v1
q_pork_cutlet_02,af81a97f-b6c9-44f1-a25b-812693a27ec2,21,0.48802025298436713,char_tfidf_v1
q_pork_cutlet_02,67ec1139-8647-43da-bf67-a2c1c3e08345,22,0.487947390367892,char_tfidf_v1
q_pork_cutlet_02,cbd92d3f-e153-4834-afbf-00be06bf13f4,23,0.48751596470985725,char_tfidf_v1
q_pork_cutlet_02,878eb631-cd6c-45f5-9c48-41a65d2aa923,24,0.48604110898716374,char_tfidf_v1
q_pork_cutlet_02,f53f6543-a9d7-40cb-b57e-2de27d4e0aec,25,0.4838453719336548,char_tfidf_v1
q_pork_cutlet_02,0275dd99-6f46-4fdd-bda5-e44aa68c6fa1,26,0.47643384368045694,char_tfidf_v1
q_pork_cutlet_02,343e7bae-1911-471a-ada2-f2aa0ff4ba77,27,0.47143740773006726,char_tfidf_v1
q_pork_cutlet_02,a4192311-0369-4487-9216-d1200beca4cb,28,0.4705247682953971,char_tfidf_v1
q_pork_cutlet_02,35c98b46-f632-4763-b92d-23f9f216522c,29,0.4692191484245521,char_tfidf_v1
q_pork_cutlet_02,b8acadf0-a265-4914-a161-a19792a480d9,30,0.46791759157054574,char_tfidf_v1
q_pork_cutlet_02,41e07423-cfaf-46e6-8a16-d264d2740d5b,31,0.4633553835034372,char_tfidf_v1
q_pork_cutlet_02,fefb9027-f3e7-4ad5-9a85-9dd4331a418e,32,0.4604787033014176,char_tfidf_v1
q_pork_cutlet_02,3b9b4b3c-1166-42ba-9887-c60c8f65d5e6,33,0.4555832698289825,char_tfidf_v1
q_pork_cutlet_02,cb7a24e3-c764-4c63-9848-6e1d18b45b13,34,0.4541594657737138,char_tfidf_v1
q_pork_cutlet_02,8bcd88ab-8fbb-421d-8317-828d466de81b,35,0.4523084843846286,char_tfidf_v1
q_pork_cutlet_02,cb98bb6a-a348-4819-a22d-0297691fce25,36,0.45182919589771775,char_tfidf_v1
q_pork_cutlet_02,01ae42ea-516f-48b6-b198-376d1a40e55a,37,0.45050164422346395,char_tfidf_v1
q_pork_cutlet_02,449c0e52-6141-4074-9396-0a82956571cc,38,0.4466397798772815,char_tfidf_v1
q_pork_cutlet_02,92e9e350-7242-49ff-abda-917512e1e8e0,39,0.4436816795762737,char_tfidf_v1
q_pork_cutlet_02,8e025656-ac62-4205-9989-60df33fd5c6f,40,0.4412676228570593,char_tfidf_v1
q_pork_cutlet_03,8982a8d2-fffb-4de8-8d8b-9c223611bd0f,1,0.64072683276636,char_tfidf_v1
q_pork_cutlet_03,feb74da7-483a-4654-b85f-35828f4a068e,2,0.6391729830227277,char_tfidf_v1
q_pork_cutlet_03,022aa88a-4fef-445a-baba-83a8de201d44,3,0.6272953934799531,char_tfidf_v1
q_pork_cutlet_03,ca91e2c1-6d72-453f-8f01-5ceba3b0115a,4,0.6227685011541768,char_tfidf_v1
q_pork_cutlet_03,445c157c-fa33-492e-9dad-43b744e3476e,5,0.6124894482166425,char_tfidf_v1
q_pork_cutlet_03,42db434b-9bc1-4c68-b760-8548a32a3da2,6,0.6113263666429989,char_tfidf_v1
q_pork_cutlet_03,55df2868-59ed-4245-a236-8f3d3c7399de,7,0.6104395361541295,char_tfidf_v1
q_pork_cutlet_03,217afd8e-35e9-4db8-a90d-1edd566aa5a5,8,0.6065094605139183,char_tfidf_v1
q_pork_cutlet_03,919b147a-bc44-43df-8bb7-c718189415bf,9,0.6064565932256513,char_tfidf_v1
q_pork_cutlet_03,9bd99d8a-103c-44bb-9fb8-998df4e14e77,10,0.6029505158942818,char_tfidf_v1
q_pork_cutlet_03,2818030f-5603-4e54-970b-5bc7909edf58,11,0.6002516831898359,char_tfidf_v1
q_pork_cutlet_03,ef9d297b-3674-4a64-9ba6-a98efeb46899,12,0.5987113844586922,char_tfidf_v1
q_pork_cutlet_03,5cb12b9d-3ae9-4ed4-85b5-2900ceaa9ffe,13,0.5979589198963914,char_tfidf_v1
q_pork_cutlet_03,315bbfe2-1c10-4ae5-81fe-94e3b89e1d57,14,0.5966847682247676,char_tfidf_v1
q_pork_cutlet_03,15043e8b-d1e1-4e80-8902-fc7f21f28f0c,15,0.5958809270267786,char_tfidf_v1
q_pork_cutlet_03,468bcac3-6c75-4575-83c8-30cb9b2f78c5,16,0.5946983708804314,char_tfidf_v1
q_pork_cutlet_03,ee751214-4261-4387-a5bf-955bdba58240,17,0.587634401083044,char_tfidf_v1
q_pork_cutlet_03,818f30b1-bc79-45b5-8a1b-07e75d22b5f8,18,0.5862735942736241,char_tfidf_v1
q_pork_cutlet_03,77d51f1c-c8d4-4bd4-9883-f8c24a361c33,19,0.5844382454336398,char_tfidf_v1
q_pork_cutlet_03,2aa275de-9340-4e3e-aa03-da6018e17de6,20,0.5803361059280736,char_tfidf_v1
q_pork_cutlet_03,8b06f1bd-5cc0-4a7d-9af3-11e5e794bd57,21,0.5803085783347628,char_tfidf_v1
q_pork_cutlet_03,3a7ec82c-a648-44e1-865c-aedab180585c,22,0.5802417842782195,char_tfidf_v1
q_pork_cutlet_03,2c3369b2-0039-424d-ae93-8752e851eca9,23,0.5798896330821893,char_tfidf_v1
q_pork_cutlet_03,087d5a4c-e66a-44cd-92bf-f0c9dd1c07e3,24,0.5787998257503238,char_tfidf_v1
q_pork_cutlet_03,12410d6f-fc90-41c8-b0fe-427e73473c32,25,0.5787737989274544,char_tfidf_v1
q_pork_cutlet_03,f2013bc4-89ef-4bb0-8f98-3455a6393571,26,0.5748122282034617,char_tfidf_v1
q_pork_cutlet_03,b8f2f65b-5e8b-4216-b032-03cd94397e70,27,0.5740442628421693,char_tfidf_v1
q_pork_cutlet_03,62c26e13-925d-4bd2-9563-3c0362069e44,28,0.5728202220274806,char_tfidf_v1
q_pork_cutlet_03,afb78af4-6b4d-4b1f-b4da-edbaa12fe45d,29,0.5668183856105157,char_tfidf_v1
q_pork_cutlet_03,23138dc4-fb7a-4233-987d-979a4f054844,30,0.5641913884246875,char_tfidf_v1
q_pork_cutlet_03,68778bd6-216f-4b4d-b71f-f55e99367d2b,31,0.5602161672997086,char_tfidf_v1
q_pork_cutlet_03,b1373e67-723f-4079-8b03-830e64443e37,32,0.560198699073897,char_tfidf_v1
q_pork_cutlet_03,ea6ad509-ab64-4b43-bf40-7023103d3b3e,33,0.5596669878562166,char_tfidf_v1
q_pork_cutlet_03,fd124d67-c83c-4982-94da-9d9532506106,34,0.5587597058155452,char_tfidf_v1
q_pork_cutlet_03,1c59b3d2-5e4e-4b04-862e-ece897e00ed3,35,0.5526797907244859,char_tfidf_v1
q_pork_cutlet_03,6786ef16-22eb-46f7-93ac-b50c9de62f50,36,0.5526797907244859,char_tfidf_v1
q_pork_cutlet_03,70e1f7d2-5cde-4fed-84b2-07ee7677f267,37,0.548960170661306,char_tfidf_v1
q_pork_cutlet_03,4f3cb4d3-443a-4301-bb2b-8055ed939955,38,0.5478434902272691,char_tfidf_v1
q_pork_cutlet_03,c7e23c64-16e4-440a-9286-a88253b601ea,39,0.5462259510312327,char_tfidf_v1
q_pork_cutlet_03,33062b8a-eaf5-4600-b5da-256d02309853,40,0.5455258066217958,char_tfidf_v1
q_pork_cutlet_04,1db3e9b6-a921-48b9-ae29-5562be966e5a,1,0.7608607100138208,char_tfidf_v1
q_pork_cutlet_04,b0e51d95-4fa0-40c1-a735-accf174fb065,2,0.7519527305422551,char_tfidf_v1
q_pork_cutlet_04,a6ce39d2-ba60-498b-bee0-eeebfc07a619,3,0.7375834800461596,char_tfidf_v1
q_pork_cutlet_04,15793536-4d66-4463-beda-8fd89d9aeceb,4,0.72939902282697,char_tfidf_v1
q_pork_cutlet_04,ae147dd1-95e9-41e4-95fe-4fd4bd501320,5,0.7181075074912383,char_tfidf_v1
q_pork_cutlet_04,80200b2c-9063-48e9-8824-8c506e092981,6,0.7131957437325995,char_tfidf_v1
q_pork_cutlet_04,3c9b78e3-3a87-4311-9677-ca9e4a65c6f3,7,0.7095589546545572,char_tfidf_v1
q_pork_cutlet_04,b2950296-e136-41a9-a5a4-8af373128253,8,0.7084956998101426,char_tfidf_v1
q_pork_cutlet_04,b1fbb3dd-28c7-40ee-a35f-e9a3eefbec70,9,0.7013049154757678,char_tfidf_v1
q_pork_cutlet_04,0e58b6a8-b04a-4d2b-a1e5-df3139446df8,10,0.6941930441109478,char_tfidf_v1
q_pork_cutlet_04,b85d5c7d-4f90-4bbd-9df2-a3312cdd815f,11,0.6940611050152582,char_tfidf_v1
q_pork_cutlet_04,4785f48f-d16a-4e16-b435-03f0623c35e5,12,0.6930651851541686,char_tfidf_v1
q_pork_cutlet_04,d754f83d-c696-4751-be30-82ae40e1246e,13,0.6894960017164474,char_tfidf_v1
q_pork_cutlet_04,f42bc04e-4220-4ad0-a994-19252abab3f8,14,0.6803798234333089,char_tfidf_v1
q_pork_cutlet_04,7371262b-0647-41e0-8484-7a101c42abae,15,0.6799239410851012,char_tfidf_v1
q_pork_cutlet_04,4aa60785-0702-4dd7-b6b5-79832e4a14e8,16,0.6675359800978735,char_tfidf_v1
q_pork_cutlet_04,67ec1139-8647-43da-bf67-a2c1c3e08345,17,0.6628378264540421,char_tfidf_v1
q_pork_cutlet_04,89a761c6-b571-40d9-873c-743fb2e68490,18,0.6548630039291711,char_tfidf_v1
q_pork_cutlet_04,065b7b13-3b93-45e7-b5c0-3f58a16a5304,19,0.6536930208960274,char_tfidf_v1
q_pork_cutlet_04,af81a97f-b6c9-44f1-a25b-812693a27ec2,20,0.6414752663671985,char_tfidf_v1
q_pork_cutlet_04,cbd92d3f-e153-4834-afbf-00be06bf13f4,21,0.6408124076984466,char_tfidf_v1
q_pork_cutlet_04,878eb631-cd6c-45f5-9c48-41a65d2aa923,22,0.6388737925246246,char_tfidf_v1
q_pork_cutlet_04,35c98b46-f632-4763-b92d-23f9f216522c,23,0.6373969952741289,char_tfidf_v1
q_pork_cutlet_04,f53f6543-a9d7-40cb-b57e-2de27d4e0aec,24,0.6359876192507521,char_tfidf_v1
q_pork_cutlet_04,b8acadf0-a265-4914-a161-a19792a480d9,25,0.6150514448018797,char_tfidf_v1
q_pork_cutlet_04,cb98bb6a-a348-4819-a22d-0297691fce25,26,0.6137741241151393,char_tfidf_v1
q_pork_cutlet_04,41e07423-cfaf-46e6-8a16-d264d2740d5b,27,0.6090546780341594,char_tfidf_v1
q_pork_cutlet_04,fefb9027-f3e7-4ad5-9a85-9dd4331a418e,28,0.6052734431621245,char_tfidf_v1
q_pork_cutlet_04,a4192311-0369-4487-9216-d1200beca4cb,29,0.6007317534644459,char_tfidf_v1
q_pork_cutlet_04,3b9b4b3c-1166-42ba-9887-c60c8f65d5e6,30,0.5988386702781929,char_tfidf_v1
q_pork_cutlet_04,cb7a24e3-c764-4c63-9848-6e1d18b45b13,31,0.5969671596594781,char_tfidf_v1
q_pork_cutlet_04,8bcd88ab-8fbb-421d-8317-828d466de81b,32,0.5945341483810667,char_tfidf_v1
q_pork_cutlet_04,cd3e37c2-e7cc-43cd-bd86-31609eb99624,33,0.5941632027067475,char_tfidf_v1
q_pork_cutlet_04,56951967-2183-41d5-8661-8e863e2c338b,34,0.5884827528669355,char_tfidf_v1
q_pork_cutlet_04,92e9e350-7242-49ff-abda-917512e1e8e0,35,0.5876937240510608,char_tfidf_v1
q_pork_cutlet_04,e697dd65-59be-407f-ad5c-3fbba608d4d1,36,0.5842473140987605,char_tfidf_v1
q_pork_cutlet_04,0cdf9057-5a50-437b-919e-4a51992e7757,37,0.5823681055699846,char_tfidf_v1
q_pork_cutlet_04,8e025656-ac62-4205-9989-60df33fd5c6f,38,0.5800215548032184,char_tfidf_v1
q_pork_cutlet_04,01ae42ea-516f-48b6-b198-376d1a40e55a,39,0.5751676870346486,char_tfidf_v1
q_pork_cutlet_04,9dd887d9-c1a7-4855-af42-e593a918c44c,40,0.5715728011012929,char_tfidf_v1
q_dumpling_01,571474ed-6214-45f9-b9e0-197221def111,1,0.9373293546955042,char_tfidf_v1
q_dumpling_01,be674521-7e1b-4b30-8ef8-2ca902b64fbc,2,0.9283542281706548,char_tfidf_v1
q_dumpling_01,2613f2dc-65bb-4746-b383-dfba0ce85bae,3,0.9248521720485263,char_tfidf_v1
q_dumpling_01,35b9e8da-b8a6-4851-baf6-2de676c05300,4,0.9212759498584245,char_tfidf_v1
q_dumpling_01,06a2e1ce-3b99-4e0f-88de-bc4e31d9f439,5,0.9083438363332671,char_tfidf_v1
q_dumpling_01,d483c4a5-fe54-4b04-b3bf-9e6ad2ffdd04,6,0.900712061206668,char_tfidf_v1
q_dumpling_01,9c45ac41-323f-44cd-8901-7b4f9793b583,7,0.8546762225653914,char_tfidf_v1
q_dumpling_01,45225395-481d-48d0-aea9-2f6620231636,8,0.8426233385798048,char_tfidf_v1
q_dumpling_01,72daf2fb-92c9-441a-9afc-1ded42c577a6,9,0.8395699035308491,char_tfidf_v1
q_dumpling_01,00e34fb5-e7d3-43aa-b574-400ee31abae5,10,0.8364592298805145,char_tfidf_v1
q_dumpling_01,5db2393c-54a9-4e60-99dc-a3f9fe8303a7,11,0.8316698656947152,char_tfidf_v1
q_dumpling_01,8d10d3b6-2dad-4572-8752-f523a8471dad,12,0.831207391910256,char_tfidf_v1
q_dumpling_01,9e0359dd-9273-45e4-81f8-1a13e80d9006,13,0.8303084282336155,char_tfidf_v1
q_dumpling_01,dc92b2eb-5979-4c3b-8d97-a2778cd127d4,14,0.8248028100535711,char_tfidf_v1
q_dumpling_01,2c385c7e-5a8b-4f70-b4b4-ef1f215b04ae,15,0.8242692356227704,char_tfidf_v1
q_dumpling_01,9954bf0c-4bb6-43e4-97a7-10ca7dcd8524,16,0.8222615578364469,char_tfidf_v1
q_dumpling_01,415808ce-735f-47c0-a5e1-739be2ae8aed,17,0.8171048242164722,char_tfidf_v1
q_dumpling_01,abcc7cbc-f5bd-4367-bc39-17dbc3212bda,18,0.8164728251357967,char_tfidf_v1
q_dumpling_01,e58bb526-8938-4ead-8609-e56a6f1c95b0,19,0.8099054801723932,char_tfidf_v1
q_dumpling_01,b712f7b9-8286-4f31-897b-90e9c75b08da,20,0.8099054801723932,char_tfidf_v1
q_dumpling_01,64e5c998-9146-41c6-8bd6-8750f32ad3ca,21,0.8049711918527532,char_tfidf_v1
q_dumpling_01,d29cd065-e326-430d-953e-fb891fb4ea82,22,0.80441663815585,char_tfidf_v1
q_dumpling_01,efb9495c-d324-4eed-b77e-3ba87b25a21f,23,0.8039625024100351,char_tfidf_v1
q_dumpling_01,b68c105d-fd16-4a58-9349-89e8342795d9,24,0.8017301758013476,char_tfidf_v1
q_dumpling_01,5726305e-0723-4eff-84a4-e6c3f120e980,25,0.7949448595423119,char_tfidf_v1
q_dumpling_01,b4704186-5a1b-4ecf-b444-9fc86c8e5b74,26,0.7932722027182629,char_tfidf_v1
q_dumpling_01,1b0032f6-1cc3-4466-ba1f-2fc85261315c,27,0.7893458794105008,char_tfidf_v1
q_dumpling_01,1293331e-0946-4848-abc1-712e344a2dc0,28,0.7890184216075735,char_tfidf_v1
q_dumpling_01,9f32988e-c732-4b7b-a9b0-9c03a8ead883,29,0.7869653669356168,char_tfidf_v1
q_dumpling_01,f12f1f14-4aff-4465-a716-65c90e4239a3,30,0.7816190459443781,char_tfidf_v1
q_dumpling_01,be81d247-2f6e-4668-9231-3123bfc315a7,31,0.780496537953442,char_tfidf_v1
q_dumpling_01,f489394a-a57d-48fc-bd75-cf310dc998f2,32,0.7790983403393822,char_tfidf_v1
q_dumpling_01,41f7e55d-ee69-431a-b571-6156eed34b3e,33,0.7779596551383368,char_tfidf_v1
q_dumpling_01,94d2ec71-9ec2-4344-b354-83ed89e054d6,34,0.7767835768690727,char_tfidf_v1
q_dumpling_01,d1075d91-769e-48d8-ace0-b0081423b8b5,35,0.7763373104796668,char_tfidf_v1
q_dumpling_01,a7b36306-b9cd-4a7b-b0b3-044e82b90810,36,0.7713968876054718,char_tfidf_v1
q_dumpling_01,4984470e-4501-4e34-91b3-7a153e6674d7,37,0.7674860848787308,char_tfidf_v1
q_dumpling_01,ae7f51ec-722f-4c96-b9aa-7cdd58cc3616,38,0.7608153958167727,char_tfidf_v1
q_dumpling_01,472ef84c-d521-4fd7-9e50-2c489d103e44,39,0.7581038323581903,char_tfidf_v1
q_dumpling_01,3b91ec2a-2606-41d3-9120-a40662269044,40,0.7559157650088301,char_tfidf_v1
q_dumpling_02,e73659d1-e350-45c3-85f0-40c14b45fcf9,1,0.7061064925085967,char_tfidf_v1
q_dumpling_02,7a934506-5caa-4ff3-92be-c8f37162e514,2,0.6819255739497613,char_tfidf_v1
q_dumpling_02,1fd43d34-2537-457b-817f-3e6bb73637f6,3,0.6634787523828847,char_tfidf_v1
q_dumpling_02,cadd5f0a-1af2-493b-865f-028cfdeeb66c,4,0.6630056461802263,char_tfidf_v1
q_dumpling_02,6fc18b68-c121-428b-bc86-c8b4218c5a5a,5,0.5994057295861868,char_tfidf_v1
q_dumpling_02,85a1e41e-e9c9-414d-8a3b-6e82528f9ecf,6,0.4822864196883013,char_tfidf_v1
q_dumpling_02,438010ed-dc20-4ed7-a10e-6ffc74dfc653,7,0.4804372803946745,char_tfidf_v1
q_dumpling_02,82280989-efaf-4556-b672-d13da23b8ed3,8,0.4419899403261801,char_tfidf_v1
q_dumpling_02,571474ed-6214-45f9-b9e0-197221def111,9,0.37429073771846766,char_tfidf_v1
q_dumpling_02,72daf2fb-92c9-441a-9afc-1ded42c577a6,10,0.3352538112506545,char_tfidf_v1
q_dumpling_02,b712f7b9-8286-4f31-897b-90e9c75b08da,11,0.3234083282865193,char_tfidf_v1
q_dumpling_02,e58bb526-8938-4ead-8609-e56a6f1c95b0,12,0.3234083282865193,char_tfidf_v1
q_dumpling_02,d29cd065-e326-430d-953e-fb891fb4ea82,13,0.321216545091743,char_tfidf_v1
q_dumpling_02,efb9495c-d324-4eed-b77e-3ba87b25a21f,14,0.32103520135970914,char_tfidf_v1
q_dumpling_02,4d2a1f31-508c-47a3-a97e-ebe7d01f06fa,15,0.32018689209779055,char_tfidf_v1
q_dumpling_02,1293331e-0946-4848-abc1-712e344a2dc0,16,0.31506778873141816,char_tfidf_v1
q_dumpling_02,ae7f51ec-722f-4c96-b9aa-7cdd58cc3616,17,0.3038058653997191,char_tfidf_v1
q_dumpling_02,c07afe1a-b25c-4a3a-9ecd-6cab37a7a80b,18,0.2971941963473753,char_tfidf_v1
q_dumpling_02,cdbe8d0e-6d65-452f-86ec-1e65bdf1433e,19,0.2893938484926004,char_tfidf_v1
q_dumpling_02,1c1864aa-b052-4d45-8943-be4108ca4f89,20,0.2788963321608009,char_tfidf_v1
q_dumpling_02,5ed17e15-701d-4757-a148-4d7cf6e7b74c,21,0.2778052175961139,char_tfidf_v1
q_dumpling_02,be674521-7e1b-4b30-8ef8-2ca902b64fbc,22,0.2694161515154701,char_tfidf_v1
q_dumpling_02,2613f2dc-65bb-4746-b383-dfba0ce85bae,23,0.26839982557631403,char_tfidf_v1
q_dumpling_02,35b9e8da-b8a6-4851-baf6-2de676c05300,24,0.26736197602472633,char_tfidf_v1
q_dumpling_02,06a2e1ce-3b99-4e0f-88de-bc4e31d9f439,25,0.2636089686583737,char_tfidf_v1
q_dumpling_02,d77ff04d-e52c-47db-9c1e-b91316af79c3,26,0.26022848706446366,char_tfidf_v1
q_dumpling_02,da50e53b-e81b-4b60-acc7-2baf1c4a94cb,27,0.2592527910948315,char_tfidf_v1
q_dumpling_02,d483c4a5-fe54-4b04-b3bf-9e6ad2ffdd04,28,0.2563560799098688,char_tfidf_v1
q_dumpling_02,3ff65f10-3c1c-4f65-acaf-3521fc073fd8,29,0.25404171648092183,char_tfidf_v1
q_dumpling_02,13df0160-b540-49b3-a9bf-6747e4db86c0,30,0.25299015920926343,char_tfidf_v1
q_dumpling_02,9c45ac41-323f-44cd-8901-7b4f9793b583,31,0.24803417885981655,char_tfidf_v1
q_dumpling_02,45225395-481d-48d0-aea9-2f6620231636,32,0.24453633125001145,char_tfidf_v1
q_dumpling_02,fdfe5543-5694-4c18-96ed-5304f870e60f,33,0.2434367171396516,char_tfidf_v1
q_dumpling_02,00e34fb5-e7d3-43aa-b574-400ee31abae5,34,0.24274745541695975,char_tfidf_v1
q_dumpling_02,456f33f9-972a-4262-8555-d88f15671df7,35,0.24243197656648033,char_tfidf_v1
q_dumpling_02,4984470e-4501-4e34-91b3-7a153e6674d7,36,0.24140150645333044,char_tfidf_v1
q_dumpling_02,5db2393c-54a9-4e60-99dc-a3f9fe8303a7,37,0.24135754192490116,char_tfidf_v1
q_dumpling_02,8d10d3b6-2dad-4572-8752-f523a8471dad,38,0.24122332816962877,char_tfidf_v1
q_dumpling_02,9e0359dd-9273-45e4-81f8-1a13e80d9006,39,0.24096244140166523,char_tfidf_v1
q_dumpling_02,dc92b2eb-5979-4c3b-8d97-a2778cd127d4,40,0.23936466501763992,char_tfidf_v1
q_dumpling_03,571474ed-6214-45f9-b9e0-197221def111,1,0.5138610279970822,char_tfidf_v1
q_dumpling_03,be674521-7e1b-4b30-8ef8-2ca902b64fbc,2,0.5089407001322186,char_tfidf_v1
q_dumpling_03,2613f2dc-65bb-4746-b383-dfba0ce85bae,3,0.5070208091675266,char_tfidf_v1
q_dumpling_03,35b9e8da-b8a6-4851-baf6-2de676c05300,4,0.5050602590132549,char_tfidf_v1
q_dumpling_03,76a3551b-dae4-4326-92cc-662015aedbfb,5,0.499304677337475,char_tfidf_v1
q_dumpling_03,06a2e1ce-3b99-4e0f-88de-bc4e31d9f439,6,0.4979706387885996,char_tfidf_v1
q_dumpling_03,d483c4a5-fe54-4b04-b3bf-9e6ad2ffdd04,7,0.4937867606326971,char_tfidf_v1
q_dumpling_03,9c45ac41-323f-44cd-8901-7b4f9793b583,8,0.4685490752338449,char_tfidf_v1
q_dumpling_03,45225395-481d-48d0-aea9-2f6620231636,9,0.4619414646601047,char_tfidf_v1
q_dumpling_03,72daf2fb-92c9-441a-9afc-1ded42c577a6,10,0.46026751594045917,char_tfidf_v1
q_dumpling_03,00e34fb5-e7d3-43aa-b574-400ee31abae5,11,0.45856218797679626,char_tfidf_v1
q_dumpling_03,5db2393c-54a9-4e60-99dc-a3f9fe8303a7,12,0.4559365712801265,char_tfidf_v1
q_dumpling_03,8d10d3b6-2dad-4572-8752-f523a8471dad,13,0.4556830347263919,char_tfidf_v1
q_dumpling_03,9e0359dd-9273-45e4-81f8-1a13e80d9006,14,0.45519020646202935,char_tfidf_v1
q_dumpling_03,dc92b2eb-5979-4c3b-8d97-a2778cd127d4,15,0.45217192627739133,char_tfidf_v1
q_dumpling_03,2c385c7e-5a8b-4f70-b4b4-ef1f215b04ae,16,0.4518794110540595,char_tfidf_v1
q_dumpling_03,9954bf0c-4bb6-43e4-97a7-10ca7dcd8524,17,0.4507787655168221,char_tfidf_v1
q_dumpling_03,415808ce-735f-47c0-a5e1-739be2ae8aed,18,0.4479517502038023,char_tfidf_v1
q_dumpling_03,abcc7cbc-f5bd-4367-bc39-17dbc3212bda,19,0.44760527679436274,char_tfidf_v1
q_dumpling_03,b712f7b9-8286-4f31-897b-90e9c75b08da,20,0.44400493864512985,char_tfidf_v1
q_dumpling_03,e58bb526-8938-4ead-8609-e56a6f1c95b0,21,0.44400493864512985,char_tfidf_v1
q_dumpling_03,64e5c998-9146-41c6-8bd6-8750f32ad3ca,22,0.4412998718981401,char_tfidf_v1
q_dumpling_03,d29cd065-e326-430d-953e-fb891fb4ea82,23,0.4409958554589421,char_tfidf_v1
q_dumpling_03,efb9495c-d324-4eed-b77e-3ba87b25a21f,24,0.44074688996989,char_tfidf_v1
q_dumpling_03,b68c105d-fd16-4a58-9349-89e8342795d9,25,0.4395230878557036,char_tfidf_v1
q_dumpling_03,5726305e-0723-4eff-84a4-e6c3f120e980,26,0.4358032538713234,char_tfidf_v1
q_dumpling_03,b4704186-5a1b-4ecf-b444-9fc86c8e5b74,27,0.43488627292883353,char_tfidf_v1
q_dumpling_03,1b0032f6-1cc3-4466-ba1f-2fc85261315c,28,0.43273379096390996,char_tfidf_v1
q_dumpling_03,1293331e-0946-4848-abc1-712e344a2dc0,29,0.43255427263089813,char_tfidf_v1
q_dumpling_03,9f32988e-c732-4b7b-a9b0-9c03a8ead883,30,0.43142875065830555,char_tfidf_v1
q_dumpling_03,f12f1f14-4aff-4465-a716-65c90e4239a3,31,0.42849780009455973,char_tfidf_v1
q_dumpling_03,be81d247-2f6e-4668-9231-3123bfc315a7,32,0.4278824207646925,char_tfidf_v1
q_dumpling_03,f489394a-a57d-48fc-bd75-cf310dc998f2,33,0.42711590336106625,char_tfidf_v1
q_dumpling_03,41f7e55d-ee69-431a-b571-6156eed34b3e,34,0.42649165538990963,char_tfidf_v1
q_dumpling_03,94d2ec71-9ec2-4344-b354-83ed89e054d6,35,0.4258469078575491,char_tfidf_v1
q_dumpling_03,d1075d91-769e-48d8-ace0-b0081423b8b5,36,0.42560225649303995,char_tfidf_v1
q_dumpling_03,a7b36306-b9cd-4a7b-b0b3-044e82b90810,37,0.42289382667148717,char_tfidf_v1
q_dumpling_03,4984470e-4501-4e34-91b3-7a153e6674d7,38,0.42074985337182474,char_tfidf_v1
q_dumpling_03,ae7f51ec-722f-4c96-b9aa-7cdd58cc3616,39,0.4170928601050983,char_tfidf_v1
q_dumpling_03,472ef84c-d521-4fd7-9e50-2c489d103e44,40,0.41560633161932475,char_tfidf_v1
q_dumpling_04,571474ed-6214-45f9-b9e0-197221def111,1,0.6044749578809997,char_tfidf_v1
q_dumpling_04,be674521-7e1b-4b30-8ef8-2ca902b64fbc,2,0.5986869825008332,char_tfidf_v1
q_dumpling_04,2613f2dc-65bb-4746-b383-dfba0ce85bae,3,0.5964285391731854,char_tfidf_v1
q_dumpling_04,35b9e8da-b8a6-4851-baf6-2de676c05300,4,0.5941222668400873,char_tfidf_v1
q_dumpling_04,06a2e1ce-3b99-4e0f-88de-bc4e31d9f439,5,0.5857824674523137,char_tfidf_v1
q_dumpling_04,d483c4a5-fe54-4b04-b3bf-9e6ad2ffdd04,6,0.5808608068587362,char_tfidf_v1
q_dumpling_04,9c45ac41-323f-44cd-8901-7b4f9793b583,7,0.5511727239193706,char_tfidf_v1
q_dumpling_04,45225395-481d-48d0-aea9-2f6620231636,8,0.5433999314606314,char_tfidf_v1
q_dumpling_04,72daf2fb-92c9-441a-9afc-1ded42c577a6,9,0.5414307996785488,char_tfidf_v1
q_dumpling_04,00e34fb5-e7d3-43aa-b574-400ee31abae5,10,0.5394247552563315,char_tfidf_v1
q_dumpling_04,5db2393c-54a9-4e60-99dc-a3f9fe8303a7,11,0.5363361389658193,char_tfidf_v1
q_dumpling_04,8d10d3b6-2dad-4572-8752-f523a8471dad,12,0.536037893935957,char_tfidf_v1
q_dumpling_04,9e0359dd-9273-45e4-81f8-1a13e80d9006,13,0.5354581606459967,char_tfidf_v1
q_dumpling_04,dc92b2eb-5979-4c3b-8d97-a2778cd127d4,14,0.5319076388354724,char_tfidf_v1
q_dumpling_04,2c385c7e-5a8b-4f70-b4b4-ef1f215b04ae,15,0.5315635416619773,char_tfidf_v1
q_dumpling_04,9954bf0c-4bb6-43e4-97a7-10ca7dcd8524,16,0.5302688089842402,char_tfidf_v1
q_dumpling_04,415808ce-735f-47c0-a5e1-739be2ae8aed,17,0.5269432795722756,char_tfidf_v1
q_dumpling_04,abcc7cbc-f5bd-4367-bc39-17dbc3212bda,18,0.5265357092601346,char_tfidf_v1
q_dumpling_04,e58bb526-8938-4ead-8609-e56a6f1c95b0,19,0.522300489750304,char_tfidf_v1
q_dumpling_04,b712f7b9-8286-4f31-897b-90e9c75b08da,20,0.522300489750304,char_tfidf_v1
q_dumpling_04,64e5c998-9146-41c6-8bd6-8750f32ad3ca,21,0.5191184132376613,char_tfidf_v1
q_dumpling_04,d29cd065-e326-430d-953e-fb891fb4ea82,22,0.5187607867311413,char_tfidf_v1
q_dumpling_04,efb9495c-d324-4eed-b77e-3ba87b25a21f,23,0.5184679188246274,char_tfidf_v1
q_dumpling_04,b68c105d-fd16-4a58-9349-89e8342795d9,24,0.5170283122167652,char_tfidf_v1
q_dumpling_04,5726305e-0723-4eff-84a4-e6c3f120e980,25,0.5126525250515138,char_tfidf_v1
q_dumpling_04,b4704186-5a1b-4ecf-b444-9fc86c8e5b74,26,0.5115738442674315,char_tfidf_v1
q_dumpling_04,1b0032f6-1cc3-4466-ba1f-2fc85261315c,27,0.5090417949891307,char_tfidf_v1
q_dumpling_04,1293331e-0946-4848-abc1-712e344a2dc0,28,0.5088306205063935,char_tfidf_v1
q_dumpling_04,9f32988e-c732-4b7b-a9b0-9c03a8ead883,29,0.5075066246983656,char_tfidf_v1
q_dumpling_04,f12f1f14-4aff-4465-a716-65c90e4239a3,30,0.5040588321590536,char_tfidf_v1
q_dumpling_04,be81d247-2f6e-4668-9231-3123bfc315a7,31,0.5033349372259192,char_tfidf_v1
q_dumpling_04,f489394a-a57d-48fc-bd75-cf310dc998f2,32,0.5024332526263339,char_tfidf_v1
q_dumpling_04,41f7e55d-ee69-431a-b571-6156eed34b3e,33,0.5016989251612934,char_tfidf_v1
q_dumpling_04,94d2ec71-9ec2-4344-b354-83ed89e054d6,34,0.5009404832553433,char_tfidf_v1
q_dumpling_04,d1075d91-769e-48d8-ace0-b0081423b8b5,35,0.5006526902233759,char_tfidf_v1
q_dumpling_04,a7b36306-b9cd-4a7b-b0b3-044e82b90810,36,0.497466657593721,char_tfidf_v1
q_dumpling_04,4984470e-4501-4e34-91b3-7a153e6674d7,37,0.4949446173933523,char_tfidf_v1
q_dumpling_04,ae7f51ec-722f-4c96-b9aa-7cdd58cc3616,38,0.49064275223830844,char_tfidf_v1
q_dumpling_04,472ef84c-d521-4fd7-9e50-2c489d103e44,39,0.48889409025604214,char_tfidf_v1
q_dumpling_04,3b91ec2a-2606-41d3-9120-a40662269044,40,0.4874830260316907,char_tfidf_v1
q_toast_01,59ad0290-ff96-4043-bc7a-3b09f96f6951,1,0.9361969736801506,char_tfidf_v1
q_toast_01,7d2264da-5ceb-4179-a616-cf9613a693d3,2,0.9196916548988574,char_tfidf_v1
q_toast_01,d494ce69-3512-4b13-bf2f-a7048443f7c8,3,0.9142181119228326,char_tfidf_v1
q_toast_01,7670dbad-2255-4570-8c5c-28dc32150760,4,0.911638657407378,char_tfidf_v1
q_toast_01,29b05536-85ca-4c29-8a57-81ac12f5cc43,5,0.8974636691716849,char_tfidf_v1
q_toast_01,b41ac99b-b7d9-4ba2-9d20-a7633d66a792,6,0.8969261485515269,char_tfidf_v1
q_toast_01,b753f8b8-41d4-4a7a-9e45-90fbbce7493b,7,0.8953902403966918,char_tfidf_v1
q_toast_01,3e702233-f4a9-44a6-9a7b-4cde61cd8602,8,0.893229577392463,char_tfidf_v1
q_toast_01,c7c286d3-3448-4277-91ad-8c031c520f72,9,0.8847535248951268,char_tfidf_v1
q_toast_01,a66caa12-d548-45f7-9d03-dd9ca062cdbb,10,0.8827050357619838,char_tfidf_v1
q_toast_01,aada6bd5-f29d-48fd-ab64-369bcc6bc80a,11,0.8815162857719383,char_tfidf_v1
q_toast_01,d52b963d-16be-4f1b-8eb7-f272f3b83979,12,0.8778523329988397,char_tfidf_v1
q_toast_01,6cf819a2-011a-4ae7-9749-c809f0724291,13,0.8743807588777015,char_tfidf_v1
q_toast_01,ff6b8626-c069-47f1-98c9-fd4193dbc11a,14,0.8700406296135186,char_tfidf_v1
q_toast_01,f8260db0-d50e-4fcc-91d2-0e043e00ca7f,15,0.8649453791944353,char_tfidf_v1
q_toast_01,55c321c5-abd4-4182-99af-1b678b27a6df,16,0.8617644335295824,char_tfidf_v1
q_toast_01,a9a5dcef-dfd4-4533-8d9d-1ac236df88a6,17,0.8493723228564829,char_tfidf_v1
q_toast_01,9669d3c3-9aac-4389-82c4-5558ebead83c,18,0.8467403314099277,char_tfidf_v1
q_toast_01,3ac9d5d9-24a6-4b8f-99c2-bf11e49e1b19,19,0.843811385509009,char_tfidf_v1
q_toast_01,f68126ee-7e4f-468a-aefc-ceecde6b5d1e,20,0.8427887699667828,char_tfidf_v1
q_toast_01,25d9e7a8-8d2b-48ac-b3aa-5fe368fcf055,21,0.8413864980142597,char_tfidf_v1
q_toast_01,89699db0-c7a6-413d-a6d7-aa9740300d49,22,0.8228888265544286,char_tfidf_v1
q_toast_01,723dc3b7-f79f-4866-aea0-86581998a4ee,23,0.8134051588252246,char_tfidf_v1
q_toast_01,34218f54-4b29-4ff5-ada0-dc0f7681ce56,24,0.7817836954974593,char_tfidf_v1
q_toast_01,0e3e29e3-1841-4324-a9ea-88e6bba873d8,25,0.7445852162487372,char_tfidf_v1
q_toast_01,6e6af143-774d-4846-ad49-8e8ff1216e8a,26,0.7294916881738235,char_tfidf_v1
q_toast_01,abf9b0a8-af7d-4fd8-873c-127805d537b0,27,0.7294916881738235,char_tfidf_v1
q_toast_01,d10e55c5-2306-43af-9ce7-ec852fe87158,28,0.7294916881738235,char_tfidf_v1
q_toast_01,f0c8a0c8-20b4-429f-bbe6-9949b0985eb6,29,0.7294916881738235,char_tfidf_v1
q_toast_01,823d6c6a-120d-41d9-8135-b580f252a6fd,30,0.7294916881738235,char_tfidf_v1
q_toast_01,2fbc0cfc-59e6-483e-a7c1-f934df63eeef,31,0.7294916881738235,char_tfidf_v1
q_toast_01,f5ffa8a6-3205-49fc-97a7-2803e1baf8aa,32,0.7294916881738235,char_tfidf_v1
q_toast_01,879f1844-fb01-445a-acf0-aa3b0c8d534d,33,0.7294916881738235,char_tfidf_v1
q_toast_01,5a16b296-499e-4617-a612-77884dc449c0,34,0.7294916881738235,char_tfidf_v1
q_toast_01,dc9a803e-49d0-4a41-8534-11f889435106,35,0.7294916881738235,char_tfidf_v1
q_toast_01,bfa0ca43-a055-4e42-8009-0e73ceeaa43c,36,0.7294916881738235,char_tfidf_v1
q_toast_01,e3bc1b64-cd2f-4464-b19b-f84fc0880053,37,0.7294916881738235,char_tfidf_v1
q_toast_01,cb7f488f-df80-422b-8329-0133d6512dd0,38,0.7294916881738235,char_tfidf_v1
q_toast_01,34f7b22e-5d0b-4275-a9c0-68b7a056f223,39,0.7294916881738235,char_tfidf_v1
q_toast_01,bfaaa2da-e587-4861-aaf1-d37a1ab737b0,40,0.7294916881738235,char_tfidf_v1
q_toast_02,59ad0290-ff96-4043-bc7a-3b09f96f6951,1,0.810341863889454,char_tfidf_v1
q_toast_02,7d2264da-5ceb-4179-a616-cf9613a693d3,2,0.7960553930277225,char_tfidf_v1
q_toast_02,d494ce69-3512-4b13-bf2f-a7048443f7c8,3,0.7913176710077128,char_tfidf_v1
q_toast_02,7670dbad-2255-4570-8c5c-28dc32150760,4,0.7890849784882583,char_tfidf_v1
q_toast_02,29b05536-85ca-4c29-8a57-81ac12f5cc43,5,0.7768155664836783,char_tfidf_v1
q_toast_02,b41ac99b-b7d9-4ba2-9d20-a7633d66a792,6,0.776350305995273,char_tfidf_v1
q_toast_02,b753f8b8-41d4-4a7a-9e45-90fbbce7493b,7,0.7750208735019598,char_tfidf_v1
q_toast_02,3e702233-f4a9-44a6-9a7b-4cde61cd8602,8,0.7731506733888349,char_tfidf_v1
q_toast_02,c7c286d3-3448-4277-91ad-8c031c520f72,9,0.7658140760997875,char_tfidf_v1
q_toast_02,a66caa12-d548-45f7-9d03-dd9ca062cdbb,10,0.7640409700665741,char_tfidf_v1
q_toast_02,aada6bd5-f29d-48fd-ab64-369bcc6bc80a,11,0.7630120264684706,char_tfidf_v1
q_toast_02,d52b963d-16be-4f1b-8eb7-f272f3b83979,12,0.7598406272834418,char_tfidf_v1
q_toast_02,6cf819a2-011a-4ae7-9749-c809f0724291,13,0.7568357448462607,char_tfidf_v1
q_toast_02,ff6b8626-c069-47f1-98c9-fd4193dbc11a,14,0.7530790691291476,char_tfidf_v1
q_toast_02,f8260db0-d50e-4fcc-91d2-0e043e00ca7f,15,0.748668784928641,char_tfidf_v1
q_toast_02,55c321c5-abd4-4182-99af-1b678b27a6df,16,0.745915461096739,char_tfidf_v1
q_toast_02,a9a5dcef-dfd4-4533-8d9d-1ac236df88a6,17,0.7351892503284114,char_tfidf_v1
q_toast_02,9669d3c3-9aac-4389-82c4-5558ebead83c,18,0.7329110835381912,char_tfidf_v1
q_toast_02,3ac9d5d9-24a6-4b8f-99c2-bf11e49e1b19,19,0.7303758825630677,char_tfidf_v1
q_toast_02,f68126ee-7e4f-468a-aefc-ceecde6b5d1e,20,0.7294907395773211,char_tfidf_v1
q_toast_02,25d9e7a8-8d2b-48ac-b3aa-5fe368fcf055,21,0.7282769782646558,char_tfidf_v1
q_toast_02,89699db0-c7a6-413d-a6d7-aa9740300d49,22,0.7122659912717675,char_tfidf_v1
q_toast_02,723dc3b7-f79f-4866-aea0-86581998a4ee,23,0.704057234781152,char_tfidf_v1
q_toast_02,34218f54-4b29-4ff5-ada0-dc0f7681ce56,24,0.676686717408931,char_tfidf_v1
q_toast_02,0e3e29e3-1841-4324-a9ea-88e6bba873d8,25,0.644488915177452,char_tfidf_v1
q_toast_02,e3bc1b64-cd2f-4464-b19b-f84fc0880053,26,0.6314244447542952,char_tfidf_v1
q_toast_02,dc9a803e-49d0-4a41-8534-11f889435106,27,0.6314244447542952,char_tfidf_v1
q_toast_02,5a16b296-499e-4617-a612-77884dc449c0,28,0.6314244447542952,char_tfidf_v1
q_toast_02,f0c8a0c8-20b4-429f-bbe6-9949b0985eb6,29,0.6314244447542952,char_tfidf_v1
q_toast_02,f5ffa8a6-3205-49fc-97a7-2803e1baf8aa,30,0.6314244447542952,char_tfidf_v1
q_toast_02,bfaaa2da-e587-4861-aaf1-d37a1ab737b0,31,0.6314244447542952,char_tfidf_v1
q_toast_02,879f1844-fb01-445a-acf0-aa3b0c8d534d,32,0.6314244447542952,char_tfidf_v1
q_toast_02,823d6c6a-120d-41d9-8135-b580f252a6fd,33,0.6314244447542952,char_tfidf_v1
q_toast_02,2fbc0cfc-59e6-483e-a7c1-f934df63eeef,34,0.6314244447542952,char_tfidf_v1
q_toast_02,bfa0ca43-a055-4e42-8009-0e73ceeaa43c,35,0.6314244447542952,char_tfidf_v1
q_toast_02,c5f79209-bb6d-47d6-9cfa-0dac0cb53db4,36,0.6314244447542952,char_tfidf_v1
q_toast_02,34f7b22e-5d0b-4275-a9c0-68b7a056f223,37,0.6314244447542952,char_tfidf_v1
q_toast_02,abf9b0a8-af7d-4fd8-873c-127805d537b0,38,0.6314244447542952,char_tfidf_v1
q_toast_02,7c21ff58-1dd9-41a1-b366-50610036b092,39,0.6314244447542952,char_tfidf_v1
q_toast_02,bc3ce2ea-c112-4dd8-bfca-40b10f0ab716,40,0.6314244447542952,char_tfidf_v1
q_toast_03,59ad0290-ff96-4043-bc7a-3b09f96f6951,1,0.6311060482920933,char_tfidf_v1
q_toast_03,7d2264da-5ceb-4179-a616-cf9613a693d3,2,0.6199795366661094,char_tfidf_v1
q_toast_03,d494ce69-3512-4b13-bf2f-a7048443f7c8,3,0.6162897297399271,char_tfidf_v1
q_toast_03,7670dbad-2255-4570-8c5c-28dc32150760,4,0.614550876280918,char_tfidf_v1
q_toast_03,29b05536-85ca-4c29-8a57-81ac12f5cc43,5,0.6049952794764877,char_tfidf_v1
q_toast_03,b41ac99b-b7d9-4ba2-9d20-a7633d66a792,6,0.6046329278304126,char_tfidf_v1
q_toast_03,b753f8b8-41d4-4a7a-9e45-90fbbce7493b,7,0.6035975464380469,char_tfidf_v1
q_toast_03,3e702233-f4a9-44a6-9a7b-4cde61cd8602,8,0.6021410073457131,char_tfidf_v1
q_toast_03,c7c286d3-3448-4277-91ad-8c031c520f72,9,0.5964271585007609,char_tfidf_v1
q_toast_03,a66caa12-d548-45f7-9d03-dd9ca062cdbb,10,0.5950462376922847,char_tfidf_v1
q_toast_03,aada6bd5-f29d-48fd-ab64-369bcc6bc80a,11,0.5942448814288953,char_tfidf_v1
q_toast_03,d52b963d-16be-4f1b-8eb7-f272f3b83979,12,0.5917749495440812,char_tfidf_v1
q_toast_03,6cf819a2-011a-4ae7-9749-c809f0724291,13,0.5894347033282317,char_tfidf_v1
q_toast_03,ff6b8626-c069-47f1-98c9-fd4193dbc11a,14,0.5865089495541856,char_tfidf_v1
q_toast_03,f8260db0-d50e-4fcc-91d2-0e043e00ca7f,15,0.5830741559717989,char_tfidf_v1
q_toast_03,55c321c5-abd4-4182-99af-1b678b27a6df,16,0.5809298272623333,char_tfidf_v1
q_toast_03,a9a5dcef-dfd4-4533-8d9d-1ac236df88a6,17,0.5725760980613563,char_tfidf_v1
q_toast_03,9669d3c3-9aac-4389-82c4-5558ebead83c,18,0.5708018285778261,char_tfidf_v1
q_toast_03,3ac9d5d9-24a6-4b8f-99c2-bf11e49e1b19,19,0.5688273771267349,char_tfidf_v1
q_toast_03,f68126ee-7e4f-468a-aefc-ceecde6b5d1e,20,0.5681380148750714,char_tfidf_v1
q_toast_03,25d9e7a8-8d2b-48ac-b3aa-5fe368fcf055,21,0.5671927198832402,char_tfidf_v1
q_toast_03,89699db0-c7a6-413d-a6d7-aa9740300d49,22,0.5547231299723375,char_tfidf_v1
q_toast_03,723dc3b7-f79f-4866-aea0-86581998a4ee,23,0.5483300308359821,char_tfidf_v1
q_toast_03,34218f54-4b29-4ff5-ada0-dc0f7681ce56,24,0.5270134731851374,char_tfidf_v1
q_toast_03,0e3e29e3-1841-4324-a9ea-88e6bba873d8,25,0.5019373557641927,char_tfidf_v1
q_toast_03,f5ffa8a6-3205-49fc-97a7-2803e1baf8aa,26,0.49176255588132217,char_tfidf_v1
q_toast_03,f0c8a0c8-20b4-429f-bbe6-9949b0985eb6,27,0.49176255588132217,char_tfidf_v1
q_toast_03,bfaaa2da-e587-4861-aaf1-d37a1ab737b0,28,0.49176255588132217,char_tfidf_v1
q_toast_03,c5f79209-bb6d-47d6-9cfa-0dac0cb53db4,29,0.49176255588132217,char_tfidf_v1
q_toast_03,2fbc0cfc-59e6-483e-a7c1-f934df63eeef,30,0.49176255588132217,char_tfidf_v1
q_toast_03,6e6af143-774d-4846-ad49-8e8ff1216e8a,31,0.49176255588132217,char_tfidf_v1
q_toast_03,7c21ff58-1dd9-41a1-b366-50610036b092,32,0.49176255588132217,char_tfidf_v1
q_toast_03,879f1844-fb01-445a-acf0-aa3b0c8d534d,33,0.49176255588132217,char_tfidf_v1
q_toast_03,d10e55c5-2306-43af-9ce7-ec852fe87158,34,0.49176255588132217,char_tfidf_v1
q_toast_03,dc9a803e-49d0-4a41-8534-11f889435106,35,0.49176255588132217,char_tfidf_v1
q_toast_03,34f7b22e-5d0b-4275-a9c0-68b7a056f223,36,0.49176255588132217,char_tfidf_v1
q_toast_03,823d6c6a-120d-41d9-8135-b580f252a6fd,37,0.49176255588132217,char_tfidf_v1
q_toast_03,abf9b0a8-af7d-4fd8-873c-127805d537b0,38,0.49176255588132217,char_tfidf_v1
q_toast_03,bc3ce2ea-c112-4dd8-bfca-40b10f0ab716,39,0.49176255588132217,char_tfidf_v1
q_toast_03,e3bc1b64-cd2f-4464-b19b-f84fc0880053,40,0.49176255588132217,char_tfidf_v1
q_toast_04,59ad0290-ff96-4043-bc7a-3b09f96f6951,1,0.7129073313191391,char_tfidf_v1
q_toast_04,7d2264da-5ceb-4179-a616-cf9613a693d3,2,0.700338648557125,char_tfidf_v1
q_toast_04,d494ce69-3512-4b13-bf2f-a7048443f7c8,3,0.6961705845432462,char_tfidf_v1
q_toast_04,7670dbad-2255-4570-8c5c-28dc32150760,4,0.6942063482910791,char_tfidf_v1
q_toast_04,29b05536-85ca-4c29-8a57-81ac12f5cc43,5,0.6834121956515291,char_tfidf_v1
q_toast_04,b41ac99b-b7d9-4ba2-9d20-a7633d66a792,6,0.683002877525516,char_tfidf_v1
q_toast_04,b753f8b8-41d4-4a7a-9e45-90fbbce7493b,7,0.6818332943986762,char_tfidf_v1
q_toast_04,3e702233-f4a9-44a6-9a7b-4cde61cd8602,8,0.6801879649012205,char_tfidf_v1
q_toast_04,c7c286d3-3448-4277-91ad-8c031c520f72,9,0.6737335112596504,char_tfidf_v1
q_toast_04,a66caa12-d548-45f7-9d03-dd9ca062cdbb,10,0.6721736013665383,char_tfidf_v1
q_toast_04,aada6bd5-f29d-48fd-ab64-369bcc6bc80a,11,0.6712683767110071,char_tfidf_v1
q_toast_04,d52b963d-16be-4f1b-8eb7-f272f3b83979,12,0.6684783027554364,char_tfidf_v1
q_toast_04,6cf819a2-011a-4ae7-9749-c809f0724291,13,0.665834723773923,char_tfidf_v1
q_toast_04,ff6b8626-c069-47f1-98c9-fd4193dbc11a,14,0.6625297462336243,char_tfidf_v1
q_toast_04,f8260db0-d50e-4fcc-91d2-0e043e00ca7f,15,0.6586497493090533,char_tfidf_v1
q_toast_04,55c321c5-abd4-4182-99af-1b678b27a6df,16,0.6562274818282186,char_tfidf_v1
q_toast_04,a9a5dcef-dfd4-4533-8d9d-1ac236df88a6,17,0.6467909777615123,char_tfidf_v1
q_toast_04,9669d3c3-9aac-4389-82c4-5558ebead83c,18,0.6447867350102858,char_tfidf_v1
q_toast_04,3ac9d5d9-24a6-4b8f-99c2-bf11e49e1b19,19,0.6425563635558752,char_tfidf_v1
q_toast_04,f68126ee-7e4f-468a-aefc-ceecde6b5d1e,20,0.641777649099762,char_tfidf_v1
q_toast_04,25d9e7a8-8d2b-48ac-b3aa-5fe368fcf055,21,0.6407098289897193,char_tfidf_v1
q_toast_04,89699db0-c7a6-413d-a6d7-aa9740300d49,22,0.6266239838451784,char_tfidf_v1
q_toast_04,723dc3b7-f79f-4866-aea0-86581998a4ee,23,0.6194022383770563,char_tfidf_v1
q_toast_04,34218f54-4b29-4ff5-ada0-dc0f7681ce56,24,0.5953227191442746,char_tfidf_v1
q_toast_04,0e3e29e3-1841-4324-a9ea-88e6bba873d8,25,0.5669963419866006,char_tfidf_v1
q_toast_04,bfa0ca43-a055-4e42-8009-0e73ceeaa43c,26,0.5555027277979337,char_tfidf_v1
q_toast_04,abf9b0a8-af7d-4fd8-873c-127805d537b0,27,0.5555027277979337,char_tfidf_v1
q_toast_04,7c21ff58-1dd9-41a1-b366-50610036b092,28,0.5555027277979337,char_tfidf_v1
q_toast_04,6e6af143-774d-4846-ad49-8e8ff1216e8a,29,0.5555027277979337,char_tfidf_v1
q_toast_04,5a16b296-499e-4617-a612-77884dc449c0,30,0.5555027277979337,char_tfidf_v1
q_toast_04,e3bc1b64-cd2f-4464-b19b-f84fc0880053,31,0.5555027277979337,char_tfidf_v1
q_toast_04,d10e55c5-2306-43af-9ce7-ec852fe87158,32,0.5555027277979337,char_tfidf_v1
q_toast_04,bfaaa2da-e587-4861-aaf1-d37a1ab737b0,33,0.5555027277979337,char_tfidf_v1
q_toast_04,34f7b22e-5d0b-4275-a9c0-68b7a056f223,34,0.5555027277979337,char_tfidf_v1
q_toast_04,c5f79209-bb6d-47d6-9cfa-0dac0cb53db4,35,0.5555027277979337,char_tfidf_v1
q_toast_04,2fbc0cfc-59e6-483e-a7c1-f934df63eeef,36,0.5555027277979337,char_tfidf_v1
q_toast_04,823d6c6a-120d-41d9-8135-b580f252a6fd,37,0.5555027277979337,char_tfidf_v1
q_toast_04,dc9a803e-49d0-4a41-8534-11f889435106,38,0.5555027277979337,char_tfidf_v1
q_toast_04,bc3ce2ea-c112-4dd8-bfca-40b10f0ab716,39,0.5555027277979337,char_tfidf_v1
q_toast_04,879f1844-fb01-445a-acf0-aa3b0c8d534d,40,0.5555027277979337,char_tfidf_v1
q_academy_01,28b81dd4-e838-48a2-81f5-d64e2d766b8b,1,0.8768016249460582,char_tfidf_v1
q_academy_01,c31b362b-64ac-4465-99e7-10d71b866115,2,0.7173431163125623,char_tfidf_v1
q_academy_01,8a21b930-e4c9-42be-8de3-145c17945628,3,0.6514760277550219,char_tfidf_v1
q_academy_01,a31987f0-3488-4d79-8c1e-705caff3a048,4,0.6504374200712644,char_tfidf_v1
q_academy_01,255cfd06-0ec4-4c6f-a479-d58c2cbf9e16,5,0.6430904674166852,char_tfidf_v1
q_academy_01,45840f91-2726-467a-850e-51c8b0791875,6,0.6411952811630245,char_tfidf_v1
q_academy_01,17799776-b473-406e-aa82-04a5f26858c2,7,0.627926162580889,char_tfidf_v1
q_academy_01,af83dbee-cf1b-43ba-9614-df654b250af9,8,0.6214327127191925,char_tfidf_v1
q_academy_01,64e933ac-605c-477c-8c96-71becc1a44a9,9,0.6118448166030354,char_tfidf_v1
q_academy_01,0dbdb4e1-3d4b-49b2-bd4e-6a8a930a3f56,10,0.6027918140591794,char_tfidf_v1
q_academy_01,b31bb5d1-e421-49e0-86e8-5d417caf1d44,11,0.5977720135943164,char_tfidf_v1
q_academy_01,32c87c54-6904-4e64-af82-ba082f9fc47d,12,0.5882724836949379,char_tfidf_v1
q_academy_01,6583d861-2b7d-4abc-82f3-57d3a7fa9e59,13,0.5791936517617317,char_tfidf_v1
q_academy_01,82f5ecba-aeba-4509-937e-acd2c48500d7,14,0.574582467658523,char_tfidf_v1
q_academy_01,db3049be-d927-401a-b87c-76e92e870ff3,15,0.5726521366421421,char_tfidf_v1
q_academy_01,e4d55e2a-54b0-450b-8104-562950657f01,16,0.5597994580546806,char_tfidf_v1
q_academy_01,89559f14-b9df-4f21-a491-fffc17a5fd7c,17,0.5555299061088791,char_tfidf_v1
q_academy_01,fdb8321f-0edc-4f16-a40f-60d45bded6ca,18,0.5541785555708909,char_tfidf_v1
q_academy_01,577246f5-7388-4c74-a5c7-57f3da8df2c0,19,0.5470606362086013,char_tfidf_v1
q_academy_01,e2dd6378-544b-4666-b013-ef4ce325adef,20,0.5447694267889467,char_tfidf_v1
q_academy_01,5a87ac98-3261-419c-910c-e798407a609d,21,0.5405699747697438,char_tfidf_v1
q_academy_01,11733627-36cf-42f7-a020-0b156b648130,22,0.5313722841714916,char_tfidf_v1
q_academy_01,361b5b21-f120-4a2e-9366-72ee03710a3b,23,0.5310449580004049,char_tfidf_v1
q_academy_01,abb0601d-4e59-49a7-93f2-60da61d300cd,24,0.5285577657089364,char_tfidf_v1
q_academy_01,36e54eaf-89ea-4639-b60d-5300be944dd0,25,0.52759805504323,char_tfidf_v1
q_academy_01,5f0fa302-d8f5-45b8-9903-63a7887d7d4b,26,0.5259330451937432,char_tfidf_v1
q_academy_01,44aa574e-fbcf-4cde-ae48-a563c0d1cd96,27,0.5176812607680303,char_tfidf_v1
q_academy_01,184800bb-0306-4ffd-9518-cf3e69f3af1c,28,0.5158048804727672,char_tfidf_v1
q_academy_01,a9e987d4-863a-4225-a3ae-b786f3dc617e,29,0.5119573373799859,char_tfidf_v1
q_academy_01,c99dd784-6fbd-47c5-ab1f-5b0f65d5b5db,30,0.5094463768132841,char_tfidf_v1
q_academy_01,0dcb2a4d-9012-4560-b07f-40602a3cbaa9,31,0.5070832462036982,char_tfidf_v1
q_academy_01,24d9f355-8f13-41ec-bbd0-5942519a3ffc,32,0.5055484409842725,char_tfidf_v1
q_academy_01,9eec0c14-ffe5-4641-a3a8-d805a2a87fcc,33,0.5048809674576579,char_tfidf_v1
q_academy_01,5e40865b-ca01-447c-91ee-309666c847de,34,0.5034443515420195,char_tfidf_v1
q_academy_01,9a7da882-ed13-4ac0-934d-fd9666075a2b,35,0.5000927394742354,char_tfidf_v1
q_academy_01,e1801715-0fce-403f-b6b4-5c0dfe3d1835,36,0.4985575819118064,char_tfidf_v1
q_academy_01,80f061da-e6c0-4beb-905e-f4998d4f3283,37,0.4950863295651181,char_tfidf_v1
q_academy_01,f42cb6b6-087c-41be-9a4c-07a09ce96ed5,38,0.4904056688091201,char_tfidf_v1
q_academy_01,87ba2dff-fd7c-4004-95f9-af3438e9830e,39,0.48301788855356664,char_tfidf_v1
q_academy_01,5859f17e-63fe-4cc0-a535-3167c5be5bf1,40,0.4807255367448317,char_tfidf_v1
q_academy_02,291cb7f8-77fb-46ca-8cd2-97a7bea5a8df,1,0.7400497030930797,char_tfidf_v1
q_academy_02,db75c4ac-32e1-4a19-9cdf-aef47b923513,2,0.7358822887768606,char_tfidf_v1
q_academy_02,396007d3-ca40-4083-9099-399adffc8f04,3,0.6955727230700217,char_tfidf_v1
q_academy_02,c6503381-7a0f-489b-b58e-45517f974cac,4,0.6884557861959126,char_tfidf_v1
q_academy_02,ba025f5b-980e-4732-83d0-a548b50351a0,5,0.6514487472795332,char_tfidf_v1
q_academy_02,dd81f32d-a660-4a57-983a-e341cba559a8,6,0.6273984157426246,char_tfidf_v1
q_academy_02,c2f0052b-b972-43bf-af8e-27d4b0349c9a,7,0.6159490391873873,char_tfidf_v1
q_academy_02,45974ccb-5686-4d8d-a1cb-ae7074906584,8,0.6108893238499392,char_tfidf_v1
q_academy_02,c8b792c4-8888-4863-a7de-7e255e461cae,9,0.6037047045860613,char_tfidf_v1
q_academy_02,5fbb774a-d7f3-4d31-993b-57680e0a1c2a,10,0.6028280484054114,char_tfidf_v1
q_academy_02,60c8ed6b-5f8a-423b-b433-aac07522cc52,11,0.5912065556968827,char_tfidf_v1
q_academy_02,52176ec6-3e7d-4085-8c0e-e78744a332f4,12,0.5856474691357688,char_tfidf_v1
q_academy_02,575d9868-735a-497b-8f15-2428ddc34a40,13,0.5748846135649711,char_tfidf_v1
q_academy_02,885c3ec9-6804-43f1-8819-9c4b4d8581e6,14,0.5634663519065323,char_tfidf_v1
q_academy_02,a0ab6c64-2d4b-4226-a89e-853e4576bb90,15,0.5627836474578118,char_tfidf_v1
q_academy_02,44fe8505-6be7-4cd9-87a1-201cd635b1e5,16,0.5480375157535283,char_tfidf_v1
q_academy_02,c087750d-a841-45c2-9a27-1e937068ed35,17,0.5208606884028699,char_tfidf_v1
q_academy_02,dc615e17-7c1b-4e03-b427-471eee685ee5,18,0.5050353602609158,char_tfidf_v1
q_academy_02,d6caa347-4fbd-4c7d-b170-77bef37820b7,19,0.5022491651847677,char_tfidf_v1
q_academy_02,f700b0d7-1184-43b4-86ee-1464a3393ab4,20,0.49055040244593173,char_tfidf_v1
q_academy_02,5ec95d3b-01f0-4e4e-92f4-5b65e44c4f85,21,0.476864582834057,char_tfidf_v1
q_academy_02,9d835597-5551-41ea-868e-93272059074e,22,0.4758351902010555,char_tfidf_v1
q_academy_02,856b0191-a7cf-43fa-9202-c3cccec09fe0,23,0.4718480565009934,char_tfidf_v1
q_academy_02,88c36a77-c6b9-47ca-9fff-c28a77e2e57a,24,0.4626179747142403,char_tfidf_v1
q_academy_02,292b961e-25cc-4d72-a175-39cd6eac6dca,25,0.45994251239858874,char_tfidf_v1
q_academy_02,acc074ff-ffff-495a-8db8-91f357165455,26,0.45980498563394145,char_tfidf_v1
q_academy_02,7c1e0f50-6ce3-42b1-8a33-fe674422aef2,27,0.4489838483769563,char_tfidf_v1
q_academy_02,88d46db3-14c7-46c0-9a37-22d0bf533d06,28,0.4440785762785472,char_tfidf_v1
q_academy_02,468ede49-2fd5-4fa2-97ee-816f21e88cc2,29,0.4326478531668687,char_tfidf_v1
q_academy_02,cba07ede-19d7-41e0-b0e3-2b43d6ae5853,30,0.42928834188620046,char_tfidf_v1
q_academy_02,06d1f87d-7fc6-4de2-9193-857aa55f0df1,31,0.42248498458824674,char_tfidf_v1
q_academy_02,b3df1fc3-f147-4247-9d1c-3abbfc97bfc7,32,0.38779645378592553,char_tfidf_v1
q_academy_02,01198069-e953-469c-a9ba-cdbde430ca5e,33,0.3866178772183364,char_tfidf_v1
q_academy_02,d53dd521-16b9-47df-94cc-d9f89eece0f5,34,0.3778072113413721,char_tfidf_v1
q_academy_02,d1582b38-f5ed-4d35-ae78-a409e3c12735,35,0.37436356630281936,char_tfidf_v1
q_academy_02,bb77357a-8666-407f-bff5-6973a277c22c,36,0.37082164278478447,char_tfidf_v1
q_academy_02,7b2b14da-4045-4afb-b8fd-34c5c6a55cb7,37,0.37023492709557865,char_tfidf_v1
q_academy_02,a0c30e22-0025-4c5f-b3b0-14fe20d24b24,38,0.3661554792166097,char_tfidf_v1
q_academy_02,3cb9d8cc-3ea5-4b5b-8e08-cf1b95a76574,39,0.36293136126470915,char_tfidf_v1
q_academy_02,39823fb6-f9ab-4032-8d47-d6c2aa8916ba,40,0.3617247229265611,char_tfidf_v1
q_academy_03,76a3551b-dae4-4326-92cc-662015aedbfb,1,0.5077429306247165,char_tfidf_v1
q_academy_03,2743811c-5e71-4d2b-aa75-1b0147d44f2d,2,0.39321264609426,char_tfidf_v1
q_academy_03,c111ac9d-3f3a-405c-a8db-4d127ccda9e2,3,0.3907305884432059,char_tfidf_v1
q_academy_03,24456103-f6b8-46af-8655-82e61d7265d8,4,0.3597979411601812,char_tfidf_v1
q_academy_03,c7278fa7-0db0-4f58-932c-26496c2a73c2,5,0.28186697647343856,char_tfidf_v1
q_academy_03,e8fbbf70-a353-4917-a80c-8c934130294b,6,0.2503206397693625,char_tfidf_v1
q_academy_03,645c74a5-d108-493c-b5b4-a08b28a6cb3a,7,0.2503206397693625,char_tfidf_v1
q_academy_03,de44ed28-55e8-4a77-88f9-db5ca8bfe290,8,0.23996440442919925,char_tfidf_v1
q_academy_03,141d9160-c971-49c0-b319-2c76bc568e17,9,0.23996440442919925,char_tfidf_v1
q_academy_03,be9f8c61-892c-48ed-a49d-b63bd032c025,10,0.23945324170214138,char_tfidf_v1
q_academy_03,8658aa57-f08e-4ef8-843f-4d107809f56e,11,0.23221501444759007,char_tfidf_v1
q_academy_03,9ac5baa8-b036-40fa-adc5-e855e6bda4db,12,0.22968007110149485,char_tfidf_v1
q_academy_03,fa549941-97f0-43d7-ae4c-1cdf02b41c4c,13,0.22187780386561667,char_tfidf_v1
q_academy_03,8270c23e-40de-4c63-b651-72b7557570c4,14,0.2200985776775501,char_tfidf_v1
q_academy_03,6eb37051-3812-4645-860a-6a15830731e8,15,0.21933750314752887,char_tfidf_v1
q_academy_03,842f6cf1-6411-4f4b-be23-746d79e31656,16,0.21933604028037998,char_tfidf_v1
q_academy_03,06261986-3eba-4244-b63f-397460d82f4a,17,0.21528556381945776,char_tfidf_v1
q_academy_03,61dc7244-68c1-4010-9006-299d44f2a45f,18,0.20413319144834574,char_tfidf_v1
q_academy_03,1eaf6dc3-f0f0-4350-8341-9f6f4334b965,19,0.2009933519962795,char_tfidf_v1
q_academy_03,1768c992-33c0-4d1d-a33a-05270eabe3d9,20,0.1952262396720156,char_tfidf_v1
q_academy_03,bca25798-419a-4af8-9a6a-2a42acd5dd59,21,0.1919696995913161,char_tfidf_v1
q_academy_03,7d43783c-41d9-45a5-9ee1-2668920cf502,22,0.18987320675405261,char_tfidf_v1
q_academy_03,0f385697-5aea-42d1-8e7a-7ca7e528126e,23,0.18950622185359023,char_tfidf_v1
q_academy_03,aa590fe8-fc68-4e09-9012-10fd2bd3dae1,24,0.18871293856981536,char_tfidf_v1
q_academy_03,94fd6f91-ccff-4cf5-b7fe-754cef8027c5,25,0.17713866678340262,char_tfidf_v1
q_academy_03,af841040-0055-4f95-bbe1-b98bb9cf9b59,26,0.17713421089025339,char_tfidf_v1
q_academy_03,5a67e9c5-e876-4c01-a1c8-1cd41c8de6e0,27,0.1761439895782304,char_tfidf_v1
q_academy_03,4982ffe0-b858-4091-8f72-0c517f2cc765,28,0.17365393601506696,char_tfidf_v1
q_academy_03,c390148c-5c33-45a2-b919-ea29c02ae482,29,0.17060734800009184,char_tfidf_v1
q_academy_03,7971f009-6099-4da9-a217-102c5e059952,30,0.16705396548312068,char_tfidf_v1
q_academy_03,b0ee6739-92e7-4211-b178-b5d0eae93a48,31,0.16508368963444334,char_tfidf_v1
q_academy_03,59d5c6c0-433e-435a-8590-a823c72bf67a,32,0.16470737297960292,char_tfidf_v1
q_academy_03,20e990e4-aaf3-4784-9ba0-caad51d06b23,33,0.15363525291595806,char_tfidf_v1
q_academy_03,19b6e5db-5866-4752-afed-7fa0dc010f81,34,0.15363525291595806,char_tfidf_v1
q_academy_03,a3384eeb-16e9-4c4d-badd-174ddf04444b,35,0.1534689817666347,char_tfidf_v1
q_academy_03,c76908a6-acf4-41c7-ad65-ab67c88372b5,36,0.14745736127465248,char_tfidf_v1
q_academy_03,b1a31189-a174-4a35-bb63-2f427d34e191,37,0.14470651676720933,char_tfidf_v1
q_academy_03,c0cc81b4-89ec-4a70-b6f7-089de1fd92a8,38,0.14257706484113428,char_tfidf_v1
q_academy_03,0c67467a-2433-4998-ad8d-d156a112ef1a,39,0.13961778030679983,char_tfidf_v1
q_academy_03,7f39011f-d13e-4f35-affe-23125d9f2c93,40,0.13946880003223638,char_tfidf_v1
q_academy_04,28b81dd4-e838-48a2-81f5-d64e2d766b8b,1,0.5556220969903087,char_tfidf_v1
q_academy_04,c31b362b-64ac-4465-99e7-10d71b866115,2,0.45457452998181813,char_tfidf_v1
q_academy_04,8a21b930-e4c9-42be-8de3-145c17945628,3,0.41283508878354436,char_tfidf_v1
q_academy_04,a31987f0-3488-4d79-8c1e-705caff3a048,4,0.4121769314959879,char_tfidf_v1
q_academy_04,255cfd06-0ec4-4c6f-a479-d58c2cbf9e16,5,0.4075212270307082,char_tfidf_v1
q_academy_04,45840f91-2726-467a-850e-51c8b0791875,6,0.4063202628325511,char_tfidf_v1
q_academy_04,32c87c54-6904-4e64-af82-ba082f9fc47d,7,0.4057352465253947,char_tfidf_v1
q_academy_04,17799776-b473-406e-aa82-04a5f26858c2,8,0.3979117297253357,char_tfidf_v1
q_academy_04,af83dbee-cf1b-43ba-9614-df654b250af9,9,0.39379688307563987,char_tfidf_v1
q_academy_04,64e933ac-605c-477c-8c96-71becc1a44a9,10,0.38772111086649014,char_tfidf_v1
q_academy_04,0dbdb4e1-3d4b-49b2-bd4e-6a8a930a3f56,11,0.381984296387177,char_tfidf_v1
q_academy_04,b31bb5d1-e421-49e0-86e8-5d417caf1d44,12,0.37880328943941766,char_tfidf_v1
q_academy_04,6583d861-2b7d-4abc-82f3-57d3a7fa9e59,13,0.36703033183261513,char_tfidf_v1
q_academy_04,82f5ecba-aeba-4509-937e-acd2c48500d7,14,0.36410826176780353,char_tfidf_v1
q_academy_04,db3049be-d927-401a-b87c-76e92e870ff3,15,0.3628850266178082,char_tfidf_v1
q_academy_04,e4d55e2a-54b0-450b-8104-562950657f01,16,0.354740388166497,char_tfidf_v1
q_academy_04,89559f14-b9df-4f21-a491-fffc17a5fd7c,17,0.3520348076362588,char_tfidf_v1
q_academy_04,fdb8321f-0edc-4f16-a40f-60d45bded6ca,18,0.3511784677318566,char_tfidf_v1
q_academy_04,577246f5-7388-4c74-a5c7-57f3da8df2c0,19,0.34666789981117496,char_tfidf_v1
q_academy_04,e2dd6378-544b-4666-b013-ef4ce325adef,20,0.34521597893628975,char_tfidf_v1
q_academy_04,5a87ac98-3261-419c-910c-e798407a609d,21,0.34255482016247557,char_tfidf_v1
q_academy_04,11733627-36cf-42f7-a020-0b156b648130,22,0.33672631803352104,char_tfidf_v1
q_academy_04,361b5b21-f120-4a2e-9366-72ee03710a3b,23,0.33651889408675284,char_tfidf_v1
q_academy_04,abb0601d-4e59-49a7-93f2-60da61d300cd,24,0.3349427804513695,char_tfidf_v1
q_academy_04,36e54eaf-89ea-4639-b60d-5300be944dd0,25,0.33433461956592786,char_tfidf_v1
q_academy_04,5f0fa302-d8f5-45b8-9903-63a7887d7d4b,26,0.33327951629312286,char_tfidf_v1
q_academy_04,44aa574e-fbcf-4cde-ae48-a563c0d1cd96,27,0.3280504272539589,char_tfidf_v1
q_academy_04,184800bb-0306-4ffd-9518-cf3e69f3af1c,28,0.32686138023951083,char_tfidf_v1
q_academy_04,a9e987d4-863a-4225-a3ae-b786f3dc617e,29,0.3244232233056625,char_tfidf_v1
q_academy_04,c99dd784-6fbd-47c5-ab1f-5b0f65d5b5db,30,0.322832047906533,char_tfidf_v1
q_academy_04,0dcb2a4d-9012-4560-b07f-40602a3cbaa9,31,0.3213345511553827,char_tfidf_v1
q_academy_04,24d9f355-8f13-41ec-bbd0-5942519a3ffc,32,0.32036195750337915,char_tfidf_v1
q_academy_04,9eec0c14-ffe5-4641-a3a8-d805a2a87fcc,33,0.3199389849289772,char_tfidf_v1
q_academy_04,5e40865b-ca01-447c-91ee-309666c847de,34,0.31902861304449803,char_tfidf_v1
q_academy_04,9a7da882-ed13-4ac0-934d-fd9666075a2b,35,0.3169047235894404,char_tfidf_v1
q_academy_04,e1801715-0fce-403f-b6b4-5c0dfe3d1835,36,0.3159319066605259,char_tfidf_v1
q_academy_04,80f061da-e6c0-4beb-905e-f4998d4f3283,37,0.3137322021285366,char_tfidf_v1
q_academy_04,c7278fa7-0db0-4f58-932c-26496c2a73c2,38,0.312577048572234,char_tfidf_v1
q_academy_04,f42cb6b6-087c-41be-9a4c-07a09ce96ed5,39,0.3107661052708718,char_tfidf_v1
q_academy_04,96f079f1-a1e6-4532-aba8-b2f180a9a976,40,0.3070353637238836,char_tfidf_v1
q_gas_station_01,03ba1dcf-e9e2-4436-8478-4ab3c4663d1e,1,1.0,char_tfidf_v1
q_gas_station_01,aabcbe1e-f1ea-4058-a5e8-c3498b6fc44c,2,0.9236394522518652,char_tfidf_v1
q_gas_station_01,5714010a-1de6-4ed4-b11a-22feb832f66f,3,0.918054258782042,char_tfidf_v1
q_gas_station_01,2e8fa9a9-623b-402c-9916-ff73abd7d105,4,0.9170189537933381,char_tfidf_v1
q_gas_station_01,b42e60ac-e848-4ff8-812e-6033944371f0,5,0.900891372550433,char_tfidf_v1
q_gas_station_01,825c4871-f6f7-4a0d-84a4-ae61d2aaa855,6,0.8993940843458388,char_tfidf_v1
q_gas_station_01,a3cb72d7-785e-41ab-9cae-46a83293d58a,7,0.8990228592115351,char_tfidf_v1
q_gas_station_01,5d6d273a-bf66-4605-a842-d1c46885c0ef,8,0.8979683054775086,char_tfidf_v1
q_gas_station_01,b238f710-5f1b-4a83-b815-857b69b749f0,9,0.8976200402457619,char_tfidf_v1
q_gas_station_01,05af1041-c841-4c55-a15a-d7df08dff6fc,10,0.8911397134592292,char_tfidf_v1
q_gas_station_01,b90c1b64-9c76-4a69-a596-994324d9dcca,11,0.8847328497054628,char_tfidf_v1
q_gas_station_01,9adec2e2-9d37-4a37-9642-194a03e8c5cf,12,0.8822723157553263,char_tfidf_v1
q_gas_station_01,7400ae95-7bd6-46e3-901e-d0b004da2af4,13,0.8817127075791922,char_tfidf_v1
q_gas_station_01,72eff12a-abbf-4269-bfc1-65d36a2f8b07,14,0.8793080013450947,char_tfidf_v1
q_gas_station_01,c0e66abb-862c-4a6e-9844-49af2464bb56,15,0.8789835693250001,char_tfidf_v1
q_gas_station_01,dfb8193e-1df7-4b57-b457-e425fab87f9e,16,0.8742251615566978,char_tfidf_v1
q_gas_station_01,01cb2138-a064-459b-97ef-6f0e7adb0778,17,0.8722063242694813,char_tfidf_v1
q_gas_station_01,f614323b-2add-4d9a-b9bc-6c1c4d75725d,18,0.8652294350301629,char_tfidf_v1
q_gas_station_01,930e5cff-af63-4988-89da-7333514267b5,19,0.8597667542585105,char_tfidf_v1
q_gas_station_01,afa577e3-e097-4b37-ac9c-c16fdc5159ed,20,0.8591651482832189,char_tfidf_v1
q_gas_station_01,782084c6-2058-43d6-b98d-d7766dccb8e1,21,0.8587514004203178,char_tfidf_v1
q_gas_station_01,da48fdb0-906f-495a-986a-691098ce16ab,22,0.8575980158374467,char_tfidf_v1
q_gas_station_01,0321329e-d220-40a4-8f40-a7c79b5ea682,23,0.8556052675174961,char_tfidf_v1
q_gas_station_01,1ded5960-52b9-4c92-8bc8-3aa5e1425dbd,24,0.8556004454009039,char_tfidf_v1
q_gas_station_01,99c3354a-7c3e-42a7-95dc-9c95df0d02df,25,0.849245033035451,char_tfidf_v1
q_gas_station_01,b02f4d34-ca4c-4c30-9f8b-a63dcb60a58a,26,0.8483308702698901,char_tfidf_v1
q_gas_station_01,6f761397-1403-4b4d-b91d-f1c60bd921af,27,0.8336593585154493,char_tfidf_v1
q_gas_station_01,6e5d027d-bf65-45d2-a654-4e1b73e25c91,28,0.8077151138164826,char_tfidf_v1
q_gas_station_01,701d0a6e-bcbc-4232-be43-d26a45d49269,29,0.8030617439642598,char_tfidf_v1
q_gas_station_01,53af9d32-8259-4407-8689-5dd2bec93e5f,30,0.7846006509241596,char_tfidf_v1
q_gas_station_01,5b435cca-7c8e-42e2-ba46-f53f90814011,31,0.7840817276902692,char_tfidf_v1
q_gas_station_01,1ffc61a1-5a71-45f7-b68a-17b63184a29f,32,0.7770658956325043,char_tfidf_v1
q_gas_station_01,e3d8fbaa-0104-4a28-a213-14dee8c3b07e,33,0.7423374301803766,char_tfidf_v1
q_gas_station_01,2ff92c98-5e8d-452f-aa62-d8eeab1aba9d,34,0.734259503627053,char_tfidf_v1
q_gas_station_01,2148ec8c-8929-40f1-9b85-dcfad1cb13c9,35,0.7340862010720584,char_tfidf_v1
q_gas_station_01,b78b35f0-51ff-4026-a6be-4b1ad15c9490,36,0.7196222664839479,char_tfidf_v1
q_gas_station_01,00628f75-c56d-4ff4-8901-154133d16a19,37,0.713775826966788,char_tfidf_v1
q_gas_station_01,f11df6f7-70a4-44e8-8598-274d1b6d97aa,38,0.7110484130945243,char_tfidf_v1
q_gas_station_01,44cf84aa-8387-4258-9621-424940bf120d,39,0.6945753902607905,char_tfidf_v1
q_gas_station_01,92a3f5ef-36d4-4e0b-a4fb-1dfc86dc3d79,40,0.6911833147151198,char_tfidf_v1
q_gas_station_02,76a3551b-dae4-4326-92cc-662015aedbfb,1,0.5781478455191386,char_tfidf_v1
q_gas_station_02,fe998c22-1713-4828-9b48-134c13399e94,2,0.5088431505788541,char_tfidf_v1
q_gas_station_02,8224c4ea-5f0a-4661-9b6a-8c0e0bb0d0b2,3,0.507192534527233,char_tfidf_v1
q_gas_station_02,d51a889e-0b72-4272-a5b8-93e9ed52ad8e,4,0.46896975751464043,char_tfidf_v1
q_gas_station_02,4561811f-bdf2-487d-9112-bf313c4b9ac6,5,0.46268137983008134,char_tfidf_v1
q_gas_station_02,f178ce78-e3d7-4976-a964-3da951fdc7af,6,0.4601463534976553,char_tfidf_v1
q_gas_station_02,e0875a25-d6ef-4bab-aedf-a564aea1e7ad,7,0.4522671089485093,char_tfidf_v1
q_gas_station_02,2743811c-5e71-4d2b-aa75-1b0147d44f2d,8,0.44773650297911094,char_tfidf_v1
q_gas_station_02,c111ac9d-3f3a-405c-a8db-4d127ccda9e2,9,0.4449102769563368,char_tfidf_v1
q_gas_station_02,dce9c517-42ee-4348-97fc-972cb5b52fa5,10,0.4398052974747607,char_tfidf_v1
q_gas_station_02,61f4878a-4b6b-4b1e-926e-4ce28731f9dd,11,0.42289450922080424,char_tfidf_v1
q_gas_station_02,2780c52b-08dc-4133-8b30-4b993563ec19,12,0.42283634606697307,char_tfidf_v1
q_gas_station_02,f65bf0ef-9e3c-4ae2-89d8-667edcdf697c,13,0.4175436662200737,char_tfidf_v1
q_gas_station_02,5e25535b-0401-43fc-804c-9023fbdc7e76,14,0.41634888849640816,char_tfidf_v1
q_gas_station_02,5abf9af5-9fdd-4ce5-8823-b75a6baf3f6a,15,0.416064011506732,char_tfidf_v1
q_gas_station_02,24456103-f6b8-46af-8655-82e61d7265d8,16,0.40968843081289463,char_tfidf_v1
q_gas_station_02,ca37d067-0f46-40e9-b422-7c5918022fae,17,0.4021202294166936,char_tfidf_v1
q_gas_station_02,9d71ffe4-87c2-4899-af3e-8f52636e9a06,18,0.4016626280473618,char_tfidf_v1
q_gas_station_02,95bf6cba-5d06-44c9-9611-257970a31ffe,19,0.3957174474316221,char_tfidf_v1
q_gas_station_02,9f144b14-b201-4a40-b96e-e56dd74aef29,20,0.39544788013453175,char_tfidf_v1
q_gas_station_02,ffcab518-f7d5-49e1-aa49-0b41bcfb5b9c,21,0.3907619578363952,char_tfidf_v1
q_gas_station_02,65f6859a-9a45-48bf-b4de-541a5953532e,22,0.39075894208135015,char_tfidf_v1
q_gas_station_02,23b70117-c5c2-4bd6-9e81-d720faf21b4e,23,0.38844789328608903,char_tfidf_v1
q_gas_station_02,030536cb-46fd-4817-a7a9-ba9f838a3d84,24,0.38763444689968984,char_tfidf_v1
q_gas_station_02,f742c6c5-661e-47b9-a079-ebf69db6ae94,25,0.3864490387028186,char_tfidf_v1
q_gas_station_02,bf033087-b9c2-46ea-92d9-546fa63a1178,26,0.3859101923230132,char_tfidf_v1
q_gas_station_02,c44fc36e-ee96-46f8-8f99-31214e39879a,27,0.3847029138883404,char_tfidf_v1
q_gas_station_02,fbb7ac19-ada8-44e0-832c-1375d39b19f8,28,0.38462351634660025,char_tfidf_v1
q_gas_station_02,f28f495c-06db-4d48-9ef4-a6327c894d75,29,0.3841076774026399,char_tfidf_v1
q_gas_station_02,8835d461-5499-4bf7-8709-834d9f6e9b54,30,0.3839406921629962,char_tfidf_v1
q_gas_station_02,233a6c5e-2e7e-4b74-bd0f-e2d6aa1b9fec,31,0.3839005983274764,char_tfidf_v1
q_gas_station_02,24951010-132d-498f-a586-0c7d6f051bf4,32,0.38267318160692737,char_tfidf_v1
q_gas_station_02,dfca536c-0cb3-4d86-8c02-c1accad4bb97,33,0.3797157742486113,char_tfidf_v1
q_gas_station_02,23f79b5b-9a63-41fb-b140-0c4487b2affb,34,0.3768436207409663,char_tfidf_v1
q_gas_station_02,dd894757-bc6e-4a30-b01c-dfdf5dde1296,35,0.37606153540210807,char_tfidf_v1
q_gas_station_02,057020ed-9d18-4250-94d2-4ba64f9638da,36,0.3729670745932266,char_tfidf_v1
q_gas_station_02,c086618e-572f-428b-892d-41cd46bc6833,37,0.3699777345590875,char_tfidf_v1
q_gas_station_02,dc569198-4383-4fe3-b29b-254728473a3d,38,0.36755421596951937,char_tfidf_v1
q_gas_station_02,7aad34d9-133e-4f60-b912-f5f7e04fe794,39,0.3671240019006018,char_tfidf_v1
q_gas_station_02,822d683e-7de6-4c9a-9dc2-73d2c6b73cf4,40,0.3646341172603732,char_tfidf_v1
q_gas_station_03,c111ac9d-3f3a-405c-a8db-4d127ccda9e2,1,0.4692099973947144,char_tfidf_v1
q_gas_station_03,76a3551b-dae4-4326-92cc-662015aedbfb,2,0.4516959546983458,char_tfidf_v1
q_gas_station_03,fe998c22-1713-4828-9b48-134c13399e94,3,0.39754950999782124,char_tfidf_v1
q_gas_station_03,8224c4ea-5f0a-4661-9b6a-8c0e0bb0d0b2,4,0.396259914959016,char_tfidf_v1
q_gas_station_03,d51a889e-0b72-4272-a5b8-93e9ed52ad8e,5,0.3663971836736956,char_tfidf_v1
q_gas_station_03,4561811f-bdf2-487d-9112-bf313c4b9ac6,6,0.36148419336551557,char_tfidf_v1
q_gas_station_03,f178ce78-e3d7-4976-a964-3da951fdc7af,7,0.3595036253355813,char_tfidf_v1
q_gas_station_03,e0875a25-d6ef-4bab-aedf-a564aea1e7ad,8,0.3533477208960647,char_tfidf_v1
q_gas_station_03,2743811c-5e71-4d2b-aa75-1b0147d44f2d,9,0.3498080443158089,char_tfidf_v1
q_gas_station_03,e9d6481d-8213-46a8-bd06-310084f0bd3a,10,0.34919005040081424,char_tfidf_v1
q_gas_station_03,dce9c517-42ee-4348-97fc-972cb5b52fa5,11,0.3436115437667505,char_tfidf_v1
q_gas_station_03,61f4878a-4b6b-4b1e-926e-4ce28731f9dd,12,0.3303994653956661,char_tfidf_v1
q_gas_station_03,2780c52b-08dc-4133-8b30-4b993563ec19,13,0.33035402362588073,char_tfidf_v1
q_gas_station_03,f65bf0ef-9e3c-4ae2-89d8-667edcdf697c,14,0.3262189531678887,char_tfidf_v1
q_gas_station_03,5e25535b-0401-43fc-804c-9023fbdc7e76,15,0.3252854959757084,char_tfidf_v1
q_gas_station_03,5abf9af5-9fdd-4ce5-8823-b75a6baf3f6a,16,0.3250629269826373,char_tfidf_v1
q_gas_station_03,24456103-f6b8-46af-8655-82e61d7265d8,17,0.32008180661597174,char_tfidf_v1
q_gas_station_03,ca37d067-0f46-40e9-b422-7c5918022fae,18,0.3141689142969893,char_tfidf_v1
q_gas_station_03,9d71ffe4-87c2-4899-af3e-8f52636e9a06,19,0.31381139901955013,char_tfidf_v1
q_gas_station_03,95bf6cba-5d06-44c9-9611-257970a31ffe,20,0.3091665420769989,char_tfidf_v1
q_gas_station_03,9f144b14-b201-4a40-b96e-e56dd74aef29,21,0.30895593425659723,char_tfidf_v1
q_gas_station_03,ffcab518-f7d5-49e1-aa49-0b41bcfb5b9c,22,0.3052949119722394,char_tfidf_v1
q_gas_station_03,65f6859a-9a45-48bf-b4de-541a5953532e,23,0.30529255581997705,char_tfidf_v1
q_gas_station_03,23b70117-c5c2-4bd6-9e81-d720faf21b4e,24,0.30348697719502754,char_tfidf_v1
q_gas_station_03,030536cb-46fd-4817-a7a9-ba9f838a3d84,25,0.3028514469496963,char_tfidf_v1
q_gas_station_03,f742c6c5-661e-47b9-a079-ebf69db6ae94,26,0.3019253099912299,char_tfidf_v1
q_gas_station_03,bf033087-b9c2-46ea-92d9-546fa63a1178,27,0.30150431952685586,char_tfidf_v1
q_gas_station_03,c44fc36e-ee96-46f8-8f99-31214e39879a,28,0.30056109576607787,char_tfidf_v1
q_gas_station_03,fbb7ac19-ada8-44e0-832c-1375d39b19f8,29,0.30049906397145143,char_tfidf_v1
q_gas_station_03,f28f495c-06db-4d48-9ef4-a6327c894d75,30,0.30009604878066826,char_tfidf_v1
q_gas_station_03,8835d461-5499-4bf7-8709-834d9f6e9b54,31,0.2999655863776238,char_tfidf_v1
q_gas_station_03,233a6c5e-2e7e-4b74-bd0f-e2d6aa1b9fec,32,0.2999342618237869,char_tfidf_v1
q_gas_station_03,24951010-132d-498f-a586-0c7d6f051bf4,33,0.2989753044019128,char_tfidf_v1
q_gas_station_03,dfca536c-0cb3-4d86-8c02-c1accad4bb97,34,0.2966647380813776,char_tfidf_v1
q_gas_station_03,23f79b5b-9a63-41fb-b140-0c4487b2affb,35,0.29442077897864843,char_tfidf_v1
q_gas_station_03,dd894757-bc6e-4a30-b01c-dfdf5dde1296,36,0.2938097505254093,char_tfidf_v1
q_gas_station_03,057020ed-9d18-4250-94d2-4ba64f9638da,37,0.29139210694137196,char_tfidf_v1
q_gas_station_03,c086618e-572f-428b-892d-41cd46bc6833,38,0.28905659222640145,char_tfidf_v1
q_gas_station_03,dc569198-4383-4fe3-b29b-254728473a3d,39,0.2871631430826774,char_tfidf_v1
q_gas_station_03,7aad34d9-133e-4f60-b912-f5f7e04fe794,40,0.28682702498401025,char_tfidf_v1
q_gas_station_04,fe998c22-1713-4828-9b48-134c13399e94,1,0.55214209349083,char_tfidf_v1
q_gas_station_04,8224c4ea-5f0a-4661-9b6a-8c0e0bb0d0b2,2,0.5503510217209635,char_tfidf_v1
q_gas_station_04,d51a889e-0b72-4272-a5b8-93e9ed52ad8e,3,0.5088757574970905,char_tfidf_v1
q_gas_station_04,4561811f-bdf2-487d-9112-bf313c4b9ac6,4,0.5020522834747642,char_tfidf_v1
q_gas_station_04,f178ce78-e3d7-4976-a964-3da951fdc7af,5,0.49930154438228,char_tfidf_v1
q_gas_station_04,e0875a25-d6ef-4bab-aedf-a564aea1e7ad,6,0.4907518320091397,char_tfidf_v1
q_gas_station_04,dce9c517-42ee-4348-97fc-972cb5b52fa5,7,0.4772296087700607,char_tfidf_v1
q_gas_station_04,61f4878a-4b6b-4b1e-926e-4ce28731f9dd,8,0.4588798323831764,char_tfidf_v1
q_gas_station_04,2780c52b-08dc-4133-8b30-4b993563ec19,9,0.45881671995750295,char_tfidf_v1
q_gas_station_04,f65bf0ef-9e3c-4ae2-89d8-667edcdf697c,10,0.4530736705963799,char_tfidf_v1
q_gas_station_04,5e25535b-0401-43fc-804c-9023fbdc7e76,11,0.4517772257629367,char_tfidf_v1
q_gas_station_04,5abf9af5-9fdd-4ce5-8823-b75a6baf3f6a,12,0.4514681077620591,char_tfidf_v1
q_gas_station_04,ca37d067-0f46-40e9-b422-7c5918022fae,13,0.436337808718797,char_tfidf_v1
q_gas_station_04,9d71ffe4-87c2-4899-af3e-8f52636e9a06,14,0.43584126871868156,char_tfidf_v1
q_gas_station_04,95bf6cba-5d06-44c9-9611-257970a31ffe,15,0.4293901954014494,char_tfidf_v1
q_gas_station_04,9f144b14-b201-4a40-b96e-e56dd74aef29,16,0.42909768983940577,char_tfidf_v1
q_gas_station_04,ffcab518-f7d5-49e1-aa49-0b41bcfb5b9c,17,0.4240130287907404,char_tfidf_v1
q_gas_station_04,65f6859a-9a45-48bf-b4de-541a5953532e,18,0.4240097564163316,char_tfidf_v1
q_gas_station_04,23b70117-c5c2-4bd6-9e81-d720faf21b4e,19,0.42150205376076205,char_tfidf_v1
q_gas_station_04,030536cb-46fd-4817-a7a9-ba9f838a3d84,20,0.4206193888566201,char_tfidf_v1
q_gas_station_04,f742c6c5-661e-47b9-a079-ebf69db6ae94,21,0.41933311083024377,char_tfidf_v1
q_gas_station_04,bf033087-b9c2-46ea-92d9-546fa63a1178,22,0.41874841244553085,char_tfidf_v1
q_gas_station_04,c44fc36e-ee96-46f8-8f99-31214e39879a,23,0.4174384031792407,char_tfidf_v1
q_gas_station_04,fbb7ac19-ada8-44e0-832c-1375d39b19f8,24,0.41735224946986177,char_tfidf_v1
q_gas_station_04,f28f495c-06db-4d48-9ef4-a6327c894d75,25,0.4167925162905936,char_tfidf_v1
q_gas_station_04,8835d461-5499-4bf7-8709-834d9f6e9b54,26,0.41661132179147525,char_tfidf_v1
q_gas_station_04,233a6c5e-2e7e-4b74-bd0f-e2d6aa1b9fec,27,0.4165678162549365,char_tfidf_v1
q_gas_station_04,24951010-132d-498f-a586-0c7d6f051bf4,28,0.41523595507748196,char_tfidf_v1
q_gas_station_04,dfca536c-0cb3-4d86-8c02-c1accad4bb97,29,0.4120268933297347,char_tfidf_v1
q_gas_station_04,23f79b5b-9a63-41fb-b140-0c4487b2affb,30,0.4089103399306486,char_tfidf_v1
q_gas_station_04,dd894757-bc6e-4a30-b01c-dfdf5dde1296,31,0.4080617046767509,char_tfidf_v1
q_gas_station_04,057020ed-9d18-4250-94d2-4ba64f9638da,32,0.4047039272019092,char_tfidf_v1
q_gas_station_04,c086618e-572f-428b-892d-41cd46bc6833,33,0.4014602155341234,char_tfidf_v1
q_gas_station_04,dc569198-4383-4fe3-b29b-254728473a3d,34,0.39883047270249483,char_tfidf_v1
q_gas_station_04,7aad34d9-133e-4f60-b912-f5f7e04fe794,35,0.39836365046780187,char_tfidf_v1
q_gas_station_04,822d683e-7de6-4c9a-9dc2-73d2c6b73cf4,36,0.39566189430533305,char_tfidf_v1
q_gas_station_04,c98117a8-0faa-4c7f-b9de-43745aabb18d,37,0.39534275008843556,char_tfidf_v1
q_gas_station_04,192525d6-1730-4301-875b-5bd76609ee8f,38,0.39519498343094206,char_tfidf_v1
q_gas_station_04,b08e9710-2ab2-47be-bcb5-61acffbc6fb4,39,0.3919003193529459,char_tfidf_v1
q_gas_station_04,9b8b4cc1-f47b-43d6-913f-a3641d6a7e0e,40,0.3903177752205306,char_tfidf_v1
