query_id,doc_id,rank,score,system
q_chicken_01,eae27f47-79b1-4dc9-b4b8-1c7d3b6bafb9,1,0.45587142475305426,word_tfidf_v1
q_chicken_01,a2185d69-3bee-4ea9-93f6-2971fa115128,2,0.4446902974937783,word_tfidf_v1
q_chicken_01,dc7f7338-1d5b-4d2b-92e8-092734d8dafb,3,0.42662857763570383,word_tfidf_v1
q_chicken_01,da178971-1fbd-4187-a329-8c76e76592a7,4,0.40680462969282805,word_tfidf_v1
q_chicken_01,6d0b67c2-5e6b-4b3e-83ab-7a5b7560fa6a,5,0.4046176392824256,word_tfidf_v1
q_chicken_01,bdd0e5d6-cd9c-4797-b97a-4f19578f2611,6,0.39779335565371404,word_tfidf_v1
q_chicken_01,7dd988f4-1f18-4615-966c-c8c2341979e3,7,0.39779335565371404,word_tfidf_v1
q_chicken_01,24ee2f87-c8e1-42eb-8afd-5ae7157d5fa0,8,0.39779335565371404,word_tfidf_v1
q_chicken_01,377a7e39-bf6e-43eb-817b-47369ca61e45,9,0.3920226216791691,word_tfidf_v1
q_chicken_01,723796f3-5be8-44d4-8c5b-0f7501b33c8f,10,0.38369061060373766,word_tfidf_v1
q_chicken_01,dfcc1036-5661-448c-bdc1-2854eb01648a,11,0.3812582710287035,word_tfidf_v1
q_chicken_01,f7eb2238-af4b-4b20-a1f9-1434d580d912,12,0.38085362886430135,word_tfidf_v1
q_chicken_01,99b7e75e-7f1f-4699-8a4d-0f4ea525fbac,13,0.38085362886430135,word_tfidf_v1
q_chicken_01,03770687-c528-4ce4-881e-eefbc9ec2a96,14,0.36970880313643967,word_tfidf_v1
q_chicken_01,2255e5cc-9d10-46e2-8b34-2f2a6bf7a975,15,0.36892184434587805,word_tfidf_v1
q_chicken_01,9da6138a-5f10-4782-a41f-27a0a2b14314,16,0.36892184434587805,word_tfidf_v1
q_chicken_01,efeebb46-4dd2-43cb-be61-e69cdbe801b8,17,0.36892184434587805,word_tfidf_v1
q_chicken_01,9b9bd7a6-1341-40f7-bd61-b13306bd36ce,18,0.36892184434587805,word_tfidf_v1
q_chicken_01,f3db100e-fdef-4b6d-9723-ecc519e61223,19,0.36892184434587805,word_tfidf_v1
q_chicken_01,0ebf0d5e-d35a-4d8d-96ea-93b1ce37655d,20,0.36892184434587805,word_tfidf_v1
q_chicken_01,56f63aa0-186a-48a6-8c2d-e4510ccbfa87,21,0.36892184434587805,word_tfidf_v1
q_chicken_01,8ea2959a-ec89-4299-b5ee-fc663b864161,22,0.36892184434587805,word_tfidf_v1
q_chicken_01,98fe9f51-dc55-453c-b575-9012fb4f09eb,23,0.36892184434587805,word_tfidf_v1
q_chicken_01,32900f85-5b88-4a9a-b362-46ad57ae03b6,24,0.36892184434587805,word_tfidf_v1
q_chicken_01,4c46a9ab-93b8-4cc1-a4f0-71c01cac8b14,25,0.36892184434587805,word_tfidf_v1
q_chicken_01,e3a231ef-25b7-4463-b045-c48aabc93982,26,0.36892184434587805,word_tfidf_v1
q_chicken_01,78ad8f03-bb9f-45a6-8ad5-701381d95124,27,0.36892184434587805,word_tfidf_v1
q_chicken_01,ec0f2b50-4097-472c-b77c-ce3d03c6a3c2,28,0.36892184434587805,word_tfidf_v1
q_chicken_01,bd971626-62a4-458e-9e5b-1b7778dd6893,29,0.36892184434587805,word_tfidf_v1
q_chicken_01,4cacc225-5b09-4c12-98bf-8e5227ba3cfb,30,0.36892184434587805,word_tfidf_v1
q_chicken_01,f63ffa55-804e-46b7-abe0-d7bb64c3a915,31,0.36191625560079177,word_tfidf_v1
q_chicken_01,1b8e84cb-06c5-434d-ba7c-da317c1c63ea,32,0.36191625560079177,word_tfidf_v1
q_chicken_01,2be8fe7b-6af1-4a00-a1a3-a4ff7d6e09ef,33,0.36191625560079177,word_tfidf_v1
q_chicken_01,751b598e-b0d9-498c-b528-fda82557c356,34,0.36191625560079177,word_tfidf_v1
q_chicken_01,5b5ce925-1446-46f4-aa24-80a3d22bf660,35,0.36191625560079177,word_tfidf_v1
q_chicken_01,95cc23cc-9e8e-4e17-9d12-018847c56feb,36,0.36191625560079177,word_tfidf_v1
q_chicken_01,2515bc79-3639-4c2f-a33c-40070c8a12ef,37,0.36191625560079177,word_tfidf_v1
q_chicken_01,7ad43aeb-d2c1-41aa-a372-0336cdd9cb1c,38,0.36191625560079177,word_tfidf_v1
q_chicken_01,30981d90-fe73-4db3-bd31-e33225fb138b,39,0.36191625560079177,word_tfidf_v1
q_chicken_01,b998c563-ffd9-4b86-8a32-89edffbd647c,40,0.36191625560079177,word_tfidf_v1
q_chicken_02,2341c6df-428f-4fc0-bc0a-af7f32171b23,1,0.5345136791339824,word_tfidf_v1
q_chicken_02,0a5f0961-5e1b-4174-bad0-77a2440e8c36,2,0.49678997061713537,word_tfidf_v1
q_chicken_02,46da3a5a-1574-4b63-bc78-3b164b5c33ab,3,0.49678997061713537,word_tfidf_v1
q_chicken_02,bc5d44fd-d688-40ee-82ab-eeb183e5619c,4,0.49678997061713537,word_tfidf_v1
q_chicken_02,f5b8a795-1f34-46ed-a251-8e9d3b088b99,5,0.49678997061713537,word_tfidf_v1
q_chicken_02,8585da2e-e268-4758-b408-bdcd7c3934c0,6,0.49678997061713537,word_tfidf_v1
q_chicken_02,1de295a5-4d83-4d1c-9f92-592c8666579d,7,0.49678997061713537,word_tfidf_v1
q_chicken_02,29bdc695-f252-4677-968c-c18d8e0ca6db,8,0.49678997061713537,word_tfidf_v1
q_chicken_02,a5518d12-6508-4478-a7d5-5841773c6781,9,0.49678997061713537,word_tfidf_v1
q_chicken_02,35e0705e-1680-4286-aa3f-f1a633b4d0a0,10,0.49678997061713537,word_tfidf_v1
q_chicken_02,1b5a5e87-96e4-4f1c-bc82-2a170c4a9ab0,11,0.49678997061713537,word_tfidf_v1
q_chicken_02,dfb9df9f-5350-4eac-966f-d176ac094359,12,0.49678997061713537,word_tfidf_v1
q_chicken_02,8479ecba-6f0d-4cbb-b175-de5deb872546,13,0.49678997061713537,word_tfidf_v1
q_chicken_02,9aa00851-ad1c-4fca-887d-40c89fafc00b,14,0.49678997061713537,word_tfidf_v1
q_chicken_02,eabd7a5c-12cd-4489-972d-62b6cdb0046f,15,0.49678997061713537,word_tfidf_v1
q_chicken_02,87c17f6c-7fd8-4fb0-b1dd-41a49514ff5e,16,0.49678997061713537,word_tfidf_v1
q_chicken_02,06c1c0eb-363b-440b-b028-70aa47f72cde,17,0.49678997061713537,word_tfidf_v1
q_chicken_02,38e81b5c-49d8-4b9b-9223-0605d6841f8b,18,0.49678997061713537,word_tfidf_v1
q_chicken_02,8309c219-49d8-4365-b007-985fe8d00527,19,0.4868126316327464,word_tfidf_v1
q_chicken_02,47b57d05-3dfd-4373-9b07-d721d1fd9c25,20,0.45618183767003295,word_tfidf_v1
q_chicken_02,1fe3aade-df01-4089-a077-7a9f5c78bedd,21,0.4458898752396403,word_tfidf_v1
q_chicken_02,945d57ed-d862-4779-8074-b1ffb53880c7,22,0.44523161012327,word_tfidf_v1
q_chicken_02,d1839464-5760-4449-8af9-5030c53d46ed,23,0.4434879625540467,word_tfidf_v1
q_chicken_02,394d1f22-16b9-49b3-88a1-60149f4b79ae,24,0.4434879625540467,word_tfidf_v1
q_chicken_02,644db2aa-ed94-4fcd-962e-c904de9d525d,25,0.43694100266609054,word_tfidf_v1
q_chicken_02,8dbbe4f3-8be7-4dc6-b0eb-3d6cbc3d17de,26,0.4359799727284638,word_tfidf_v1
q_chicken_02,754bb750-249a-422f-a59e-e8ab38a2e37d,27,0.4359799727284638,word_tfidf_v1
q_chicken_02,e55169c5-25de-4429-9d11-eda2e27606c2,28,0.4323375615957499,word_tfidf_v1
q_chicken_02,1a3003ed-8e75-4fd9-9622-da3e8c7e083f,29,0.43163531293163215,word_tfidf_v1
q_chicken_02,72f42ebd-278a-49a6-bfe5-0c04c531e9f5,30,0.4292822351105019,word_tfidf_v1
q_chicken_02,33f90034-1873-4635-a9be-633d63f89e0c,31,0.4274539277733412,word_tfidf_v1
q_chicken_02,b3969ff5-eb24-49e8-a6e1-0f4793e73ccb,32,0.4263131052502288,word_tfidf_v1
q_chicken_02,40ae2f83-500e-48ca-aec6-f246e4c97ac9,33,0.4263131052502288,word_tfidf_v1
q_chicken_02,ccb3f586-e0f4-4d90-bd39-4e5369724b30,34,0.4263131052502288,word_tfidf_v1
q_chicken_02,61fc2fd1-e87e-4819-86c4-5c0a9a483b26,35,0.4263131052502288,word_tfidf_v1
q_chicken_02,c28e3455-72db-4c4d-91b4-492506769c0b,36,0.4263131052502288,word_tfidf_v1
q_chicken_02,fae90198-a832-4d1a-b6b7-bc709c576e8e,37,0.4263131052502288,word_tfidf_v1
q_chicken_02,0f31486b-c34a-4a96-b5d7-1b2dc665e156,38,0.42364372951616375,word_tfidf_v1
q_chicken_02,11261ec2-9028-4157-bb67-7134839e60ab,39,0.42364372951616375,word_tfidf_v1
q_chicken_02,0f497588-c36e-46bb-b7fd-f5d41934ecdc,40,0.42364372951616375,word_tfidf_v1
q_chicken_03,dc00a2bf-c650-4943-8394-df24fc14ffb1,1,0.3224386003456784,word_tfidf_v1
q_chicken_03,21301aab-c5fa-4d5b-b66a-3ff1245b51c9,2,0.26406567678470766,word_tfidf_v1
q_chicken_03,76a3551b-dae4-4326-92cc-662015aedbfb,3,0.2611752522402818,word_tfidf_v1
q_chicken_03,2f0f4d4a-8899-4ac8-8788-dfc6f9f0d37d,4,0.25971411322325677,word_tfidf_v1
q_chicken_03,c161453d-f2c8-4b97-a2c3-a54e0cbdb7e8,5,0.22792089071286392,word_tfidf_v1
q_chicken_03,c111ac9d-3f3a-405c-a8db-4d127ccda9e2,6,0.21422655957135542,word_tfidf_v1
q_chicken_03,24456103-f6b8-46af-8655-82e61d7265d8,7,0.2114437523585629,word_tfidf_v1
q_chicken_03,2743811c-5e71-4d2b-aa75-1b0147d44f2d,8,0.18126595021515057,word_tfidf_v1
q_chicken_04,aba76fc2-984e-4030-ba01-e2e7d78264c7,1,0.392826202208686,word_tfidf_v1
q_chicken_04,f14df4d3-9858-4a8b-8597-20fd477d8e32,2,0.36604572934765484,word_tfidf_v1
q_chicken_04,282b0e8b-051c-49f9-a707-b982df803589,3,0.34312520792070955,word_tfidf_v1
q_chicken_04,eae27f47-79b1-4dc9-b4b8-1c7d3b6bafb9,4,0.18535462244257117,word_tfidf_v1
q_chicken_04,a2185d69-3bee-4ea9-93f6-2971fa115128,5,0.18080844229375378,word_tfidf_v1
q_chicken_04,dc7f7338-1d5b-4d2b-92e8-092734d8dafb,6,0.1734646539289305,word_tfidf_v1
q_chicken_04,da178971-1fbd-4187-a329-8c76e76592a7,7,0.1654043540576162,word_tfidf_v1
q_chicken_04,6d0b67c2-5e6b-4b3e-83ab-7a5b7560fa6a,8,0.1645151367042248,word_tfidf_v1
q_chicken_04,7dd988f4-1f18-4615-966c-c8c2341979e3,9,0.16174042338209443,word_tfidf_v1
q_chicken_04,bdd0e5d6-cd9c-4797-b97a-4f19578f2611,10,0.16174042338209443,word_tfidf_v1
q_chicken_04,24ee2f87-c8e1-42eb-8afd-5ae7157d5fa0,11,0.16174042338209443,word_tfidf_v1
q_chicken_04,377a7e39-bf6e-43eb-817b-47369ca61e45,12,0.1593940771120958,word_tfidf_v1
q_chicken_04,723796f3-5be8-44d4-8c5b-0f7501b33c8f,13,0.15600633073621686,word_tfidf_v1
q_chicken_04,dfcc1036-5661-448c-bdc1-2854eb01648a,14,0.15501735586500884,word_tfidf_v1
q_chicken_04,99b7e75e-7f1f-4699-8a4d-0f4ea525fbac,15,0.1548528307565361,word_tfidf_v1
q_chicken_04,f7eb2238-af4b-4b20-a1f9-1434d580d912,16,0.1548528307565361,word_tfidf_v1
q_chicken_04,03770687-c528-4ce4-881e-eefbc9ec2a96,17,0.1503214105954785,word_tfidf_v1
q_chicken_04,efeebb46-4dd2-43cb-be61-e69cdbe801b8,18,0.1500014378102103,word_tfidf_v1
q_chicken_04,32900f85-5b88-4a9a-b362-46ad57ae03b6,19,0.1500014378102103,word_tfidf_v1
q_chicken_04,9da6138a-5f10-4782-a41f-27a0a2b14314,20,0.1500014378102103,word_tfidf_v1
q_chicken_04,2255e5cc-9d10-46e2-8b34-2f2a6bf7a975,21,0.1500014378102103,word_tfidf_v1
q_chicken_04,8ea2959a-ec89-4299-b5ee-fc663b864161,22,0.1500014378102103,word_tfidf_v1
q_chicken_04,9b9bd7a6-1341-40f7-bd61-b13306bd36ce,23,0.1500014378102103,word_tfidf_v1
q_chicken_04,f3db100e-fdef-4b6d-9723-ecc519e61223,24,0.1500014378102103,word_tfidf_v1
q_chicken_04,78ad8f03-bb9f-45a6-8ad5-701381d95124,25,0.1500014378102103,word_tfidf_v1
q_chicken_04,4cacc225-5b09-4c12-98bf-8e5227ba3cfb,26,0.1500014378102103,word_tfidf_v1
q_chicken_04,4c46a9ab-93b8-4cc1-a4f0-71c01cac8b14,27,0.1500014378102103,word_tfidf_v1
q_chicken_04,e3a231ef-25b7-4463-b045-c48aabc93982,28,0.1500014378102103,word_tfidf_v1
q_chicken_04,bd971626-62a4-458e-9e5b-1b7778dd6893,29,0.1500014378102103,word_tfidf_v1
q_chicken_04,98fe9f51-dc55-453c-b575-9012fb4f09eb,30,0.1500014378102103,word_tfidf_v1
q_chicken_04,56f63aa0-186a-48a6-8c2d-e4510ccbfa87,31,0.1500014378102103,word_tfidf_v1
q_chicken_04,0ebf0d5e-d35a-4d8d-96ea-93b1ce37655d,32,0.1500014378102103,word_tfidf_v1
q_chicken_04,ec0f2b50-4097-472c-b77c-ce3d03c6a3c2,33,0.1500014378102103,word_tfidf_v1
q_chicken_04,30981d90-fe73-4db3-bd31-e33225fb138b,34,0.1471530069011293,word_tfidf_v1
q_chicken_04,290a5e54-6c6c-4b8e-952d-c2fcaa3759ff,35,0.1471530069011293,word_tfidf_v1
q_chicken_04,1b8e84cb-06c5-434d-ba7c-da317c1c63ea,36,0.1471530069011293,word_tfidf_v1
q_chicken_04,95cc23cc-9e8e-4e17-9d12-018847c56feb,37,0.1471530069011293,word_tfidf_v1
q_chicken_04,8129a251-68c6-4bc4-b32d-6b90fbb6151f,38,0.1471530069011293,word_tfidf_v1
q_chicken_04,b998c563-ffd9-4b86-8a32-89edffbd647c,39,0.1471530069011293,word_tfidf_v1
q_chicken_04,751b598e-b0d9-498c-b528-fda82557c356,40,0.1471530069011293,word_tfidf_v1
q_cafe_01,b948ad13-1eb3-495a-860b-ed48b497e5fd,1,0.48518804974480667,word_tfidf_v1
q_cafe_01,f8dbe46a-9b1e-4447-818d-9635ab36bbc6,2,0.4800644064829856,word_tfidf_v1
q_cafe_01,086b8327-9ad9-4eed-8e13-da0eda96a63c,3,0.4577141766927742,word_tfidf_v1
q_cafe_01,6e08518c-0e13-4493-8541-2c5c34572560,4,0.4565633558161083,word_tfidf_v1
q_cafe_01,317b1407-0c4a-473e-98cb-af2285412d2e,5,0.4524371243523117,word_tfidf_v1
q_cafe_01,4d49ee8e-7ecd-49dc-a898-c0922043b6a6,6,0.45153100559526194,word_tfidf_v1
q_cafe_01,48430f32-eddc-4711-af14-565111e632b7,7,0.4475052948848059,word_tfidf_v1
q_cafe_01,ba6ffc35-a0eb-448b-825f-2a845d9143db,8,0.44460035195588216,word_tfidf_v1
q_cafe_01,d23617aa-29a3-4989-8aec-225dceed28e8,9,0.4405181766001105,word_tfidf_v1
q_cafe_01,a3de51ae-d04e-4190-be0d-57e7ff0fc419,10,0.4405181766001105,word_tfidf_v1
q_cafe_01,5f0bac88-0df8-4e7f-96ba-1f26c1be66d3,11,0.4395979815743125,word_tfidf_v1
q_cafe_01,4705259f-33d4-4867-800b-f5b8b5c0ec0d,12,0.43654641873905625,word_tfidf_v1
q_cafe_01,e804dba8-26fd-413a-9f2d-4ea873dc979b,13,0.4365464187390562,word_tfidf_v1
q_cafe_01,c2f5ad57-f8df-4340-beef-cc98c74e8c7c,14,0.43450929382240383,word_tfidf_v1
q_cafe_01,8de237b2-907a-40ef-9ef2-ea23232b714e,15,0.4318690348916251,word_tfidf_v1
q_cafe_01,d456608d-728b-450f-a250-10ae314a0d7a,16,0.4318690348916251,word_tfidf_v1
q_cafe_01,8f32fd9f-33d1-440f-9ca7-bdf0f89a7602,17,0.42812469534071484,word_tfidf_v1
q_cafe_01,92c9fa55-f8c3-4148-8daa-5e92712afd36,18,0.42812469534071484,word_tfidf_v1
q_cafe_01,eabb00d2-4105-4651-a280-fab5b15c938d,19,0.42812469534071484,word_tfidf_v1
q_cafe_01,8a3fb8b1-4468-4191-a3f0-bd128719433e,20,0.42812469534071484,word_tfidf_v1
q_cafe_01,e8d71812-a078-4cce-8177-51387181bef4,21,0.42812469534071484,word_tfidf_v1
q_cafe_01,b15d2f1d-757a-487f-a946-be370475f0c1,22,0.42812469534071484,word_tfidf_v1
q_cafe_01,79e2284e-e369-404a-8b81-ffd912189760,23,0.42812469534071484,word_tfidf_v1
q_cafe_01,a9d9062e-8552-4d8c-8d64-97f2f46a5abd,24,0.42812469534071484,word_tfidf_v1
q_cafe_01,db903978-1412-44fa-b7b0-64ab95329f1a,25,0.42812469534071484,word_tfidf_v1
q_cafe_01,71af8a29-8a96-43f5-b0d4-bd4fc91ad096,26,0.42812469534071484,word_tfidf_v1
q_cafe_01,5d44e5bd-a4f0-4d49-ba0e-281775f723c1,27,0.42812469534071484,word_tfidf_v1
q_cafe_01,a5ea943f-1ebb-4111-b25b-9f15d71afedb,28,0.42812469534071484,word_tfidf_v1
q_cafe_01,ec1fda61-0b16-4768-bbaa-0bf937f38623,29,0.39361405351235196,word_tfidf_v1
q_cafe_01,2621f9a5-c792-4a3e-9ef7-7dc53cc4d23d,30,0.38888191976665437,word_tfidf_v1
q_cafe_01,8628389e-fec1-4e5f-a96d-47f52675502c,31,0.3787853511873074,word_tfidf_v1
q_cafe_01,34b09895-ebbe-4aa4-9539-8dd761ad643a,32,0.3728966018752692,word_tfidf_v1
q_cafe_01,08442e1a-4163-428d-90b3-3952a5b19330,33,0.3719631196298299,word_tfidf_v1
q_cafe_01,1d73ee41-ac2d-45dd-960c-686e39be8c1d,34,0.37039743839451333,word_tfidf_v1
q_cafe_01,ab4dbc37-a7af-4f52-9307-35bf84f87450,35,0.3684477347294584,word_tfidf_v1
q_cafe_01,5ef663ba-ae01-4672-8d30-17e63b824418,36,0.3684477347294584,word_tfidf_v1
q_cafe_01,55de09f5-9f28-4e8d-a130-bedd385962b8,37,0.36744890007635606,word_tfidf_v1
q_cafe_01,0b96b509-2cdd-4638-bc4c-a632182c1285,38,0.3620709153957344,word_tfidf_v1
q_cafe_01,13ac8eea-3a19-4118-98b0-b5c56187f1b2,39,0.3611008724454478,word_tfidf_v1
q_cafe_01,acc8cbee-c22e-4a70-b534-a0acdfc60e25,40,0.3605630090163888,word_tfidf_v1
q_cafe_02,5b4eb679-e03c-46bb-93b3-dc5461d368b2,1,0.47036771392140264,word_tfidf_v1
q_cafe_02,ec5f4494-acd8-413c-98be-3bdfffa9e4cb,2,0.4631963357161237,word_tfidf_v1
q_cafe_02,8c8202e2-fc6c-419f-b91d-bcee987c283b,3,0.4535344226430875,word_tfidf_v1
q_cafe_02,5f072fda-dd86-467a-86c0-87ac9fbe547e,4,0.4499346754716274,word_tfidf_v1
q_cafe_02,a16e4943-ff0e-4d93-b96b-b841c98bbf3c,5,0.4409357090445587,word_tfidf_v1
q_cafe_02,06e5790f-8c0c-4ae6-9197-435e8d241228,6,0.4371412776360906,word_tfidf_v1
q_cafe_02,9b535fdb-d63f-47e2-8b45-1ca8f5493674,7,0.41929840437037647,word_tfidf_v1
q_cafe_02,2da7b5c1-04ac-4e38-853b-adcd19bc130b,8,0.41929840437037647,word_tfidf_v1
q_cafe_02,6a0eb8ba-e15d-432a-9bd4-895364619c03,9,0.4168073100227981,word_tfidf_v1
q_cafe_02,eb3d9454-ba02-40dc-baa4-d30e5d14e2d6,10,0.4168073100227981,word_tfidf_v1
q_cafe_02,7656c1bf-c177-4de6-8859-eea3d47f96e8,11,0.4137662495624291,word_tfidf_v1
q_cafe_02,6bfe7790-4824-415d-acde-0706a2531886,12,0.4137662495624291,word_tfidf_v1
q_cafe_02,cff09982-51b6-4570-add7-518ed2ca2ed5,13,0.40986034899125057,word_tfidf_v1
q_cafe_02,d8827d58-f51f-4bbb-b628-7c11182794ef,14,0.40986034899125057,word_tfidf_v1
q_cafe_02,ecc73904-b075-4ed5-9b63-7d7733c817d0,15,0.40986034899125057,word_tfidf_v1
q_cafe_02,3e9107ef-620c-4780-be9b-e744a50615d0,16,0.40986034899125057,word_tfidf_v1
q_cafe_02,5dba2cc7-f3c7-4ca2-9e84-29303ff6a088,17,0.40986034899125057,word_tfidf_v1
q_cafe_02,58205912-28f5-4d3c-b8fc-022dce5452f9,18,0.40986034899125057,word_tfidf_v1
q_cafe_02,1cc6b8cb-0aef-43ce-ba51-a0f549ee0a19,19,0.40986034899125057,word_tfidf_v1
q_cafe_02,2ffdc321-2b6d-43d2-b50c-017591184878,20,0.40986034899125057,word_tfidf_v1
q_cafe_02,7df636bb-fa98-4037-9d77-799fad17d518,21,0.40438823144382613,word_tfidf_v1
q_cafe_02,3fafd654-a2cd-472b-859a-29ab841d9485,22,0.40438823144382613,word_tfidf_v1
q_cafe_02,32e816ce-adfe-4282-ad09-94589b971a2d,23,0.40438823144382613,word_tfidf_v1
q_cafe_02,c0258736-3e71-45a9-a256-a79fd78c638a,24,0.40438823144382613,word_tfidf_v1
q_cafe_02,6f7b0559-1d27-40d0-841b-27649db57866,25,0.40438823144382613,word_tfidf_v1
q_cafe_02,74cce420-3508-4825-af59-cba321863f90,26,0.40438823144382613,word_tfidf_v1
q_cafe_02,06f1190e-3aa6-40df-87c8-6c9c83c9e95f,27,0.40438823144382613,word_tfidf_v1
q_cafe_02,5e722ba2-494e-47da-a9cd-afc9bdd3366c,28,0.40438823144382613,word_tfidf_v1
q_cafe_02,76f05e6c-6bde-4d37-893f-ff578f864df5,29,0.40438823144382613,word_tfidf_v1
q_cafe_02,5bdc2d09-942a-49fa-9155-83ab959584fe,30,0.40438823144382613,word_tfidf_v1
q_cafe_02,ee50aa14-f958-420c-bf01-1653f72a7057,31,0.40438823144382613,word_tfidf_v1
q_cafe_02,9c1ed907-377f-4187-822d-f328fd989d0a,32,0.40438823144382613,word_tfidf_v1
q_cafe_02,0163f865-f68b-4caa-bf0d-1c35b2a1973d,33,0.40438823144382613,word_tfidf_v1
q_cafe_02,de68d6fe-f90a-422c-a1a5-59aeae20723b,34,0.40438823144382613,word_tfidf_v1
q_cafe_02,23c893bb-c086-41ff-b598-8b7512988ce6,35,0.40438823144382613,word_tfidf_v1
q_cafe_02,a5d40dd4-422a-4323-a98d-4ab0e068909e,36,0.40438823144382613,word_tfidf_v1
q_cafe_02,6c59de3e-c4bc-4157-afe2-6344a8519c09,37,0.40438823144382613,word_tfidf_v1
q_cafe_02,b33b8064-5f64-4c1c-ab38-80ab05996eba,38,0.40438823144382613,word_tfidf_v1
q_cafe_02,d5a4006b-9ded-44d3-beb5-381cf7694829,39,0.40438823144382613,word_tfidf_v1
q_cafe_02,85fac7fb-515a-45f6-a50c-b12160f43c55,40,0.40438823144382613,word_tfidf_v1
q_cafe_03,70653d99-666d-410c-866d-57f33ccb8024,1,0.6233685664753497,word_tfidf_v1
q_cafe_03,8f8d13f9-a663-4077-bbb2-2d30b533fb58,2,0.6233685664753497,word_tfidf_v1
q_cafe_03,0f938025-2917-4de2-92fd-d1a7fcc8d4d9,3,0.6233685664753497,word_tfidf_v1
q_cafe_03,73180191-45a4-4c42-afde-d4356d34edc8,4,0.4662719264384488,word_tfidf_v1
q_cafe_03,c237aaf3-cefc-46b8-b351-d6524951e404,5,0.4662719264384488,word_tfidf_v1
q_cafe_03,94392e34-9f89-4255-a1ef-06a0bfc29665,6,0.4081268946304756,word_tfidf_v1
q_cafe_03,36717e78-b268-4b15-ad11-6c7acf813b01,7,0.4081268946304756,word_tfidf_v1
q_cafe_03,4b0b6c83-717b-4db2-81d1-6bb16b366800,8,0.4081268946304756,word_tfidf_v1
q_cafe_03,20d23562-e5a0-4810-9b59-d88b76a5eb38,9,0.4081268946304756,word_tfidf_v1
q_cafe_03,72d60c22-a815-4fdf-a7c6-6f84c4ecdbf2,10,0.4081268946304756,word_tfidf_v1
q_cafe_03,58d09887-0463-4826-a7dd-da2fb3c59742,11,0.4081268946304756,word_tfidf_v1
q_cafe_03,2a1c1bf2-511d-4917-baec-f3f9253e76db,12,0.4081268946304756,word_tfidf_v1
q_cafe_03,34687f80-8c3a-4f5d-b627-7c0808a6d3e4,13,0.39539327319271567,word_tfidf_v1
q_cafe_03,d4379690-0a04-4294-9b56-edac4629d3fd,14,0.39539327319271567,word_tfidf_v1
q_cafe_03,3f2d05aa-3faa-4fae-acdd-df338b3416da,15,0.39539327319271567,word_tfidf_v1
q_cafe_03,10f56da7-d91c-427e-b0d6-47b3a477fe82,16,0.39539327319271567,word_tfidf_v1
q_cafe_03,99c4bd97-e02f-4c4e-871b-bc9c140051c9,17,0.3601773149108902,word_tfidf_v1
q_cafe_03,76a3551b-dae4-4326-92cc-662015aedbfb,18,0.33795781201524766,word_tfidf_v1
q_cafe_03,c691a22d-7069-467e-8dc2-007300df4e95,19,0.32334090128113124,word_tfidf_v1
q_cafe_03,24456103-f6b8-46af-8655-82e61d7265d8,20,0.3198942750108374,word_tfidf_v1
q_cafe_03,3f39c61b-7bdf-4105-898c-1ceb5dbe75ae,21,0.31520183064562246,word_tfidf_v1
q_cafe_03,c111ac9d-3f3a-405c-a8db-4d127ccda9e2,22,0.2772067365773295,word_tfidf_v1
q_cafe_03,7ca77490-7ed1-47f7-abbe-b7cbeb7c9200,23,0.25729331109547476,word_tfidf_v1
q_cafe_03,11397d7e-3de2-49b5-8483-fd523ccb3487,24,0.25314072236594815,word_tfidf_v1
q_cafe_03,137b177e-1a8b-45bc-8229-0824af63eadc,25,0.24289858521556434,word_tfidf_v1
q_cafe_03,2743811c-5e71-4d2b-aa75-1b0147d44f2d,26,0.23455608217894067,word_tfidf_v1
q_cafe_03,2b2efd22-554f-4e63-a881-a37882320419,27,0.22287047170977334,word_tfidf_v1
q_cafe_03,0108e643-fd1b-4a85-b405-4e003d477bc9,28,0.18879604712061987,word_tfidf_v1
q_cafe_03,9bf211ee-5b8c-4216-a152-2d4c86662de8,29,0.126090121286785,word_tfidf_v1
q_cafe_03,a8130f23-d98f-4305-8654-85aa364acb8f,30,0.12555017350479364,word_tfidf_v1
q_cafe_03,57ac0fe3-cb75-4294-850a-9adbe009ee19,31,0.12555017350479364,word_tfidf_v1
q_cafe_03,d2e567ab-943e-4856-b23c-d991e10d0097,32,0.12151705595639223,word_tfidf_v1
q_cafe_03,8b7378d0-35ec-4ebd-a80d-68e80e160b5c,33,0.12132573968243462,word_tfidf_v1
q_cafe_03,91dca623-25bb-4277-bc1b-5507c60c56f3,34,0.11667311060061598,word_tfidf_v1
q_cafe_03,e8c8d59c-3f77-4552-a22e-d147809bbf23,35,0.11515767872978741,word_tfidf_v1
q_cafe_03,e921b260-00df-403f-bf43-9691ff52e38f,36,0.11375701307596517,word_tfidf_v1
q_cafe_03,5bc4a470-01c7-4491-9010-d8d5b16e8b68,37,0.11315883545805548,word_tfidf_v1
q_cafe_03,d4d0e35e-7790-468a-a61b-7ac46b0daae5,38,0.11251221975184447,word_tfidf_v1
q_cafe_03,f8dbe46a-9b1e-4447-818d-9635ab36bbc6,39,0.11236444529810395,word_tfidf_v1
q_cafe_03,33dad3da-52a7-4f23-8334-8717c52d9216,40,0.11167718179242733,word_tfidf_v1
q_cafe_04,aba76fc2-984e-4030-ba01-e2e7d78264c7,1,0.3987229581579116,word_tfidf_v1
q_cafe_04,f14df4d3-9858-4a8b-8597-20fd477d8e32,2,0.37154048076719665,word_tfidf_v1
q_cafe_04,282b0e8b-051c-49f9-a707-b982df803589,3,0.3482758969525497,word_tfidf_v1
q_cafe_04,9bf211ee-5b8c-4216-a152-2d4c86662de8,4,0.1586559132087267,word_tfidf_v1
q_cafe_04,a8130f23-d98f-4305-8654-85aa364acb8f,5,0.1579765109878182,word_tfidf_v1
q_cafe_04,57ac0fe3-cb75-4294-850a-9adbe009ee19,6,0.1579765109878182,word_tfidf_v1
q_cafe_04,d2e567ab-943e-4856-b23c-d991e10d0097,7,0.152901744295633,word_tfidf_v1
q_cafe_04,8b7378d0-35ec-4ebd-a80d-68e80e160b5c,8,0.15266101601456966,word_tfidf_v1
q_cafe_04,91dca623-25bb-4277-bc1b-5507c60c56f3,9,0.14680673410680234,word_tfidf_v1
q_cafe_04,e8c8d59c-3f77-4552-a22e-d147809bbf23,10,0.14489990568187705,word_tfidf_v1
q_cafe_04,e921b260-00df-403f-bf43-9691ff52e38f,11,0.14313748459655007,word_tfidf_v1
q_cafe_04,5bc4a470-01c7-4491-9010-d8d5b16e8b68,12,0.142384813290805,word_tfidf_v1
q_cafe_04,d4d0e35e-7790-468a-a61b-7ac46b0daae5,13,0.14157119360103818,word_tfidf_v1
q_cafe_04,f8dbe46a-9b1e-4447-818d-9635ab36bbc6,14,0.14138525285748224,word_tfidf_v1
q_cafe_04,3cf0f3da-eeaf-4e0a-b8a3-a0cd3ed6787c,15,0.14052048710109,word_tfidf_v1
q_cafe_04,c3ca5d63-bb0c-42da-a7c9-fcf9e2e2b04f,16,0.14052048710109,word_tfidf_v1
q_cafe_04,33dad3da-52a7-4f23-8334-8717c52d9216,17,0.14052048710109,word_tfidf_v1
q_cafe_04,0ee6fdc3-eee5-41c5-96e6-982d6663aa61,18,0.13903766627732797,word_tfidf_v1
q_cafe_04,2f7bdba1-2bfe-4b70-a6cd-010b98636b50,19,0.13903766627732797,word_tfidf_v1
q_cafe_04,9bea613d-12ce-4048-98d5-e96297a837f1,20,0.13903766627732797,word_tfidf_v1
q_cafe_04,0d04153e-5fc7-4ba1-964c-6b128b2c8a4f,21,0.13903766627732797,word_tfidf_v1
q_cafe_04,cc436fa3-3906-46f0-a0b9-407b784a7b6d,22,0.13903766627732797,word_tfidf_v1
q_cafe_04,17f568de-0fa4-4c6f-bd3c-fed93fc110de,23,0.13903766627732797,word_tfidf_v1
q_cafe_04,9f6992ff-071f-4beb-861e-97cf05fcc1cd,24,0.13903766627732797,word_tfidf_v1
q_cafe_04,71dffebb-3b6c-437b-b64c-c4e4a25ed7cb,25,0.13903766627732797,word_tfidf_v1
q_cafe_04,15fd414a-3d05-43c2-8174-e6c56c324124,26,0.13557006508966504,word_tfidf_v1
q_cafe_04,4e425458-a673-4667-bd63-f820409101f5,27,0.13525804033516795,word_tfidf_v1
q_cafe_04,d53b2b20-b6b7-45c7-8ad1-dcdcc5bba5f3,28,0.13196310783030243,word_tfidf_v1
q_cafe_04,f8ac0e33-6617-4e54-b76d-d0e30444d48e,29,0.13188835786739808,word_tfidf_v1
q_cafe_04,b8c90287-0a38-4576-b573-91dd53fdc062,30,0.13188835786739808,word_tfidf_v1
q_cafe_04,8791346a-0e70-4d3c-aae0-6f1c36891fa3,31,0.13188835786739808,word_tfidf_v1
q_cafe_04,f7e9ad8e-9ae1-4c9f-b2a9-3d0cd4dd2875,32,0.13188835786739808,word_tfidf_v1
q_cafe_04,801602eb-9691-42e3-bdd4-63d7056e29c5,33,0.13188835786739808,word_tfidf_v1
q_cafe_04,9b03a9cd-2d39-4bd2-8c73-f0bbbe053da8,34,0.13188835786739808,word_tfidf_v1
q_cafe_04,18978238-73a3-4e26-8940-37edd752912a,35,0.13188835786739808,word_tfidf_v1
q_cafe_04,bf03f773-c3f0-4a31-aeac-3936653d54fb,36,0.13188835786739808,word_tfidf_v1
q_cafe_04,73aa8f18-d2a5-41e6-b4a4-1463f833344a,37,0.13188835786739808,word_tfidf_v1
q_cafe_04,146f5dc7-e867-45b3-916e-82f4a9dffdb7,38,0.13188835786739808,word_tfidf_v1
q_cafe_04,741af671-731a-4138-8fc2-543a5c18353b,39,0.13188835786739808,word_tfidf_v1
q_cafe_04,8a00e238-cd1d-4416-be50-34830953652f,40,0.13188835786739808,word_tfidf_v1
q_hair_01,c7789f47-19dc-4c5c-bb5d-96ae4777c06c,1,0.461961340609323,word_tfidf_v1
q_hair_01,6115eafa-1384-40c2-afc5-b4c65043af84,2,0.45637812924468596,word_tfidf_v1
q_hair_01,2d81de43-c5a6-4385-8f69-4de4d49d8c45,3,0.4553282379244829,word_tfidf_v1
q_hair_01,13992db2-ff3c-42ea-97a5-271110dc96cf,4,0.45385063024933553,word_tfidf_v1
q_hair_01,6b7db5a2-5695-46b3-8790-5dab9c7984e5,5,0.45385063024933553,word_tfidf_v1
q_hair_01,52524a36-3f58-4863-9f24-8be27df2259a,6,0.4536849771407374,word_tfidf_v1
q_hair_01,928138ea-3d32-4f03-a232-33ea67d618c3,7,0.45053592670327486,word_tfidf_v1
q_hair_01,df290d0e-473e-41f1-a10a-1f3104d6e519,8,0.450174141275522,word_tfidf_v1
q_hair_01,86c668aa-1efe-4210-8d45-0c0b4596f056,9,0.44703834498875683,word_tfidf_v1
q_hair_01,37ad331f-7046-4ffe-aa9f-50734cbeb369,10,0.44133509070721466,word_tfidf_v1
q_hair_01,41233b71-7b8a-4665-89ee-dfdb4bad7d18,11,0.44133509070721466,word_tfidf_v1
q_hair_01,ad76dfec-545b-453f-9579-52304e1bd7f7,12,0.4397592253415315,word_tfidf_v1
q_hair_01,a81ef669-e9b8-4562-866f-47e75bfda4ef,13,0.4373993750672568,word_tfidf_v1
q_hair_01,f7fccf08-8e91-4311-ae38-905806b77309,14,0.4343482134285861,word_tfidf_v1
q_hair_01,49574481-cd63-481d-a878-da0d572bff08,15,0.43003525458910596,word_tfidf_v1
q_hair_01,3a3b0555-4866-4b5e-8e40-1eb71373573f,16,0.43003525458910596,word_tfidf_v1
q_hair_01,54c920b0-93d5-48c6-a9fd-8c627002353f,17,0.43003525458910596,word_tfidf_v1
q_hair_01,1280a99f-0d2b-416d-983b-692cab9af8a1,18,0.43003525458910596,word_tfidf_v1
q_hair_01,8005a3c6-3e22-4f50-b725-0efc3232ce46,19,0.43003525458910596,word_tfidf_v1
q_hair_01,3048ca00-7eeb-4c2d-8d75-9e78f3b15ae9,20,0.43003525458910596,word_tfidf_v1
q_hair_01,eb79f1d6-055d-48bb-bfec-cda535911f7d,21,0.43003525458910596,word_tfidf_v1
q_hair_01,a4cc5558-7b32-49cb-bf02-8ca65ce23a0d,22,0.43003525458910596,word_tfidf_v1
q_hair_01,5d0571b5-82f5-425e-9bc7-76d1212404ba,23,0.43003525458910596,word_tfidf_v1
q_hair_01,da245727-0538-4a37-83e8-24fa327b09b3,24,0.43003525458910596,word_tfidf_v1
q_hair_01,c433cff3-740f-446d-9e44-e6e24e7d3247,25,0.43003525458910596,word_tfidf_v1
q_hair_01,bf2cb979-4fab-4f31-8fa3-9b956412aac9,26,0.43003525458910596,word_tfidf_v1
q_hair_01,65e30cb0-b0ca-4913-a9b7-597ba571f1b0,27,0.43003525458910596,word_tfidf_v1
q_hair_01,f596754a-71f2-4485-8f28-b9afd71169fb,28,0.3742577233675129,word_tfidf_v1
q_hair_01,9fc76d34-10f1-432e-88ef-a6ca819e69a8,29,0.36627684573506925,word_tfidf_v1
q_hair_01,36fde3ea-ce25-439a-acf8-6f03edd1d7c7,30,0.36290348396433914,word_tfidf_v1
q_hair_01,dca39dad-ccae-4ef1-b7b5-b244a631c1e5,31,0.36290348396433914,word_tfidf_v1
q_hair_01,1a0e3657-8e7a-46c4-bc09-9d388da7717b,32,0.36290348396433914,word_tfidf_v1
q_hair_01,0d02963b-e2a1-475b-b21a-cc560f6b3b59,33,0.36290348396433914,word_tfidf_v1
q_hair_01,04264e04-5686-4478-bd92-032192c5fa1e,34,0.3620803118223797,word_tfidf_v1
q_hair_01,e9f20112-79ff-4d9d-83b0-c17d28f23320,35,0.35602815315931413,word_tfidf_v1
q_hair_01,9396a04c-defb-4b09-9ecc-fc7e162d3850,36,0.35404957351422806,word_tfidf_v1
q_hair_01,47645330-ceed-4936-9f91-2762fb56e0bc,37,0.35404957351422806,word_tfidf_v1
q_hair_01,b16b4a42-4885-4b0f-ab26-c08863af5eaf,38,0.35404957351422806,word_tfidf_v1
q_hair_01,22a092b1-9639-4d39-a748-b46a3cad4fce,39,0.35404957351422806,word_tfidf_v1
q_hair_01,1984bc76-bd7b-4b50-9f51-8ff2c0829b24,40,0.35404957351422806,word_tfidf_v1
q_hair_02,c16c65ec-9d0f-494b-a2d5-bae5e009f95f,1,0.6081805852213347,word_tfidf_v1
q_hair_02,761a8ec1-a8e7-45b9-9384-7d130f79c81a,2,0.5815389319371411,word_tfidf_v1
q_hair_02,f596754a-71f2-4485-8f28-b9afd71169fb,3,0.569434699819225,word_tfidf_v1
q_hair_02,1ac7eca5-1d52-4ae2-b240-d4e1b051f5d6,4,0.47875279901358087,word_tfidf_v1
q_hair_02,4461c60c-8b93-4726-9f53-f30fd0a57d25,5,0.46838530235751014,word_tfidf_v1
q_hair_02,47c1af37-38c4-4ef5-b2a6-34ec2ad59ef1,6,0.46838530235751014,word_tfidf_v1
q_hair_02,95fdda30-8bc0-4e43-98ee-2c156b88e669,7,0.46519077999723835,word_tfidf_v1
q_hair_02,04ab921c-4e3a-43af-9f25-a26c9dd23950,8,0.45938672793907764,word_tfidf_v1
q_hair_02,8bcb74bb-9790-465f-8812-cb9d58dad714,9,0.4552739120640245,word_tfidf_v1
q_hair_02,4cc24b6e-b15f-403e-9cc8-7016e835af94,10,0.4494920612112111,word_tfidf_v1
q_hair_02,920ec841-9f2b-4be8-b257-eb7583199eff,11,0.4494920612112111,word_tfidf_v1
q_hair_02,f6446062-a4ba-43e1-a811-3b8ebbaa57ce,12,0.4494920612112111,word_tfidf_v1
q_hair_02,f975ac27-a8d1-4362-8100-76b0cb988e3b,13,0.44540465941789537,word_tfidf_v1
q_hair_02,fc1529e7-f473-4301-acc6-32017a320e67,14,0.44540465941789537,word_tfidf_v1
q_hair_02,84d92c94-a9c4-42e2-bbf7-575264f079a5,15,0.44540465941789537,word_tfidf_v1
q_hair_02,e985b0e8-d331-440b-843a-bb62169b6414,16,0.44540465941789537,word_tfidf_v1
q_hair_02,189bedff-090e-407c-bdde-b9fd9ece14ae,17,0.4396710836534428,word_tfidf_v1
q_hair_02,4de1927b-1c4c-480d-98b5-7da73f548091,18,0.4396710836534428,word_tfidf_v1
q_hair_02,bc7dcd12-97ec-4e6f-ae00-1bd7ef9d76f2,19,0.4396710836534428,word_tfidf_v1
q_hair_02,b5de69bc-9dae-4d16-bdea-d9ea8cd8eb7d,20,0.4396710836534428,word_tfidf_v1
q_hair_02,da3b1890-6c18-4f17-bcaa-00ffe79b640a,21,0.4396710836534428,word_tfidf_v1
q_hair_02,50350d9c-651c-42cc-b756-4b1c7ea658c3,22,0.4396710836534428,word_tfidf_v1
q_hair_02,50dbae39-8a50-45ce-a4fc-4d602d380423,23,0.4396710836534428,word_tfidf_v1
q_hair_02,5046e824-bba0-43c4-8a83-c41055fd088a,24,0.4396710836534428,word_tfidf_v1
q_hair_02,0fc7ab4b-bab7-4b7f-8720-8c1582d7da15,25,0.4396710836534428,word_tfidf_v1
q_hair_02,dd525790-42e4-45b5-b576-487ccfc117f7,26,0.4396710836534428,word_tfidf_v1
q_hair_02,b87effcb-f181-4a7a-84a7-eeebde8f4979,27,0.4396710836534428,word_tfidf_v1
q_hair_02,9b2e47d7-c73b-4997-9c05-8b92802a38de,28,0.4396710836534428,word_tfidf_v1
q_hair_02,c058f950-258b-4cae-b711-fc9a5ee98417,29,0.4396710836534428,word_tfidf_v1
q_hair_02,b6723c98-be3b-4966-8acb-feffa44ce8c0,30,0.4396710836534428,word_tfidf_v1
q_hair_02,d98d4c63-2025-465f-a7ab-e724b5452686,31,0.4396710836534428,word_tfidf_v1
q_hair_02,4e77fc85-db07-43e1-88b6-950503fc641b,32,0.4396710836534428,word_tfidf_v1
q_hair_02,762c2534-96b4-4995-bf3e-ccb2cb0fe7e8,33,0.4396710836534428,word_tfidf_v1
q_hair_02,7a15022a-04a7-4bd1-9e89-c273bbccc8be,34,0.4396710836534428,word_tfidf_v1
q_hair_02,ac8fc8f5-ed7a-46bf-a27b-3eb1afe6a807,35,0.4396710836534428,word_tfidf_v1
q_hair_02,86798a19-fdd2-4af2-a5dd-8a0d7d3bde7a,36,0.4396710836534428,word_tfidf_v1
q_hair_02,dc9af475-4d42-4f5b-ba5c-5c23ea8aa587,37,0.4396710836534428,word_tfidf_v1
q_hair_02,9d73fa13-b1bd-4269-b815-c20e49735263,38,0.4396710836534428,word_tfidf_v1
q_hair_02,3a16b661-8eba-41dc-94e9-46d54bc7b92d,39,0.4396710836534428,word_tfidf_v1
q_hair_02,d957836b-5869-4194-a08a-069586ad2ede,40,0.4396710836534428,word_tfidf_v1
q_hair_03,c9e5208c-c135-4225-8f5d-e02e68d3a600,1,0.3598595490224223,word_tfidf_v1
q_hair_03,b62872d8-28a5-42e3-90a7-43a1986d6d7a,2,0.35568185184986933,word_tfidf_v1
q_hair_03,73777934-029d-4380-a099-e948644462b2,3,0.35568185184986933,word_tfidf_v1
q_hair_03,a72c4896-7140-49f1-8cc1-15e98c6cfe98,4,0.35568185184986933,word_tfidf_v1
q_hair_03,22afdf71-1217-4bb8-838e-23a6534d5d55,5,0.35568185184986933,word_tfidf_v1
q_hair_03,76a3551b-dae4-4326-92cc-662015aedbfb,6,0.34181210709803544,word_tfidf_v1
q_hair_03,c597521d-1273-43c9-b412-1c6036be4933,7,0.30863707406929375,word_tfidf_v1
q_hair_03,c111ac9d-3f3a-405c-a8db-4d127ccda9e2,8,0.2803681860947546,word_tfidf_v1
q_hair_03,24456103-f6b8-46af-8655-82e61d7265d8,9,0.2767261978554664,word_tfidf_v1
q_hair_03,60352ca5-d22b-456a-a8ab-b7e31e4bedf2,10,0.2571381053013522,word_tfidf_v1
q_hair_03,97abb828-d25d-4f36-bc22-de2bb95f156c,11,0.2569557227604957,word_tfidf_v1
q_hair_03,2743811c-5e71-4d2b-aa75-1b0147d44f2d,12,0.23723111534000121,word_tfidf_v1
q_hair_03,6bf34547-7852-41e7-8209-ffa42bb49076,13,0.21485877123126987,word_tfidf_v1
q_hair_03,5fb945fc-398f-47b5-8863-77e64f5cd36a,14,0.18200009389704283,word_tfidf_v1
q_hair_04,aba76fc2-984e-4030-ba01-e2e7d78264c7,1,0.4299719438450258,word_tfidf_v1
q_hair_04,f14df4d3-9858-4a8b-8597-20fd477d8e32,2,0.40065910292860096,word_tfidf_v1
q_hair_04,282b0e8b-051c-49f9-a707-b982df803589,3,0.3755712113967379,word_tfidf_v1
q_clothing_01,69e68669-aa09-4e98-bff1-e5cb3e75ef14,1,0.41572761413853176,word_tfidf_v1
q_clothing_01,453c7257-40ca-4674-9958-4a04b5f91301,2,0.3846154584921352,word_tfidf_v1
q_clothing_01,c0933a71-92d8-46da-85f0-017c515458ec,3,0.37898138766854467,word_tfidf_v1
q_clothing_01,4c6668f2-b448-46fc-b823-d760ddae8d77,4,0.14625146870603084,word_tfidf_v1
q_clothing_01,12e9b4c6-59aa-41b2-b4e1-267c2d66140a,5,0.09561214798772215,word_tfidf_v1
q_clothing_01,15c4908d-376d-4d8e-b599-05bbfc8a64da,6,0.08888199923941822,word_tfidf_v1
q_clothing_01,61eb3e4c-7709-49c1-a45e-b98571e530c7,7,0.0868392332837496,word_tfidf_v1
q_clothing_01,6d3ecbfe-9595-449e-ae69-3a50273ea64c,8,0.08240025765199793,word_tfidf_v1
q_clothing_01,c20fbbde-1985-4bf0-9919-1965ceb45dd9,9,0.08235757831101917,word_tfidf_v1
q_clothing_01,91246180-8fd2-4c81-ae22-5b1bc0b7ffa0,10,0.08177842886266994,word_tfidf_v1
q_clothing_01,6f59a978-9943-4b2e-800e-15c123042537,11,0.08177842886266994,word_tfidf_v1
q_clothing_01,fabe0c31-b92d-42d7-8ebc-cddd58014aad,12,0.08177842886266994,word_tfidf_v1
q_clothing_01,5a7b1ce8-a9d0-413e-b9de-ba946df89b9b,13,0.08177842886266994,word_tfidf_v1
q_clothing_01,6235443e-305b-4130-a6c8-5f6863e6e147,14,0.08177842886266994,word_tfidf_v1
q_clothing_01,402b4ac1-59cf-4ce9-b862-6c404d88771d,15,0.08177842886266994,word_tfidf_v1
q_clothing_01,767c41a1-b972-4cfb-95d0-53b3daa9f2b4,16,0.08177842886266994,word_tfidf_v1
q_clothing_01,3bd7f20a-64bb-4bc9-b0b7-dbeb3534ebaa,17,0.08177842886266994,word_tfidf_v1
q_clothing_01,d7fa1a99-a4c0-4508-bf42-0697a555832d,18,0.08177842886266994,word_tfidf_v1
q_clothing_01,68dd02e6-0caa-4b23-9ba9-e8afc1d6e08b,19,0.08177842886266994,word_tfidf_v1
q_clothing_01,8e7d46b1-f8b0-4197-8f2e-9add92bf0437,20,0.08177842886266994,word_tfidf_v1
q_clothing_01,4c6ee3cd-a1b5-48ef-afcb-1d8a341cf5ed,21,0.08177842886266994,word_tfidf_v1
q_clothing_01,42e09c7b-3ff5-4135-932a-7ed5efcb8b19,22,0.08177842886266994,word_tfidf_v1
q_clothing_01,7cd5a2a9-6ed4-48a0-b8cc-1d1450972711,23,0.08177842886266994,word_tfidf_v1
q_clothing_01,864aff10-d4a5-406e-88c6-471ceb2a6767,24,0.08177842886266994,word_tfidf_v1
q_clothing_01,8d080844-a780-472b-a561-fb5e927cc241,25,0.08177842886266994,word_tfidf_v1
q_clothing_01,9ccad040-ee26-41e6-8443-3c0c29f3797b,26,0.08177842886266994,word_tfidf_v1
q_clothing_01,1f454d19-15a8-4be5-ac76-69ee9e97c933,27,0.08177842886266994,word_tfidf_v1
q_clothing_01,f098ba24-7898-421c-90a0-41782d9d7b79,28,0.08177842886266994,word_tfidf_v1
q_clothing_01,10a136cc-7feb-480e-ab09-14e576c90903,29,0.08177842886266994,word_tfidf_v1
q_clothing_01,9ea12fb7-571c-4b17-a76e-c3e14d0c666c,30,0.08177842886266994,word_tfidf_v1
q_clothing_01,4db9e9f7-ce82-4439-bc36-7391e62a1c75,31,0.08177842886266994,word_tfidf_v1
q_clothing_01,7b2da9ca-d35a-46b4-b910-a7578640691f,32,0.08177842886266994,word_tfidf_v1
q_clothing_01,7af16959-41ca-47dc-a5d7-7ff8f7f0f901,33,0.08177842886266994,word_tfidf_v1
q_clothing_01,8260ed0d-2feb-4fd6-87df-fa2eb971a85e,34,0.08177842886266994,word_tfidf_v1
q_clothing_01,a599e8a5-03d6-4447-96bc-1686e3067f2e,35,0.08177842886266994,word_tfidf_v1
q_clothing_01,7245b17b-2159-4386-9839-d30931049d57,36,0.08177842886266994,word_tfidf_v1
q_clothing_01,42a5ebc2-802e-40b1-9bd6-2cb0e5bed631,37,0.08078474307604334,word_tfidf_v1
q_clothing_01,22de649a-33fa-438f-84d5-c82615a2c6d2,38,0.08078474307604334,word_tfidf_v1
q_clothing_01,dc3823f7-3afa-43f6-a2c5-439f208e48e9,39,0.08078474307604334,word_tfidf_v1
q_clothing_01,712fb53b-803b-4d1b-bd13-ec379e94234f,40,0.08078474307604334,word_tfidf_v1
q_clothing_02,ea8d26c6-86c4-4683-a101-8e2e01f1af4c,1,0.6543916231187032,word_tfidf_v1
q_clothing_02,2d9a91df-c256-4726-9e01-9e491c7b297a,2,0.5365583548713467,word_tfidf_v1
q_clothing_02,16a18cfc-d396-49ba-ba8f-c5355159e161,3,0.5350162982177803,word_tfidf_v1
q_clothing_02,af45c3e8-baa1-4e24-9772-f1a3d3693cbf,4,0.5208561523205044,word_tfidf_v1
q_clothing_02,c863d30a-e32a-4f76-8489-f038312d0efb,5,0.5185433451917393,word_tfidf_v1
q_clothing_02,c115d208-d0ab-4b72-8587-94915033e911,6,0.5081501436104704,word_tfidf_v1
q_clothing_02,53776ad6-4a97-4445-b7f6-e236725c5048,7,0.5020883927850072,word_tfidf_v1
q_clothing_02,29e20841-ac31-4769-a4db-a8afb6422a3d,8,0.4539760026431233,word_tfidf_v1
q_clothing_02,76abb76b-d19f-41ac-ad4d-26d32bffad62,9,0.4505043443049574,word_tfidf_v1
q_clothing_02,1b9dbda0-81e6-486a-88ba-f4f47b83568d,10,0.4342904583688872,word_tfidf_v1
q_clothing_02,60211cd4-80da-4e09-9412-f1293b737438,11,0.40779622599241344,word_tfidf_v1
q_clothing_02,6d79bfe0-e33c-41e6-8c87-5a889cb1404b,12,0.40779622599241344,word_tfidf_v1
q_clothing_02,512a7463-c2d0-429f-8df6-d5efe55c7bf5,13,0.39658152533726637,word_tfidf_v1
q_clothing_02,6a388653-18c0-46be-83c3-7051cbf3a7fb,14,0.36986586191151644,word_tfidf_v1
q_clothing_02,990a8054-9e18-48ca-8214-4a7b25f40923,15,0.3649906615505635,word_tfidf_v1
q_clothing_02,addfbb58-1833-4ff7-9d78-1ec6189c5bd3,16,0.361812619391404,word_tfidf_v1
q_clothing_02,1f7059df-bbbd-4b89-aea5-7adb17369b05,17,0.2860509003011043,word_tfidf_v1
q_clothing_02,98cdf3e5-5ad6-4d6b-be49-ae26238af44f,18,0.2594458890336422,word_tfidf_v1
q_clothing_03,76a3551b-dae4-4326-92cc-662015aedbfb,1,0.2912605079741262,word_tfidf_v1
q_clothing_03,c161453d-f2c8-4b97-a2c3-a54e0cbdb7e8,2,0.2541755156260759,word_tfidf_v1
q_clothing_03,c111ac9d-3f3a-405c-a8db-4d127ccda9e2,3,0.23890370939471012,word_tfidf_v1
q_clothing_03,24456103-f6b8-46af-8655-82e61d7265d8,4,0.23580034552145027,word_tfidf_v1
q_clothing_03,77ea2c60-2f05-46cd-8449-7e5a16f40416,5,0.22562773739762668,word_tfidf_v1
q_clothing_03,2743811c-5e71-4d2b-aa75-1b0147d44f2d,6,0.20214630706857842,word_tfidf_v1
q_clothing_03,413c17c7-cc44-4734-8980-f13b631b9629,7,0.18863881117384118,word_tfidf_v1
q_clothing_03,c4a55028-6ed6-494d-88be-1e9c4aa1fa52,8,0.1741086695451205,word_tfidf_v1
q_clothing_03,101f067b-9256-4c87-aa09-8190370d38ae,9,0.17396131245348415,word_tfidf_v1
q_clothing_03,9e5a4c9e-1230-40fd-8813-0b5798a46648,10,0.17324120057911585,word_tfidf_v1
q_clothing_03,2959fcf4-7f22-4161-b67a-68dbd988e97b,11,0.17279363332698328,word_tfidf_v1
q_clothing_03,58f1076e-5a94-4c1b-bdcd-a3886a2b0f15,12,0.17153231718695977,word_tfidf_v1
q_clothing_03,73f471e1-ad28-4255-8286-2c1fa7bbb29e,13,0.171289290863467,word_tfidf_v1
q_clothing_03,222b1cff-a8fa-4d7b-bd7a-e6bc028182f9,14,0.1704076278244988,word_tfidf_v1
q_clothing_03,6bf7d4d1-0596-40dd-8ff8-2c635c15f6ab,15,0.1704076278244988,word_tfidf_v1
q_clothing_03,4c9ec80c-f903-4157-88ac-92f16af307fa,16,0.17018739847291056,word_tfidf_v1
q_clothing_03,3af9369c-1627-4640-9e24-2a80170f1ef6,17,0.16970708031856394,word_tfidf_v1
q_clothing_03,c2fb9d36-b157-4d37-94eb-852345a0ae39,18,0.16917909083024962,word_tfidf_v1
q_clothing_03,a7fd5769-219a-4c05-9b5f-a9474ac43d46,19,0.16917909083024962,word_tfidf_v1
q_clothing_03,d1ae6bf9-4e46-470d-b872-710693467a3d,20,0.1689907997347955,word_tfidf_v1
q_clothing_03,d8bcea05-84ee-4c48-a547-041916842238,21,0.1689907997347955,word_tfidf_v1
q_clothing_03,420fd618-4255-4a98-bdf0-6fa2c4289d8a,22,0.1689549366362459,word_tfidf_v1
q_clothing_03,63e4c97e-2b2d-4f3a-9f59-325531fd7d40,23,0.1689549366362459,word_tfidf_v1
q_clothing_03,927b32d1-27ca-4664-b0a3-102c233b5137,24,0.1687956231372234,word_tfidf_v1
q_clothing_03,10a861e2-8717-40d5-8bab-79fd68d83a8e,25,0.16859304347869655,word_tfidf_v1
q_clothing_03,2c2fe59d-d3c8-47f6-ac99-d1b7b44875ee,26,0.16859304347869655,word_tfidf_v1
q_clothing_03,9abffc7e-051d-4f6b-9e79-11136376f574,27,0.16816329179768566,word_tfidf_v1
q_clothing_03,396e0bad-c963-445c-9105-d48a52029e3c,28,0.16793474005169165,word_tfidf_v1
q_clothing_03,0329ae89-cc96-41bc-b7b1-4c5255b46dda,29,0.16793474005169165,word_tfidf_v1
q_clothing_03,26d023e0-6144-4340-bc75-75617eb9f548,30,0.16769599925924117,word_tfidf_v1
q_clothing_03,164666ec-be0a-4c47-b673-9ab7000e37c9,31,0.16769599925924117,word_tfidf_v1
q_clothing_03,f51827ce-8d11-4ac7-b452-3b865b6bc90a,32,0.16744612634860512,word_tfidf_v1
q_clothing_03,556a2562-e691-4a73-8450-83ed15099f11,33,0.16744612634860512,word_tfidf_v1
q_clothing_03,f711dec3-c9f5-4234-b52b-dfedaae185f0,34,0.16718404092025144,word_tfidf_v1
q_clothing_03,0be4957d-6b1f-4146-82fd-f1c84ac6ca84,35,0.16718404092025144,word_tfidf_v1
q_clothing_03,0d962cb0-9e7a-4c65-a83e-50ca752476c4,36,0.16718404092025144,word_tfidf_v1
q_clothing_03,10cf99d8-a820-4c81-8c3b-3d12c6c6feb8,37,0.16690849719724823,word_tfidf_v1
q_clothing_03,7d7ec072-fc37-45c2-ba6c-62dca3868c10,38,0.16661804842161013,word_tfidf_v1
q_clothing_03,3e726f77-a8bd-4416-aad7-a1cd0a2f5a6b,39,0.16661804842161013,word_tfidf_v1
q_clothing_03,6a6fb2c8-59e4-4f4f-a1de-245b8ee7b6b6,40,0.16661804842161013,word_tfidf_v1
q_clothing_04,aba76fc2-984e-4030-ba01-e2e7d78264c7,1,0.3639100434560769,word_tfidf_v1
q_clothing_04,f14df4d3-9858-4a8b-8597-20fd477d8e32,2,0.33910089633748725,word_tfidf_v1
q_clothing_04,282b0e8b-051c-49f9-a707-b982df803589,3,0.3178675674464463,word_tfidf_v1
q_clothing_04,77ea2c60-2f05-46cd-8449-7e5a16f40416,4,0.3006570384020176,word_tfidf_v1
q_clothing_04,413c17c7-cc44-4734-8980-f13b631b9629,5,0.25136796986646154,word_tfidf_v1
q_clothing_04,c4a55028-6ed6-494d-88be-1e9c4aa1fa52,6,0.23200603591259567,word_tfidf_v1
q_clothing_04,101f067b-9256-4c87-aa09-8190370d38ae,7,0.2318096773120534,word_tfidf_v1
q_clothing_04,9e5a4c9e-1230-40fd-8813-0b5798a46648,8,0.23085010245675028,word_tfidf_v1
q_clothing_04,2959fcf4-7f22-4161-b67a-68dbd988e97b,9,0.2302537030686965,word_tfidf_v1
q_clothing_04,58f1076e-5a94-4c1b-bdcd-a3886a2b0f15,10,0.22857295415226417,word_tfidf_v1
q_clothing_04,73f471e1-ad28-4255-8286-2c1fa7bbb29e,11,0.22824911287495572,word_tfidf_v1
q_clothing_04,222b1cff-a8fa-4d7b-bd7a-e6bc028182f9,12,0.22707426530868532,word_tfidf_v1
q_clothing_04,6bf7d4d1-0596-40dd-8ff8-2c635c15f6ab,13,0.22707426530868532,word_tfidf_v1
q_clothing_04,4c9ec80c-f903-4157-88ac-92f16af307fa,14,0.22678080181265678,word_tfidf_v1
q_clothing_04,3af9369c-1627-4640-9e24-2a80170f1ef6,15,0.22614076067479752,word_tfidf_v1
q_clothing_04,c2fb9d36-b157-4d37-94eb-852345a0ae39,16,0.22543719577761373,word_tfidf_v1
q_clothing_04,a7fd5769-219a-4c05-9b5f-a9474ac43d46,17,0.22543719577761373,word_tfidf_v1
q_clothing_04,d1ae6bf9-4e46-470d-b872-710693467a3d,18,0.22518629115139333,word_tfidf_v1
q_clothing_04,d8bcea05-84ee-4c48-a547-041916842238,19,0.22518629115139333,word_tfidf_v1
q_clothing_04,420fd618-4255-4a98-bdf0-6fa2c4289d8a,20,0.22513850228854243,word_tfidf_v1
q_clothing_04,63e4c97e-2b2d-4f3a-9f59-325531fd7d40,21,0.22513850228854243,word_tfidf_v1
q_clothing_04,927b32d1-27ca-4664-b0a3-102c233b5137,22,0.22492621134707388,word_tfidf_v1
q_clothing_04,2c2fe59d-d3c8-47f6-ac99-d1b7b44875ee,23,0.2246562666989749,word_tfidf_v1
q_clothing_04,10a861e2-8717-40d5-8bab-79fd68d83a8e,24,0.2246562666989749,word_tfidf_v1
q_clothing_04,9abffc7e-051d-4f6b-9e79-11136376f574,25,0.22408360719730502,word_tfidf_v1
q_clothing_04,0329ae89-cc96-41bc-b7b1-4c5255b46dda,26,0.22377905381275784,word_tfidf_v1
q_clothing_04,396e0bad-c963-445c-9105-d48a52029e3c,27,0.22377905381275784,word_tfidf_v1
q_clothing_04,26d023e0-6144-4340-bc75-75617eb9f548,28,0.22346092315900132,word_tfidf_v1
q_clothing_04,164666ec-be0a-4c47-b673-9ab7000e37c9,29,0.22346092315900132,word_tfidf_v1
q_clothing_04,f51827ce-8d11-4ac7-b452-3b865b6bc90a,30,0.22312795855919093,word_tfidf_v1
q_clothing_04,556a2562-e691-4a73-8450-83ed15099f11,31,0.22312795855919093,word_tfidf_v1
q_clothing_04,f711dec3-c9f5-4234-b52b-dfedaae185f0,32,0.2227787203422678,word_tfidf_v1
q_clothing_04,0be4957d-6b1f-4146-82fd-f1c84ac6ca84,33,0.2227787203422678,word_tfidf_v1
q_clothing_04,0d962cb0-9e7a-4c65-a83e-50ca752476c4,34,0.2227787203422678,word_tfidf_v1
q_clothing_04,10cf99d8-a820-4c81-8c3b-3d12c6c6feb8,35,0.22241154846586678,word_tfidf_v1
q_clothing_04,6a6fb2c8-59e4-4f4f-a1de-245b8ee7b6b6,36,0.22202451507317292,word_tfidf_v1
q_clothing_04,7d7ec072-fc37-45c2-ba6c-62dca3868c10,37,0.22202451507317292,word_tfidf_v1
q_clothing_04,3e726f77-a8bd-4416-aad7-a1cd0a2f5a6b,38,0.22202451507317292,word_tfidf_v1
q_clothing_04,441ab8f2-f52d-44c8-b8f7-8d2a5b1e4806,39,0.22202451507317292,word_tfidf_v1
q_clothing_04,e2c9e88c-d3b0-4c08-95eb-2e49f56f5120,40,0.22202451507317292,word_tfidf_v1
q_pharmacy_01,0490f4d5-e6c2-47cf-a907-044c445946c0,1,0.5174060222418818,word_tfidf_v1
q_pharmacy_01,6f2858bf-1132-4950-a1d3-59e51b1b4332,2,0.5087586967961674,word_tfidf_v1
q_pharmacy_01,2e81afae-c323-410c-9594-308d491038d9,3,0.4929116713363607,word_tfidf_v1
q_pharmacy_01,d1baa10b-ecf1-4f80-8c6b-951a9c7b04f1,4,0.4929116713363607,word_tfidf_v1
q_pharmacy_01,09e3c72c-0469-4c15-a060-8114a78d89ce,5,0.4254490807398886,word_tfidf_v1
q_pharmacy_01,b3f08d6c-3d58-435d-bb15-fe04679b7fc8,6,0.4129332557375522,word_tfidf_v1
q_pharmacy_01,9824f1df-16fe-49e9-9f82-545c1d0110ca,7,0.4122625558063318,word_tfidf_v1
q_pharmacy_01,28812845-cd30-41a8-8827-94f3fe839dd9,8,0.4122625558063318,word_tfidf_v1
q_pharmacy_01,4a150d6e-12c0-4f82-ab11-cfb1175b7760,9,0.40884773954198594,word_tfidf_v1
q_pharmacy_01,b7f5a827-89e9-4fbb-bbd7-9d86058c3656,10,0.40884773954198594,word_tfidf_v1
q_pharmacy_01,2ef591e5-23a2-4841-9ca5-c415763f3434,11,0.40884773954198594,word_tfidf_v1
q_pharmacy_01,ea381add-ea07-4f95-9b9e-f9176d79e1cc,12,0.40884773954198594,word_tfidf_v1
q_pharmacy_01,bbb813dc-bde0-498f-ac35-923086be8c9a,13,0.40884773954198594,word_tfidf_v1
q_pharmacy_01,64c3fb46-db34-4aae-bb26-f0d7ca5631dc,14,0.40696912775495997,word_tfidf_v1
q_pharmacy_01,b40fe4dd-5aa7-40e9-9af5-9322bbe77a70,15,0.40562965130581835,word_tfidf_v1
q_pharmacy_01,eea62bb5-c9e5-4ab6-9a84-2e3987e37cb5,16,0.40434597841423636,word_tfidf_v1
q_pharmacy_01,3984de4f-490c-472d-8235-2f954f4484b3,17,0.40434597841423636,word_tfidf_v1
q_pharmacy_01,be9282fd-dd36-45e1-9cf7-4dc4b6b81216,18,0.40434597841423636,word_tfidf_v1
q_pharmacy_01,66ddc8e2-08e4-4d97-b0d6-8ae51fc406d4,19,0.4028220259055143,word_tfidf_v1
q_pharmacy_01,8e39103a-3468-4379-9796-6038d0195cf1,20,0.40246207836267867,word_tfidf_v1
q_pharmacy_01,aef25526-4d76-4526-ac0f-ea2ecb61ef0d,21,0.40246207836267867,word_tfidf_v1
q_pharmacy_01,e27cd950-4679-42e9-832d-d17a23bb40e2,22,0.40246207836267867,word_tfidf_v1
q_pharmacy_01,fc2b397b-f413-4f57-9f7c-eab57ae1f6ea,23,0.40141771658842956,word_tfidf_v1
q_pharmacy_01,f680a750-e429-4694-8126-d17c2eb71083,24,0.40141771658842956,word_tfidf_v1
q_pharmacy_01,d266adad-465b-45df-a3f8-fcaafccecc30,25,0.40141771658842956,word_tfidf_v1
q_pharmacy_01,61801c18-bdcf-432a-826f-8546ab938e4d,26,0.39906698837808213,word_tfidf_v1
q_pharmacy_01,2cd625b8-972e-46b0-ba99-8edbd556c236,27,0.39906698837808213,word_tfidf_v1
q_pharmacy_01,b63190b2-58ba-47e7-a0a6-3d9dc6fe3d93,28,0.39906698837808213,word_tfidf_v1
q_pharmacy_01,95332ee7-99d1-484c-b310-15680b22104f,29,0.3988912312378358,word_tfidf_v1
q_pharmacy_01,56dfd832-487a-42b0-b2a8-90b47d2f1daf,30,0.3988912312378358,word_tfidf_v1
q_pharmacy_01,80ac85bc-fae2-4b8a-8a44-07d54dd68149,31,0.3988912312378358,word_tfidf_v1
q_pharmacy_01,7c633c49-de87-4e18-ae9d-bf810713ed04,32,0.3988912312378358,word_tfidf_v1
q_pharmacy_01,2d60f410-9882-48c6-8320-5391defc8883,33,0.3977281825246226,word_tfidf_v1
q_pharmacy_01,957bcc6d-f925-4ed2-9c29-557e1a784baa,34,0.3977281825246226,word_tfidf_v1
q_pharmacy_01,28d7ab35-e85b-4043-95fc-45ee3dea9476,35,0.3977281825246226,word_tfidf_v1
q_pharmacy_01,46f1a3e3-207f-4345-bcac-fd27ad5968ed,36,0.3977281825246226,word_tfidf_v1
q_pharmacy_01,3db44ae9-7de5-4a4b-9ec2-0333a0264a8f,37,0.3977281825246226,word_tfidf_v1
q_pharmacy_01,0ce8080e-ac4f-4d2e-b9a4-3b2c769e5fa9,38,0.3977281825246226,word_tfidf_v1
q_pharmacy_01,f653bc6f-24b5-4efe-83bf-48af104b85bd,39,0.3977281825246226,word_tfidf_v1
q_pharmacy_01,459f03eb-1b03-4f01-8298-98f393d16869,40,0.3977281825246226,word_tfidf_v1
q_pharmacy_02,29a2aad2-d17f-4c12-a988-a0b25c3764fc,1,0.34422881606550526,word_tfidf_v1
q_pharmacy_02,38cec023-32ca-41be-9c90-2a94ef51c509,2,0.3154237434046783,word_tfidf_v1
q_pharmacy_02,f3667c0f-72fe-4406-9f9b-1136d76250e4,3,0.297183060239297,word_tfidf_v1
q_pharmacy_02,76283f74-600b-4477-88c9-66dd919d5042,4,0.2917813022290831,word_tfidf_v1
q_pharmacy_02,dd3f3ca4-102a-462d-b97d-95cab88f5168,5,0.2640370470278626,word_tfidf_v1
q_pharmacy_02,3c7e5f23-471e-4ed8-b92d-8733615ef84c,6,0.16865227002361718,word_tfidf_v1
q_pharmacy_02,fcd761a4-9ae3-4003-9e20-7d7529a079be,7,0.16865227002361718,word_tfidf_v1
q_pharmacy_02,7d3022b9-9366-45ee-ba62-48fba223d31f,8,0.16865227002361718,word_tfidf_v1
q_pharmacy_02,0870dac3-2926-4727-9705-ecde403cb499,9,0.16865227002361718,word_tfidf_v1
q_pharmacy_02,ec38dfd1-8561-43bd-be99-9276cc4d24a7,10,0.16865227002361718,word_tfidf_v1
q_pharmacy_02,9bc9761e-76d2-4761-afa2-50d4ccf37f0e,11,0.16865227002361718,word_tfidf_v1
q_pharmacy_02,36df1501-b06c-4141-8e76-b98d2f7a2797,12,0.16865227002361718,word_tfidf_v1
q_pharmacy_02,9a34848d-1458-47f7-a2a4-f751ffc16967,13,0.16865227002361718,word_tfidf_v1
q_pharmacy_02,64add4c3-6cb7-4342-bec9-6912a6f94f40,14,0.16865227002361718,word_tfidf_v1
q_pharmacy_02,8e73bb3b-3b86-4f17-88bc-0eeb5f031aa6,15,0.1623982783898469,word_tfidf_v1
q_pharmacy_02,c77caa11-453f-4e32-92f0-71ae50c77560,16,0.1623982783898469,word_tfidf_v1
q_pharmacy_02,aab5f25e-d534-4bf3-a5c2-99ee816f738d,17,0.1623982783898469,word_tfidf_v1
q_pharmacy_02,e73ee6f8-08bc-42e7-a0f3-34156c3a09d2,18,0.1623982783898469,word_tfidf_v1
q_pharmacy_02,be348732-5566-441c-813d-520c48a4999f,19,0.1623982783898469,word_tfidf_v1
q_pharmacy_02,7abebfb2-3a8b-43b1-b7fa-9732ac1717d7,20,0.1623982783898469,word_tfidf_v1
q_pharmacy_02,02b29861-009b-49ff-9c7a-16fbfd9800a3,21,0.16214504688702142,word_tfidf_v1
q_pharmacy_02,a8ba0ace-323f-4f63-8a52-506b299aebca,22,0.16214504688702142,word_tfidf_v1
q_pharmacy_02,f91e2159-eff2-4228-ac99-e3e04df6326a,23,0.16214504688702142,word_tfidf_v1
q_pharmacy_02,dc1c5a42-9b79-4dbf-9c1a-77d60623c386,24,0.16214504688702142,word_tfidf_v1
q_pharmacy_02,91885f27-633c-4654-aa61-bfc2afa71b9b,25,0.16214504688702142,word_tfidf_v1
q_pharmacy_02,cfe18871-5a02-49c4-8b65-39e1fbf72654,26,0.16214504688702142,word_tfidf_v1
q_pharmacy_02,8f811ce4-4149-40d5-8783-0f0b98514107,27,0.16214504688702142,word_tfidf_v1
q_pharmacy_02,485dd665-c4fc-409d-8478-a627168ab3e1,28,0.16214504688702142,word_tfidf_v1
q_pharmacy_02,c57996a0-0468-4ba2-b88c-8f5df7a8009c,29,0.16214504688702142,word_tfidf_v1
q_pharmacy_02,6aef7a99-89a0-4ee4-b65f-bc5177b1b2c0,30,0.16214504688702142,word_tfidf_v1
q_pharmacy_02,a2cbc01a-6d12-454d-a210-96e4e43068a8,31,0.16214504688702142,word_tfidf_v1
q_pharmacy_02,91652931-4bbb-41f6-ad3f-5eb7f7cddb58,32,0.16214504688702142,word_tfidf_v1
q_pharmacy_02,b5b4221d-cc4e-419d-8ff0-530ea0472346,33,0.160936096005264,word_tfidf_v1
q_pharmacy_02,86734239-3b08-4026-982b-49949c449098,34,0.160936096005264,word_tfidf_v1
q_pharmacy_02,71b53ba2-3da9-403a-9ea2-baa675ea9da4,35,0.160936096005264,word_tfidf_v1
q_pharmacy_02,dcdf2deb-5a74-49b8-9bc1-2ab59f833087,36,0.160936096005264,word_tfidf_v1
q_pharmacy_02,99715700-dfb5-4599-b022-28243a4fdb7a,37,0.160936096005264,word_tfidf_v1
q_pharmacy_02,ef600ac0-e5eb-4add-9627-ade8273b0e71,38,0.160936096005264,word_tfidf_v1
q_pharmacy_02,acbe2ab7-6e47-4c7d-b17c-d9cb2cd30565,39,0.160936096005264,word_tfidf_v1
q_pharmacy_02,91a3942d-5281-43f8-a819-e02729f603ad,40,0.16078570422360852,word_tfidf_v1
q_pharmacy_03,76a3551b-dae4-4326-92cc-662015aedbfb,1,0.38547315210451216,word_tfidf_v1
q_pharmacy_03,c111ac9d-3f3a-405c-a8db-4d127ccda9e2,2,0.31618075018265107,word_tfidf_v1
q_pharmacy_03,24456103-f6b8-46af-8655-82e61d7265d8,3,0.3120735560330789,word_tfidf_v1
q_pharmacy_03,2743811c-5e71-4d2b-aa75-1b0147d44f2d,4,0.2675336066465065,word_tfidf_v1
q_pharmacy_03,c576dc69-1cef-4d33-8c25-6724d6a4e384,5,0.25437163729367857,word_tfidf_v1
q_pharmacy_03,b9577c68-0b44-4a65-8663-6c311d884c56,6,0.25437163729367857,word_tfidf_v1
q_pharmacy_03,58d7f1ff-5dc2-4a47-8f74-bacb3d515884,7,0.2539602566137622,word_tfidf_v1
q_pharmacy_03,eb011fe4-e7f4-474e-ba5a-09da19428ed3,8,0.2539602566137622,word_tfidf_v1
q_pharmacy_03,adc3404e-f45b-43c4-84d1-972ce41a0949,9,0.2539602566137622,word_tfidf_v1
q_pharmacy_03,a022567b-3ae0-4503-99ac-ba41d2d58f85,10,0.25230941424156605,word_tfidf_v1
q_pharmacy_03,b32563c2-199a-4b49-ab0f-a09287a94871,11,0.25176009316719217,word_tfidf_v1
q_pharmacy_03,2afeb6c8-a450-4692-b64f-67cc27236394,12,0.25176009316719217,word_tfidf_v1
q_pharmacy_03,f0c06289-033c-423e-82c7-2f3d77f4a0c8,13,0.25176009316719217,word_tfidf_v1
q_pharmacy_03,d90f02df-2474-430a-87c2-bcac13b807a9,14,0.25176009316719217,word_tfidf_v1
q_pharmacy_03,f13f34fd-f4e5-4ce0-b5c6-6f5ed847d631,15,0.25005820678991725,word_tfidf_v1
q_pharmacy_03,72cbe7cf-705a-4c9c-a5fc-1b539d883bab,16,0.25005820678991725,word_tfidf_v1
q_pharmacy_03,0a46d625-4133-4f9d-b63d-6289d0e2fdea,17,0.249402564923284,word_tfidf_v1
q_pharmacy_03,c5b8810f-9187-4ef8-93a3-b1eccca1852b,18,0.249402564923284,word_tfidf_v1
q_pharmacy_03,06da2752-93d7-4b20-aaf9-7b0e5e0e834e,19,0.24688503748406296,word_tfidf_v1
q_pharmacy_03,b3985c8a-8c8f-4d12-8501-4eee3fcbe97a,20,0.24630477704007353,word_tfidf_v1
q_pharmacy_03,3ef81730-afe9-4666-ab8a-998873c86fcf,21,0.2460869867299649,word_tfidf_v1
q_pharmacy_03,2ce3a071-6f18-49bd-8005-9602e0b39fcc,22,0.2460869867299649,word_tfidf_v1
q_pharmacy_03,a4d76261-4918-4254-a9fa-320bebce5e24,23,0.24567814485622785,word_tfidf_v1
q_pharmacy_03,edc7201b-3afa-4e07-9634-2ed6c853a257,24,0.24499712332640153,word_tfidf_v1
q_pharmacy_03,eb8d7f21-5987-43cf-a8f7-3ac909df46ab,25,0.24499712332640153,word_tfidf_v1
q_pharmacy_03,f128c671-c5de-447b-b65b-c358e697fe8a,26,0.24499712332640153,word_tfidf_v1
q_pharmacy_03,c51d6c1d-a83c-4daa-9acc-956eb89e0611,27,0.2442514143973511,word_tfidf_v1
q_pharmacy_03,e9d97c74-eecc-4578-81a3-d139c7db8750,28,0.2442514143973511,word_tfidf_v1
q_pharmacy_03,116fc784-e462-4d4e-9ec0-b6e5f40eb35f,29,0.2442514143973511,word_tfidf_v1
q_pharmacy_03,bcb66a5e-5838-4234-8209-75a7bc33a73b,30,0.24374248369487822,word_tfidf_v1
q_pharmacy_03,9eff9e45-eb60-46a5-8885-8c494fb3be87,31,0.24374248369487822,word_tfidf_v1
q_pharmacy_03,4de1fef6-c21b-4942-a92a-e5d1906225fe,32,0.2434274819751341,word_tfidf_v1
q_pharmacy_03,ed45b3da-fff0-451f-8100-65b76cadb903,33,0.24250703141588037,word_tfidf_v1
q_pharmacy_03,ff393fc9-79c6-4ce2-ae7f-a911f3ef8aba,34,0.24250703141588037,word_tfidf_v1
q_pharmacy_03,2f14c3a2-3adc-46df-b80d-0ff53fe344b9,35,0.24250703141588037,word_tfidf_v1
q_pharmacy_03,6f0278ac-929e-41c7-868b-95328ee1230f,36,0.24250703141588037,word_tfidf_v1
q_pharmacy_03,f3ee6870-c07a-48c0-84d4-a24098c74c04,37,0.24226105511454657,word_tfidf_v1
q_pharmacy_03,5122a6e2-8211-4c92-8fa3-3408fcea4be9,38,0.24226105511454657,word_tfidf_v1
q_pharmacy_03,85f3109a-0a26-43e2-a576-fc772659f7c1,39,0.24146447495529028,word_tfidf_v1
q_pharmacy_03,9daf637b-95bc-4162-8087-aff4a8e54ba4,40,0.24146447495529028,word_tfidf_v1
q_pharmacy_04,aba76fc2-984e-4030-ba01-e2e7d78264c7,1,0.26808247381414246,word_tfidf_v1
q_pharmacy_04,f14df4d3-9858-4a8b-8597-20fd477d8e32,2,0.24980626063352634,word_tfidf_v1
q_pharmacy_04,c161453d-f2c8-4b97-a2c3-a54e0cbdb7e8,3,0.24950943962396094,word_tfidf_v1
q_pharmacy_04,282b0e8b-051c-49f9-a707-b982df803589,4,0.23416425393769683,word_tfidf_v1
q_pharmacy_04,c576dc69-1cef-4d33-8c25-6724d6a4e384,5,0.1886728546241016,word_tfidf_v1
q_pharmacy_04,b9577c68-0b44-4a65-8663-6c311d884c56,6,0.1886728546241016,word_tfidf_v1
q_pharmacy_04,eb011fe4-e7f4-474e-ba5a-09da19428ed3,7,0.18836772482251365,word_tfidf_v1
q_pharmacy_04,adc3404e-f45b-43c4-84d1-972ce41a0949,8,0.18836772482251365,word_tfidf_v1
q_pharmacy_04,58d7f1ff-5dc2-4a47-8f74-bacb3d515884,9,0.18836772482251365,word_tfidf_v1
q_pharmacy_04,a022567b-3ae0-4503-99ac-ba41d2d58f85,10,0.18714325991671493,word_tfidf_v1
q_pharmacy_04,f0c06289-033c-423e-82c7-2f3d77f4a0c8,11,0.18673581679015422,word_tfidf_v1
q_pharmacy_04,b32563c2-199a-4b49-ab0f-a09287a94871,12,0.18673581679015422,word_tfidf_v1
q_pharmacy_04,2afeb6c8-a450-4692-b64f-67cc27236394,13,0.18673581679015422,word_tfidf_v1
q_pharmacy_04,d90f02df-2474-430a-87c2-bcac13b807a9,14,0.18673581679015422,word_tfidf_v1
q_pharmacy_04,72cbe7cf-705a-4c9c-a5fc-1b539d883bab,15,0.18547349145993036,word_tfidf_v1
q_pharmacy_04,f13f34fd-f4e5-4ce0-b5c6-6f5ed847d631,16,0.18547349145993036,word_tfidf_v1
q_pharmacy_04,c5b8810f-9187-4ef8-93a3-b1eccca1852b,17,0.18498718793999055,word_tfidf_v1
q_pharmacy_04,0a46d625-4133-4f9d-b63d-6289d0e2fdea,18,0.18498718793999055,word_tfidf_v1
q_pharmacy_04,06da2752-93d7-4b20-aaf9-7b0e5e0e834e,19,0.18311988428300321,word_tfidf_v1
q_pharmacy_04,b3985c8a-8c8f-4d12-8501-4eee3fcbe97a,20,0.182689492767826,word_tfidf_v1
q_pharmacy_04,2ce3a071-6f18-49bd-8005-9602e0b39fcc,21,0.182527953061769,word_tfidf_v1
q_pharmacy_04,3ef81730-afe9-4666-ab8a-998873c86fcf,22,0.182527953061769,word_tfidf_v1
q_pharmacy_04,a4d76261-4918-4254-a9fa-320bebce5e24,23,0.1822247063467322,word_tfidf_v1
q_pharmacy_04,f128c671-c5de-447b-b65b-c358e697fe8a,24,0.18171957819070098,word_tfidf_v1
q_pharmacy_04,edc7201b-3afa-4e07-9634-2ed6c853a257,25,0.18171957819070098,word_tfidf_v1
q_pharmacy_04,eb8d7f21-5987-43cf-a8f7-3ac909df46ab,26,0.18171957819070098,word_tfidf_v1
q_pharmacy_04,c51d6c1d-a83c-4daa-9acc-956eb89e0611,27,0.18116647001457128,word_tfidf_v1
q_pharmacy_04,e9d97c74-eecc-4578-81a3-d139c7db8750,28,0.18116647001457128,word_tfidf_v1
q_pharmacy_04,116fc784-e462-4d4e-9ec0-b6e5f40eb35f,29,0.18116647001457128,word_tfidf_v1
q_pharmacy_04,9eff9e45-eb60-46a5-8885-8c494fb3be87,30,0.18078898528607323,word_tfidf_v1
q_pharmacy_04,bcb66a5e-5838-4234-8209-75a7bc33a73b,31,0.18078898528607323,word_tfidf_v1
q_pharmacy_04,4de1fef6-c21b-4942-a92a-e5d1906225fe,32,0.18055534180951296,word_tfidf_v1
q_pharmacy_04,ed45b3da-fff0-451f-8100-65b76cadb903,33,0.17987262404898588,word_tfidf_v1
q_pharmacy_04,6f0278ac-929e-41c7-868b-95328ee1230f,34,0.17987262404898588,word_tfidf_v1
q_pharmacy_04,ff393fc9-79c6-4ce2-ae7f-a911f3ef8aba,35,0.17987262404898588,word_tfidf_v1
q_pharmacy_04,2f14c3a2-3adc-46df-b80d-0ff53fe344b9,36,0.17987262404898588,word_tfidf_v1
q_pharmacy_04,5122a6e2-8211-4c92-8fa3-3408fcea4be9,37,0.17969017819363706,word_tfidf_v1
q_pharmacy_04,f3ee6870-c07a-48c0-84d4-a24098c74c04,38,0.17969017819363706,word_tfidf_v1
q_pharmacy_04,e6f377f3-53e7-4b37-bfaf-b9d4cc043d14,39,0.17909933774388087,word_tfidf_v1
q_pharmacy_04,85f3109a-0a26-43e2-a576-fc772659f7c1,40,0.17909933774388087,word_tfidf_v1
q_butcher_01,607770d9-d4fb-4782-bc96-3bbcbbc116b4,1,0.5511172759456324,word_tfidf_v1
q_butcher_01,698cbd22-283d-4453-9bda-dc8099a5fdc7,2,0.5159309388277541,word_tfidf_v1
q_butcher_01,de672acc-5df1-4c94-9328-01a72b7f4249,3,0.5129490469349949,word_tfidf_v1
q_butcher_01,f11152c3-bd3d-4394-ad71-520a15258720,4,0.5090054756925079,word_tfidf_v1
q_butcher_01,59245b04-50f1-4d4c-8214-4ebcf4548528,5,0.5090054756925079,word_tfidf_v1
q_butcher_01,61e6f691-ff99-4061-9c81-d5b3213a00aa,6,0.5087156473181123,word_tfidf_v1
q_butcher_01,40d02b4d-0dc1-486a-bdf7-0d8eb0ff628f,7,0.491860537702081,word_tfidf_v1
q_butcher_01,490ef71b-a1a7-49f5-82bf-0a70892d0dbb,8,0.4348977429169625,word_tfidf_v1
q_butcher_01,d0fa2e94-3351-4d69-b4c6-69d4714b4d51,9,0.428565727988618,word_tfidf_v1
q_butcher_01,370fb4c4-5054-41ae-a494-98e01c86a098,10,0.428565727988618,word_tfidf_v1
q_butcher_01,9713f264-61ab-45b9-885a-9bdf63591d58,11,0.428565727988618,word_tfidf_v1
q_butcher_01,419361e5-f460-440e-b971-31ed37f0e5a7,12,0.4201748678569189,word_tfidf_v1
q_butcher_01,9f7558ca-5c00-44bb-bdf9-c423bd7d43d1,13,0.41832860063825744,word_tfidf_v1
q_butcher_01,8263946a-8c00-4933-953e-8539797657b4,14,0.41832860063825744,word_tfidf_v1
q_butcher_01,8088cd23-35d3-4029-ba28-39aa1f435d8b,15,0.41754211289987925,word_tfidf_v1
q_butcher_01,b2c37729-d90a-4ed2-a332-cd820d6877ce,16,0.41736072033912436,word_tfidf_v1
q_butcher_01,4e0d8c46-5574-452c-a1e2-f15be65f6b76,17,0.41736072033912436,word_tfidf_v1
q_butcher_01,c4aba917-0481-415e-b3e4-0e7862173e5d,18,0.41632158785040296,word_tfidf_v1
q_butcher_01,857c6774-fb13-4c95-865f-d9580a125d7c,19,0.41632158785040296,word_tfidf_v1
q_butcher_01,200ca858-e6ae-4a21-bbef-c4906795c3d4,20,0.41349439145549627,word_tfidf_v1
q_butcher_01,15cb16d3-4db7-4496-a6e5-d4d3c2744f82,21,0.41268264633513574,word_tfidf_v1
q_butcher_01,dce63017-252d-4e94-88b7-f121954195e9,22,0.41268264633513574,word_tfidf_v1
q_butcher_01,31516076-50cd-416c-9289-990f2660d7ac,23,0.4118186099388543,word_tfidf_v1
q_butcher_01,874c51a9-7197-4a65-be73-25a3df0596e2,24,0.41089511739247697,word_tfidf_v1
q_butcher_01,67568992-07a9-4df2-a398-f4166483df7b,25,0.4099034204567094,word_tfidf_v1
q_butcher_01,49f9dadc-20f3-425d-a18a-aae99439ed1b,26,0.40953125345785707,word_tfidf_v1
q_butcher_01,8a854eb5-9876-4b7d-be96-400ef0c7b4f1,27,0.40953125345785707,word_tfidf_v1
q_butcher_01,b4bd8486-f596-43ec-9064-b2815a740cca,28,0.40883268296949166,word_tfidf_v1
q_butcher_01,0d826b09-4303-4495-a40e-4dc82f76afe4,29,0.40883268296949166,word_tfidf_v1
q_butcher_01,0ea601f8-2874-4b39-ac72-f7d7134e8f8d,30,0.40883268296949166,word_tfidf_v1
q_butcher_01,5c225c06-ef90-4386-b11a-772f8f6de979,31,0.40883268296949166,word_tfidf_v1
q_butcher_01,0e73d180-b8b6-44e6-aa3e-a7419860d986,32,0.40883268296949166,word_tfidf_v1
q_butcher_01,f79660ac-ce52-4a45-baa1-302c826fcea0,33,0.4063956186115782,word_tfidf_v1
q_butcher_01,bcc6f4ca-cfae-4226-ba20-36616002e5d1,34,0.40552656355333616,word_tfidf_v1
q_butcher_01,7e4466d9-4c36-4e63-9fa8-5a8321ea4b39,35,0.40552656355333616,word_tfidf_v1
q_butcher_01,ce60157a-66f1-45eb-87d0-f806b8063d81,36,0.40498873521321965,word_tfidf_v1
q_butcher_01,3e37c307-9639-4da6-bb86-8e30853467d5,37,0.40498873521321965,word_tfidf_v1
q_butcher_01,2e83dec4-fc4b-458a-b623-bb41eb4bf299,38,0.4034174875228986,word_tfidf_v1
q_butcher_01,f76e1ac8-ab4d-431e-ae45-1e548b0d7119,39,0.4034174875228986,word_tfidf_v1
q_butcher_01,d7923d99-60e6-420f-b939-ec87c2bbaed7,40,0.4034174875228986,word_tfidf_v1
q_butcher_02,bf754421-0fa5-4d53-834c-9c9791627931,1,0.5431418524534675,word_tfidf_v1
q_butcher_02,be8cc386-3016-4a93-a2e4-67dc01cafe99,2,0.46027966772652223,word_tfidf_v1
q_butcher_02,ec1a199f-1190-40bd-a53c-e80f95ae5e57,3,0.4580272249137478,word_tfidf_v1
q_butcher_02,ad2340d9-df69-4d6b-b095-4300ba4c565e,4,0.45674559689550936,word_tfidf_v1
q_butcher_02,02431c66-e0a9-4432-8bbe-9299f785104b,5,0.45674559689550936,word_tfidf_v1
q_butcher_02,3d0b9eed-9f61-4fec-81d2-27e442959d60,6,0.456061928452488,word_tfidf_v1
q_butcher_02,db2d0caa-edd3-42c8-a61b-a83627742365,7,0.4529216271727231,word_tfidf_v1
q_butcher_02,d5aeb7e3-5c38-409b-8fdb-30301a7244ba,8,0.4499982234330332,word_tfidf_v1
q_butcher_02,12d57e3e-8508-4329-8f8e-a8cedb4bbe1b,9,0.4499982234330332,word_tfidf_v1
q_butcher_02,4fe7f84f-f00c-427d-99a9-74319e7bf14e,10,0.44887128074621574,word_tfidf_v1
q_butcher_02,9dcb17c9-dddb-42b5-a34b-dee0b6799d45,11,0.4476475563435003,word_tfidf_v1
q_butcher_02,e040bf7a-92a8-4bff-a2f3-c337915cc177,12,0.4476475563435003,word_tfidf_v1
q_butcher_02,fcc32667-91b0-492a-a15f-4c76e5bbd795,13,0.44764637081735276,word_tfidf_v1
q_butcher_02,a387d3f1-6a9f-4b83-8361-2579f7486d75,14,0.44630492971116914,word_tfidf_v1
q_butcher_02,56073db9-b8ba-4b49-8283-e1fc1b4d837d,15,0.4453893152797965,word_tfidf_v1
q_butcher_02,974720cd-152d-4f3d-ac08-8f11fdbca904,16,0.4453893152797965,word_tfidf_v1
q_butcher_02,7a1302b8-0025-444b-8436-7d14ec127f3b,17,0.44272358358966785,word_tfidf_v1
q_butcher_02,9047422e-308a-41d1-97e3-fed6f2443250,18,0.44272358358966785,word_tfidf_v1
q_butcher_02,5dd4ab1b-42ea-466b-80dc-9a2b3afb42fa,19,0.4391260384390177,word_tfidf_v1
q_butcher_02,a46f8985-4d29-4b64-8861-989cbc157a28,20,0.4391260384390177,word_tfidf_v1
q_butcher_02,55874a2d-7224-4bf0-8379-4abffdb9ef0d,21,0.4391260384390177,word_tfidf_v1
q_butcher_02,3f508c60-a8ce-4553-946a-2de3ee771dbc,22,0.43657055359966257,word_tfidf_v1
q_butcher_02,faf9593e-f14a-44d2-bf48-9a3976469568,23,0.43657055359966257,word_tfidf_v1
q_butcher_02,85037848-7b84-451b-a753-2278020842c0,24,0.43657055359966257,word_tfidf_v1
q_butcher_02,6c0c09b0-b6fb-41bf-b93f-105dbc5a5a64,25,0.43657055359966257,word_tfidf_v1
q_butcher_02,56960150-b050-4184-a6b5-740ed6bad711,26,0.43657055359966257,word_tfidf_v1
q_butcher_02,9a112640-301c-437e-ab05-41a2f418c81a,27,0.43344961948736144,word_tfidf_v1
q_butcher_02,0e52fc40-91db-487d-b3e9-84b98c4ae57e,28,0.43344961948736144,word_tfidf_v1
q_butcher_02,b019866d-0ece-4f2b-9bce-a6f6fcfcea15,29,0.43344961948736144,word_tfidf_v1
q_butcher_02,ad8d8e75-e76f-4ab9-b0cc-23ab6791360b,30,0.43344961948736144,word_tfidf_v1
q_butcher_02,c4cd913e-9cce-49d3-ba7d-c7b2a17b1ebf,31,0.43344961948736144,word_tfidf_v1
q_butcher_02,2a7eca4b-ca80-4652-b91b-182ccba77e24,32,0.43344961948736144,word_tfidf_v1
q_butcher_02,c0a0a94f-f4ea-46be-9e6c-7c18806fa8d0,33,0.43344961948736144,word_tfidf_v1
q_butcher_02,919d8b32-b837-46d0-bfaf-e2d0f285fd33,34,0.43344961948736144,word_tfidf_v1
q_butcher_02,d6f49bcb-37de-4058-be5c-263649bf7b59,35,0.43344961948736144,word_tfidf_v1
q_butcher_02,e23df104-9954-4ae6-99df-7897bffb3fc7,36,0.43344961948736144,word_tfidf_v1
q_butcher_02,9f751732-05e7-4b86-abe2-e21f249c8721,37,0.42943909978750755,word_tfidf_v1
q_butcher_02,06d5ff46-44d5-47d0-83b7-f8c6df4af169,38,0.42943909978750755,word_tfidf_v1
q_butcher_02,38c6652d-812b-448a-8396-0b5dd54e9d2b,39,0.42943909978750755,word_tfidf_v1
q_butcher_02,43207ab9-1aae-4898-8cff-584a4507513a,40,0.42943909978750755,word_tfidf_v1
q_butcher_03,76a3551b-dae4-4326-92cc-662015aedbfb,1,0.29288575754690505,word_tfidf_v1
q_butcher_03,c161453d-f2c8-4b97-a2c3-a54e0cbdb7e8,2,0.25559382891219706,word_tfidf_v1
q_butcher_03,c111ac9d-3f3a-405c-a8db-4d127ccda9e2,3,0.2402368051663604,word_tfidf_v1
q_butcher_03,24456103-f6b8-46af-8655-82e61d7265d8,4,0.23711612435286628,word_tfidf_v1
q_butcher_03,2743811c-5e71-4d2b-aa75-1b0147d44f2d,5,0.2032742945238197,word_tfidf_v1
q_butcher_03,60fbcb89-9e0b-4311-a98f-3b9e78dedb6c,6,0.19989512634054138,word_tfidf_v1
q_butcher_03,c8293090-5a14-4b42-ac25-a27a790ac053,7,0.16370309941308508,word_tfidf_v1
q_butcher_03,9cf570b0-be1e-40bb-9f4e-4dbd84f9be9c,8,0.161459705700525,word_tfidf_v1
q_butcher_03,1589f0ae-2c11-4c41-a3b4-2e863140bd26,9,0.1587903627037945,word_tfidf_v1
q_butcher_03,fed2552f-6e60-449d-80e6-6a6e169a5c20,10,0.1587903627037945,word_tfidf_v1
q_butcher_03,f341ab80-8b41-4ad7-9ecf-61e57a3cd1f2,11,0.15742755270167924,word_tfidf_v1
q_butcher_03,baba2ced-55e3-4183-b69c-232ac9bcb5be,12,0.1572475348540196,word_tfidf_v1
q_butcher_03,224e5059-942b-4b44-85cd-490a686544cc,13,0.15716491382110817,word_tfidf_v1
q_butcher_03,d1982de9-4db9-4a6b-bb74-ff7d3f7996fd,14,0.1568880851704068,word_tfidf_v1
q_butcher_03,bb3b06a9-695f-4c7d-a3cd-ae3c9b0f628d,15,0.15670615152777864,word_tfidf_v1
q_butcher_03,9d1718ce-e422-4f76-a425-6ad7bf133400,16,0.15659545552834095,word_tfidf_v1
q_butcher_03,6a019489-08c6-4fac-942e-36f40530a516,17,0.15628512239624875,word_tfidf_v1
q_butcher_03,c438def9-3bd4-440e-b010-ab29d3529d14,18,0.15522274532200142,word_tfidf_v1
q_butcher_03,9752e3d8-abda-4bc6-b506-504a47b60b80,19,0.15522274532200142,word_tfidf_v1
q_butcher_03,13393d46-4b29-437b-9d39-31fc06ba5f32,20,0.15481350295004104,word_tfidf_v1
q_butcher_03,2740748f-3adf-466d-bb86-d0104dc00f3b,21,0.15481350295004104,word_tfidf_v1
q_butcher_03,4277402a-22c7-4928-b77c-1885226b9b30,22,0.15481350295004104,word_tfidf_v1
q_butcher_03,e5c7fddf-b2d4-4c2a-aba6-cc7b10485417,23,0.15481350295004104,word_tfidf_v1
q_butcher_03,6e6faf7b-ef40-4981-b883-3f0f2b4fb8c0,24,0.154368868560019,word_tfidf_v1
q_butcher_03,98b6e694-aa37-446d-84bd-015c1c403352,25,0.154368868560019,word_tfidf_v1
q_butcher_03,bdb23b28-ed3a-44dd-9d2d-213fb3368728,26,0.154368868560019,word_tfidf_v1
q_butcher_03,827bba83-5438-4805-897e-4b0dd47fd9ac,27,0.1538821534522957,word_tfidf_v1
q_butcher_03,d2a3d70d-d39c-40fb-89a1-61bd39516d2d,28,0.1538821534522957,word_tfidf_v1
q_butcher_03,8b870e6e-eb51-45b9-a688-c8aef9913eef,29,0.1538821534522957,word_tfidf_v1
q_butcher_03,db812d71-147b-4566-9415-db7665910bfc,30,0.1533445684416923,word_tfidf_v1
q_butcher_03,82df45b8-7d29-427d-a140-7dac13459ca0,31,0.1533445684416923,word_tfidf_v1
q_butcher_03,5d1b9491-a1ad-412a-9b55-9d875f97e81e,32,0.1533445684416923,word_tfidf_v1
q_butcher_03,6658836c-e934-4620-8e07-d919b52b3400,33,0.15128129783319838,word_tfidf_v1
q_butcher_03,24d324e6-3210-49fd-8263-849d9b4e8b5d,34,0.15128129783319838,word_tfidf_v1
q_butcher_03,6104e55e-0dea-4627-a198-a4e840bee82e,35,0.15128129783319838,word_tfidf_v1
q_butcher_03,0bb27eb1-434c-460b-a0d8-bbeda33e4f8f,36,0.15128129783319838,word_tfidf_v1
q_butcher_03,929dfc7e-b9e4-48d9-bb06-dc29808bb5ba,37,0.15128129783319838,word_tfidf_v1
q_butcher_03,cdd3f94f-e1c4-4b22-81b4-dc2533c8555f,38,0.15128129783319838,word_tfidf_v1
q_butcher_03,c237ed86-d4d4-4f5b-aecd-6e123ab7bafb,39,0.15035702000649293,word_tfidf_v1
q_butcher_03,99ae8ccd-ad8c-4c23-8435-7a6ec639d137,40,0.15035702000649293,word_tfidf_v1
q_butcher_04,9cccd09e-9238-428e-ba55-a62ca9e6dd1e,1,0.37025320257132593,word_tfidf_v1
q_butcher_04,9cf570b0-be1e-40bb-9f4e-4dbd84f9be9c,2,0.3415787936481044,word_tfidf_v1
q_butcher_04,aba76fc2-984e-4030-ba01-e2e7d78264c7,3,0.33603233290093537,word_tfidf_v1
q_butcher_04,1d25228e-8fbf-418b-9a30-a837bf985745,4,0.3243126053460952,word_tfidf_v1
q_butcher_04,f14df4d3-9858-4a8b-8597-20fd477d8e32,5,0.3131237165176988,word_tfidf_v1
q_butcher_04,956c47d9-0ece-4bc4-901f-3ab31fa32d62,6,0.31141609965337164,word_tfidf_v1
q_butcher_04,277eeef8-4048-484e-be30-2cb6aa510027,7,0.2999290215127725,word_tfidf_v1
q_butcher_04,a78c6b01-967c-423a-94a0-8bd04ac50ec6,8,0.2999290215127725,word_tfidf_v1
q_butcher_04,3abf1401-e252-4663-8feb-617120c0d8d1,9,0.2972997327806946,word_tfidf_v1
q_butcher_04,6166067b-a68e-4b32-b555-b1a965804cd3,10,0.2972997327806946,word_tfidf_v1
q_butcher_04,5a4ce519-80e3-4a19-81e9-0bf62289d448,11,0.29360715029700357,word_tfidf_v1
q_butcher_04,b0cfb5d7-7e16-4ec0-aebf-2356a42e017c,12,0.29360715029700357,word_tfidf_v1
q_butcher_04,d86a022d-fe17-41e0-a952-94ab78ef3e01,13,0.29360715029700357,word_tfidf_v1
q_butcher_04,7793d1b3-c08e-42f8-8332-f4840d11a17f,14,0.29360715029700357,word_tfidf_v1
q_butcher_04,ac2aa038-d67b-4bab-b6e2-d3c8eb7552d1,15,0.29360715029700357,word_tfidf_v1
q_butcher_04,a41b0df6-ff92-46e4-beef-589269279433,16,0.29360715029700357,word_tfidf_v1
q_butcher_04,7fa5e858-89b5-4106-8b7c-6c11e6d261c5,17,0.29360715029700357,word_tfidf_v1
q_butcher_04,cce2b46f-8486-478f-b237-f7f877bc0123,18,0.29360715029700357,word_tfidf_v1
q_butcher_04,4a5db804-760e-4d8c-95e0-5a7f3c6e07a2,19,0.29360715029700357,word_tfidf_v1
q_butcher_04,282b0e8b-051c-49f9-a707-b982df803589,20,0.29351698905629936,word_tfidf_v1
q_butcher_04,4d0f8d54-a472-4e75-94e6-b02d71536f0d,21,0.25549462831405145,word_tfidf_v1
q_butcher_04,4ced1c53-d5cd-4c16-9f1a-b6a91c20bbb1,22,0.2524587613305322,word_tfidf_v1
q_butcher_04,7a24c3e8-9749-4587-85bb-c4d185062529,23,0.2508847138691238,word_tfidf_v1
q_butcher_04,0508deb9-1c79-49a5-a015-092d51aa4bc6,24,0.24389585061556376,word_tfidf_v1
q_butcher_04,432228cf-c97f-4bec-872b-5e0ff165853d,25,0.24120434488798795,word_tfidf_v1
q_butcher_04,14ab610f-1990-4653-aaec-5fbbff745ea2,26,0.23641586314904184,word_tfidf_v1
q_butcher_04,15e1d60d-9ac5-4983-b713-755d88e83a10,27,0.23330732204452273,word_tfidf_v1
q_butcher_04,617a69de-ddc4-44a7-8805-7e199e661233,28,0.23164237010118294,word_tfidf_v1
q_butcher_04,ced8b1ab-1800-4c81-94bb-226b24033a1f,29,0.2310249680986735,word_tfidf_v1
q_butcher_04,974250a7-25c2-4aa9-929b-365750d56d15,30,0.22737595307130418,word_tfidf_v1
q_butcher_04,874a8615-3d73-491f-8f96-bb410a0cff98,31,0.22578423875067807,word_tfidf_v1
q_butcher_04,a4a55245-6d85-426c-9cab-2f01837b64a1,32,0.22523959397169005,word_tfidf_v1
q_butcher_04,854cd04e-58ed-453d-bcb7-2babc9387908,33,0.22486539475939646,word_tfidf_v1
q_butcher_04,4577431c-72c4-4ba0-84ad-65add48aa83c,34,0.22362102874163944,word_tfidf_v1
q_butcher_04,aa8ef228-718e-4ed4-b80e-6471be74bbec,35,0.22170341898639226,word_tfidf_v1
q_butcher_04,4ab3ece8-9902-4f4d-b61d-128dd845d385,36,0.2176089486849729,word_tfidf_v1
q_butcher_04,1f8995f0-3610-4085-85af-e4380987ccc8,37,0.21030518124526096,word_tfidf_v1
q_butcher_04,1204e9de-e42e-487c-8949-cb88c336df29,38,0.20339839334051862,word_tfidf_v1
q_butcher_04,ebed5983-26fe-4644-a43c-987b74d0cdc1,39,0.19922006113682225,word_tfidf_v1
q_butcher_04,42ed3442-9b7d-493a-9842-51b88202be83,40,0.18766424993978073,word_tfidf_v1
q_bakery_01,3e382720-3656-4e4d-b73f-3d7b39209ecf,1,0.5262427420213273,word_tfidf_v1
q_bakery_01,74ebe765-fc19-4b65-8fd3-c7701354acc4,2,0.5179275479045099,word_tfidf_v1
q_bakery_01,3227f307-dd08-45da-aa90-dc42dcbb7251,3,0.5179275479045099,word_tfidf_v1
q_bakery_01,9c32ca55-a4f5-4eaa-847c-f321e03d22e4,4,0.5138829990325375,word_tfidf_v1
q_bakery_01,3abcd3b8-fc6d-4b1d-90bb-1e1811f41494,5,0.47265466429458236,word_tfidf_v1
q_bakery_01,be3fec81-ecd4-4518-800b-8f5e660e94d4,6,0.46211619084795524,word_tfidf_v1
q_bakery_01,3e98667a-44da-48a3-873c-d114c7680fec,7,0.4256880067627677,word_tfidf_v1
q_bakery_01,d373022b-492d-44bb-a91e-0173a8e56094,8,0.42176818455716575,word_tfidf_v1
q_bakery_01,d225d568-2044-493a-9c73-fe9044e50a21,9,0.4205833666786699,word_tfidf_v1
q_bakery_01,dae8fab6-50d4-43a0-a7d1-1f6f85686da0,10,0.4116892906207424,word_tfidf_v1
q_bakery_01,c1d74b1f-2704-4bbd-a279-860ac6733e94,11,0.40687190328021827,word_tfidf_v1
q_bakery_01,d48fa52e-138e-465e-8e3a-d472b70f28e9,12,0.40687190328021827,word_tfidf_v1
q_bakery_01,a34e252a-e381-487c-aa5d-1e4a13a28bbc,13,0.40300523779004865,word_tfidf_v1
q_bakery_01,e77df353-96f8-4096-9b03-a0175802d4af,14,0.40300523779004865,word_tfidf_v1
q_bakery_01,7429979e-38ce-4b2c-ad30-64761b330ed7,15,0.40300523779004865,word_tfidf_v1
q_bakery_01,b95dc77a-7e44-426d-8d16-2dcf6f1674c5,16,0.40300523779004865,word_tfidf_v1
q_bakery_01,56efb7ea-ed54-4760-9eca-5a4533524c0f,17,0.40300523779004865,word_tfidf_v1
q_bakery_01,f4c3c409-2010-4f94-9b3e-99deb21b585c,18,0.39758933154163206,word_tfidf_v1
q_bakery_01,cffa6983-a24b-4b38-9c33-55a993852db8,19,0.39758933154163206,word_tfidf_v1
q_bakery_01,d56ab651-21db-4b8d-902e-7be19fc4c728,20,0.39758933154163206,word_tfidf_v1
q_bakery_01,083ecffe-5e65-4c93-add9-107d3501f214,21,0.39758933154163206,word_tfidf_v1
q_bakery_01,6e229f7e-3ad1-4e59-9c3c-5a0f177b630a,22,0.39758933154163206,word_tfidf_v1
q_bakery_01,151c3e4f-ad4e-45cf-873c-cd9070bb0077,23,0.39758933154163206,word_tfidf_v1
q_bakery_01,32c92327-4272-45d2-89e5-3b7cbe808c04,24,0.39758933154163206,word_tfidf_v1
q_bakery_01,7c72c094-b63d-43c5-afb6-6fc775134bbd,25,0.39758933154163206,word_tfidf_v1
q_bakery_01,ae0def84-f98a-4520-9d4e-3ca45dd3b387,26,0.39758933154163206,word_tfidf_v1
q_bakery_01,da4df623-6618-40c7-a404-a8c23f99016f,27,0.39758933154163206,word_tfidf_v1
q_bakery_01,f6158125-abc8-460e-ae47-2b21c785a62e,28,0.39758933154163206,word_tfidf_v1
q_bakery_01,5ccfc091-e02a-4359-8e71-c35ecf3dd6e9,29,0.39758933154163206,word_tfidf_v1
q_bakery_01,a9536b56-d072-41be-b4c8-890c5f2e18b1,30,0.39758933154163206,word_tfidf_v1
q_bakery_01,426b4a20-6d96-4f5c-b847-545daa21d02c,31,0.39758933154163206,word_tfidf_v1
q_bakery_01,1b3c0f08-3d66-4f7b-a1a6-7ee19b937611,32,0.39758933154163206,word_tfidf_v1
q_bakery_01,aebc536e-be51-45c1-8101-d3e69e8f4e49,33,0.39758933154163206,word_tfidf_v1
q_bakery_01,86656a1d-8803-43e0-8240-aaf902da5668,34,0.39758933154163206,word_tfidf_v1
q_bakery_01,7082086a-1061-4e64-986e-c6bef15f4e3c,35,0.39758933154163206,word_tfidf_v1
q_bakery_01,19f3dd61-e1f7-4d0b-9fd8-8eb65204800b,36,0.39758933154163206,word_tfidf_v1
q_bakery_01,fd2a4417-4988-4a02-902e-768182aa53df,37,0.39758933154163206,word_tfidf_v1
q_bakery_01,ddc35dac-0a5d-402f-bb8a-c329593cbb11,38,0.39758933154163206,word_tfidf_v1
q_bakery_01,b74be2cf-6270-489f-866a-c092389b6f55,39,0.39758933154163206,word_tfidf_v1
q_bakery_01,1bf85086-a7a0-43f3-871d-f9872d46dafc,40,0.39758933154163206,word_tfidf_v1
q_bakery_02,d68ca51b-fcc9-4769-9b35-3dec4ae1bd4a,1,0.5757483053005319,word_tfidf_v1
q_bakery_02,990a2554-4864-4c2b-a360-564fbbd45a8e,2,0.5509188603972267,word_tfidf_v1
q_bakery_02,c1e8b9b6-342e-44c9-8aa2-5b78d6520087,3,0.5373233513806509,word_tfidf_v1
q_bakery_02,8a8e490f-889e-42d8-9932-8257e60f3d89,4,0.5061154088148344,word_tfidf_v1
q_bakery_02,4253bd28-b4e2-42b7-9cd6-9c32d2541055,5,0.5061154088148344,word_tfidf_v1
q_bakery_02,2bca6c63-27ce-48ef-982a-173800c6c834,6,0.5061154088148344,word_tfidf_v1
q_bakery_02,0a413ebb-2596-4b3f-b5aa-194b242ce558,7,0.5061154088148344,word_tfidf_v1
q_bakery_02,972f10f2-7801-4dd7-a6ba-a4cd5e73181b,8,0.42883365448260286,word_tfidf_v1
q_bakery_02,96dfc6f9-b8ca-4001-b6a9-b91dbc2be22a,9,0.4288167059633349,word_tfidf_v1
q_bakery_02,f30e7a0f-36e1-4998-9500-b59562ff044a,10,0.4252949109547789,word_tfidf_v1
q_bakery_02,917c1b52-213d-4671-8763-cd186c6f90b8,11,0.4132698022334579,word_tfidf_v1
q_bakery_02,008d07a3-ba18-4806-9ec7-48c0adb25276,12,0.4110189604851264,word_tfidf_v1
q_bakery_02,96f1eec3-3922-4596-afa8-2bbeed304a4b,13,0.4087480186278977,word_tfidf_v1
q_bakery_02,4cf56817-5229-4b61-a59d-0c26c1889def,14,0.4042075454411037,word_tfidf_v1
q_bakery_02,74020711-f0a9-4331-a0a8-4befeaae3064,15,0.3832616336247511,word_tfidf_v1
q_bakery_02,3835c270-8285-42d8-9095-4695dbacdc3b,16,0.3687196599770895,word_tfidf_v1
q_bakery_03,76a3551b-dae4-4326-92cc-662015aedbfb,1,0.29573284082749585,word_tfidf_v1
q_bakery_03,c161453d-f2c8-4b97-a2c3-a54e0cbdb7e8,2,0.25807840488821243,word_tfidf_v1
q_bakery_03,c111ac9d-3f3a-405c-a8db-4d127ccda9e2,3,0.2425720986169549,word_tfidf_v1
q_bakery_03,24456103-f6b8-46af-8655-82e61d7265d8,4,0.23942108229571,word_tfidf_v1
q_bakery_03,2743811c-5e71-4d2b-aa75-1b0147d44f2d,5,0.2052502828755919,word_tfidf_v1
q_bakery_03,09baec57-e4ce-4c5b-bb4e-c39562aae219,6,0.1872917735364739,word_tfidf_v1
q_bakery_03,a10a54ef-3927-459f-be9d-2c8ee247f19b,7,0.1598564434248802,word_tfidf_v1
q_bakery_03,35290020-7a77-4b30-b3ce-a1a267b7414d,8,0.1598564434248802,word_tfidf_v1
q_bakery_03,dc1eb686-8b30-42b8-90be-54e5d5752a20,9,0.15249998111013854,word_tfidf_v1
q_bakery_03,c18155a5-d1c1-4086-955b-5afd633a6cee,10,0.15249998111013854,word_tfidf_v1
q_bakery_03,66060a7e-ea4d-44e6-81db-e4d227b85e14,11,0.15249998111013854,word_tfidf_v1
q_bakery_03,4743849c-4370-42e5-b1cb-c49c84c7e8bd,12,0.14824599661203913,word_tfidf_v1
q_bakery_03,aa936541-d9bc-4616-9c06-83df36ba719c,13,0.1443410277743824,word_tfidf_v1
q_bakery_03,e5fe0ba3-ae61-438b-93df-74715599062a,14,0.1443410277743824,word_tfidf_v1
q_bakery_03,bdca09f5-28d5-4022-a00e-baef9dfc2114,15,0.1443410277743824,word_tfidf_v1
q_bakery_03,a4de585d-9a72-4fa1-87ca-62527ff5e289,16,0.1443410277743824,word_tfidf_v1
q_bakery_03,c3620a8b-8bc6-4151-b2f0-56b734811e7c,17,0.14206876854606554,word_tfidf_v1
q_bakery_03,f89cc30d-7556-468f-9994-cc23c45d3251,18,0.1407593127302179,word_tfidf_v1
q_bakery_03,72144e83-5280-4b58-b6c8-a81d7132e8bd,19,0.1407593127302179,word_tfidf_v1
q_bakery_03,90644fce-4ba9-47aa-b57e-5efcceb4c1a0,20,0.14040740928527712,word_tfidf_v1
q_bakery_03,721f53fb-840e-4cf5-86ad-a753ef80913a,21,0.1381756888034778,word_tfidf_v1
q_bakery_03,574e4af4-1abb-48f5-be6b-fcda478ef9bc,22,0.13750860892579053,word_tfidf_v1
q_bakery_03,223ac46e-51cf-4eab-ae60-378b76414b47,23,0.1373998743137912,word_tfidf_v1
q_bakery_03,044dc36b-4675-432a-8391-b283e71e59c1,24,0.13722695889182573,word_tfidf_v1
q_bakery_03,0beeb84b-0b69-4b6d-8d44-07fe02ba8034,25,0.13646956666849544,word_tfidf_v1
q_bakery_03,8844a74d-7f7e-4066-9804-2c8ae1372892,26,0.1357788995456748,word_tfidf_v1
q_bakery_03,16d1d6c6-4f07-4e06-8d1c-81a4aaf2ec6e,27,0.1357788995456748,word_tfidf_v1
q_bakery_03,ed8738d0-83da-4fca-8ee6-a580dbb06b3d,28,0.1357788995456748,word_tfidf_v1
q_bakery_03,36795039-f3af-4b5e-9792-e972b52e0f02,29,0.1357788995456748,word_tfidf_v1
q_bakery_03,b7790577-f289-4501-a816-794c4331249b,30,0.1357788995456748,word_tfidf_v1
q_bakery_03,6afb0c48-dea4-4105-9291-b3bec77e2b01,31,0.1357788995456748,word_tfidf_v1
q_bakery_03,b5362e24-6609-4f3f-ae97-c5683e4408e4,32,0.1357788995456748,word_tfidf_v1
q_bakery_03,417d1f5a-a7dd-4bbd-8379-61d8d1e9dc3d,33,0.13530754826138344,word_tfidf_v1
q_bakery_03,da60c898-2867-4dc4-a02d-55f9484fed1e,34,0.13470964593237714,word_tfidf_v1
q_bakery_03,23895b9f-4b17-4f81-9aac-e334cdf18453,35,0.13470964593237714,word_tfidf_v1
q_bakery_03,ec6d293c-3928-4b9f-963d-dee79a59be12,36,0.13470964593237714,word_tfidf_v1
q_bakery_03,04570e59-7b5d-46f8-ac92-9f77570f6222,37,0.13470964593237714,word_tfidf_v1
q_bakery_03,c90cbfff-9d5c-40d0-ad21-dbb8426a9526,38,0.13470964593237714,word_tfidf_v1
q_bakery_03,46598a11-dcca-4d02-8f21-b300dd6b2940,39,0.13470964593237714,word_tfidf_v1
q_bakery_03,5adde790-a071-45c6-b923-cdc686e3892c,40,0.13470964593237714,word_tfidf_v1
q_bakery_04,aba76fc2-984e-4030-ba01-e2e7d78264c7,1,0.37401396483007016,word_tfidf_v1
q_bakery_04,f14df4d3-9858-4a8b-8597-20fd477d8e32,2,0.34851599453567184,word_tfidf_v1
q_bakery_04,282b0e8b-051c-49f9-a707-b982df803589,3,0.3266931246592112,word_tfidf_v1
q_bakery_04,09baec57-e4ce-4c5b-bb4e-c39562aae219,4,0.2526233051352991,word_tfidf_v1
q_bakery_04,a10a54ef-3927-459f-be9d-2c8ee247f19b,5,0.21561792236060368,word_tfidf_v1
q_bakery_04,35290020-7a77-4b30-b3ce-a1a267b7414d,6,0.21561792236060368,word_tfidf_v1
q_bakery_04,c18155a5-d1c1-4086-955b-5afd633a6cee,7,0.20569536255478604,word_tfidf_v1
q_bakery_04,dc1eb686-8b30-42b8-90be-54e5d5752a20,8,0.20569536255478604,word_tfidf_v1
q_bakery_04,66060a7e-ea4d-44e6-81db-e4d227b85e14,9,0.20569536255478604,word_tfidf_v1
q_bakery_04,4743849c-4370-42e5-b1cb-c49c84c7e8bd,10,0.19995749375461197,word_tfidf_v1
q_bakery_04,bdca09f5-28d5-4022-a00e-baef9dfc2114,11,0.1946903850311897,word_tfidf_v1
q_bakery_04,e5fe0ba3-ae61-438b-93df-74715599062a,12,0.1946903850311897,word_tfidf_v1
q_bakery_04,a4de585d-9a72-4fa1-87ca-62527ff5e289,13,0.1946903850311897,word_tfidf_v1
q_bakery_04,aa936541-d9bc-4616-9c06-83df36ba719c,14,0.1946903850311897,word_tfidf_v1
q_bakery_04,c3620a8b-8bc6-4151-b2f0-56b734811e7c,15,0.19162551130212652,word_tfidf_v1
q_bakery_04,f89cc30d-7556-468f-9994-cc23c45d3251,16,0.18985928820603498,word_tfidf_v1
q_bakery_04,72144e83-5280-4b58-b6c8-a81d7132e8bd,17,0.18985928820603498,word_tfidf_v1
q_bakery_04,90644fce-4ba9-47aa-b57e-5efcceb4c1a0,18,0.18938463302139533,word_tfidf_v1
q_bakery_04,721f53fb-840e-4cf5-86ad-a753ef80913a,19,0.18637443885426874,word_tfidf_v1
q_bakery_04,574e4af4-1abb-48f5-be6b-fcda478ef9bc,20,0.18547466669498708,word_tfidf_v1
q_bakery_04,223ac46e-51cf-4eab-ae60-378b76414b47,21,0.1853280030346073,word_tfidf_v1
q_bakery_04,044dc36b-4675-432a-8391-b283e71e59c1,22,0.18509477087186488,word_tfidf_v1
q_bakery_04,0beeb84b-0b69-4b6d-8d44-07fe02ba8034,23,0.18407318341434523,word_tfidf_v1
q_bakery_04,6afb0c48-dea4-4105-9291-b3bec77e2b01,24,0.1831415962547989,word_tfidf_v1
q_bakery_04,b7790577-f289-4501-a816-794c4331249b,25,0.1831415962547989,word_tfidf_v1
q_bakery_04,b5362e24-6609-4f3f-ae97-c5683e4408e4,26,0.1831415962547989,word_tfidf_v1
q_bakery_04,ed8738d0-83da-4fca-8ee6-a580dbb06b3d,27,0.1831415962547989,word_tfidf_v1
q_bakery_04,36795039-f3af-4b5e-9792-e972b52e0f02,28,0.1831415962547989,word_tfidf_v1
q_bakery_04,8844a74d-7f7e-4066-9804-2c8ae1372892,29,0.1831415962547989,word_tfidf_v1
q_bakery_04,16d1d6c6-4f07-4e06-8d1c-81a4aaf2ec6e,30,0.1831415962547989,word_tfidf_v1
q_bakery_04,417d1f5a-a7dd-4bbd-8379-61d8d1e9dc3d,31,0.18250582717071653,word_tfidf_v1
q_bakery_04,966126c8-a02a-47a5-b0a6-3bd69bdab8c4,32,0.1816993632259867,word_tfidf_v1
q_bakery_04,46598a11-dcca-4d02-8f21-b300dd6b2940,33,0.1816993632259867,word_tfidf_v1
q_bakery_04,ec6d293c-3928-4b9f-963d-dee79a59be12,34,0.1816993632259867,word_tfidf_v1
q_bakery_04,23895b9f-4b17-4f81-9aac-e334cdf18453,35,0.1816993632259867,word_tfidf_v1
q_bakery_04,04570e59-7b5d-46f8-ac92-9f77570f6222,36,0.1816993632259867,word_tfidf_v1
q_bakery_04,da60c898-2867-4dc4-a02d-55f9484fed1e,37,0.1816993632259867,word_tfidf_v1
q_bakery_04,5adde790-a071-45c6-b923-cdc686e3892c,38,0.1816993632259867,word_tfidf_v1
q_bakery_04,c90cbfff-9d5c-40d0-ad21-dbb8426a9526,39,0.1816993632259867,word_tfidf_v1
q_bakery_04,3481903a-9213-43d6-ab6c-94463201b742,40,0.18154712050092447,word_tfidf_v1
q_korean_food_01,7b556e6b-9591-4667-bb1b-f281dd90a2ae,1,0.27149329415570805,word_tfidf_v1
q_korean_food_01,8aef3855-a0b7-4f05-8776-f79fca3fc2df,2,0.2523236474861916,word_tfidf_v1
q_korean_food_01,3e1294f8-c8f4-4242-acd1-b5d8357555f4,3,0.2523236474861916,word_tfidf_v1
q_korean_food_01,2ce9b071-684d-4602-ad76-b7aa13df94c1,4,0.2523236474861916,word_tfidf_v1
q_korean_food_01,e0d45b49-237f-433c-9fb5-6c603b8ed06d,5,0.2523236474861916,word_tfidf_v1
q_korean_food_01,7c8db53f-5518-4b9b-94fe-df196c885e8c,6,0.2523236474861916,word_tfidf_v1
q_korean_food_01,05053590-ec6f-49ed-b23a-c60ecfc9cc33,7,0.2523236474861916,word_tfidf_v1
q_korean_food_01,d13253c4-97c2-417f-93f2-c17b7b63f808,8,0.2523236474861916,word_tfidf_v1
q_korean_food_01,e3d540d5-6a7f-4a7b-b48f-52bab1b5aa71,9,0.2523236474861916,word_tfidf_v1
q_korean_food_01,af48c583-3eeb-4b5b-aa97-c3943c95a265,10,0.2523236474861916,word_tfidf_v1
q_korean_food_01,8ab201d7-aa58-43a1-8052-eccfd92a04df,11,0.2523236474861916,word_tfidf_v1
q_korean_food_01,fd4bf706-38e0-4067-930b-f69d5e28cffb,12,0.2523236474861916,word_tfidf_v1
q_korean_food_01,bbd78bcb-18ed-449a-b7ea-9336d32e9389,13,0.2523236474861916,word_tfidf_v1
q_korean_food_01,4c596731-089c-4bcf-8abd-c336c1539e1e,14,0.2523236474861916,word_tfidf_v1
q_korean_food_01,54c3c8fe-ed40-44c4-a6f1-9cf48dbd52db,15,0.2523236474861916,word_tfidf_v1
q_korean_food_01,df5d00eb-f013-4967-8b05-b08e5b94c4f6,16,0.2523236474861916,word_tfidf_v1
q_korean_food_01,d85ac593-8870-454d-a71a-69424ed6cb11,17,0.2523236474861916,word_tfidf_v1
q_korean_food_01,072181cd-94e1-42c3-a316-11f393aad45c,18,0.2523236474861916,word_tfidf_v1
q_korean_food_01,32edc483-f176-49e2-b82a-776d54c8faa9,19,0.2523236474861916,word_tfidf_v1
q_korean_food_01,8e518e5d-b5b5-40b5-babe-b2d6f0344024,20,0.2523236474861916,word_tfidf_v1
q_korean_food_01,a411ad10-57da-486e-bed3-d2ea84d36813,21,0.2523236474861916,word_tfidf_v1
q_korean_food_01,783b2fa2-3705-45b0-a51a-67f96efd78f0,22,0.2514025677086036,word_tfidf_v1
q_korean_food_01,60fbcb89-9e0b-4311-a98f-3b9e78dedb6c,23,0.2481585633170884,word_tfidf_v1
q_korean_food_01,022aa88a-4fef-445a-baba-83a8de201d44,24,0.24772671574228236,word_tfidf_v1
q_korean_food_01,0b79859e-a533-40da-9a8c-acda129e8875,25,0.24756494981306376,word_tfidf_v1
q_korean_food_01,fc916dd1-b3c6-4f90-b6c3-662cf4f80803,26,0.24306266157222625,word_tfidf_v1
q_korean_food_01,0368737b-d742-4c88-9327-f02405a8a6f7,27,0.24267632655630866,word_tfidf_v1
q_korean_food_01,eac0b240-8458-4619-9c46-d8ab9d0a1f5d,28,0.24267632655630866,word_tfidf_v1
q_korean_food_01,5f201ed4-130d-4bb5-a9a0-6daaba529a61,29,0.24267632655630866,word_tfidf_v1
q_korean_food_01,5183722c-fc41-4f7d-a3fa-770b091dbacf,30,0.24267632655630866,word_tfidf_v1
q_korean_food_01,f55f60af-8e2f-48de-a203-fd981af3be54,31,0.24267632655630866,word_tfidf_v1
q_korean_food_01,196f2f24-078d-49b6-a825-645c117486ad,32,0.24267632655630866,word_tfidf_v1
q_korean_food_01,f41c71c5-f31b-4bec-afa9-bfef7fe018bf,33,0.24267632655630866,word_tfidf_v1
q_korean_food_01,53f29d0c-ba02-4b0c-a0ea-7c7b189a1fce,34,0.24267632655630866,word_tfidf_v1
q_korean_food_01,312c4739-a6ff-4d48-801c-abdc740ad035,35,0.24267632655630866,word_tfidf_v1
q_korean_food_01,fd4ad5f4-a6a2-4e5d-8387-4fbaf66deb2a,36,0.24267632655630866,word_tfidf_v1
q_korean_food_01,e73bea05-70e1-44a3-908a-5e0fd315e3d2,37,0.24267632655630866,word_tfidf_v1
q_korean_food_01,b8fed216-15a2-4ffc-aae2-2372d8b33e38,38,0.24063348946538757,word_tfidf_v1
q_korean_food_01,0175abfe-ccd1-4990-b8eb-538349e9a526,39,0.24063348946538757,word_tfidf_v1
q_korean_food_01,ec848c14-ae67-4288-8f49-4c398097b211,40,0.24063348946538757,word_tfidf_v1
q_korean_food_02,5e93a6ca-95dc-4686-862a-cdb9364d8073,1,0.42194200943479415,word_tfidf_v1
q_korean_food_03,76a3551b-dae4-4326-92cc-662015aedbfb,1,0.48763236029716767,word_tfidf_v1
q_korean_food_03,c111ac9d-3f3a-405c-a8db-4d127ccda9e2,2,0.3673848127809058,word_tfidf_v1
q_korean_food_03,24456103-f6b8-46af-8655-82e61d7265d8,3,0.3626124768533589,word_tfidf_v1
q_korean_food_03,2743811c-5e71-4d2b-aa75-1b0147d44f2d,4,0.3108594812734439,word_tfidf_v1
q_korean_food_03,7b556e6b-9591-4667-bb1b-f281dd90a2ae,5,0.07749818521224895,word_tfidf_v1
q_korean_food_03,a411ad10-57da-486e-bed3-d2ea84d36813,6,0.0720261796046426,word_tfidf_v1
q_korean_food_03,bbd78bcb-18ed-449a-b7ea-9336d32e9389,7,0.0720261796046426,word_tfidf_v1
q_korean_food_03,4c596731-089c-4bcf-8abd-c336c1539e1e,8,0.0720261796046426,word_tfidf_v1
q_korean_food_03,072181cd-94e1-42c3-a316-11f393aad45c,9,0.0720261796046426,word_tfidf_v1
q_korean_food_03,54c3c8fe-ed40-44c4-a6f1-9cf48dbd52db,10,0.0720261796046426,word_tfidf_v1
q_korean_food_03,3e1294f8-c8f4-4242-acd1-b5d8357555f4,11,0.0720261796046426,word_tfidf_v1
q_korean_food_03,e3d540d5-6a7f-4a7b-b48f-52bab1b5aa71,12,0.0720261796046426,word_tfidf_v1
q_korean_food_03,e0d45b49-237f-433c-9fb5-6c603b8ed06d,13,0.0720261796046426,word_tfidf_v1
q_korean_food_03,fd4bf706-38e0-4067-930b-f69d5e28cffb,14,0.0720261796046426,word_tfidf_v1
q_korean_food_03,d13253c4-97c2-417f-93f2-c17b7b63f808,15,0.0720261796046426,word_tfidf_v1
q_korean_food_03,8ab201d7-aa58-43a1-8052-eccfd92a04df,16,0.0720261796046426,word_tfidf_v1
q_korean_food_03,8aef3855-a0b7-4f05-8776-f79fca3fc2df,17,0.0720261796046426,word_tfidf_v1
q_korean_food_03,2ce9b071-684d-4602-ad76-b7aa13df94c1,18,0.0720261796046426,word_tfidf_v1
q_korean_food_03,df5d00eb-f013-4967-8b05-b08e5b94c4f6,19,0.0720261796046426,word_tfidf_v1
q_korean_food_03,7c8db53f-5518-4b9b-94fe-df196c885e8c,20,0.0720261796046426,word_tfidf_v1
q_korean_food_03,05053590-ec6f-49ed-b23a-c60ecfc9cc33,21,0.0720261796046426,word_tfidf_v1
q_korean_food_03,32edc483-f176-49e2-b82a-776d54c8faa9,22,0.0720261796046426,word_tfidf_v1
q_korean_food_03,d85ac593-8870-454d-a71a-69424ed6cb11,23,0.0720261796046426,word_tfidf_v1
q_korean_food_03,8e518e5d-b5b5-40b5-babe-b2d6f0344024,24,0.0720261796046426,word_tfidf_v1
q_korean_food_03,af48c583-3eeb-4b5b-aa97-c3943c95a265,25,0.0720261796046426,word_tfidf_v1
q_korean_food_03,783b2fa2-3705-45b0-a51a-67f96efd78f0,26,0.07176325594230773,word_tfidf_v1
q_korean_food_03,60fbcb89-9e0b-4311-a98f-3b9e78dedb6c,27,0.0708372498177557,word_tfidf_v1
q_korean_food_03,022aa88a-4fef-445a-baba-83a8de201d44,28,0.07071397825246767,word_tfidf_v1
q_korean_food_03,0b79859e-a533-40da-9a8c-acda129e8875,29,0.07066780191510139,word_tfidf_v1
q_korean_food_03,fc916dd1-b3c6-4f90-b6c3-662cf4f80803,30,0.06938261669882403,word_tfidf_v1
q_korean_food_03,53f29d0c-ba02-4b0c-a0ea-7c7b189a1fce,31,0.06927233676461547,word_tfidf_v1
q_korean_food_03,eac0b240-8458-4619-9c46-d8ab9d0a1f5d,32,0.06927233676461547,word_tfidf_v1
q_korean_food_03,e73bea05-70e1-44a3-908a-5e0fd315e3d2,33,0.06927233676461547,word_tfidf_v1
q_korean_food_03,5183722c-fc41-4f7d-a3fa-770b091dbacf,34,0.06927233676461547,word_tfidf_v1
q_korean_food_03,312c4739-a6ff-4d48-801c-abdc740ad035,35,0.06927233676461547,word_tfidf_v1
q_korean_food_03,fd4ad5f4-a6a2-4e5d-8387-4fbaf66deb2a,36,0.06927233676461547,word_tfidf_v1
q_korean_food_03,f55f60af-8e2f-48de-a203-fd981af3be54,37,0.06927233676461547,word_tfidf_v1
q_korean_food_03,f41c71c5-f31b-4bec-afa9-bfef7fe018bf,38,0.06927233676461547,word_tfidf_v1
q_korean_food_03,0368737b-d742-4c88-9327-f02405a8a6f7,39,0.06927233676461547,word_tfidf_v1
q_korean_food_03,5f201ed4-130d-4bb5-a9a0-6daaba529a61,40,0.06927233676461547,word_tfidf_v1
q_korean_food_04,a54422ab-e457-48f6-90bc-bfe7c5e9053d,1,0.6148441190603687,word_tfidf_v1
q_korean_food_04,5e93a6ca-95dc-4686-862a-cdb9364d8073,2,0.3327640004286308,word_tfidf_v1
q_korean_food_04,12b98dce-8922-41f9-aaff-e0b502aed76d,3,0.31234647391862125,word_tfidf_v1
q_korean_food_04,b5410067-7538-48f5-99b6-2a6c66ee4498,4,0.2968308794041891,word_tfidf_v1
q_korean_food_04,44cd80b2-6863-41bf-a834-e16e31fc5620,5,0.2968308794041891,word_tfidf_v1
q_korean_food_04,bb6be333-7cb5-424f-a1fe-96987b33fa07,6,0.2935829976320157,word_tfidf_v1
q_korean_food_04,3eacb9b3-eb80-4808-96f6-0ae431d2aed3,7,0.2713990009226274,word_tfidf_v1
q_korean_food_04,10816afe-6da9-4df1-a1b2-8580cae765fc,8,0.2682656370725104,word_tfidf_v1
q_korean_food_04,e713f955-e56c-4fb5-88e6-dc05c8b00ed2,9,0.2645802550638816,word_tfidf_v1
q_korean_food_04,9d7940bb-3dd5-4557-8448-ccb465df0b6a,10,0.2587679801600925,word_tfidf_v1
q_korean_food_04,aea83108-49b6-4efd-808a-18ee61566514,11,0.2572469070234436,word_tfidf_v1
q_korean_food_04,4e18884b-b988-4e7c-ac2f-860c31c3ddb6,12,0.25332682220086566,word_tfidf_v1
q_korean_food_04,98a62c74-d168-4402-aa13-6b37c7832925,13,0.24873274921523786,word_tfidf_v1
q_korean_food_04,976123e6-3bf8-44f8-a769-0e4d57fad1e4,14,0.24601158844116053,word_tfidf_v1
q_korean_food_04,ed6b8da8-a89c-4815-b4fd-1d6890a797de,15,0.24352264849063152,word_tfidf_v1
q_korean_food_04,6e7fa5fe-03db-4b50-84a6-97970ab55e52,16,0.2427244451655355,word_tfidf_v1
q_korean_food_04,1ee94ac3-1afc-4538-9d5a-f0f3097a0f40,17,0.2423651408051243,word_tfidf_v1
q_korean_food_04,b79d29da-85b8-4622-8acf-e3aaeb5775c0,18,0.24135163404871995,word_tfidf_v1
q_korean_food_04,1cfef4e0-3f5d-410c-bae2-bd67fd99af20,19,0.23469422543959537,word_tfidf_v1
q_korean_food_04,a81075f6-7751-44ad-b70a-b576ce24614e,20,0.2316469678921428,word_tfidf_v1
q_korean_food_04,1823f4db-20a6-4ee9-8fb1-a054386b2f09,21,0.21568680482928163,word_tfidf_v1
q_korean_food_04,15d1af00-33ca-479b-aee9-e167fbea65f9,22,0.20982349249456386,word_tfidf_v1
q_korean_food_04,74267cae-9b6c-48f0-ad19-2e87c8ace3af,23,0.20684771364299268,word_tfidf_v1
q_korean_food_04,aa5bf0a7-21ce-4510-8083-bda0c2c04d93,24,0.20629740536086966,word_tfidf_v1
q_korean_food_04,265124b0-be32-4c54-8013-34ddddb1adad,25,0.2056544210191175,word_tfidf_v1
q_korean_food_04,0dd7ba01-eed2-4bfc-a0a3-a1fcbe88179b,26,0.20430458493594433,word_tfidf_v1
q_korean_food_04,235b847a-0b3b-40ed-865d-89dcb24575b8,27,0.192116200775295,word_tfidf_v1
q_korean_food_04,a046f22a-16ab-423b-acb3-2254c7dbae47,28,0.1851833718477246,word_tfidf_v1
q_korean_food_04,324e7edf-02a4-4650-b745-799d37ae3a4e,29,0.18405381543455607,word_tfidf_v1
q_korean_food_04,de84fc9f-b40a-4e34-9e49-12ab488220d2,30,0.18052705391974364,word_tfidf_v1
q_korean_food_04,1703e1b1-e705-4cfd-8a8f-1ee7fb20785d,31,0.17341043012432264,word_tfidf_v1
q_korean_food_04,a5ea95c1-c655-422d-b2a8-496bb72842d4,32,0.14455020238104296,word_tfidf_v1
q_cosmetics_01,2ce3570b-16d5-451f-b441-12b5b0ffd802,1,1.0,word_tfidf_v1
q_cosmetics_01,8afe54e0-103c-41f5-9834-68a1ccb1aca2,2,0.6847697195566425,word_tfidf_v1
q_cosmetics_01,19eeb638-6694-402a-a234-71c2b828bc59,3,0.6847697195566425,word_tfidf_v1
q_cosmetics_01,1f699a26-6615-4fe2-8dad-2ff4bc27203c,4,0.47326998123212405,word_tfidf_v1
q_cosmetics_01,4ecb7f69-cfc0-4f2c-a7ba-50d8f0898832,5,0.46670291550939247,word_tfidf_v1
q_cosmetics_01,e0774804-7f75-40bf-afbe-ef0a4f164204,6,0.465283695053738,word_tfidf_v1
q_cosmetics_01,f5fcd56b-89e6-4719-99f4-2f807524366d,7,0.4601639833875804,word_tfidf_v1
q_cosmetics_01,9cfeb8e3-1576-447f-90da-59186c7384f1,8,0.4527396977089893,word_tfidf_v1
q_cosmetics_01,1f954869-5905-4a02-980a-50ad8533496e,9,0.45052420792696307,word_tfidf_v1
q_cosmetics_01,67045a10-41ce-4254-867e-3f29c7593769,10,0.4466990070703209,word_tfidf_v1
q_cosmetics_01,7683aea7-645e-4a86-8398-6e78c2872e99,11,0.4466990070703209,word_tfidf_v1
q_cosmetics_01,2aff4ec1-3422-4591-9052-75fa0851e04a,12,0.4436581103895262,word_tfidf_v1
q_cosmetics_01,e980ca69-b7cf-4d31-b12b-101332012eea,13,0.43599990193614063,word_tfidf_v1
q_cosmetics_01,d51bb28c-7b90-4786-923f-16b299e1d65d,14,0.4357168774975654,word_tfidf_v1
q_cosmetics_01,2f69bec8-306e-4a50-ab87-a908eec2934a,15,0.4326574683056723,word_tfidf_v1
q_cosmetics_01,4d5efbd7-9f1e-49ff-9119-175a5b65d483,16,0.42832628067179424,word_tfidf_v1
q_cosmetics_01,58dba530-c10f-441c-a5df-9e8bf6b27415,17,0.4280734244416571,word_tfidf_v1
q_cosmetics_01,eb85bc78-3cba-4401-8426-e3ee7cc9af56,18,0.4257372263277847,word_tfidf_v1
q_cosmetics_01,36c76327-b17c-49aa-b4d6-7d4e0891acba,19,0.4238771275281738,word_tfidf_v1
q_cosmetics_01,70eb0ff6-4727-4c26-899d-eda982d640c6,20,0.42387712752817375,word_tfidf_v1
q_cosmetics_01,caa6cf2f-91b3-4bd9-a57a-cdb4fadf3cb3,21,0.42088834148788373,word_tfidf_v1
q_cosmetics_01,860a0059-75a9-49fc-beaa-094ee65b0627,22,0.42088834148788373,word_tfidf_v1
q_cosmetics_01,5d79f4e1-5919-4815-bfa3-b8276b8b6c16,23,0.4166647090637253,word_tfidf_v1
q_cosmetics_01,48e16b0a-91a9-412d-8e10-ce39a8df7341,24,0.4166647090637253,word_tfidf_v1
q_cosmetics_01,28a8355a-d0d5-441c-b261-2a6590f6249a,25,0.4166647090637253,word_tfidf_v1
q_cosmetics_01,7f2bb43c-317c-4a43-8f2a-398d283affbe,26,0.4166647090637253,word_tfidf_v1
q_cosmetics_01,fe6bbd24-a9a3-4750-843b-54154b113fe7,27,0.4166647090637253,word_tfidf_v1
q_cosmetics_01,42a05e96-34f9-42b3-910f-e38d86fcaa0d,28,0.4166647090637253,word_tfidf_v1
q_cosmetics_01,0ff24615-4ad7-4e5b-abaf-29b9d277810e,29,0.4166647090637253,word_tfidf_v1
q_cosmetics_01,03556890-a970-4fbe-9dcd-92316614862e,30,0.36760010736756726,word_tfidf_v1
q_cosmetics_01,3183d21d-dd2a-406d-9f6b-ff3a4866474f,31,0.36595030116892013,word_tfidf_v1
q_cosmetics_01,d3e037d6-a1a7-4f9b-bbd1-01ae64e40277,32,0.3631759685249039,word_tfidf_v1
q_cosmetics_01,d38eda3c-ecf7-49ae-9051-f341b1ac8632,33,0.3631759685249039,word_tfidf_v1
q_cosmetics_01,19c899f2-2f68-4849-932e-8c3032c3dd2d,34,0.3631759685249039,word_tfidf_v1
q_cosmetics_01,4e5fb766-62f9-40b9-8eed-24b64425cb4a,35,0.3631759685249039,word_tfidf_v1
q_cosmetics_01,a5a7ae98-7f9b-4751-8658-f0df6787d3dc,36,0.3631759685249039,word_tfidf_v1
q_cosmetics_01,b847ff5b-6bd6-4458-8565-750c28aa58fa,37,0.3631759685249039,word_tfidf_v1
q_cosmetics_01,52a912b5-3522-4b35-b98d-f1564269b7d9,38,0.3631759685249039,word_tfidf_v1
q_cosmetics_01,1b2a9b4c-5d90-4d12-83f3-a3accab33ec1,39,0.36220145886566213,word_tfidf_v1
q_cosmetics_01,247ec106-3ce4-4e24-be2a-71b9e6c2c7a7,40,0.36220145886566213,word_tfidf_v1
q_cosmetics_02,c15b7d24-b90f-4edb-a4d7-38d243dad39e,1,0.5881254111994167,word_tfidf_v1
q_cosmetics_02,8f1ab898-c235-484c-8412-21943c8b7a2d,2,0.43207700771561086,word_tfidf_v1
q_cosmetics_02,2ce3570b-16d5-451f-b441-12b5b0ffd802,3,0.41275331627927014,word_tfidf_v1
q_cosmetics_02,8afe54e0-103c-41f5-9834-68a1ccb1aca2,4,0.28264097263462995,word_tfidf_v1
q_cosmetics_02,19eeb638-6694-402a-a234-71c2b828bc59,5,0.28264097263462995,word_tfidf_v1
q_cosmetics_02,1f699a26-6615-4fe2-8dad-2ff4bc27203c,6,0.19534375424898714,word_tfidf_v1
q_cosmetics_02,4ecb7f69-cfc0-4f2c-a7ba-50d8f0898832,7,0.19263317609370575,word_tfidf_v1
q_cosmetics_02,e0774804-7f75-40bf-afbe-ef0a4f164204,8,0.192047388144103,word_tfidf_v1
q_cosmetics_02,f5fcd56b-89e6-4719-99f4-2f807524366d,9,0.1899342101755028,word_tfidf_v1
q_cosmetics_02,9cfeb8e3-1576-447f-90da-59186c7384f1,10,0.18686981164065963,word_tfidf_v1
q_cosmetics_02,1f954869-5905-4a02-980a-50ad8533496e,11,0.18595536088594544,word_tfidf_v1
q_cosmetics_02,7683aea7-645e-4a86-8398-6e78c2872e99,12,0.18437649654693208,word_tfidf_v1
q_cosmetics_02,67045a10-41ce-4254-867e-3f29c7593769,13,0.18437649654693208,word_tfidf_v1
q_cosmetics_02,2aff4ec1-3422-4591-9052-75fa0851e04a,14,0.18312135635747145,word_tfidf_v1
q_cosmetics_02,e980ca69-b7cf-4d31-b12b-101332012eea,15,0.17996040542157862,word_tfidf_v1
q_cosmetics_02,d51bb28c-7b90-4786-923f-16b299e1d65d,16,0.1798435861459686,word_tfidf_v1
q_cosmetics_02,2f69bec8-306e-4a50-ab87-a908eec2934a,17,0.17858080485615946,word_tfidf_v1
q_cosmetics_02,4d5efbd7-9f1e-49ff-9119-175a5b65d483,18,0.17679309279684852,word_tfidf_v1
q_cosmetics_02,58dba530-c10f-441c-a5df-9e8bf6b27415,19,0.17668872554931753,word_tfidf_v1
q_cosmetics_02,eb85bc78-3cba-4401-8426-e3ee7cc9af56,20,0.17572445203033135,word_tfidf_v1
q_cosmetics_02,36c76327-b17c-49aa-b4d6-7d4e0891acba,21,0.17495669008218484,word_tfidf_v1
q_cosmetics_02,70eb0ff6-4727-4c26-899d-eda982d640c6,22,0.1749566900821848,word_tfidf_v1
q_cosmetics_02,caa6cf2f-91b3-4bd9-a57a-cdb4fadf3cb3,23,0.17372305873240593,word_tfidf_v1
q_cosmetics_02,860a0059-75a9-49fc-beaa-094ee65b0627,24,0.17372305873240593,word_tfidf_v1
q_cosmetics_02,48e16b0a-91a9-412d-8e10-ce39a8df7341,25,0.1719797404425899,word_tfidf_v1
q_cosmetics_02,fe6bbd24-a9a3-4750-843b-54154b113fe7,26,0.1719797404425899,word_tfidf_v1
q_cosmetics_02,5d79f4e1-5919-4815-bfa3-b8276b8b6c16,27,0.1719797404425899,word_tfidf_v1
q_cosmetics_02,42a05e96-34f9-42b3-910f-e38d86fcaa0d,28,0.1719797404425899,word_tfidf_v1
q_cosmetics_02,0ff24615-4ad7-4e5b-abaf-29b9d277810e,29,0.1719797404425899,word_tfidf_v1
q_cosmetics_02,28a8355a-d0d5-441c-b261-2a6590f6249a,30,0.1719797404425899,word_tfidf_v1
q_cosmetics_02,7f2bb43c-317c-4a43-8f2a-398d283affbe,31,0.1719797404425899,word_tfidf_v1
q_cosmetics_02,03556890-a970-4fbe-9dcd-92316614862e,32,0.15172816338057915,word_tfidf_v1
q_cosmetics_02,3183d21d-dd2a-406d-9f6b-ff3a4866474f,33,0.15104720040086944,word_tfidf_v1
q_cosmetics_02,b847ff5b-6bd6-4458-8565-750c28aa58fa,34,0.14990208540158992,word_tfidf_v1
q_cosmetics_02,52a912b5-3522-4b35-b98d-f1564269b7d9,35,0.14990208540158992,word_tfidf_v1
q_cosmetics_02,d3e037d6-a1a7-4f9b-bbd1-01ae64e40277,36,0.14990208540158992,word_tfidf_v1
q_cosmetics_02,a5a7ae98-7f9b-4751-8658-f0df6787d3dc,37,0.14990208540158992,word_tfidf_v1
q_cosmetics_02,4e5fb766-62f9-40b9-8eed-24b64425cb4a,38,0.14990208540158992,word_tfidf_v1
q_cosmetics_02,d38eda3c-ecf7-49ae-9051-f341b1ac8632,39,0.14990208540158992,word_tfidf_v1
q_cosmetics_02,19c899f2-2f68-4849-932e-8c3032c3dd2d,40,0.14990208540158992,word_tfidf_v1
q_cosmetics_03,2ce3570b-16d5-451f-b441-12b5b0ffd802,1,0.3061502805544865,word_tfidf_v1
q_cosmetics_03,76a3551b-dae4-4326-92cc-662015aedbfb,2,0.30248880005270196,word_tfidf_v1
q_cosmetics_03,c161453d-f2c8-4b97-a2c3-a54e0cbdb7e8,3,0.26397415584861406,word_tfidf_v1
q_cosmetics_03,c111ac9d-3f3a-405c-a8db-4d127ccda9e2,4,0.24811361102674764,word_tfidf_v1
q_cosmetics_03,24456103-f6b8-46af-8655-82e61d7265d8,5,0.24489061035055343,word_tfidf_v1
q_cosmetics_03,2743811c-5e71-4d2b-aa75-1b0147d44f2d,6,0.20993918566430309,word_tfidf_v1
q_cosmetics_03,19eeb638-6694-402a-a234-71c2b828bc59,7,0.20964244175748314,word_tfidf_v1
q_cosmetics_03,8afe54e0-103c-41f5-9834-68a1ccb1aca2,8,0.20964244175748314,word_tfidf_v1
q_cosmetics_03,1f699a26-6615-4fe2-8dad-2ff4bc27203c,9,0.14489173753223134,word_tfidf_v1
q_cosmetics_03,4ecb7f69-cfc0-4f2c-a7ba-50d8f0898832,10,0.1428812285187973,word_tfidf_v1
q_cosmetics_03,e0774804-7f75-40bf-afbe-ef0a4f164204,11,0.14244673377813005,word_tfidf_v1
q_cosmetics_03,f5fcd56b-89e6-4719-99f4-2f807524366d,12,0.14087933261517782,word_tfidf_v1
q_cosmetics_03,9cfeb8e3-1576-447f-90da-59186c7384f1,13,0.1386063854717605,word_tfidf_v1
q_cosmetics_03,1f954869-5905-4a02-980a-50ad8533496e,14,0.13792811265342755,word_tfidf_v1
q_cosmetics_03,67045a10-41ce-4254-867e-3f29c7593769,15,0.1367570263379893,word_tfidf_v1
q_cosmetics_03,7683aea7-645e-4a86-8398-6e78c2872e99,16,0.1367570263379893,word_tfidf_v1
q_cosmetics_03,2aff4ec1-3422-4591-9052-75fa0851e04a,17,0.1358260549660268,word_tfidf_v1
q_cosmetics_03,e980ca69-b7cf-4d31-b12b-101332012eea,18,0.13348149229947806,word_tfidf_v1
q_cosmetics_03,d51bb28c-7b90-4786-923f-16b299e1d65d,19,0.13339484428820447,word_tfidf_v1
q_cosmetics_03,2f69bec8-306e-4a50-ab87-a908eec2934a,20,0.13245820530577543,word_tfidf_v1
q_cosmetics_03,4d5efbd7-9f1e-49ff-9119-175a5b65d483,21,0.13113221099652952,word_tfidf_v1
q_cosmetics_03,58dba530-c10f-441c-a5df-9e8bf6b27415,22,0.1310547989907331,word_tfidf_v1
q_cosmetics_03,eb85bc78-3cba-4401-8426-e3ee7cc9af56,23,0.1303395712827402,word_tfidf_v1
q_cosmetics_03,36c76327-b17c-49aa-b4d6-7d4e0891acba,24,0.12977010151338025,word_tfidf_v1
q_cosmetics_03,70eb0ff6-4727-4c26-899d-eda982d640c6,25,0.12977010151338025,word_tfidf_v1
q_cosmetics_03,caa6cf2f-91b3-4bd9-a57a-cdb4fadf3cb3,26,0.12885508382862812,word_tfidf_v1
q_cosmetics_03,860a0059-75a9-49fc-beaa-094ee65b0627,27,0.12885508382862812,word_tfidf_v1
q_cosmetics_03,5d79f4e1-5919-4815-bfa3-b8276b8b6c16,28,0.127562017577013,word_tfidf_v1
q_cosmetics_03,28a8355a-d0d5-441c-b261-2a6590f6249a,29,0.127562017577013,word_tfidf_v1
q_cosmetics_03,42a05e96-34f9-42b3-910f-e38d86fcaa0d,30,0.127562017577013,word_tfidf_v1
q_cosmetics_03,fe6bbd24-a9a3-4750-843b-54154b113fe7,31,0.127562017577013,word_tfidf_v1
q_cosmetics_03,0ff24615-4ad7-4e5b-abaf-29b9d277810e,32,0.127562017577013,word_tfidf_v1
q_cosmetics_03,7f2bb43c-317c-4a43-8f2a-398d283affbe,33,0.127562017577013,word_tfidf_v1
q_cosmetics_03,48e16b0a-91a9-412d-8e10-ce39a8df7341,34,0.127562017577013,word_tfidf_v1
q_cosmetics_03,03556890-a970-4fbe-9dcd-92316614862e,35,0.11254087600244009,word_tfidf_v1
q_cosmetics_03,3183d21d-dd2a-406d-9f6b-ff3a4866474f,36,0.11203578737186373,word_tfidf_v1
q_cosmetics_03,19c899f2-2f68-4849-932e-8c3032c3dd2d,37,0.1111864246545467,word_tfidf_v1
q_cosmetics_03,b847ff5b-6bd6-4458-8565-750c28aa58fa,38,0.1111864246545467,word_tfidf_v1
q_cosmetics_03,a5a7ae98-7f9b-4751-8658-f0df6787d3dc,39,0.1111864246545467,word_tfidf_v1
q_cosmetics_03,d38eda3c-ecf7-49ae-9051-f341b1ac8632,40,0.1111864246545467,word_tfidf_v1
q_cosmetics_04,2ce3570b-16d5-451f-b441-12b5b0ffd802,1,0.42098895664000024,word_tfidf_v1
q_cosmetics_04,aba76fc2-984e-4030-ba01-e2e7d78264c7,2,0.390012829307734,word_tfidf_v1
q_cosmetics_04,f14df4d3-9858-4a8b-8597-20fd477d8e32,3,0.3634241548964964,word_tfidf_v1
q_cosmetics_04,282b0e8b-051c-49f9-a707-b982df803589,4,0.34066778742235687,word_tfidf_v1
q_cosmetics_04,8afe54e0-103c-41f5-9834-68a1ccb1aca2,5,0.28828048977481646,word_tfidf_v1
q_cosmetics_04,19eeb638-6694-402a-a234-71c2b828bc59,6,0.28828048977481646,word_tfidf_v1
q_cosmetics_04,1f699a26-6615-4fe2-8dad-2ff4bc27203c,7,0.1992414356079444,word_tfidf_v1
q_cosmetics_04,4ecb7f69-cfc0-4f2c-a7ba-50d8f0898832,8,0.1964767734611453,word_tfidf_v1
q_cosmetics_04,e0774804-7f75-40bf-afbe-ef0a4f164204,9,0.1958792973222772,word_tfidf_v1
q_cosmetics_04,f5fcd56b-89e6-4719-99f4-2f807524366d,10,0.1937239552496439,word_tfidf_v1
q_cosmetics_04,9cfeb8e3-1576-447f-90da-59186c7384f1,11,0.19059841296801652,word_tfidf_v1
q_cosmetics_04,1f954869-5905-4a02-980a-50ad8533496e,12,0.1896657162362347,word_tfidf_v1
q_cosmetics_04,7683aea7-645e-4a86-8398-6e78c2872e99,13,0.1880553489186585,word_tfidf_v1
q_cosmetics_04,67045a10-41ce-4254-867e-3f29c7593769,14,0.1880553489186585,word_tfidf_v1
q_cosmetics_04,2aff4ec1-3422-4591-9052-75fa0851e04a,15,0.18677516499776067,word_tfidf_v1
q_cosmetics_04,e980ca69-b7cf-4d31-b12b-101332012eea,16,0.18355114381123827,word_tfidf_v1
q_cosmetics_04,d51bb28c-7b90-4786-923f-16b299e1d65d,17,0.18343199364813886,word_tfidf_v1
q_cosmetics_04,2f69bec8-306e-4a50-ab87-a908eec2934a,18,0.18214401616450895,word_tfidf_v1
q_cosmetics_04,4d5efbd7-9f1e-49ff-9119-175a5b65d483,19,0.18032063400151055,word_tfidf_v1
q_cosmetics_04,58dba530-c10f-441c-a5df-9e8bf6b27415,20,0.1802141843210052,word_tfidf_v1
q_cosmetics_04,eb85bc78-3cba-4401-8426-e3ee7cc9af56,21,0.17923067071454174,word_tfidf_v1
q_cosmetics_04,36c76327-b17c-49aa-b4d6-7d4e0891acba,22,0.17844758966164623,word_tfidf_v1
q_cosmetics_04,70eb0ff6-4727-4c26-899d-eda982d640c6,23,0.1784475896616462,word_tfidf_v1
q_cosmetics_04,caa6cf2f-91b3-4bd9-a57a-cdb4fadf3cb3,24,0.1771893437449243,word_tfidf_v1
q_cosmetics_04,860a0059-75a9-49fc-beaa-094ee65b0627,25,0.1771893437449243,word_tfidf_v1
q_cosmetics_04,48e16b0a-91a9-412d-8e10-ce39a8df7341,26,0.17541124113744697,word_tfidf_v1
q_cosmetics_04,fe6bbd24-a9a3-4750-843b-54154b113fe7,27,0.17541124113744697,word_tfidf_v1
q_cosmetics_04,5d79f4e1-5919-4815-bfa3-b8276b8b6c16,28,0.17541124113744697,word_tfidf_v1
q_cosmetics_04,7f2bb43c-317c-4a43-8f2a-398d283affbe,29,0.17541124113744697,word_tfidf_v1
q_cosmetics_04,0ff24615-4ad7-4e5b-abaf-29b9d277810e,30,0.17541124113744697,word_tfidf_v1
q_cosmetics_04,28a8355a-d0d5-441c-b261-2a6590f6249a,31,0.17541124113744697,word_tfidf_v1
q_cosmetics_04,42a05e96-34f9-42b3-910f-e38d86fcaa0d,32,0.17541124113744697,word_tfidf_v1
q_cosmetics_04,03556890-a970-4fbe-9dcd-92316614862e,33,0.15475558566142422,word_tfidf_v1
q_cosmetics_04,3183d21d-dd2a-406d-9f6b-ff3a4866474f,34,0.15406103547119754,word_tfidf_v1
q_cosmetics_04,52a912b5-3522-4b35-b98d-f1564269b7d9,35,0.15289307206602087,word_tfidf_v1
q_cosmetics_04,4e5fb766-62f9-40b9-8eed-24b64425cb4a,36,0.15289307206602087,word_tfidf_v1
q_cosmetics_04,19c899f2-2f68-4849-932e-8c3032c3dd2d,37,0.15289307206602087,word_tfidf_v1
q_cosmetics_04,b847ff5b-6bd6-4458-8565-750c28aa58fa,38,0.15289307206602087,word_tfidf_v1
q_cosmetics_04,d38eda3c-ecf7-49ae-9051-f341b1ac8632,39,0.15289307206602087,word_tfidf_v1
q_cosmetics_04,d3e037d6-a1a7-4f9b-bbd1-01ae64e40277,40,0.15289307206602087,word_tfidf_v1
q_nail_01,d5da111d-1b5b-4450-9a35-1e9dd7d76543,1,0.5055220688016685,word_tfidf_v1
q_nail_01,15e9b343-cce7-4e06-9982-cc8fef8153ec,2,0.5055220688016685,word_tfidf_v1
q_nail_01,9f8afad9-86cb-4260-a547-2af0d56caa26,3,0.4530355570221479,word_tfidf_v1
q_nail_01,49a94171-cff6-4cdf-b63c-1b133a1d364d,4,0.44171321481233333,word_tfidf_v1
q_nail_01,233a9d04-d1ab-4f29-a086-ff13c2894d7c,5,0.4208067568896357,word_tfidf_v1
q_nail_01,e08b774a-c521-42d7-a733-fdfd53b1c8e9,6,0.4208067568896357,word_tfidf_v1
q_nail_01,b1622758-989d-45be-bd1d-ac83bd5d14af,7,0.4208067568896357,word_tfidf_v1
q_nail_01,f4baf839-a137-4e84-bb89-a11d1bc9a58c,8,0.4205486387906987,word_tfidf_v1
q_nail_01,eb94d9bf-9de3-408e-b751-22ba5ebc17f9,9,0.4188414332121871,word_tfidf_v1
q_nail_01,5b903b05-98b7-4995-8af0-7d072107ed1a,10,0.413165636410577,word_tfidf_v1
q_nail_01,ea7d0411-5240-4fd0-ad9b-51d78707649b,11,0.4126837805596382,word_tfidf_v1
q_nail_01,2a9c23e1-246a-4ed8-9dbf-c76ac0595c5a,12,0.4126837805596382,word_tfidf_v1
q_nail_01,949f6fff-40c8-4762-aedd-7ad8840c46fd,13,0.4069657844254587,word_tfidf_v1
q_nail_01,03755fb1-c790-4c78-9623-5d3855f0bdce,14,0.4069657844254587,word_tfidf_v1
q_nail_01,d96b2701-96e0-4fe2-aec2-d14f996c01dd,15,0.40299651362879857,word_tfidf_v1
q_nail_01,2a28f7e2-b3e4-4df7-98a6-74823fd6debd,16,0.40299651362879857,word_tfidf_v1
q_nail_01,ce67886f-9358-4e6d-8928-5fb4cf0c5665,17,0.40299651362879857,word_tfidf_v1
q_nail_01,64edae14-8110-403b-b3e7-aa24fe985dbb,18,0.40299651362879857,word_tfidf_v1
q_nail_01,a737cac8-5751-4e43-bbd7-34980af877b4,19,0.4028742921164168,word_tfidf_v1
q_nail_01,2df83262-4c75-4636-be21-f5099090e8a0,20,0.4028742921164168,word_tfidf_v1
q_nail_01,fbee40ba-780a-4abe-a8d4-d8d034198364,21,0.4028742921164168,word_tfidf_v1
q_nail_01,b4315450-ad01-4d1a-a84f-5550bf1a781f,22,0.4028742921164168,word_tfidf_v1
q_nail_01,8f53c200-095c-4674-be92-07f1ad6bcfcb,23,0.40078640928423875,word_tfidf_v1
q_nail_01,37f0bc5e-5019-4abd-95f0-50722c277400,24,0.40078640928423875,word_tfidf_v1
q_nail_01,58a1d87c-920d-4e79-81ba-9834f6f66c2c,25,0.3986648340837425,word_tfidf_v1
q_nail_01,19c5ecca-cd8d-46a4-981a-bf81e4124090,26,0.3986648340837425,word_tfidf_v1
q_nail_01,697206eb-ed2b-4f3d-8e69-c6281d308bc6,27,0.3948175429108056,word_tfidf_v1
q_nail_01,0a55f6ec-5999-4d98-a05b-63924b46e55a,28,0.3948175429108056,word_tfidf_v1
q_nail_01,5eb12351-1581-47e0-a9c9-4f15e23e2981,29,0.39311107605716433,word_tfidf_v1
q_nail_01,30c56e70-10e1-4c7c-8439-ac0faf559c62,30,0.39311107605716433,word_tfidf_v1
q_nail_01,4cffe4bb-b60c-4c5f-9c1c-9fe8ea2ae3d5,31,0.39311107605716433,word_tfidf_v1
q_nail_01,e0054930-9ff3-49dd-9cda-c6bfe0678a7f,32,0.39311107605716433,word_tfidf_v1
q_nail_01,58b7def4-14a0-4d5f-bce0-610f8eab3987,33,0.39311107605716433,word_tfidf_v1
q_nail_01,4e63f432-fdd6-49c1-8b30-122c6a0ddfb1,34,0.39311107605716433,word_tfidf_v1
q_nail_01,9aebcb5d-ddd8-42f6-916a-41bd5b155752,35,0.39311107605716433,word_tfidf_v1
q_nail_01,e5e30885-1b1b-4621-8666-e9c769bff554,36,0.39278887677372104,word_tfidf_v1
q_nail_01,e90776b1-f3b0-4b6f-8e16-345a1c9df9b4,37,0.3903948800961772,word_tfidf_v1
q_nail_01,45179022-0b01-40d3-9c28-a75ab1096252,38,0.3903948800961772,word_tfidf_v1
q_nail_01,26f62059-a4bc-464f-acf1-81076e54be16,39,0.3903948800961772,word_tfidf_v1
q_nail_01,022b405a-4ce6-4a3c-b326-03ba929a7d80,40,0.38919736934387583,word_tfidf_v1
q_nail_02,78d65982-f477-4f27-8f08-eda02e7f2db8,1,1.0,word_tfidf_v1
q_nail_02,c018852a-a361-49d8-9cd5-54e4ea3fcf3d,2,0.4913226779519925,word_tfidf_v1
q_nail_02,e95e67f2-05ff-49ad-b335-e73eabd44049,3,0.48192709400912376,word_tfidf_v1
q_nail_02,e902a51c-f0f5-4b5e-b1e7-a8cc740a818a,4,0.48192709400912376,word_tfidf_v1
q_nail_02,e2bad5c7-ea54-4687-bc72-a92d93719e3e,5,0.46722346363196804,word_tfidf_v1
q_nail_02,43fd2b92-cad5-47c6-b4f9-6732d25b6618,6,0.46722346363196804,word_tfidf_v1
q_nail_02,df8a572d-4742-4bf9-bebc-22af935c6920,7,0.46722346363196804,word_tfidf_v1
q_nail_02,46a41a39-bb2b-4895-a49a-197e0febb649,8,0.4630602164106153,word_tfidf_v1
q_nail_02,2f7d86fd-73bc-4e64-85d6-4a511961168c,9,0.4630602164106153,word_tfidf_v1
q_nail_02,74b77a80-0bc5-48a6-820d-9f0dd947191e,10,0.4630602164106153,word_tfidf_v1
q_nail_02,28357908-0550-4db7-96bc-36888efe3a94,11,0.4630602164106153,word_tfidf_v1
q_nail_02,89995266-a376-49fd-8427-392ca4d6c8a4,12,0.4630602164106153,word_tfidf_v1
q_nail_02,88ec4c30-883f-483a-8729-c36d65cd1943,13,0.4572163874186234,word_tfidf_v1
q_nail_02,0cfe753a-a75d-45b6-823e-13bb2b29d3fa,14,0.4572163874186234,word_tfidf_v1
q_nail_02,5891c532-bd60-4bfc-9a1b-fad270897d50,15,0.4572163874186234,word_tfidf_v1
q_nail_02,b0d93586-2ac7-407b-b4a1-295afa974218,16,0.4572163874186234,word_tfidf_v1
q_nail_02,706151c9-981a-4b6f-8bfc-7e4481514cd8,17,0.4572163874186234,word_tfidf_v1
q_nail_02,e30ab297-c92f-4d02-badb-5f097b4258c8,18,0.4572163874186234,word_tfidf_v1
q_nail_02,f676a6de-aecf-4eaa-a5a4-8d6f4d2185d5,19,0.4572163874186234,word_tfidf_v1
q_nail_02,8ca9647a-29af-4859-a038-c98dfb8f53f2,20,0.4572163874186234,word_tfidf_v1
q_nail_02,853f15f1-48d6-4576-a815-1c1abf2af7f3,21,0.4572163874186234,word_tfidf_v1
q_nail_02,4a8bf8ef-2ed0-4262-b5a8-a81198e62940,22,0.4572163874186234,word_tfidf_v1
q_nail_02,2b4cda8a-1bc9-4274-8bce-ed110ed5c040,23,0.4572163874186234,word_tfidf_v1
q_nail_02,3d31c15c-5c17-4d6d-a961-4f892fde6984,24,0.4572163874186234,word_tfidf_v1
q_nail_02,1534b599-72c2-4df1-bf31-331c4366be56,25,0.4572163874186234,word_tfidf_v1
q_nail_02,a76d5bb6-6249-4bdb-9801-30b732aa7075,26,0.4572163874186234,word_tfidf_v1
q_nail_02,2b50bccc-3a29-4485-b5aa-8577a179d57a,27,0.4572163874186234,word_tfidf_v1
q_nail_02,729c8b22-34a0-4c68-919c-68d76fb16cd1,28,0.4572163874186234,word_tfidf_v1
q_nail_02,d07fea72-cddd-4bac-b879-77270c1f0388,29,0.4572163874186234,word_tfidf_v1
q_nail_02,d2cfc577-2727-43a8-94c8-eb8d60e707ca,30,0.4572163874186234,word_tfidf_v1
q_nail_02,ed74e008-9af7-4852-8852-b94abcb400c1,31,0.4572163874186234,word_tfidf_v1
q_nail_02,d0df74e7-92da-4361-8cf6-e336f0b8450a,32,0.4572163874186234,word_tfidf_v1
q_nail_02,1bcccb0e-91ba-4245-9cc1-ed6646801628,33,0.4572163874186234,word_tfidf_v1
q_nail_02,4b1951d4-aa67-4b08-91a6-de7833c6387c,34,0.4572163874186234,word_tfidf_v1
q_nail_02,053d5ae8-ba7f-44b3-aaa0-a0265c922b10,35,0.4572163874186234,word_tfidf_v1
q_nail_02,6ec912e5-bb70-4bfc-8010-5664e7d3f314,36,0.4572163874186234,word_tfidf_v1
q_nail_02,903ae331-865e-412c-81ff-3cc95a7620f1,37,0.4572163874186234,word_tfidf_v1
q_nail_02,1296029d-9183-4e5b-8ab0-308ce0b1b2c3,38,0.4572163874186234,word_tfidf_v1
q_nail_02,499fe9a0-9d38-4cfe-975d-33b75fff5a6a,39,0.4572163874186234,word_tfidf_v1
q_nail_02,e2498c41-c043-40da-b4e0-56cb0d3b1226,40,0.4572163874186234,word_tfidf_v1
q_nail_03,76a3551b-dae4-4326-92cc-662015aedbfb,1,0.29582093281700705,word_tfidf_v1
q_nail_03,f316fbf7-589e-4e03-adc0-3687950303da,2,0.2814401105793149,word_tfidf_v1
q_nail_03,81a86fc2-6fca-4820-b0b4-77df1c636435,3,0.2814401105793149,word_tfidf_v1
q_nail_03,14ecd542-a1bb-475f-b26c-3e807e0f9e16,4,0.25842773520806417,word_tfidf_v1
q_nail_03,c111ac9d-3f3a-405c-a8db-4d127ccda9e2,5,0.24264435524799827,word_tfidf_v1
q_nail_03,24456103-f6b8-46af-8655-82e61d7265d8,6,0.23949240031169813,word_tfidf_v1
q_nail_03,caa0c013-f250-4ba4-a9d7-975609a8f41d,7,0.23204870759928434,word_tfidf_v1
q_nail_03,b086d5e4-9aae-4f01-8b7a-86ea7bb2d4be,8,0.22745787365020637,word_tfidf_v1
q_nail_03,1541829b-2117-454a-a680-e49e16d561a8,9,0.21778261900438817,word_tfidf_v1
q_nail_03,7507af5d-dcb0-4f35-a5b5-ecd1b2a3f3e0,10,0.2117412850646965,word_tfidf_v1
q_nail_03,e1ef4f13-83c7-402e-97a3-47b88a065eb0,11,0.2117412850646965,word_tfidf_v1
q_nail_03,c8d90403-d778-42b6-b99f-62bc9e7c9948,12,0.2117412850646965,word_tfidf_v1
q_nail_03,45323599-97a8-4945-8067-a8ea77bf0ff0,13,0.20834526016458735,word_tfidf_v1
q_nail_03,dea099a4-1ca1-4348-b55b-3681daabcc7d,14,0.20730912310748006,word_tfidf_v1
q_nail_03,2743811c-5e71-4d2b-aa75-1b0147d44f2d,15,0.2053114221988935,word_tfidf_v1
q_nail_03,2be3342e-2517-4382-8c8b-6df3e64851ea,16,0.20446816315917066,word_tfidf_v1
q_nail_03,e21c4a07-df26-4e42-8398-50c890e0aa82,17,0.20320033903799437,word_tfidf_v1
q_nail_03,4f15d033-da64-49eb-b7f3-a1810535de5a,18,0.20320033903799437,word_tfidf_v1
q_nail_03,9981d8a8-fa07-4320-bb67-a22d20d99a14,19,0.20320033903799437,word_tfidf_v1
q_nail_03,58da1b66-2ee7-4c35-ab39-8c2fcebd2e2c,20,0.2031135634258147,word_tfidf_v1
q_nail_03,a7c8c129-c702-4c20-a729-2bcf043a55c3,21,0.2031135634258147,word_tfidf_v1
q_nail_03,27e4048a-bff5-425f-a30d-bb17047bf285,22,0.20065021597136587,word_tfidf_v1
q_nail_03,6c09e698-19e4-4522-990b-f4904a65ba38,23,0.19916125405103796,word_tfidf_v1
q_nail_03,9e491526-e765-4456-a8fd-69a4e6c63277,24,0.19750744675318346,word_tfidf_v1
q_nail_03,340ac757-2017-410b-8327-2b0286767291,25,0.19677815745269034,word_tfidf_v1
q_nail_03,f06ea9b7-6cbb-4260-b37d-b1356a3fbc45,26,0.19601060959683952,word_tfidf_v1
q_nail_03,5d0903f5-1862-447c-9fcf-2321fbfc0408,27,0.18613544103277516,word_tfidf_v1
q_nail_03,bae5b4ac-2e89-4bb0-8962-b0c8077f7ec1,28,0.18207333231210135,word_tfidf_v1
q_nail_03,56197780-5425-480c-a2fa-f31ba0d5798e,29,0.17761922674910663,word_tfidf_v1
q_nail_03,99973d84-7f47-4547-b51f-169ec7a326e1,30,0.176467432636417,word_tfidf_v1
q_nail_03,ee7be07a-9d93-47ec-aa6e-79b5d6ac0408,31,0.17380833656449723,word_tfidf_v1
q_nail_03,504d1357-a49f-4cf4-8610-7018a712c931,32,0.17303802699643533,word_tfidf_v1
q_nail_03,cf45caa2-d0a5-44f5-b8b5-0a2bbbc8b7cf,33,0.17303802699643533,word_tfidf_v1
q_nail_03,4faa9206-a549-4d82-b171-f7efaec362e3,34,0.17046148135646094,word_tfidf_v1
q_nail_03,248cd01f-7e85-424a-b3c0-8c72f4333aa4,35,0.16852658080126678,word_tfidf_v1
q_nail_03,935e1d45-2b5a-4579-b45f-fbf790cc0687,36,0.1676144261363992,word_tfidf_v1
q_nail_03,4bc2215b-77e3-45cd-b997-c9f173f6aa39,37,0.16731549525437092,word_tfidf_v1
q_nail_03,6bb4086d-a01f-4422-8f54-0d6bc5c6b7c0,38,0.1672223075104007,word_tfidf_v1
q_nail_03,dac2cb07-7728-4595-97ad-b0fd6f41f08b,39,0.16698380142234573,word_tfidf_v1
q_nail_03,557f195f-1605-4eb7-b0a8-5bdf0186bef8,40,0.1628116512461575,word_tfidf_v1
q_nail_04,aba76fc2-984e-4030-ba01-e2e7d78264c7,1,0.3784708235920282,word_tfidf_v1
q_nail_04,f14df4d3-9858-4a8b-8597-20fd477d8e32,2,0.35266901209648555,word_tfidf_v1
q_nail_04,c286fd29-1ad1-4bae-b8d1-4e2889eceda0,3,0.3515514702378572,word_tfidf_v1
q_nail_04,282b0e8b-051c-49f9-a707-b982df803589,4,0.33058609458018834,word_tfidf_v1
q_nail_04,f4e2dc33-a5a5-4964-bed5-78b1c4b5bef0,5,0.24700340268856347,word_tfidf_v1
q_nail_04,cb92911e-9b5f-42f2-8031-d2a59d0aa586,6,0.23888207223447488,word_tfidf_v1
q_nail_04,9d068657-224c-409f-89ba-95cddf1788a4,7,0.23566675262156284,word_tfidf_v1
q_nail_04,1b961aef-8558-4285-9c71-83c931d92d4c,8,0.23395882118634673,word_tfidf_v1
q_nail_04,b5ad9033-3947-4851-a724-15b5e76b6f02,9,0.23281669657552267,word_tfidf_v1
q_nail_04,a839812f-e0a8-41c7-a7ee-3db55d41b416,10,0.23003116010899644,word_tfidf_v1
q_nail_04,721dc7a7-9bfd-4160-8782-d3355ef3b93c,11,0.22922844955030006,word_tfidf_v1
q_nail_04,a804dfd9-8dfa-4711-a7dd-fa66e2262375,12,0.2282760454688502,word_tfidf_v1
q_nail_04,11b9b0eb-f4d7-4b5d-ba54-2dd56b508a1c,13,0.2282760454688502,word_tfidf_v1
q_nail_04,148d3f70-ecec-4a83-9d99-d7b82c848252,14,0.22807676565812005,word_tfidf_v1
q_nail_04,540e61c2-2f18-47a6-930f-735f7e8e2fb0,15,0.2277975464780547,word_tfidf_v1
q_nail_04,05fe1168-d3ee-4e6d-846d-66cb682fbaf6,16,0.2271064110112151,word_tfidf_v1
q_nail_04,34bd002d-73f1-4e93-b09d-a3f04437f6e4,17,0.22707258987696674,word_tfidf_v1
q_nail_04,0b45756a-83b1-41aa-a27e-5c7a1a63992d,18,0.2255928708847048,word_tfidf_v1
q_nail_04,f176fdc4-6367-4233-9019-e8d2f5b075d8,19,0.22559154927655628,word_tfidf_v1
q_nail_04,61287ca4-e962-44c7-b3ac-92d1cce6ac45,20,0.22471100131842486,word_tfidf_v1
q_nail_04,2a316971-3aef-4d8a-8b64-e0393fbe8467,21,0.22345099274750185,word_tfidf_v1
q_nail_04,19f5e2ba-a0ce-4fb8-a252-fe8123cf3306,22,0.22345099274750185,word_tfidf_v1
q_nail_04,0b955278-5139-41f5-83e0-16c7b7360903,23,0.22345099274750185,word_tfidf_v1
q_nail_04,eef74bd7-0758-405d-9551-5bd1bacae635,24,0.22345099274750185,word_tfidf_v1
q_nail_04,6a7aa0be-2ebc-476d-b5d1-47110140173d,25,0.22345099274750185,word_tfidf_v1
q_nail_04,f2da6916-c7d4-4ebe-8e94-5e58765ff124,26,0.22345099274750185,word_tfidf_v1
q_nail_04,a6228180-90b5-4b60-97b3-bbd7ca1254a2,27,0.22345099274750185,word_tfidf_v1
q_nail_04,6b6f7e04-9b8f-4c93-a699-7e8ea453b0d2,28,0.22345099274750185,word_tfidf_v1
q_nail_04,bc24cd1c-0522-4cbe-a79e-b77ca8512ab0,29,0.22345099274750185,word_tfidf_v1
q_nail_04,e3bfbb35-8e57-490d-9c73-3262b83106d3,30,0.22108560780970216,word_tfidf_v1
q_nail_04,f86a50fe-ba1e-433e-ab03-541e32563800,31,0.21768842132936855,word_tfidf_v1
q_nail_04,dcc82117-0866-41ff-927e-32abd66d9e66,32,0.21336268691262023,word_tfidf_v1
q_nail_04,e91b5d68-9b1e-4bc7-9008-b7266955d56d,33,0.21336268691262023,word_tfidf_v1
q_nail_04,914a0671-d6f9-4308-9872-9be9242c6a63,34,0.21336268691262023,word_tfidf_v1
q_nail_04,7e6d6ec7-7dbd-48d0-aa0f-0f13ab72353a,35,0.21336268691262023,word_tfidf_v1
q_nail_04,c50854e7-b741-47c7-8f5b-420626c54691,36,0.21336268691262023,word_tfidf_v1
q_nail_04,d9f1ce22-36d6-4787-b4f9-2702573bfd29,37,0.21154790249663485,word_tfidf_v1
q_nail_04,36b702c5-1ca6-4299-9d52-a8c44e1add82,38,0.21154790249663485,word_tfidf_v1
q_nail_04,eb659763-904e-434c-8301-1f7835b70859,39,0.21154790249663485,word_tfidf_v1
q_nail_04,ad835a2e-cc70-4ebe-a5e1-65f81eb2bb8e,40,0.21154790249663485,word_tfidf_v1
q_pizza_01,9fa92010-4783-4070-9c85-c1a9624b4628,1,0.4965128103659549,word_tfidf_v1
q_pizza_01,013420d6-557d-45f7-9c34-e9fb1e490077,2,0.4950633958968772,word_tfidf_v1
q_pizza_01,a7112e8a-d7aa-4d2e-a5fe-21312b42487b,3,0.4597667497078523,word_tfidf_v1
q_pizza_01,b07f1cbf-3655-4a07-8de2-dfa245d76faa,4,0.4597667497078523,word_tfidf_v1
q_pizza_01,d0748c55-21ac-441e-9ed5-bbc001435913,5,0.4597667497078523,word_tfidf_v1
q_pizza_01,ee1d9f19-0756-4e61-9c90-7dab30471f24,6,0.4480266249345024,word_tfidf_v1
q_pizza_01,670321d0-6986-48d9-badf-da51a1db1f31,7,0.4480266249345024,word_tfidf_v1
q_pizza_01,4132feeb-e165-4e87-a835-dd16090f3e60,8,0.43112251268011226,word_tfidf_v1
q_pizza_01,63266e6d-a299-4e49-814f-b5b1399ca86e,9,0.42557458294074285,word_tfidf_v1
q_pizza_01,72b5d2ff-946e-4120-80e5-82763edfd6f0,10,0.42557458294074285,word_tfidf_v1
q_pizza_01,08569b8f-d305-4b6b-92f0-80902db090c8,11,0.42557458294074285,word_tfidf_v1
q_pizza_01,eb97c80c-95c2-4516-83e8-d181334afb44,12,0.42557458294074285,word_tfidf_v1
q_pizza_01,e5c70d25-c43f-4fe1-a0f3-da8fcb5f2682,13,0.42557458294074285,word_tfidf_v1
q_pizza_01,35586e2f-08bf-493f-8667-246042bdd8fd,14,0.42557458294074285,word_tfidf_v1
q_pizza_01,ec9be9d5-94f3-455c-bb99-1c894d5eb597,15,0.42557458294074285,word_tfidf_v1
q_pizza_01,f7b515d5-a20b-4355-82d7-b6f3cbf8605c,16,0.42557458294074285,word_tfidf_v1
q_pizza_01,8fc5d2fa-99ad-4407-b685-087983d63ffc,17,0.42557458294074285,word_tfidf_v1
q_pizza_01,271cf406-a2f3-4b72-aef0-13f172634390,18,0.42557458294074285,word_tfidf_v1
q_pizza_01,3e679244-f44d-4014-94be-44b39b92d927,19,0.42557458294074285,word_tfidf_v1
q_pizza_01,d3aa7b6a-268a-4544-a551-42c9442b08c3,20,0.42557458294074285,word_tfidf_v1
q_pizza_01,4dc8b6d5-1ca9-4753-b42c-f04da92490a7,21,0.42557458294074285,word_tfidf_v1
q_pizza_01,d2018ece-9253-4471-aecc-efa8ec11af92,22,0.4170961513965707,word_tfidf_v1
q_pizza_01,0d2e5181-d9ae-40d2-9b17-f7f0249d9fe0,23,0.4170961513965707,word_tfidf_v1
q_pizza_01,a7bd0400-e10a-43e9-9b38-07131b628d57,24,0.4170961513965707,word_tfidf_v1
q_pizza_01,8d28ba03-5c0c-4149-a727-6d8dae37fee8,25,0.4170961513965707,word_tfidf_v1
q_pizza_01,28e2c1c4-3bc6-4279-9c60-448d19b0ab34,26,0.4170961513965707,word_tfidf_v1
q_pizza_01,4fbabc49-4ebc-4e5c-a8de-37304dae95de,27,0.4170961513965707,word_tfidf_v1
q_pizza_01,1b568074-c399-4017-b605-85cdecb26686,28,0.4170961513965707,word_tfidf_v1
q_pizza_01,327bcf9a-1782-466e-85d8-d68e4568a149,29,0.4170961513965707,word_tfidf_v1
q_pizza_01,60a17f1b-8367-4c87-97cb-dc6e29e160a0,30,0.4170961513965707,word_tfidf_v1
q_pizza_01,2c0f03e7-8a31-43a2-96b0-eb59142155e2,31,0.4170961513965707,word_tfidf_v1
q_pizza_01,c82d422b-5992-4d73-a292-607a1fac0842,32,0.4170961513965707,word_tfidf_v1
q_pizza_01,1608ccbd-1106-4a49-aa3c-fe0fe8d0c0a1,33,0.4170961513965707,word_tfidf_v1
q_pizza_01,47a9f6e5-fa52-4983-b44b-ccd2a6930907,34,0.4170961513965707,word_tfidf_v1
q_pizza_01,eaa743b8-fb4d-4408-9be3-c728c76f9678,35,0.3899082463572011,word_tfidf_v1
q_pizza_01,92eb76fe-c8a2-4772-931a-1557d6906650,36,0.3899082463572011,word_tfidf_v1
q_pizza_01,98798b44-4dda-48e4-9082-c03f8cbf7b5b,37,0.3899082463572011,word_tfidf_v1
q_pizza_01,0ad68a4d-5378-47e6-a945-4390840caac9,38,0.3899082463572011,word_tfidf_v1
q_pizza_01,00d5ec26-bcc1-4e53-818c-e6c26dc522f6,39,0.3899082463572011,word_tfidf_v1
q_pizza_01,013fb547-74df-454c-8f8b-f05628a55cd5,40,0.3899082463572011,word_tfidf_v1
q_pizza_03,76a3551b-dae4-4326-92cc-662015aedbfb,1,0.29742367440075196,word_tfidf_v1
q_pizza_03,c161453d-f2c8-4b97-a2c3-a54e0cbdb7e8,2,0.2595539516360689,word_tfidf_v1
q_pizza_03,c111ac9d-3f3a-405c-a8db-4d127ccda9e2,3,0.24395898905201477,word_tfidf_v1
q_pizza_03,24456103-f6b8-46af-8655-82e61d7265d8,4,0.24078995699680222,word_tfidf_v1
q_pizza_03,2743811c-5e71-4d2b-aa75-1b0147d44f2d,5,0.20642378821992666,word_tfidf_v1
q_pizza_03,9fa92010-4783-4070-9c85-c1a9624b4628,6,0.1747165291139452,word_tfidf_v1
q_pizza_03,013420d6-557d-45f7-9c34-e9fb1e490077,7,0.17420649863739388,word_tfidf_v1
q_pizza_03,b07f1cbf-3655-4a07-8de2-dfa245d76faa,8,0.1617860587559655,word_tfidf_v1
q_pizza_03,d0748c55-21ac-441e-9ed5-bbc001435913,9,0.1617860587559655,word_tfidf_v1
q_pizza_03,a7112e8a-d7aa-4d2e-a5fe-21312b42487b,10,0.1617860587559655,word_tfidf_v1
q_pizza_03,ee1d9f19-0756-4e61-9c90-7dab30471f24,11,0.1576548584949843,word_tfidf_v1
q_pizza_03,670321d0-6986-48d9-badf-da51a1db1f31,12,0.1576548584949843,word_tfidf_v1
q_pizza_03,4132feeb-e165-4e87-a835-dd16090f3e60,13,0.1517065168627458,word_tfidf_v1
q_pizza_03,e5c70d25-c43f-4fe1-a0f3-da8fcb5f2682,14,0.14975427110474365,word_tfidf_v1
q_pizza_03,08569b8f-d305-4b6b-92f0-80902db090c8,15,0.14975427110474365,word_tfidf_v1
q_pizza_03,35586e2f-08bf-493f-8667-246042bdd8fd,16,0.14975427110474365,word_tfidf_v1
q_pizza_03,ec9be9d5-94f3-455c-bb99-1c894d5eb597,17,0.14975427110474365,word_tfidf_v1
q_pizza_03,3e679244-f44d-4014-94be-44b39b92d927,18,0.14975427110474365,word_tfidf_v1
q_pizza_03,4dc8b6d5-1ca9-4753-b42c-f04da92490a7,19,0.14975427110474365,word_tfidf_v1
q_pizza_03,271cf406-a2f3-4b72-aef0-13f172634390,20,0.14975427110474365,word_tfidf_v1
q_pizza_03,f7b515d5-a20b-4355-82d7-b6f3cbf8605c,21,0.14975427110474365,word_tfidf_v1
q_pizza_03,d3aa7b6a-268a-4544-a551-42c9442b08c3,22,0.14975427110474365,word_tfidf_v1
q_pizza_03,63266e6d-a299-4e49-814f-b5b1399ca86e,23,0.14975427110474365,word_tfidf_v1
q_pizza_03,eb97c80c-95c2-4516-83e8-d181334afb44,24,0.14975427110474365,word_tfidf_v1
q_pizza_03,72b5d2ff-946e-4120-80e5-82763edfd6f0,25,0.14975427110474365,word_tfidf_v1
q_pizza_03,8fc5d2fa-99ad-4407-b685-087983d63ffc,26,0.14975427110474365,word_tfidf_v1
q_pizza_03,28e2c1c4-3bc6-4279-9c60-448d19b0ab34,27,0.14677081911558726,word_tfidf_v1
q_pizza_03,d2018ece-9253-4471-aecc-efa8ec11af92,28,0.14677081911558726,word_tfidf_v1
q_pizza_03,8d28ba03-5c0c-4149-a727-6d8dae37fee8,29,0.14677081911558726,word_tfidf_v1
q_pizza_03,c82d422b-5992-4d73-a292-607a1fac0842,30,0.14677081911558726,word_tfidf_v1
q_pizza_03,a7bd0400-e10a-43e9-9b38-07131b628d57,31,0.14677081911558726,word_tfidf_v1
q_pizza_03,327bcf9a-1782-466e-85d8-d68e4568a149,32,0.14677081911558726,word_tfidf_v1
q_pizza_03,2c0f03e7-8a31-43a2-96b0-eb59142155e2,33,0.14677081911558726,word_tfidf_v1
q_pizza_03,0d2e5181-d9ae-40d2-9b17-f7f0249d9fe0,34,0.14677081911558726,word_tfidf_v1
q_pizza_03,60a17f1b-8367-4c87-97cb-dc6e29e160a0,35,0.14677081911558726,word_tfidf_v1
q_pizza_03,4fbabc49-4ebc-4e5c-a8de-37304dae95de,36,0.14677081911558726,word_tfidf_v1
q_pizza_03,47a9f6e5-fa52-4983-b44b-ccd2a6930907,37,0.14677081911558726,word_tfidf_v1
q_pizza_03,1b568074-c399-4017-b605-85cdecb26686,38,0.14677081911558726,word_tfidf_v1
q_pizza_03,1608ccbd-1106-4a49-aa3c-fe0fe8d0c0a1,39,0.14677081911558726,word_tfidf_v1
q_pizza_03,00d5ec26-bcc1-4e53-818c-e6c26dc522f6,40,0.1372037418857831,word_tfidf_v1
q_pizza_04,aba76fc2-984e-4030-ba01-e2e7d78264c7,1,0.37793200813765815,word_tfidf_v1
q_pizza_04,f14df4d3-9858-4a8b-8597-20fd477d8e32,2,0.3521669297637141,word_tfidf_v1
q_pizza_04,282b0e8b-051c-49f9-a707-b982df803589,3,0.33011545091188893,word_tfidf_v1
q_pizza_04,9fa92010-4783-4070-9c85-c1a9624b4628,4,0.23677649189237787,word_tfidf_v1
q_pizza_04,013420d6-557d-45f7-9c34-e9fb1e490077,5,0.23608529668830383,word_tfidf_v1
q_pizza_04,a7112e8a-d7aa-4d2e-a5fe-21312b42487b,6,0.21925307023669638,word_tfidf_v1
q_pizza_04,d0748c55-21ac-441e-9ed5-bbc001435913,7,0.21925307023669638,word_tfidf_v1
q_pizza_04,b07f1cbf-3655-4a07-8de2-dfa245d76faa,8,0.21925307023669638,word_tfidf_v1
q_pizza_04,ee1d9f19-0756-4e61-9c90-7dab30471f24,9,0.21365445223494986,word_tfidf_v1
q_pizza_04,670321d0-6986-48d9-badf-da51a1db1f31,10,0.21365445223494986,word_tfidf_v1
q_pizza_04,4132feeb-e165-4e87-a835-dd16090f3e60,11,0.2055932374695153,word_tfidf_v1
q_pizza_04,f7b515d5-a20b-4355-82d7-b6f3cbf8605c,12,0.2029475467370142,word_tfidf_v1
q_pizza_04,ec9be9d5-94f3-455c-bb99-1c894d5eb597,13,0.2029475467370142,word_tfidf_v1
q_pizza_04,08569b8f-d305-4b6b-92f0-80902db090c8,14,0.2029475467370142,word_tfidf_v1
q_pizza_04,3e679244-f44d-4014-94be-44b39b92d927,15,0.2029475467370142,word_tfidf_v1
q_pizza_04,72b5d2ff-946e-4120-80e5-82763edfd6f0,16,0.2029475467370142,word_tfidf_v1
q_pizza_04,35586e2f-08bf-493f-8667-246042bdd8fd,17,0.2029475467370142,word_tfidf_v1
q_pizza_04,8fc5d2fa-99ad-4407-b685-087983d63ffc,18,0.2029475467370142,word_tfidf_v1
q_pizza_04,d3aa7b6a-268a-4544-a551-42c9442b08c3,19,0.2029475467370142,word_tfidf_v1
q_pizza_04,e5c70d25-c43f-4fe1-a0f3-da8fcb5f2682,20,0.2029475467370142,word_tfidf_v1
q_pizza_04,eb97c80c-95c2-4516-83e8-d181334afb44,21,0.2029475467370142,word_tfidf_v1
q_pizza_04,4dc8b6d5-1ca9-4753-b42c-f04da92490a7,22,0.2029475467370142,word_tfidf_v1
q_pizza_04,271cf406-a2f3-4b72-aef0-13f172634390,23,0.2029475467370142,word_tfidf_v1
q_pizza_04,63266e6d-a299-4e49-814f-b5b1399ca86e,24,0.2029475467370142,word_tfidf_v1
q_pizza_04,4fbabc49-4ebc-4e5c-a8de-37304dae95de,25,0.19890436147398113,word_tfidf_v1
q_pizza_04,0d2e5181-d9ae-40d2-9b17-f7f0249d9fe0,26,0.19890436147398113,word_tfidf_v1
q_pizza_04,a7bd0400-e10a-43e9-9b38-07131b628d57,27,0.19890436147398113,word_tfidf_v1
q_pizza_04,327bcf9a-1782-466e-85d8-d68e4568a149,28,0.19890436147398113,word_tfidf_v1
q_pizza_04,8d28ba03-5c0c-4149-a727-6d8dae37fee8,29,0.19890436147398113,word_tfidf_v1
q_pizza_04,d2018ece-9253-4471-aecc-efa8ec11af92,30,0.19890436147398113,word_tfidf_v1
q_pizza_04,60a17f1b-8367-4c87-97cb-dc6e29e160a0,31,0.19890436147398113,word_tfidf_v1
q_pizza_04,28e2c1c4-3bc6-4279-9c60-448d19b0ab34,32,0.19890436147398113,word_tfidf_v1
q_pizza_04,2c0f03e7-8a31-43a2-96b0-eb59142155e2,33,0.19890436147398113,word_tfidf_v1
q_pizza_04,1608ccbd-1106-4a49-aa3c-fe0fe8d0c0a1,34,0.19890436147398113,word_tfidf_v1
q_pizza_04,c82d422b-5992-4d73-a292-607a1fac0842,35,0.19890436147398113,word_tfidf_v1
q_pizza_04,1b568074-c399-4017-b605-85cdecb26686,36,0.19890436147398113,word_tfidf_v1
q_pizza_04,47a9f6e5-fa52-4983-b44b-ccd2a6930907,37,0.19890436147398113,word_tfidf_v1
q_pizza_04,98798b44-4dda-48e4-9082-c03f8cbf7b5b,38,0.18593902272999122,word_tfidf_v1
q_pizza_04,92eb76fe-c8a2-4772-931a-1557d6906650,39,0.18593902272999122,word_tfidf_v1
q_pizza_04,eaa743b8-fb4d-4408-9be3-c728c76f9678,40,0.18593902272999122,word_tfidf_v1
q_rice_cake_01,a4641b28-37b6-4342-ad2d-97d6ba03de0a,1,0.4348013374539106,word_tfidf_v1
q_rice_cake_01,2daf6a0b-665f-4511-961e-282c2d1ad887,2,0.41742128809574786,word_tfidf_v1
q_rice_cake_01,8bd74968-686d-40ea-ac24-d4f9c3b3c6db,3,0.41742128809574786,word_tfidf_v1
q_rice_cake_01,9fc0792d-5c93-42b8-9b54-272541c59c2b,4,0.41742128809574786,word_tfidf_v1
q_rice_cake_01,84b94d38-28f0-4eeb-aa47-a484b1e908fd,5,0.41742128809574786,word_tfidf_v1
q_rice_cake_01,f36d1f03-ca2b-4f3d-aeb3-e2e2f26c4b28,6,0.41742128809574786,word_tfidf_v1
q_rice_cake_01,758d9002-6bf8-43e2-9113-d69fa390761a,7,0.41742128809574786,word_tfidf_v1
q_rice_cake_01,342a81ff-0398-469e-a0c5-943e0af0f0f5,8,0.41742128809574786,word_tfidf_v1
q_rice_cake_01,5ff5ac79-aa51-462d-9945-ad511aae1a4b,9,0.41742128809574786,word_tfidf_v1
q_rice_cake_01,ffae60cb-a055-489a-9338-4cad44fd17f8,10,0.41742128809574786,word_tfidf_v1
q_rice_cake_01,bf570f89-6020-43cb-a8be-45b6b59577aa,11,0.41742128809574786,word_tfidf_v1
q_rice_cake_01,18cd879e-9a25-42e7-b02e-a56e8e0886f8,12,0.41742128809574786,word_tfidf_v1
q_rice_cake_01,e52b232c-c7ba-4470-8e14-98a2a4810a4c,13,0.41742128809574786,word_tfidf_v1
q_rice_cake_01,2ced14c5-c2e2-442b-862f-6f980a97b716,14,0.41742128809574786,word_tfidf_v1
q_rice_cake_01,e4f20aa6-c756-4e20-a6f3-f13a635a9298,15,0.41742128809574786,word_tfidf_v1
q_rice_cake_01,8528e8fb-2b44-4fad-b38d-ab168c69bc56,16,0.41742128809574786,word_tfidf_v1
q_rice_cake_01,15d61538-381e-4f86-b6de-3edcc6310f22,17,0.41742128809574786,word_tfidf_v1
q_rice_cake_01,f93e9e1f-cab9-44aa-a1bd-355472af9943,18,0.41742128809574786,word_tfidf_v1
q_rice_cake_01,c76b773f-392e-4527-9ac0-7da124e26f0f,19,0.41742128809574786,word_tfidf_v1
q_rice_cake_01,ccca75bc-94d3-455f-91f7-3a4b901555ca,20,0.41742128809574786,word_tfidf_v1
q_rice_cake_01,e182c647-16c3-4571-93f9-86e9f5b8a6d9,21,0.41742128809574786,word_tfidf_v1
q_rice_cake_01,1074d310-4034-4f2e-850d-5c9710f23e59,22,0.41742128809574786,word_tfidf_v1
q_rice_cake_01,abb836b6-fe49-43ac-83b0-ccbd61848de9,23,0.41742128809574786,word_tfidf_v1
q_rice_cake_01,c81c8818-96de-440a-a213-b3b070e8f306,24,0.41742128809574786,word_tfidf_v1
q_rice_cake_01,be4d931d-1d36-4965-b42a-7e0687ffb0bc,25,0.41742128809574786,word_tfidf_v1
q_rice_cake_01,a2f55697-a6c1-4366-aecb-a0419d83e6bd,26,0.41742128809574786,word_tfidf_v1
q_rice_cake_01,09ffa5fc-46c0-4799-9f59-32892fdc2dd4,27,0.41742128809574786,word_tfidf_v1
q_rice_cake_01,efdd8c50-e091-4cb2-b226-24c3c5c05043,28,0.41742128809574786,word_tfidf_v1
q_rice_cake_01,1b156d0e-525c-40a0-800d-098255e947a4,29,0.41742128809574786,word_tfidf_v1
q_rice_cake_01,8fd780fd-73e4-4889-961b-09aca0ba3d32,30,0.41742128809574786,word_tfidf_v1
q_rice_cake_01,51769d0b-6908-4960-a78b-b5909de97af3,31,0.41742128809574786,word_tfidf_v1
q_rice_cake_01,d54b04a7-70d7-49eb-ae1f-0384ec2b1ce5,32,0.41742128809574786,word_tfidf_v1
q_rice_cake_01,5a37814d-c8cf-4fb3-a926-dfd5313d1410,33,0.41742128809574786,word_tfidf_v1
q_rice_cake_01,3de6e88a-4d2a-467d-8128-ae94dab56441,34,0.41742128809574786,word_tfidf_v1
q_rice_cake_01,9de31262-ac71-41d6-bfc9-f3262299b9c5,35,0.41742128809574786,word_tfidf_v1
q_rice_cake_01,8b9249e1-0500-4606-a322-e3eb5bb45463,36,0.41742128809574786,word_tfidf_v1
q_rice_cake_01,d13bdab4-f219-4a17-ba10-f463631f7f71,37,0.41742128809574786,word_tfidf_v1
q_rice_cake_01,0869c364-4a4b-48cb-abf8-0cbb687fd530,38,0.41742128809574786,word_tfidf_v1
q_rice_cake_01,81e742e7-dd88-4772-b0ba-2f137326ea5d,39,0.41742128809574786,word_tfidf_v1
q_rice_cake_01,85d72c2e-03ba-4ce8-af60-616a2bb5c27f,40,0.41742128809574786,word_tfidf_v1
q_rice_cake_02,d29cfb0f-02c3-489d-b3f4-cb7e719b3b7c,1,0.5624694275023916,word_tfidf_v1
q_rice_cake_02,9a7a3da1-a357-41a0-b3c4-62fff9411ead,2,0.5199757984429356,word_tfidf_v1
q_rice_cake_02,eb4434b2-f3df-4d4c-87b9-51f897afb7df,3,0.5199757984429356,word_tfidf_v1
q_rice_cake_02,5c82baa8-304c-4b86-8ed3-3033fc88133c,4,0.5199757984429356,word_tfidf_v1
q_rice_cake_02,b366a2c5-2cf5-4482-8571-7f6bac88faa7,5,0.5199757984429356,word_tfidf_v1
q_rice_cake_02,36d4dca3-6014-4170-bf75-18110f61a5ee,6,0.5199757984429356,word_tfidf_v1
q_rice_cake_02,10163e81-11c0-4490-b706-21d9bb0e6e8b,7,0.5199757984429356,word_tfidf_v1
q_rice_cake_02,fcac33d5-28a9-4e94-b50f-bd0e16826631,8,0.5199757984429356,word_tfidf_v1
q_rice_cake_02,5ffab50b-18c6-4a5d-a52e-99b7e90bc98c,9,0.5199757984429356,word_tfidf_v1
q_rice_cake_02,57a37fcc-91a4-45a1-91b9-c43052e58553,10,0.5010914531009298,word_tfidf_v1
q_rice_cake_02,c31ee53d-fc38-4e74-be51-3df3f95e8f7c,11,0.5010914531009298,word_tfidf_v1
q_rice_cake_02,f8ea7fa9-4623-4665-bb71-c109ace053fb,12,0.49043032812243803,word_tfidf_v1
q_rice_cake_02,94f12e63-24cb-4d29-a12d-ee9f3c85d90e,13,0.49043032812243803,word_tfidf_v1
q_rice_cake_02,5b4dfa76-495e-46f9-8711-3e2e957e333c,14,0.48931636562049474,word_tfidf_v1
q_rice_cake_02,246cddeb-4702-430d-a9f0-23ff787e50f4,15,0.48931636562049474,word_tfidf_v1
q_rice_cake_02,ae2b11fd-24eb-48a3-b4bc-05b6d50b1aaf,16,0.47407281124751965,word_tfidf_v1
q_rice_cake_02,7269366d-eeb8-4320-85cb-dddc85f35fcf,17,0.47359172889223194,word_tfidf_v1
q_rice_cake_02,76cba0b6-62ec-459a-9302-3fd92474f5cd,18,0.4730935735563135,word_tfidf_v1
q_rice_cake_02,7e9443d4-3c9b-4f6a-b538-e2caecb1b393,19,0.4664395723858492,word_tfidf_v1
q_rice_cake_02,fe9fe588-736d-41d5-9b73-586c31d9b359,20,0.4664395723858492,word_tfidf_v1
q_rice_cake_02,81fac342-30b9-4966-92dd-24e0de2ebc1d,21,0.4664395723858492,word_tfidf_v1
q_rice_cake_02,5adb5ee0-0a5a-4420-8704-7341afc1b47d,22,0.46509286715322556,word_tfidf_v1
q_rice_cake_02,f499b995-c396-4df5-b150-a9428ef88287,23,0.46509286715322556,word_tfidf_v1
q_rice_cake_02,801e6f7f-4ac4-42fc-b1bc-7d442d5c9d7c,24,0.463226257866337,word_tfidf_v1
q_rice_cake_02,b350f7fd-dcc4-4d18-9db6-96cc43060be2,25,0.4584285576454542,word_tfidf_v1
q_rice_cake_02,4b76bfc1-92a6-4ea7-b8a2-4803af5a0f1e,26,0.4584285576454542,word_tfidf_v1
q_rice_cake_02,de8a5bc7-8736-455c-872b-db04aa2d0778,27,0.4569266663385243,word_tfidf_v1
q_rice_cake_02,c0d7da77-337c-406c-b3ed-5f7f15d8dc56,28,0.4552483201559432,word_tfidf_v1
q_rice_cake_02,7f110b2a-d799-4a45-95b0-2d87bbf43ea7,29,0.4511532639400932,word_tfidf_v1
q_rice_cake_02,9767f968-1569-4d86-a8d2-4ebaae51feb0,30,0.4511532639400932,word_tfidf_v1
q_rice_cake_02,f26771c6-e819-4076-bd53-07ac364212ff,31,0.44856231604861757,word_tfidf_v1
q_rice_cake_02,23a281e5-490a-4194-9c38-6d1fa6ead2b4,32,0.44856231604861757,word_tfidf_v1
q_rice_cake_02,bb4f6cf3-6eaa-4a7e-a755-f4ccaa573a13,33,0.44856231604861757,word_tfidf_v1
q_rice_cake_02,ced7f0fb-4c74-4252-85b8-b5c89ccb408f,34,0.44856231604861757,word_tfidf_v1
q_rice_cake_02,342d3acb-4c96-4d15-996b-3dbf39f04f45,35,0.4453972629542268,word_tfidf_v1
q_rice_cake_02,84b49d2b-ff52-4e6d-beb8-e676755052e7,36,0.4453972629542268,word_tfidf_v1
q_rice_cake_02,d7d86e4d-e140-4e67-a83a-b20e0b682b75,37,0.4413287515417763,word_tfidf_v1
q_rice_cake_02,93091e62-e95d-475b-a6f4-49da3eddd82a,38,0.4413287515417763,word_tfidf_v1
q_rice_cake_02,70edb168-d9c6-4010-9c33-002c3ab437cf,39,0.4413287515417763,word_tfidf_v1
q_rice_cake_02,26009e8f-2371-494a-b567-ef44a112f2d6,40,0.4413287515417763,word_tfidf_v1
q_rice_cake_03,76a3551b-dae4-4326-92cc-662015aedbfb,1,0.3018199714492197,word_tfidf_v1
q_rice_cake_03,c161453d-f2c8-4b97-a2c3-a54e0cbdb7e8,2,0.2633904864169495,word_tfidf_v1
q_rice_cake_03,c111ac9d-3f3a-405c-a8db-4d127ccda9e2,3,0.2475650106159587,word_tfidf_v1
q_rice_cake_03,24456103-f6b8-46af-8655-82e61d7265d8,4,0.24434913626986632,word_tfidf_v1
q_rice_cake_03,2743811c-5e71-4d2b-aa75-1b0147d44f2d,5,0.20947499217238008,word_tfidf_v1
q_rice_cake_03,a4641b28-37b6-4342-ad2d-97d6ba03de0a,6,0.1359275864760954,word_tfidf_v1
q_rice_cake_03,320aa50b-c818-4a01-b236-bf523bf5a9a1,7,0.1304942357510855,word_tfidf_v1
q_rice_cake_03,d54b04a7-70d7-49eb-ae1f-0384ec2b1ce5,8,0.1304942357510855,word_tfidf_v1
q_rice_cake_03,75d57266-294f-49a5-8835-2151479385ce,9,0.1304942357510855,word_tfidf_v1
q_rice_cake_03,9c438ab0-c55c-4faa-acea-9123929c3822,10,0.1304942357510855,word_tfidf_v1
q_rice_cake_03,be4d931d-1d36-4965-b42a-7e0687ffb0bc,11,0.1304942357510855,word_tfidf_v1
q_rice_cake_03,280ced5c-ce6a-462f-8679-62a93ed7adf3,12,0.1304942357510855,word_tfidf_v1
q_rice_cake_03,a8ef9861-75da-4528-a961-a40f702288c8,13,0.1304942357510855,word_tfidf_v1
q_rice_cake_03,a68d418a-4636-4db4-a032-bcf677448f34,14,0.1304942357510855,word_tfidf_v1
q_rice_cake_03,8fd780fd-73e4-4889-961b-09aca0ba3d32,15,0.1304942357510855,word_tfidf_v1
q_rice_cake_03,8bd74968-686d-40ea-ac24-d4f9c3b3c6db,16,0.1304942357510855,word_tfidf_v1
q_rice_cake_03,81e742e7-dd88-4772-b0ba-2f137326ea5d,17,0.1304942357510855,word_tfidf_v1
q_rice_cake_03,6a7b0a24-22f9-4f5b-bf82-7ef71119e057,18,0.1304942357510855,word_tfidf_v1
q_rice_cake_03,ccca75bc-94d3-455f-91f7-3a4b901555ca,19,0.1304942357510855,word_tfidf_v1
q_rice_cake_03,c76b773f-392e-4527-9ac0-7da124e26f0f,20,0.1304942357510855,word_tfidf_v1
q_rice_cake_03,a2f55697-a6c1-4366-aecb-a0419d83e6bd,21,0.1304942357510855,word_tfidf_v1
q_rice_cake_03,efdd8c50-e091-4cb2-b226-24c3c5c05043,22,0.1304942357510855,word_tfidf_v1
q_rice_cake_03,d13bdab4-f219-4a17-ba10-f463631f7f71,23,0.1304942357510855,word_tfidf_v1
q_rice_cake_03,0e32dbd6-b027-478a-8fae-f0bfc41d644f,24,0.1304942357510855,word_tfidf_v1
q_rice_cake_03,593ec30d-61d0-4290-bb56-913a87632f63,25,0.1304942357510855,word_tfidf_v1
q_rice_cake_03,f93e9e1f-cab9-44aa-a1bd-355472af9943,26,0.1304942357510855,word_tfidf_v1
q_rice_cake_03,f76b0be3-6b61-46e0-ada2-0c23a24cfddd,27,0.1304942357510855,word_tfidf_v1
q_rice_cake_03,092d9d1f-87e7-44e5-b649-10dafd4c8d37,28,0.1304942357510855,word_tfidf_v1
q_rice_cake_03,1074d310-4034-4f2e-850d-5c9710f23e59,29,0.1304942357510855,word_tfidf_v1
q_rice_cake_03,85d72c2e-03ba-4ce8-af60-616a2bb5c27f,30,0.1304942357510855,word_tfidf_v1
q_rice_cake_03,15d61538-381e-4f86-b6de-3edcc6310f22,31,0.1304942357510855,word_tfidf_v1
q_rice_cake_03,2daf6a0b-665f-4511-961e-282c2d1ad887,32,0.1304942357510855,word_tfidf_v1
q_rice_cake_03,125689ab-0f1a-4100-b852-07340a93fed6,33,0.1304942357510855,word_tfidf_v1
q_rice_cake_03,09ffa5fc-46c0-4799-9f59-32892fdc2dd4,34,0.1304942357510855,word_tfidf_v1
q_rice_cake_03,9de31262-ac71-41d6-bfc9-f3262299b9c5,35,0.1304942357510855,word_tfidf_v1
q_rice_cake_03,758d9002-6bf8-43e2-9113-d69fa390761a,36,0.1304942357510855,word_tfidf_v1
q_rice_cake_03,0869c364-4a4b-48cb-abf8-0cbb687fd530,37,0.1304942357510855,word_tfidf_v1
q_rice_cake_03,51769d0b-6908-4960-a78b-b5909de97af3,38,0.1304942357510855,word_tfidf_v1
q_rice_cake_03,8b9249e1-0500-4606-a322-e3eb5bb45463,39,0.1304942357510855,word_tfidf_v1
q_rice_cake_03,63ee2cc2-2e5d-489d-8abf-57ca3baa95c0,40,0.1304942357510855,word_tfidf_v1
q_rice_cake_04,aba76fc2-984e-4030-ba01-e2e7d78264c7,1,0.38838699418842354,word_tfidf_v1
q_rice_cake_04,f14df4d3-9858-4a8b-8597-20fd477d8e32,2,0.36190915920959743,word_tfidf_v1
q_rice_cake_04,282b0e8b-051c-49f9-a707-b982df803589,3,0.3392476555415873,word_tfidf_v1
q_rice_cake_04,a4641b28-37b6-4342-ad2d-97d6ba03de0a,4,0.18654806907144791,word_tfidf_v1
q_rice_cake_04,a5ed1a57-84bf-4f2c-8bf7-287b3d4339ec,5,0.17909129658975012,word_tfidf_v1
q_rice_cake_04,09390769-d363-4642-bdbb-bf8bea561bde,6,0.17909129658975012,word_tfidf_v1
q_rice_cake_04,121c69f2-dd48-44b3-9ff5-4ae218cae0cb,7,0.17909129658975012,word_tfidf_v1
q_rice_cake_04,8bd74968-686d-40ea-ac24-d4f9c3b3c6db,8,0.17909129658975012,word_tfidf_v1
q_rice_cake_04,1074d310-4034-4f2e-850d-5c9710f23e59,9,0.17909129658975012,word_tfidf_v1
q_rice_cake_04,110ae164-5879-40ee-990a-43dcadf994cf,10,0.17909129658975012,word_tfidf_v1
q_rice_cake_04,1fa45d90-c416-4ee0-a380-6a1424a0f62b,11,0.17909129658975012,word_tfidf_v1
q_rice_cake_04,c76b773f-392e-4527-9ac0-7da124e26f0f,12,0.17909129658975012,word_tfidf_v1
q_rice_cake_04,18cd879e-9a25-42e7-b02e-a56e8e0886f8,13,0.17909129658975012,word_tfidf_v1
q_rice_cake_04,ccca75bc-94d3-455f-91f7-3a4b901555ca,14,0.17909129658975012,word_tfidf_v1
q_rice_cake_04,5a37814d-c8cf-4fb3-a926-dfd5313d1410,15,0.17909129658975012,word_tfidf_v1
q_rice_cake_04,75d57266-294f-49a5-8835-2151479385ce,16,0.17909129658975012,word_tfidf_v1
q_rice_cake_04,5ff5ac79-aa51-462d-9945-ad511aae1a4b,17,0.17909129658975012,word_tfidf_v1
q_rice_cake_04,3de6e88a-4d2a-467d-8128-ae94dab56441,18,0.17909129658975012,word_tfidf_v1
q_rice_cake_04,a8ef9861-75da-4528-a961-a40f702288c8,19,0.17909129658975012,word_tfidf_v1
q_rice_cake_04,d54b04a7-70d7-49eb-ae1f-0384ec2b1ce5,20,0.17909129658975012,word_tfidf_v1
q_rice_cake_04,ffae60cb-a055-489a-9338-4cad44fd17f8,21,0.17909129658975012,word_tfidf_v1
q_rice_cake_04,685cc46f-e846-4dce-afeb-3bd84d8ee5d3,22,0.17909129658975012,word_tfidf_v1
q_rice_cake_04,e4f20aa6-c756-4e20-a6f3-f13a635a9298,23,0.17909129658975012,word_tfidf_v1
q_rice_cake_04,e52b232c-c7ba-4470-8e14-98a2a4810a4c,24,0.17909129658975012,word_tfidf_v1
q_rice_cake_04,0e32dbd6-b027-478a-8fae-f0bfc41d644f,25,0.17909129658975012,word_tfidf_v1
q_rice_cake_04,125689ab-0f1a-4100-b852-07340a93fed6,26,0.17909129658975012,word_tfidf_v1
q_rice_cake_04,81e742e7-dd88-4772-b0ba-2f137326ea5d,27,0.17909129658975012,word_tfidf_v1
q_rice_cake_04,be4d931d-1d36-4965-b42a-7e0687ffb0bc,28,0.17909129658975012,word_tfidf_v1
q_rice_cake_04,ec462544-a78b-4a36-9e29-a712fbe18dbc,29,0.17909129658975012,word_tfidf_v1
q_rice_cake_04,c81c8818-96de-440a-a213-b3b070e8f306,30,0.17909129658975012,word_tfidf_v1
q_rice_cake_04,2a6445c5-d91b-4d43-a426-1ac37406325d,31,0.17909129658975012,word_tfidf_v1
q_rice_cake_04,2daf6a0b-665f-4511-961e-282c2d1ad887,32,0.17909129658975012,word_tfidf_v1
q_rice_cake_04,593ec30d-61d0-4290-bb56-913a87632f63,33,0.17909129658975012,word_tfidf_v1
q_rice_cake_04,accb354d-24d7-44f6-80bc-31db5bcea455,34,0.17909129658975012,word_tfidf_v1
q_rice_cake_04,833a023d-8e96-4425-ae13-e5becffef589,35,0.17909129658975012,word_tfidf_v1
q_rice_cake_04,8528e8fb-2b44-4fad-b38d-ab168c69bc56,36,0.17909129658975012,word_tfidf_v1
q_rice_cake_04,f76b0be3-6b61-46e0-ada2-0c23a24cfddd,37,0.17909129658975012,word_tfidf_v1
q_rice_cake_04,6a7b0a24-22f9-4f5b-bf82-7ef71119e057,38,0.17909129658975012,word_tfidf_v1
q_rice_cake_04,09ffa5fc-46c0-4799-9f59-32892fdc2dd4,39,0.17909129658975012,word_tfidf_v1
q_rice_cake_04,342a81ff-0398-469e-a0c5-943e0af0f0f5,40,0.17909129658975012,word_tfidf_v1
q_side_dish_01,33f1d07a-7a7d-4fe3-91fc-a248891e86d8,1,0.4868256451422893,word_tfidf_v1
q_side_dish_01,1510630a-6048-429b-8fae-b646ad87cdff,2,0.4868256451422893,word_tfidf_v1
q_side_dish_01,8e5b909c-3602-4e5b-a7d4-ecb5553e6ed7,3,0.48339292504948117,word_tfidf_v1
q_side_dish_01,aa0da5a7-b892-4417-92b6-c4d48368ba7d,4,0.4806757484195426,word_tfidf_v1
q_side_dish_01,9b8a7b96-d16f-4406-be01-995f079a5994,5,0.4767635210702317,word_tfidf_v1
q_side_dish_01,204b41cd-53e6-4dc5-9d65-4608c638e12d,6,0.4731405965914623,word_tfidf_v1
q_side_dish_01,d5089369-1891-4707-a5c1-3c5618717a57,7,0.471070508938057,word_tfidf_v1
q_side_dish_01,1f28d7a5-8a2f-4bf4-a188-4f7f819a3121,8,0.46786478351278843,word_tfidf_v1
q_side_dish_01,1cb5a37a-653b-4305-b818-e8e11077a327,9,0.45690304482999367,word_tfidf_v1
q_side_dish_01,4b729a89-4176-4d25-a35b-d171a8e1575e,10,0.45663624743791875,word_tfidf_v1
q_side_dish_01,9008a3ab-7b65-4bc8-9485-7067a3a54921,11,0.4546479786294061,word_tfidf_v1
q_side_dish_01,7eacdc5e-11d2-4113-a134-a6fff6e16e34,12,0.4522078416704102,word_tfidf_v1
q_side_dish_01,8bc63909-e2ea-42b7-8856-377a4c7c6645,13,0.4522078416704102,word_tfidf_v1
q_side_dish_01,e4bb3fba-10a1-4cd4-a8ec-6ce9a0d06fa4,14,0.4522078416704102,word_tfidf_v1
q_side_dish_01,5f4a8966-f5a9-4505-9636-eb631cdb94dc,15,0.4522078416704102,word_tfidf_v1
q_side_dish_01,8c829eff-e92e-467b-b16e-6f6bc93283ab,16,0.4522078416704102,word_tfidf_v1
q_side_dish_01,ded5c0af-7dfc-4a3f-9a85-f87f7ab12441,17,0.44905288292567913,word_tfidf_v1
q_side_dish_01,c83a1240-fc90-44c3-bda6-61093e7478b1,18,0.44905288292567913,word_tfidf_v1
q_side_dish_01,2412aca5-cf5c-4f20-9d72-1b098c7ae2cd,19,0.4445932198710995,word_tfidf_v1
q_side_dish_01,f8120578-03c4-4d62-bf22-06b8e5525049,20,0.4445932198710995,word_tfidf_v1
q_side_dish_01,4e6480e4-404f-413e-a393-f4366640c571,21,0.4445932198710995,word_tfidf_v1
q_side_dish_01,ba700003-d433-4456-b281-b42eb7f309a6,22,0.4445932198710995,word_tfidf_v1
q_side_dish_01,30890df3-24f3-4574-8e78-a01a53296273,23,0.4445932198710995,word_tfidf_v1
q_side_dish_01,7c24df41-9cf9-4aa3-8cf4-dbf4a06f69e9,24,0.4445932198710995,word_tfidf_v1
q_side_dish_01,c364337f-5d9b-4ddd-88dc-836a1c848d63,25,0.4445932198710995,word_tfidf_v1
q_side_dish_01,1bc0b5f7-1137-407d-8ccd-6d4bf30f539f,26,0.4445932198710995,word_tfidf_v1
q_side_dish_01,f0fc6a26-f167-4cde-97e4-5fa6665a38a7,27,0.4445932198710995,word_tfidf_v1
q_side_dish_01,bd3d49b1-c294-49c9-b65a-dae46086e1e4,28,0.4445932198710995,word_tfidf_v1
q_side_dish_01,4658bfbd-42d4-44fb-a444-501a71965109,29,0.4445932198710995,word_tfidf_v1
q_side_dish_01,40cf4e56-206a-46b6-9fcd-fc3c992c1f5f,30,0.4445932198710995,word_tfidf_v1
q_side_dish_01,4f92f4ed-eabc-4a21-a8cd-bb0d66279e9b,31,0.4445932198710995,word_tfidf_v1
q_side_dish_01,31896345-eca2-4f2f-a848-d3e86069c408,32,0.4445932198710995,word_tfidf_v1
q_side_dish_01,f1b5d59d-54c8-415d-b89f-9cdeca8827fb,33,0.4445932198710995,word_tfidf_v1
q_side_dish_01,1a0003b8-f0c1-4b9f-b563-3174aad152ae,34,0.42606990526870314,word_tfidf_v1
q_side_dish_01,caf0e9b8-250f-4b81-bab4-6499b340d010,35,0.424909570501053,word_tfidf_v1
q_side_dish_01,1139de72-64f6-480d-ba93-09f3309fec0b,36,0.3922559961198458,word_tfidf_v1
q_side_dish_01,7d1fc79f-4127-450d-9356-ae1eb65e2a48,37,0.3888743844388577,word_tfidf_v1
q_side_dish_01,96cd2926-7b47-4374-8b1b-0471f8c5b8b7,38,0.3888743844388577,word_tfidf_v1
q_side_dish_01,d748f063-47e9-4df7-bea6-b0288cd40421,39,0.3888743844388577,word_tfidf_v1
q_side_dish_01,2c6bb6e6-60ec-464e-b117-bb55fd6108ab,40,0.3888743844388577,word_tfidf_v1
q_side_dish_02,e7d99fed-785c-453d-924c-b057d85ca19a,1,0.5814123372253055,word_tfidf_v1
q_side_dish_02,f5856f07-f7d0-4895-a007-63fd459a221c,2,0.5814123372253055,word_tfidf_v1
q_side_dish_02,8cc37527-661e-45d1-a12c-62839828bd03,3,0.5053224211290988,word_tfidf_v1
q_side_dish_02,7a2e4c60-e9fa-4fdd-b42f-175214773202,4,0.4935166845416773,word_tfidf_v1
q_side_dish_02,6f898587-05a7-46a8-853c-2f103ebbfbac,5,0.4935166845416773,word_tfidf_v1
q_side_dish_02,4c14001a-c7d3-41c3-95ae-f09530fd9d22,6,0.48775307870679546,word_tfidf_v1
q_side_dish_02,3608f8a5-a23e-4e3d-be6c-144ea6187e61,7,0.4853162281763541,word_tfidf_v1
q_side_dish_02,97d0e15b-9a97-4054-8226-e42a013fb15d,8,0.4853162281763541,word_tfidf_v1
q_side_dish_02,5bd78493-cac6-403d-a57b-970a64922c3c,9,0.48238812500354517,word_tfidf_v1
q_side_dish_02,22d60d58-ccd2-470e-813e-8e198d45925f,10,0.4806695286572593,word_tfidf_v1
q_side_dish_02,53706764-3f12-4f2a-a5ae-79800a8af8a0,11,0.47647387384604384,word_tfidf_v1
q_side_dish_02,95f24fc5-5763-4fb1-bde3-30c0d846026a,12,0.47647387384604384,word_tfidf_v1
q_side_dish_02,2ea8c99f-1cdb-400c-be88-7e7d7ff1a511,13,0.470570779099552,word_tfidf_v1
q_side_dish_02,400a0438-6ea6-452b-aa85-6c4704067bd3,14,0.4663943199340698,word_tfidf_v1
q_side_dish_02,3234f939-835f-4c48-8b65-a79ea9b55dbe,15,0.4663943199340698,word_tfidf_v1
q_side_dish_02,a9379967-dfdc-47aa-9cfb-295cf49b370e,16,0.4663943199340698,word_tfidf_v1
q_side_dish_02,cebf979a-c2f6-46fc-b406-be585aacaee8,17,0.4605311969279078,word_tfidf_v1
q_side_dish_02,3d24f1c5-bc98-4cee-84af-3e5aa0fd0a53,18,0.4605311969279078,word_tfidf_v1
q_side_dish_02,cfa0879e-0f08-4b0a-b488-29c47f40bd7a,19,0.4605311969279078,word_tfidf_v1
q_side_dish_02,a8b6037d-cc4a-4bcf-8e58-13c94c37a175,20,0.4605311969279078,word_tfidf_v1
q_side_dish_02,e81c4722-809a-47db-94df-5494e8fcf266,21,0.4605311969279078,word_tfidf_v1
q_side_dish_02,26f69065-b92a-4afe-9313-a716d624f101,22,0.4605311969279078,word_tfidf_v1
q_side_dish_02,b9350978-7d13-4e26-af40-323d5fd29efb,23,0.4605311969279078,word_tfidf_v1
q_side_dish_02,758d3108-bf4c-4d83-8bcb-3dcda9d5b34c,24,0.4605311969279078,word_tfidf_v1
q_side_dish_02,e0d9885e-a62d-40cc-8fbb-bea8a4bc200b,25,0.4605311969279078,word_tfidf_v1
q_side_dish_02,6d1972d3-5852-465f-9756-a9ec80be64cc,26,0.4605311969279078,word_tfidf_v1
q_side_dish_02,076afb19-33fa-4d4b-ac28-ae9c058c986d,27,0.4605311969279078,word_tfidf_v1
q_side_dish_02,7df1a71c-580b-406b-ba5a-f11f602dc463,28,0.4605311969279078,word_tfidf_v1
q_side_dish_02,b8e5fe96-164b-4fcc-b8c8-a54af08b7a47,29,0.4605311969279078,word_tfidf_v1
q_side_dish_02,2b649b1d-9602-41a2-bf54-17456cb4b235,30,0.41570764075350014,word_tfidf_v1
q_side_dish_02,c69f5b8d-b6f5-4b8d-a0b2-4779c6bc62f2,31,0.4114797140738859,word_tfidf_v1
q_side_dish_02,534e84e9-a7c3-42e9-bbef-1ba649f27260,32,0.4114797140738859,word_tfidf_v1
q_side_dish_02,67000a87-4b07-4083-a94f-d8e4b0af0afd,33,0.40497046279504045,word_tfidf_v1
q_side_dish_02,77503870-aa92-4d97-9004-56cdbd227676,34,0.4014077601741642,word_tfidf_v1
q_side_dish_02,a989aee1-1437-4798-8bba-b19d763ffd03,35,0.39536774139360986,word_tfidf_v1
q_side_dish_02,7c4840af-d91a-4bcd-88a5-19c97363afa9,36,0.38765468973881867,word_tfidf_v1
q_side_dish_02,cc46029a-4815-4bc8-bb41-7eef57aa909b,37,0.38765468973881867,word_tfidf_v1
q_side_dish_02,781afce5-abba-4590-9d1a-64d5353e7914,38,0.38765468973881867,word_tfidf_v1
q_side_dish_02,82bf66dc-a09e-420c-b59e-30107004b6c2,39,0.38765468973881867,word_tfidf_v1
q_side_dish_02,74f180db-2ed1-4958-b3c7-8af23c094b21,40,0.38765468973881867,word_tfidf_v1
q_side_dish_03,76a3551b-dae4-4326-92cc-662015aedbfb,1,0.3003792041726124,word_tfidf_v1
q_side_dish_03,c161453d-f2c8-4b97-a2c3-a54e0cbdb7e8,2,0.26213316606145054,word_tfidf_v1
q_side_dish_03,c111ac9d-3f3a-405c-a8db-4d127ccda9e2,3,0.2463832347234763,word_tfidf_v1
q_side_dish_03,24456103-f6b8-46af-8655-82e61d7265d8,4,0.24318271166941832,word_tfidf_v1
q_side_dish_03,2743811c-5e71-4d2b-aa75-1b0147d44f2d,5,0.20847504272390457,word_tfidf_v1
q_side_dish_03,1510630a-6048-429b-8fae-b646ad87cdff,6,0.15874161590216584,word_tfidf_v1
q_side_dish_03,33f1d07a-7a7d-4fe3-91fc-a248891e86d8,7,0.15874161590216584,word_tfidf_v1
q_side_dish_03,8e5b909c-3602-4e5b-a7d4-ecb5553e6ed7,8,0.1576222920951529,word_tfidf_v1
q_side_dish_03,aa0da5a7-b892-4417-92b6-c4d48368ba7d,9,0.15673628903998932,word_tfidf_v1
q_side_dish_03,9b8a7b96-d16f-4406-be01-995f079a5994,10,0.15546060995980293,word_tfidf_v1
q_side_dish_03,204b41cd-53e6-4dc5-9d65-4608c638e12d,11,0.15427926527964897,word_tfidf_v1
q_side_dish_03,d5089369-1891-4707-a5c1-3c5618717a57,12,0.1536042616876245,word_tfidf_v1
q_side_dish_03,1f28d7a5-8a2f-4bf4-a188-4f7f819a3121,13,0.1525589551405607,word_tfidf_v1
q_side_dish_03,1cb5a37a-653b-4305-b818-e8e11077a327,14,0.14898460746810904,word_tfidf_v1
q_side_dish_03,4b729a89-4176-4d25-a35b-d171a8e1575e,15,0.14889761153936318,word_tfidf_v1
q_side_dish_03,9008a3ab-7b65-4bc8-9485-7067a3a54921,16,0.1482492870177186,word_tfidf_v1
q_side_dish_03,7eacdc5e-11d2-4113-a134-a6fff6e16e34,17,0.14745361964119744,word_tfidf_v1
q_side_dish_03,5f4a8966-f5a9-4505-9636-eb631cdb94dc,18,0.14745361964119744,word_tfidf_v1
q_side_dish_03,e4bb3fba-10a1-4cd4-a8ec-6ce9a0d06fa4,19,0.14745361964119744,word_tfidf_v1
q_side_dish_03,8c829eff-e92e-467b-b16e-6f6bc93283ab,20,0.14745361964119744,word_tfidf_v1
q_side_dish_03,8bc63909-e2ea-42b7-8856-377a4c7c6645,21,0.14745361964119744,word_tfidf_v1
q_side_dish_03,ded5c0af-7dfc-4a3f-9a85-f87f7ab12441,22,0.14642486683361494,word_tfidf_v1
q_side_dish_03,c83a1240-fc90-44c3-bda6-61093e7478b1,23,0.14642486683361494,word_tfidf_v1
q_side_dish_03,7c24df41-9cf9-4aa3-8cf4-dbf4a06f69e9,24,0.14497068271918473,word_tfidf_v1
q_side_dish_03,bd3d49b1-c294-49c9-b65a-dae46086e1e4,25,0.14497068271918473,word_tfidf_v1
q_side_dish_03,f1b5d59d-54c8-415d-b89f-9cdeca8827fb,26,0.14497068271918473,word_tfidf_v1
q_side_dish_03,30890df3-24f3-4574-8e78-a01a53296273,27,0.14497068271918473,word_tfidf_v1
q_side_dish_03,ba700003-d433-4456-b281-b42eb7f309a6,28,0.14497068271918473,word_tfidf_v1
q_side_dish_03,40cf4e56-206a-46b6-9fcd-fc3c992c1f5f,29,0.14497068271918473,word_tfidf_v1
q_side_dish_03,f8120578-03c4-4d62-bf22-06b8e5525049,30,0.14497068271918473,word_tfidf_v1
q_side_dish_03,4f92f4ed-eabc-4a21-a8cd-bb0d66279e9b,31,0.14497068271918473,word_tfidf_v1
q_side_dish_03,4658bfbd-42d4-44fb-a444-501a71965109,32,0.14497068271918473,word_tfidf_v1
q_side_dish_03,31896345-eca2-4f2f-a848-d3e86069c408,33,0.14497068271918473,word_tfidf_v1
q_side_dish_03,4e6480e4-404f-413e-a393-f4366640c571,34,0.14497068271918473,word_tfidf_v1
q_side_dish_03,1bc0b5f7-1137-407d-8ccd-6d4bf30f539f,35,0.14497068271918473,word_tfidf_v1
q_side_dish_03,2412aca5-cf5c-4f20-9d72-1b098c7ae2cd,36,0.14497068271918473,word_tfidf_v1
q_side_dish_03,f0fc6a26-f167-4cde-97e4-5fa6665a38a7,37,0.14497068271918473,word_tfidf_v1
q_side_dish_03,c364337f-5d9b-4ddd-88dc-836a1c848d63,38,0.14497068271918473,word_tfidf_v1
q_side_dish_03,1a0003b8-f0c1-4b9f-b563-3174aad152ae,39,0.13893069505380784,word_tfidf_v1
q_side_dish_03,caf0e9b8-250f-4b81-bab4-6499b340d010,40,0.13855233902872535,word_tfidf_v1
q_side_dish_04,aba76fc2-984e-4030-ba01-e2e7d78264c7,1,0.38491687578486217,word_tfidf_v1
q_side_dish_04,f14df4d3-9858-4a8b-8597-20fd477d8e32,2,0.35867561212232973,word_tfidf_v1
q_side_dish_04,282b0e8b-051c-49f9-a707-b982df803589,3,0.3362165820234849,word_tfidf_v1
q_side_dish_04,1510630a-6048-429b-8fae-b646ad87cdff,4,0.21694734241231048,word_tfidf_v1
q_side_dish_04,33f1d07a-7a7d-4fe3-91fc-a248891e86d8,5,0.21694734241231048,word_tfidf_v1
q_side_dish_04,8e5b909c-3602-4e5b-a7d4-ecb5553e6ed7,6,0.21541759658069473,word_tfidf_v1
q_side_dish_04,aa0da5a7-b892-4417-92b6-c4d48368ba7d,7,0.2142067231301851,word_tfidf_v1
q_side_dish_04,9b8a7b96-d16f-4406-be01-995f079a5994,8,0.21246329129824518,word_tfidf_v1
q_side_dish_04,204b41cd-53e6-4dc5-9d65-4608c638e12d,9,0.2108487834240764,word_tfidf_v1
q_side_dish_04,d5089369-1891-4707-a5c1-3c5618717a57,10,0.20992627652772022,word_tfidf_v1
q_side_dish_04,1f28d7a5-8a2f-4bf4-a188-4f7f819a3121,11,0.20849768783594677,word_tfidf_v1
q_side_dish_04,1cb5a37a-653b-4305-b818-e8e11077a327,12,0.203612735493809,word_tfidf_v1
q_side_dish_04,4b729a89-4176-4d25-a35b-d171a8e1575e,13,0.20349384080173447,word_tfidf_v1
q_side_dish_04,9008a3ab-7b65-4bc8-9485-7067a3a54921,14,0.20260779538010915,word_tfidf_v1
q_side_dish_04,8bc63909-e2ea-42b7-8856-377a4c7c6645,15,0.20152038095636515,word_tfidf_v1
q_side_dish_04,5f4a8966-f5a9-4505-9636-eb631cdb94dc,16,0.20152038095636515,word_tfidf_v1
q_side_dish_04,8c829eff-e92e-467b-b16e-6f6bc93283ab,17,0.20152038095636515,word_tfidf_v1
q_side_dish_04,7eacdc5e-11d2-4113-a134-a6fff6e16e34,18,0.20152038095636515,word_tfidf_v1
q_side_dish_04,e4bb3fba-10a1-4cd4-a8ec-6ce9a0d06fa4,19,0.20152038095636515,word_tfidf_v1
q_side_dish_04,ded5c0af-7dfc-4a3f-9a85-f87f7ab12441,20,0.2001144157572848,word_tfidf_v1
q_side_dish_04,c83a1240-fc90-44c3-bda6-61093e7478b1,21,0.2001144157572848,word_tfidf_v1
q_side_dish_04,f1b5d59d-54c8-415d-b89f-9cdeca8827fb,22,0.19812702651968078,word_tfidf_v1
q_side_dish_04,f8120578-03c4-4d62-bf22-06b8e5525049,23,0.19812702651968078,word_tfidf_v1
q_side_dish_04,2412aca5-cf5c-4f20-9d72-1b098c7ae2cd,24,0.19812702651968078,word_tfidf_v1
q_side_dish_04,c364337f-5d9b-4ddd-88dc-836a1c848d63,25,0.19812702651968078,word_tfidf_v1
q_side_dish_04,1bc0b5f7-1137-407d-8ccd-6d4bf30f539f,26,0.19812702651968078,word_tfidf_v1
q_side_dish_04,4f92f4ed-eabc-4a21-a8cd-bb0d66279e9b,27,0.19812702651968078,word_tfidf_v1
q_side_dish_04,7c24df41-9cf9-4aa3-8cf4-dbf4a06f69e9,28,0.19812702651968078,word_tfidf_v1
q_side_dish_04,f0fc6a26-f167-4cde-97e4-5fa6665a38a7,29,0.19812702651968078,word_tfidf_v1
q_side_dish_04,4658bfbd-42d4-44fb-a444-501a71965109,30,0.19812702651968078,word_tfidf_v1
q_side_dish_04,31896345-eca2-4f2f-a848-d3e86069c408,31,0.19812702651968078,word_tfidf_v1
q_side_dish_04,40cf4e56-206a-46b6-9fcd-fc3c992c1f5f,32,0.19812702651968078,word_tfidf_v1
q_side_dish_04,ba700003-d433-4456-b281-b42eb7f309a6,33,0.19812702651968078,word_tfidf_v1
q_side_dish_04,30890df3-24f3-4574-8e78-a01a53296273,34,0.19812702651968078,word_tfidf_v1
q_side_dish_04,bd3d49b1-c294-49c9-b65a-dae46086e1e4,35,0.19812702651968078,word_tfidf_v1
q_side_dish_04,4e6480e4-404f-413e-a393-f4366640c571,36,0.19812702651968078,word_tfidf_v1
q_side_dish_04,1a0003b8-f0c1-4b9f-b563-3174aad152ae,37,0.18987235892820153,word_tfidf_v1
q_side_dish_04,caf0e9b8-250f-4b81-bab4-6499b340d010,38,0.1893552712466832,word_tfidf_v1
q_side_dish_04,1139de72-64f6-480d-ba93-09f3309fec0b,39,0.1748036422333943,word_tfidf_v1
q_side_dish_04,452657c8-df28-47bb-9edb-0e55b9316d3b,40,0.17329667218245057,word_tfidf_v1
q_shoes_01,0a9d199e-da1a-4582-9aff-13ff074e77c7,1,0.6399214175168717,word_tfidf_v1
q_shoes_01,9cd73ef3-ca9c-4815-9b1e-aadd62213ca1,2,0.6399214175168717,word_tfidf_v1
q_shoes_01,5650208c-f39a-4335-a529-bc240f72e218,3,0.42225456008813256,word_tfidf_v1
q_shoes_01,6782a82f-0397-496e-bcf7-68a797023cac,4,0.4192022267438455,word_tfidf_v1
q_shoes_01,9d710b4d-26ba-4af7-b20c-335553fb14e8,5,0.41533789957856415,word_tfidf_v1
q_shoes_01,ab4cba54-3529-49e7-ae7a-1024d311be63,6,0.3762286472857741,word_tfidf_v1
q_shoes_01,c8cefc9e-7e27-4bf7-b68f-434fd48b844a,7,0.3762286472857741,word_tfidf_v1
q_shoes_01,0f81d36e-a320-498e-8cd9-9f29bedb7ef2,8,0.3762286472857741,word_tfidf_v1
q_shoes_01,000fae5b-8595-4041-94fa-5527454e648c,9,0.3762286472857741,word_tfidf_v1
q_shoes_01,c9ee12c5-beab-45b2-8a77-d8edc7451d7a,10,0.3762286472857741,word_tfidf_v1
q_shoes_01,b21cd87a-0bfe-46c7-8fd5-fc2bf103d554,11,0.3762286472857741,word_tfidf_v1
q_shoes_01,8c33e80c-a865-4f07-a62b-8d86495fca15,12,0.3762286472857741,word_tfidf_v1
q_shoes_01,1051e754-75df-4019-bc87-4907b0c80feb,13,0.3762286472857741,word_tfidf_v1
q_shoes_01,e5b96451-ad36-462c-9ad6-2fdfaa6d548d,14,0.3762286472857741,word_tfidf_v1
q_shoes_01,a96839a4-fd3e-43a6-b93b-b1b1454bf749,15,0.3762286472857741,word_tfidf_v1
q_shoes_01,1f68b51f-037a-45f8-90b1-fcffd02c81bb,16,0.3762286472857741,word_tfidf_v1
q_shoes_01,2dad5520-27d1-4996-8f43-22e64628f771,17,0.3762286472857741,word_tfidf_v1
q_shoes_01,20b52dd6-3bb4-446e-b489-adbc6933540c,18,0.3762286472857741,word_tfidf_v1
q_shoes_01,293dffb1-090d-4a9d-b6f1-94c9248308fd,19,0.3762286472857741,word_tfidf_v1
q_shoes_01,0b466db8-6399-4c2d-86c0-960a480ca210,20,0.3762286472857741,word_tfidf_v1
q_shoes_01,07ea5dd5-7e0a-4ca7-9e32-4f973b295302,21,0.3762286472857741,word_tfidf_v1
q_shoes_01,c55301e1-140f-4a49-9a7a-400dc6e36547,22,0.3762286472857741,word_tfidf_v1
q_shoes_01,3386ebc1-b98a-42a6-a8f6-be3f1d56ae5a,23,0.3762286472857741,word_tfidf_v1
q_shoes_01,d0811618-c35a-4a9e-b0ba-5974f95ed44d,24,0.3762286472857741,word_tfidf_v1
q_shoes_01,c045200f-a2d3-44fc-a8b0-bcf81d0037a2,25,0.3762286472857741,word_tfidf_v1
q_shoes_01,87e6ea3e-ab22-4cc0-82e0-5dfebdbe7224,26,0.36942799663535725,word_tfidf_v1
q_shoes_01,f4b9a15c-9f3c-4ad3-9900-ce15f73decff,27,0.3681204924754126,word_tfidf_v1
q_shoes_01,b3d0a541-3d77-49bd-bdc2-11f2761e5342,28,0.3681204924754126,word_tfidf_v1
q_shoes_01,042c8dcd-60d2-4f8e-b7c4-4c125b018685,29,0.3681204924754126,word_tfidf_v1
q_shoes_01,1e7f8901-e8d4-4aa6-8927-05ecc7758fd6,30,0.3681204924754126,word_tfidf_v1
q_shoes_01,fbbb80af-2f6e-4926-9470-914444be5c04,31,0.3681204924754126,word_tfidf_v1
q_shoes_01,b9fd3875-cc79-408a-a4fb-5077bd2249c5,32,0.3681204924754126,word_tfidf_v1
q_shoes_01,36ef7c2c-f43d-45c8-b5e1-03a0ab2bb6fb,33,0.3681204924754126,word_tfidf_v1
q_shoes_01,c01b51ba-06bc-4734-9a23-c0f609084e6a,34,0.3681204924754126,word_tfidf_v1
q_shoes_01,f81afe64-8551-4c59-a4fd-9c9d1b6abdbb,35,0.3668583919654861,word_tfidf_v1
q_shoes_01,7e461e13-b704-4209-98e6-8676b069d32a,36,0.363809166270236,word_tfidf_v1
q_shoes_01,57e8ae5d-6b17-4c61-8a07-6782bf80c0a1,37,0.363809166270236,word_tfidf_v1
q_shoes_01,736d2653-a0aa-4a25-a707-4aadd73bbb4c,38,0.363809166270236,word_tfidf_v1
q_shoes_01,f12d0d92-4ece-44e7-8028-e63fedd53ec1,39,0.363809166270236,word_tfidf_v1
q_shoes_01,676d009d-d085-42aa-adc1-eae469242a14,40,0.36369179018100745,word_tfidf_v1
q_shoes_03,76a3551b-dae4-4326-92cc-662015aedbfb,1,0.30134375058330054,word_tfidf_v1
q_shoes_03,c161453d-f2c8-4b97-a2c3-a54e0cbdb7e8,2,0.26297490077855035,word_tfidf_v1
q_shoes_03,c111ac9d-3f3a-405c-a8db-4d127ccda9e2,3,0.24717439490169457,word_tfidf_v1
q_shoes_03,24456103-f6b8-46af-8655-82e61d7265d8,4,0.2439635946613959,word_tfidf_v1
q_shoes_03,2743811c-5e71-4d2b-aa75-1b0147d44f2d,5,0.20914447606477543,word_tfidf_v1
q_shoes_03,0a9d199e-da1a-4582-9aff-13ff074e77c7,6,0.20294314737049868,word_tfidf_v1
q_shoes_03,9cd73ef3-ca9c-4815-9b1e-aadd62213ca1,7,0.20294314737049868,word_tfidf_v1
q_shoes_03,5650208c-f39a-4335-a529-bc240f72e218,8,0.1339128009628958,word_tfidf_v1
q_shoes_03,6782a82f-0397-496e-bcf7-68a797023cac,9,0.13294479126864736,word_tfidf_v1
q_shoes_03,9d710b4d-26ba-4af7-b20c-335553fb14e8,10,0.13171926779666443,word_tfidf_v1
q_shoes_03,1f68b51f-037a-45f8-90b1-fcffd02c81bb,11,0.11931625309150894,word_tfidf_v1
q_shoes_03,293dffb1-090d-4a9d-b6f1-94c9248308fd,12,0.11931625309150894,word_tfidf_v1
q_shoes_03,07ea5dd5-7e0a-4ca7-9e32-4f973b295302,13,0.11931625309150894,word_tfidf_v1
q_shoes_03,e5b96451-ad36-462c-9ad6-2fdfaa6d548d,14,0.11931625309150894,word_tfidf_v1
q_shoes_03,c9ee12c5-beab-45b2-8a77-d8edc7451d7a,15,0.11931625309150894,word_tfidf_v1
q_shoes_03,20b52dd6-3bb4-446e-b489-adbc6933540c,16,0.11931625309150894,word_tfidf_v1
q_shoes_03,8c33e80c-a865-4f07-a62b-8d86495fca15,17,0.11931625309150894,word_tfidf_v1
q_shoes_03,1051e754-75df-4019-bc87-4907b0c80feb,18,0.11931625309150894,word_tfidf_v1
q_shoes_03,ab4cba54-3529-49e7-ae7a-1024d311be63,19,0.11931625309150894,word_tfidf_v1
q_shoes_03,0f81d36e-a320-498e-8cd9-9f29bedb7ef2,20,0.11931625309150894,word_tfidf_v1
q_shoes_03,b21cd87a-0bfe-46c7-8fd5-fc2bf103d554,21,0.11931625309150894,word_tfidf_v1
q_shoes_03,d0811618-c35a-4a9e-b0ba-5974f95ed44d,22,0.11931625309150894,word_tfidf_v1
q_shoes_03,a96839a4-fd3e-43a6-b93b-b1b1454bf749,23,0.11931625309150894,word_tfidf_v1
q_shoes_03,000fae5b-8595-4041-94fa-5527454e648c,24,0.11931625309150894,word_tfidf_v1
q_shoes_03,c55301e1-140f-4a49-9a7a-400dc6e36547,25,0.11931625309150894,word_tfidf_v1
q_shoes_03,2dad5520-27d1-4996-8f43-22e64628f771,26,0.11931625309150894,word_tfidf_v1
q_shoes_03,0b466db8-6399-4c2d-86c0-960a480ca210,27,0.11931625309150894,word_tfidf_v1
q_shoes_03,3386ebc1-b98a-42a6-a8f6-be3f1d56ae5a,28,0.11931625309150894,word_tfidf_v1
q_shoes_03,c045200f-a2d3-44fc-a8b0-bcf81d0037a2,29,0.11931625309150894,word_tfidf_v1
q_shoes_03,c8cefc9e-7e27-4bf7-b68f-434fd48b844a,30,0.11931625309150894,word_tfidf_v1
q_shoes_03,87e6ea3e-ab22-4cc0-82e0-5dfebdbe7224,31,0.11715951101446095,word_tfidf_v1
q_shoes_03,b3d0a541-3d77-49bd-bdc2-11f2761e5342,32,0.11674485227331609,word_tfidf_v1
q_shoes_03,1e7f8901-e8d4-4aa6-8927-05ecc7758fd6,33,0.11674485227331609,word_tfidf_v1
q_shoes_03,c01b51ba-06bc-4734-9a23-c0f609084e6a,34,0.11674485227331609,word_tfidf_v1
q_shoes_03,042c8dcd-60d2-4f8e-b7c4-4c125b018685,35,0.11674485227331609,word_tfidf_v1
q_shoes_03,fbbb80af-2f6e-4926-9470-914444be5c04,36,0.11674485227331609,word_tfidf_v1
q_shoes_03,f4b9a15c-9f3c-4ad3-9900-ce15f73decff,37,0.11674485227331609,word_tfidf_v1
q_shoes_03,b9fd3875-cc79-408a-a4fb-5077bd2249c5,38,0.11674485227331609,word_tfidf_v1
q_shoes_03,36ef7c2c-f43d-45c8-b5e1-03a0ab2bb6fb,39,0.11674485227331609,word_tfidf_v1
q_shoes_03,f81afe64-8551-4c59-a4fd-9c9d1b6abdbb,40,0.11634459273711195,word_tfidf_v1
q_shoes_04,aba76fc2-984e-4030-ba01-e2e7d78264c7,1,0.3872351733197281,word_tfidf_v1
q_shoes_04,f14df4d3-9858-4a8b-8597-20fd477d8e32,2,0.36083586239897514,word_tfidf_v1
q_shoes_04,282b0e8b-051c-49f9-a707-b982df803589,3,0.3382415648764627,word_tfidf_v1
q_shoes_04,0a9d199e-da1a-4582-9aff-13ff074e77c7,4,0.2781335942456349,word_tfidf_v1
q_shoes_04,9cd73ef3-ca9c-4815-9b1e-aadd62213ca1,5,0.2781335942456349,word_tfidf_v1
q_shoes_04,5650208c-f39a-4335-a529-bc240f72e218,6,0.183527500829155,word_tfidf_v1
q_shoes_04,6782a82f-0397-496e-bcf7-68a797023cac,7,0.18220084349179533,word_tfidf_v1
q_shoes_04,9d710b4d-26ba-4af7-b20c-335553fb14e8,8,0.180521263508379,word_tfidf_v1
q_shoes_04,20b52dd6-3bb4-446e-b489-adbc6933540c,9,0.16352293119648034,word_tfidf_v1
q_shoes_04,c9ee12c5-beab-45b2-8a77-d8edc7451d7a,10,0.16352293119648034,word_tfidf_v1
q_shoes_04,8c33e80c-a865-4f07-a62b-8d86495fca15,11,0.16352293119648034,word_tfidf_v1
q_shoes_04,000fae5b-8595-4041-94fa-5527454e648c,12,0.16352293119648034,word_tfidf_v1
q_shoes_04,c55301e1-140f-4a49-9a7a-400dc6e36547,13,0.16352293119648034,word_tfidf_v1
q_shoes_04,e5b96451-ad36-462c-9ad6-2fdfaa6d548d,14,0.16352293119648034,word_tfidf_v1
q_shoes_04,1f68b51f-037a-45f8-90b1-fcffd02c81bb,15,0.16352293119648034,word_tfidf_v1
q_shoes_04,293dffb1-090d-4a9d-b6f1-94c9248308fd,16,0.16352293119648034,word_tfidf_v1
q_shoes_04,0f81d36e-a320-498e-8cd9-9f29bedb7ef2,17,0.16352293119648034,word_tfidf_v1
q_shoes_04,1051e754-75df-4019-bc87-4907b0c80feb,18,0.16352293119648034,word_tfidf_v1
q_shoes_04,d0811618-c35a-4a9e-b0ba-5974f95ed44d,19,0.16352293119648034,word_tfidf_v1
q_shoes_04,2dad5520-27d1-4996-8f43-22e64628f771,20,0.16352293119648034,word_tfidf_v1
q_shoes_04,0b466db8-6399-4c2d-86c0-960a480ca210,21,0.16352293119648034,word_tfidf_v1
q_shoes_04,c045200f-a2d3-44fc-a8b0-bcf81d0037a2,22,0.16352293119648034,word_tfidf_v1
q_shoes_04,3386ebc1-b98a-42a6-a8f6-be3f1d56ae5a,23,0.16352293119648034,word_tfidf_v1
q_shoes_04,ab4cba54-3529-49e7-ae7a-1024d311be63,24,0.16352293119648034,word_tfidf_v1
q_shoes_04,a96839a4-fd3e-43a6-b93b-b1b1454bf749,25,0.16352293119648034,word_tfidf_v1
q_shoes_04,07ea5dd5-7e0a-4ca7-9e32-4f973b295302,26,0.16352293119648034,word_tfidf_v1
q_shoes_04,b21cd87a-0bfe-46c7-8fd5-fc2bf103d554,27,0.16352293119648034,word_tfidf_v1
q_shoes_04,c8cefc9e-7e27-4bf7-b68f-434fd48b844a,28,0.16352293119648034,word_tfidf_v1
q_shoes_04,87e6ea3e-ab22-4cc0-82e0-5dfebdbe7224,29,0.16056711606538343,word_tfidf_v1
q_shoes_04,b9fd3875-cc79-408a-a4fb-5077bd2249c5,30,0.15999882623862993,word_tfidf_v1
q_shoes_04,042c8dcd-60d2-4f8e-b7c4-4c125b018685,31,0.15999882623862993,word_tfidf_v1
q_shoes_04,b3d0a541-3d77-49bd-bdc2-11f2761e5342,32,0.15999882623862993,word_tfidf_v1
q_shoes_04,fbbb80af-2f6e-4926-9470-914444be5c04,33,0.15999882623862993,word_tfidf_v1
q_shoes_04,36ef7c2c-f43d-45c8-b5e1-03a0ab2bb6fb,34,0.15999882623862993,word_tfidf_v1
q_shoes_04,1e7f8901-e8d4-4aa6-8927-05ecc7758fd6,35,0.15999882623862993,word_tfidf_v1
q_shoes_04,c01b51ba-06bc-4734-9a23-c0f609084e6a,36,0.15999882623862993,word_tfidf_v1
q_shoes_04,f4b9a15c-9f3c-4ad3-9900-ce15f73decff,37,0.15999882623862993,word_tfidf_v1
q_shoes_04,f81afe64-8551-4c59-a4fd-9c9d1b6abdbb,38,0.15945027052301214,word_tfidf_v1
q_shoes_04,f12d0d92-4ece-44e7-8028-e63fedd53ec1,39,0.15812496388524253,word_tfidf_v1
q_shoes_04,736d2653-a0aa-4a25-a707-4aadd73bbb4c,40,0.15812496388524253,word_tfidf_v1
q_fruit_01,d250e4cb-997d-44f8-8d99-5d9505ec8cb4,1,0.6687820979624607,word_tfidf_v1
q_fruit_01,234ee312-05ba-4183-af7a-8a8ac8f25047,2,0.6687820979624607,word_tfidf_v1
q_fruit_01,36fbb793-24e5-4f3f-948e-522b0f86b8b9,3,0.454779008690571,word_tfidf_v1
q_fruit_01,b6843f2b-0cdc-4ea9-8219-8af49e11779d,4,0.44248152020983866,word_tfidf_v1
q_fruit_01,0a616092-c136-486a-be27-0dc7a2116f6f,5,0.4398618159556445,word_tfidf_v1
q_fruit_01,ccc63c2c-1b36-40f1-8e62-09fbe3c7217e,6,0.4278934160661065,word_tfidf_v1
q_fruit_01,26bec8be-7e70-41c6-b463-833aa0224e18,7,0.42432399598699566,word_tfidf_v1
q_fruit_01,33718306-2235-4dc8-980f-6194b2d058b8,8,0.42314552277464845,word_tfidf_v1
q_fruit_01,a794767b-9613-4dc6-a8f8-429ea10e8546,9,0.42314552277464845,word_tfidf_v1
q_fruit_01,0ebab450-c982-4695-9b6e-a7eff5d8d0c5,10,0.42025677973025455,word_tfidf_v1
q_fruit_01,a846d2f2-7cfa-494f-8d7a-56c61bf00d2d,11,0.41616430877672295,word_tfidf_v1
q_fruit_01,07f5dcc1-080d-4db8-807f-7c2904ee20b2,12,0.41616430877672295,word_tfidf_v1
q_fruit_01,31fcc0ce-54c8-480a-a4b7-607597718a2d,13,0.41351682079116475,word_tfidf_v1
q_fruit_01,d5e7658d-de05-4ed1-ae04-73b13b79ddfd,14,0.41324898466605525,word_tfidf_v1
q_fruit_01,6bc9b36a-31f2-49da-8924-672493958b94,15,0.41056618743099976,word_tfidf_v1
q_fruit_01,3847397b-c8df-4285-91bd-f01548bf6a31,16,0.4091284802133237,word_tfidf_v1
q_fruit_01,84de0b35-60d6-46d3-b0aa-79e52ffe213f,17,0.4091284802133237,word_tfidf_v1
q_fruit_01,1732b474-5fd1-4efa-b932-ca82015e604d,18,0.4091284802133237,word_tfidf_v1
q_fruit_01,bb18c45d-9514-47c4-9b16-0ba51cbff6a7,19,0.4091284802133237,word_tfidf_v1
q_fruit_01,9066a406-0030-4259-94ad-e96c0715fe88,20,0.401015424329497,word_tfidf_v1
q_fruit_01,31b0bfe3-cac5-47f0-867d-5552d8f0972a,21,0.39505831770078215,word_tfidf_v1
q_fruit_01,e50663cb-2e0e-4fb8-b139-7bd05c5cfe02,22,0.38902454865688285,word_tfidf_v1
q_fruit_01,f01a3800-a20d-4912-a3a0-302a163478f8,23,0.3782259194037519,word_tfidf_v1
q_fruit_01,8e2ea134-dd75-4c3e-a414-aabf4a50c93e,24,0.3782259194037519,word_tfidf_v1
q_fruit_01,4f5bd719-ba90-4857-9b18-c91599767125,25,0.3782259194037519,word_tfidf_v1
q_fruit_01,566e01b8-53f0-4c08-b88e-486fdfe2749e,26,0.3782259194037519,word_tfidf_v1
q_fruit_01,7098e612-0cae-40fe-acd7-f2ba94eb23b7,27,0.3782259194037519,word_tfidf_v1
q_fruit_01,b4ed9da3-96a4-4270-98f2-2d299fbcc883,28,0.3782259194037519,word_tfidf_v1
q_fruit_01,cffa1555-3472-4bf6-8773-86d5f1f5444f,29,0.3782259194037519,word_tfidf_v1
q_fruit_01,78b151bf-7bc4-4ff4-ae68-dbe01de9c746,30,0.3782259194037519,word_tfidf_v1
q_fruit_01,c8fcb2ea-8750-48e0-823a-5c40f8f0eb05,31,0.3782259194037519,word_tfidf_v1
q_fruit_01,eafcb353-12e7-4b51-bca3-53c5ac1a8c4a,32,0.3782259194037519,word_tfidf_v1
q_fruit_01,e9c484e6-7c6f-447b-ba33-7c6069442634,33,0.3782259194037519,word_tfidf_v1
q_fruit_01,94ddbe5e-a54c-4c41-ad33-106a9391131f,34,0.3782259194037519,word_tfidf_v1
q_fruit_01,23f5706a-cdfe-4775-bf2b-cb06398e1394,35,0.3782259194037519,word_tfidf_v1
q_fruit_01,8610a172-d4b3-4bf0-80a6-edc4d5baa104,36,0.3782259194037519,word_tfidf_v1
q_fruit_01,087412ce-b00a-4ba5-a027-05c22ba6ba0d,37,0.3782259194037519,word_tfidf_v1
q_fruit_01,1cc3727c-675f-479a-9ae4-ccf4acba7e2c,38,0.3782259194037519,word_tfidf_v1
q_fruit_01,6c4ecb59-8fa0-4687-9aa6-3325dff6b130,39,0.3782259194037519,word_tfidf_v1
q_fruit_01,c1e8546e-1a81-4dab-8006-5445de5aaaa8,40,0.3782259194037519,word_tfidf_v1
q_fruit_02,0c51b967-d106-4c6e-b0d8-04bd27020a49,1,0.4879312111162165,word_tfidf_v1
q_fruit_02,fb215998-cd77-4314-b499-d9c728e8154b,2,0.48581776453686054,word_tfidf_v1
q_fruit_02,e8a4c29d-5d25-4811-a090-87aed2bc36ee,3,0.4805574584970485,word_tfidf_v1
q_fruit_02,f94dd518-390d-47c1-87aa-5fc4d38b7874,4,0.47634777329167627,word_tfidf_v1
q_fruit_02,6ecca49a-1c56-4208-85ae-09ffcec68a59,5,0.4267825625760138,word_tfidf_v1
q_fruit_02,0ea17dbf-5a19-4500-8908-6cb43d06d379,6,0.41339026543911234,word_tfidf_v1
q_fruit_02,8254ee28-2e67-43e5-b4c0-636e93b40e8e,7,0.41339026543911234,word_tfidf_v1
q_fruit_02,f9ab6de9-0184-454d-86c5-23a88168a097,8,0.40915767421236143,word_tfidf_v1
q_fruit_02,1b83b65d-17a6-44a2-94ab-8f427981b5b2,9,0.40915767421236143,word_tfidf_v1
q_fruit_02,8f946e74-01a0-4398-ba23-0be1753be83b,10,0.40915767421236143,word_tfidf_v1
q_fruit_02,6ae4a4cd-a62e-4343-bf1c-f6f39057db18,11,0.4089016705700479,word_tfidf_v1
q_fruit_02,1f4b070e-e4e9-48d9-aabc-fc433c771921,12,0.4089016705700479,word_tfidf_v1
q_fruit_02,5ddd768f-5c2c-4fbf-84dd-b76040d0afcf,13,0.4066382231277205,word_tfidf_v1
q_fruit_02,7446df10-8eda-4a0e-a6ec-c5bbd7240a3f,14,0.405538678670719,word_tfidf_v1
q_fruit_02,97cb4d4b-3cd4-42fd-a5c6-72592182f7bd,15,0.405538678670719,word_tfidf_v1
q_fruit_02,2d2d83bd-c95c-4e9e-b583-bd223bdf6c8c,16,0.405538678670719,word_tfidf_v1
q_fruit_02,263fe663-fc1d-4063-a2bf-0245bc21e627,17,0.405538678670719,word_tfidf_v1
q_fruit_02,b69c5167-999d-4d4d-877a-a6894bbdffe5,18,0.405538678670719,word_tfidf_v1
q_fruit_02,6bf208bd-75d7-44da-ad65-3787dcc1f50a,19,0.4038131110866291,word_tfidf_v1
q_fruit_02,aab5cef5-67b4-4e83-ab04-ebb6e2d0bbd4,20,0.4038131110866291,word_tfidf_v1
q_fruit_02,2c06bafc-5a4a-46b4-9a9b-3a6f04ae1dcb,21,0.40229713891212043,word_tfidf_v1
q_fruit_02,0eac7a08-1d82-4b56-8015-6a88c1ef20ce,22,0.40229713891212043,word_tfidf_v1
q_fruit_02,6e662876-68a1-46ec-a053-d9d16e1caf6b,23,0.3995726966186423,word_tfidf_v1
q_fruit_02,13b21326-7304-465d-b4d9-d4b223ed808c,24,0.39939078474890816,word_tfidf_v1
q_fruit_02,82a2613b-17c7-49f0-8313-4c9dc62b7eb9,25,0.3982397370668382,word_tfidf_v1
q_fruit_02,f7121e8c-6a42-4a6f-97ce-eb88b5854be0,26,0.39751947295172596,word_tfidf_v1
q_fruit_02,8e9949f1-ed5c-4082-8900-922b7ad6fc1f,27,0.39751947295172596,word_tfidf_v1
q_fruit_02,74ea2268-d71c-475f-96bf-33863748e21e,28,0.3962187262417198,word_tfidf_v1
q_fruit_02,807e0c0e-4308-4190-adf1-d47e8738ce0e,29,0.3959758997423365,word_tfidf_v1
q_fruit_02,5c0d590b-1fc8-4af2-abef-587f72a0171b,30,0.3959758997423365,word_tfidf_v1
q_fruit_02,4c257abf-1987-4522-a368-62feba5c0ee7,31,0.3959758997423365,word_tfidf_v1
q_fruit_02,e4c20376-c116-4910-bd1b-d5ee925bedbc,32,0.3959758997423365,word_tfidf_v1
q_fruit_02,b5263fa3-98a1-4812-a523-aa222a1a66ca,33,0.3959758997423365,word_tfidf_v1
q_fruit_02,d684b3c5-5a92-4be9-980b-e606b597a2c4,34,0.39545318345976976,word_tfidf_v1
q_fruit_02,7ca0c6b5-d6db-48a4-9faa-b58dde475676,35,0.39545318345976976,word_tfidf_v1
q_fruit_02,13f59ca7-17aa-485e-a151-09a29f0ea875,36,0.39502663613190653,word_tfidf_v1
q_fruit_02,7ef764e5-19bc-4b6d-b8c2-526f83b08de1,37,0.39502663613190653,word_tfidf_v1
q_fruit_02,e6cb0055-fa56-4c4e-96a6-5a3f710b2ac9,38,0.39502663613190653,word_tfidf_v1
q_fruit_02,debc29f8-083f-4447-881b-62b8023a1596,39,0.3936850691158415,word_tfidf_v1
q_fruit_02,d3286e29-5228-4f67-a01a-65b3006052ae,40,0.3933927842658577,word_tfidf_v1
q_fruit_03,76a3551b-dae4-4326-92cc-662015aedbfb,1,0.3029104932313595,word_tfidf_v1
q_fruit_03,c161453d-f2c8-4b97-a2c3-a54e0cbdb7e8,2,0.2643421565839928,word_tfidf_v1
q_fruit_03,c111ac9d-3f3a-405c-a8db-4d127ccda9e2,3,0.24845950091517932,word_tfidf_v1
q_fruit_03,24456103-f6b8-46af-8655-82e61d7265d8,4,0.24523200712254667,word_tfidf_v1
q_fruit_03,2743811c-5e71-4d2b-aa75-1b0147d44f2d,5,0.21023185740128023,word_tfidf_v1
q_fruit_03,d250e4cb-997d-44f8-8d99-5d9505ec8cb4,6,0.2019671046558233,word_tfidf_v1
q_fruit_03,234ee312-05ba-4183-af7a-8a8ac8f25047,7,0.2019671046558233,word_tfidf_v1
q_fruit_03,36fbb793-24e5-4f3f-948e-522b0f86b8b9,8,0.13733980009829116,word_tfidf_v1
q_fruit_03,b6843f2b-0cdc-4ea9-8219-8af49e11779d,9,0.1336260521517496,word_tfidf_v1
q_fruit_03,0a616092-c136-486a-be27-0dc7a2116f6f,10,0.1328349214009623,word_tfidf_v1
q_fruit_03,ccc63c2c-1b36-40f1-8e62-09fbe3c7217e,11,0.12922055570484473,word_tfidf_v1
q_fruit_03,26bec8be-7e70-41c6-b463-833aa0224e18,12,0.12814261800155585,word_tfidf_v1
q_fruit_03,33718306-2235-4dc8-980f-6194b2d058b8,13,0.12778672805872193,word_tfidf_v1
q_fruit_03,a794767b-9613-4dc6-a8f8-429ea10e8546,14,0.12778672805872193,word_tfidf_v1
q_fruit_03,0ebab450-c982-4695-9b6e-a7eff5d8d0c5,15,0.12691434964047718,word_tfidf_v1
q_fruit_03,a846d2f2-7cfa-494f-8d7a-56c61bf00d2d,16,0.12567845455313706,word_tfidf_v1
q_fruit_03,07f5dcc1-080d-4db8-807f-7c2904ee20b2,17,0.12567845455313706,word_tfidf_v1
q_fruit_03,31fcc0ce-54c8-480a-a4b7-607597718a2d,18,0.12487893332689114,word_tfidf_v1
q_fruit_03,d5e7658d-de05-4ed1-ae04-73b13b79ddfd,19,0.12479804885513957,word_tfidf_v1
q_fruit_03,6bc9b36a-31f2-49da-8924-672493958b94,20,0.12398786450422229,word_tfidf_v1
q_fruit_03,1732b474-5fd1-4efa-b932-ca82015e604d,21,0.12355368786435489,word_tfidf_v1
q_fruit_03,bb18c45d-9514-47c4-9b16-0ba51cbff6a7,22,0.12355368786435489,word_tfidf_v1
q_fruit_03,3847397b-c8df-4285-91bd-f01548bf6a31,23,0.12355368786435489,word_tfidf_v1
q_fruit_03,84de0b35-60d6-46d3-b0aa-79e52ffe213f,24,0.12355368786435489,word_tfidf_v1
q_fruit_03,9066a406-0030-4259-94ad-e96c0715fe88,25,0.12110360672169346,word_tfidf_v1
q_fruit_03,31b0bfe3-cac5-47f0-867d-5552d8f0972a,26,0.11930460584892327,word_tfidf_v1
q_fruit_03,e50663cb-2e0e-4fb8-b139-7bd05c5cfe02,27,0.11748245351011069,word_tfidf_v1
q_fruit_03,20441f89-33d3-48ab-8cd1-46d4e6234f5e,28,0.11422134964511317,word_tfidf_v1
q_fruit_03,8e2ea134-dd75-4c3e-a414-aabf4a50c93e,29,0.11422134964511317,word_tfidf_v1
q_fruit_03,f01a3800-a20d-4912-a3a0-302a163478f8,30,0.11422134964511317,word_tfidf_v1
q_fruit_03,c1e8546e-1a81-4dab-8006-5445de5aaaa8,31,0.11422134964511317,word_tfidf_v1
q_fruit_03,9af8442a-5c12-4f82-9c90-185f97336ff3,32,0.11422134964511317,word_tfidf_v1
q_fruit_03,0c795edf-76c3-43a6-b999-2bdef777490f,33,0.11422134964511317,word_tfidf_v1
q_fruit_03,247ddfde-cc23-4451-a254-bc0ee1931a6d,34,0.11422134964511317,word_tfidf_v1
q_fruit_03,b2320054-86cb-47ac-a68f-7a5c9398c496,35,0.11422134964511317,word_tfidf_v1
q_fruit_03,83642241-2532-497b-8842-d9d85eced4ec,36,0.11422134964511317,word_tfidf_v1
q_fruit_03,641ee759-cac7-4812-ab2f-7b399371f880,37,0.11422134964511317,word_tfidf_v1
q_fruit_03,e9c484e6-7c6f-447b-ba33-7c6069442634,38,0.11422134964511317,word_tfidf_v1
q_fruit_03,6c4ecb59-8fa0-4687-9aa6-3325dff6b130,39,0.11422134964511317,word_tfidf_v1
q_fruit_03,8610a172-d4b3-4bf0-80a6-edc4d5baa104,40,0.11422134964511317,word_tfidf_v1
q_fruit_04,aba76fc2-984e-4030-ba01-e2e7d78264c7,1,0.3910428563999828,word_tfidf_v1
q_fruit_04,f14df4d3-9858-4a8b-8597-20fd477d8e32,2,0.3643839610807838,word_tfidf_v1
q_fruit_04,282b0e8b-051c-49f9-a707-b982df803589,3,0.3415674938528461,word_tfidf_v1
q_fruit_04,234ee312-05ba-4183-af7a-8a8ac8f25047,4,0.27807191373323725,word_tfidf_v1
q_fruit_04,d250e4cb-997d-44f8-8d99-5d9505ec8cb4,5,0.27807191373323725,word_tfidf_v1
q_fruit_04,36fbb793-24e5-4f3f-948e-522b0f86b8b9,6,0.18909188756333903,word_tfidf_v1
q_fruit_04,b6843f2b-0cdc-4ea9-8219-8af49e11779d,7,0.1839787331198096,word_tfidf_v1
q_fruit_04,0a616092-c136-486a-be27-0dc7a2116f6f,8,0.182889490184632,word_tfidf_v1
q_fruit_04,ccc63c2c-1b36-40f1-8e62-09fbe3c7217e,9,0.1779131669969331,word_tfidf_v1
q_fruit_04,26bec8be-7e70-41c6-b463-833aa0224e18,10,0.17642904313156627,word_tfidf_v1
q_fruit_04,a794767b-9613-4dc6-a8f8-429ea10e8546,11,0.175939047507522,word_tfidf_v1
q_fruit_04,33718306-2235-4dc8-980f-6194b2d058b8,12,0.175939047507522,word_tfidf_v1
q_fruit_04,0ebab450-c982-4695-9b6e-a7eff5d8d0c5,13,0.17473794133394846,word_tfidf_v1
q_fruit_04,07f5dcc1-080d-4db8-807f-7c2904ee20b2,14,0.17303633892351716,word_tfidf_v1
q_fruit_04,a846d2f2-7cfa-494f-8d7a-56c61bf00d2d,15,0.17303633892351716,word_tfidf_v1
q_fruit_04,31fcc0ce-54c8-480a-a4b7-607597718a2d,16,0.17193554383200255,word_tfidf_v1
q_fruit_04,d5e7658d-de05-4ed1-ae04-73b13b79ddfd,17,0.1718241806479356,word_tfidf_v1
q_fruit_04,6bc9b36a-31f2-49da-8924-672493958b94,18,0.17070870437609315,word_tfidf_v1
q_fruit_04,3847397b-c8df-4285-91bd-f01548bf6a31,19,0.1701109222305703,word_tfidf_v1
q_fruit_04,1732b474-5fd1-4efa-b932-ca82015e604d,20,0.1701109222305703,word_tfidf_v1
q_fruit_04,84de0b35-60d6-46d3-b0aa-79e52ffe213f,21,0.1701109222305703,word_tfidf_v1
q_fruit_04,bb18c45d-9514-47c4-9b16-0ba51cbff6a7,22,0.1701109222305703,word_tfidf_v1
q_fruit_04,9066a406-0030-4259-94ad-e96c0715fe88,23,0.1667376067923825,word_tfidf_v1
q_fruit_04,31b0bfe3-cac5-47f0-867d-5552d8f0972a,24,0.16426071028811534,word_tfidf_v1
q_fruit_04,e50663cb-2e0e-4fb8-b139-7bd05c5cfe02,25,0.16175193843226995,word_tfidf_v1
q_fruit_04,cffa1555-3472-4bf6-8773-86d5f1f5444f,26,0.1572619924375098,word_tfidf_v1
q_fruit_04,83642241-2532-497b-8842-d9d85eced4ec,27,0.1572619924375098,word_tfidf_v1
q_fruit_04,4f5bd719-ba90-4857-9b18-c91599767125,28,0.1572619924375098,word_tfidf_v1
q_fruit_04,247ddfde-cc23-4451-a254-bc0ee1931a6d,29,0.1572619924375098,word_tfidf_v1
q_fruit_04,566e01b8-53f0-4c08-b88e-486fdfe2749e,30,0.1572619924375098,word_tfidf_v1
q_fruit_04,a62b5bea-dba1-4b87-bba8-b5b8ce17a9a7,31,0.1572619924375098,word_tfidf_v1
q_fruit_04,1b2f8dfa-76a8-44ec-ae91-0edfb77f7aaa,32,0.1572619924375098,word_tfidf_v1
q_fruit_04,c1e8546e-1a81-4dab-8006-5445de5aaaa8,33,0.1572619924375098,word_tfidf_v1
q_fruit_04,94ddbe5e-a54c-4c41-ad33-106a9391131f,34,0.1572619924375098,word_tfidf_v1
q_fruit_04,087412ce-b00a-4ba5-a027-05c22ba6ba0d,35,0.1572619924375098,word_tfidf_v1
q_fruit_04,23f5706a-cdfe-4775-bf2b-cb06398e1394,36,0.1572619924375098,word_tfidf_v1
q_fruit_04,b4ed9da3-96a4-4270-98f2-2d299fbcc883,37,0.1572619924375098,word_tfidf_v1
q_fruit_04,e9c484e6-7c6f-447b-ba33-7c6069442634,38,0.1572619924375098,word_tfidf_v1
q_fruit_04,8610a172-d4b3-4bf0-80a6-edc4d5baa104,39,0.1572619924375098,word_tfidf_v1
q_fruit_04,c8fcb2ea-8750-48e0-823a-5c40f8f0eb05,40,0.1572619924375098,word_tfidf_v1
q_vegetable_01,cb85d4c6-1179-419e-833a-a803adff67ee,1,0.4210444796405418,word_tfidf_v1
q_vegetable_01,ab7dd5cc-97d9-477c-89bc-6f2868c828d1,2,0.39296081739865024,word_tfidf_v1
q_vegetable_01,ef458615-5cd6-46d2-9060-432c55f325d8,3,0.39296081739865024,word_tfidf_v1
q_vegetable_01,d7ba6209-f2bc-4dd0-baba-f9b869bd5ee6,4,0.39296081739865024,word_tfidf_v1
q_vegetable_01,38fda274-dad2-4cc2-8462-0c7c872628c8,5,0.39296081739865024,word_tfidf_v1
q_vegetable_01,9ac244b8-9fc1-4477-adfd-13882109a6b1,6,0.39296081739865024,word_tfidf_v1
q_vegetable_01,bd019565-279e-4885-a9e9-8710ba8ce2c0,7,0.39296081739865024,word_tfidf_v1
q_vegetable_01,1631e5ef-55ef-400b-afa0-a6379ee0c93a,8,0.39296081739865024,word_tfidf_v1
q_vegetable_01,19f80ad5-7c10-4c16-bff4-8218962d912e,9,0.389447445567288,word_tfidf_v1
q_vegetable_01,f9b5b9dd-654d-4edd-9c8f-13716cee3e9d,10,0.38352378196536685,word_tfidf_v1
q_vegetable_01,8560e342-8e93-413a-bb3e-3617e6fb496c,11,0.38352378196536685,word_tfidf_v1
q_vegetable_01,9174154b-b080-4623-881f-4b9843b13400,12,0.38352378196536685,word_tfidf_v1
q_vegetable_01,dd295f14-b477-4838-8d73-2e8c98c80fd5,13,0.38352378196536685,word_tfidf_v1
q_vegetable_01,13c1bdc0-9bb0-4f9d-8b02-2b5865190f0e,14,0.38352378196536685,word_tfidf_v1
q_vegetable_01,9dd34df2-6ad5-4181-ae5c-ad03fb6a14dd,15,0.3814279469446585,word_tfidf_v1
q_vegetable_01,eb6346be-6954-44fb-bbe5-653d2b6113c6,16,0.3814279469446585,word_tfidf_v1
q_vegetable_01,2de2bd43-1d82-4700-b2b7-8091b92a55c4,17,0.3814279469446585,word_tfidf_v1
q_vegetable_01,54ca1645-4cb0-4ec6-8043-3767c616eb16,18,0.3814279469446585,word_tfidf_v1
q_vegetable_01,e6314d4a-d954-48eb-b17a-3a06f04622e7,19,0.3814279469446585,word_tfidf_v1
q_vegetable_01,41931a9a-c977-4172-8d97-992fc461c233,20,0.378798477989091,word_tfidf_v1
q_vegetable_01,ee64db6b-6b64-4d05-9bcb-5c8946a9a463,21,0.378798477989091,word_tfidf_v1
q_vegetable_01,cd179f43-3d1b-4fae-b8f4-2019a7cbf45e,22,0.378798477989091,word_tfidf_v1
q_vegetable_01,28cd71cb-d1c0-42b1-91c0-9c2b303155b8,23,0.378798477989091,word_tfidf_v1
q_vegetable_01,d9b9a968-0578-4e50-ba4a-5d0c0ea8aa06,24,0.378798477989091,word_tfidf_v1
q_vegetable_01,a723a32a-cdff-4bd3-a096-38bcaeac6989,25,0.37402535300716333,word_tfidf_v1
q_vegetable_01,6e0494c5-495b-4a8d-8de2-ecc6ab7d1744,26,0.37402535300716333,word_tfidf_v1
q_vegetable_01,c27af181-a924-4d29-810b-f49578bef2b7,27,0.37402535300716333,word_tfidf_v1
q_vegetable_01,3fde8481-3816-4c57-8e33-bfd1ab03783b,28,0.37402535300716333,word_tfidf_v1
q_vegetable_01,98f0ab8f-97a8-430a-bbf0-8812a6fdbe7f,29,0.37365096382562824,word_tfidf_v1
q_vegetable_01,5d021e59-db79-46a5-8451-b7dea60849b9,30,0.37365096382562824,word_tfidf_v1
q_vegetable_01,56561e51-bf39-4317-b000-140dc8c64e38,31,0.37141225465654687,word_tfidf_v1
q_vegetable_01,c587805a-64c7-4032-90a2-1531a5cd1085,32,0.37141225465654687,word_tfidf_v1
q_vegetable_01,fcc4f6e6-bdce-44b7-85d2-f86770970597,33,0.37126419776617,word_tfidf_v1
q_vegetable_01,19e67eb5-1906-430e-b7cf-ff1f93875af2,34,0.37126419776617,word_tfidf_v1
q_vegetable_01,3a362978-0a57-452a-a5b8-a4db80c8672d,35,0.37126419776617,word_tfidf_v1
q_vegetable_01,c45555c4-dc1b-41a2-bcda-18ac0e5ed034,36,0.37126419776617,word_tfidf_v1
q_vegetable_01,2ab80a52-3a34-4399-9dae-c7ffae49cee0,37,0.3689317799492001,word_tfidf_v1
q_vegetable_01,2541bf62-ab8e-4c0f-a7eb-66fcbf5913d1,38,0.3689317799492001,word_tfidf_v1
q_vegetable_01,4455fdcc-2d7b-498f-bfd4-fea75448074c,39,0.3682751991620395,word_tfidf_v1
q_vegetable_01,81dea512-73e0-4bdc-a5b3-6cec4531ec76,40,0.3682751991620395,word_tfidf_v1
q_vegetable_02,bbe5cca7-e37a-44f6-a94a-94e0dd85243e,1,0.6395838380047201,word_tfidf_v1
q_vegetable_02,45629af1-7f77-40b6-baaf-c8f833278a94,2,0.6020250661099328,word_tfidf_v1
q_vegetable_02,9dbe0617-8eba-4b00-b2c1-63f46a410bcf,3,0.5325466078049775,word_tfidf_v1
q_vegetable_02,7c8050e5-ae3e-4e86-9a04-af76b4619b75,4,0.4521922685679259,word_tfidf_v1
q_vegetable_02,bce0ff4d-8e8b-4a27-8693-fa2127904e47,5,0.43789030771897514,word_tfidf_v1
q_vegetable_02,c50fb70f-de10-490a-b1b5-04eb3509718c,6,0.3682330784799459,word_tfidf_v1
q_vegetable_02,200f925a-5372-40fc-bef6-7121cda3f85d,7,0.3509494898101723,word_tfidf_v1
q_vegetable_03,0174d58f-3182-48ce-9bb7-0818d21a6763,1,0.31661021053797916,word_tfidf_v1
q_vegetable_03,76a3551b-dae4-4326-92cc-662015aedbfb,2,0.3013997368679124,word_tfidf_v1
q_vegetable_03,c161453d-f2c8-4b97-a2c3-a54e0cbdb7e8,3,0.2630237585617705,word_tfidf_v1
q_vegetable_03,c111ac9d-3f3a-405c-a8db-4d127ccda9e2,4,0.2472203171283707,word_tfidf_v1
q_vegetable_03,24456103-f6b8-46af-8655-82e61d7265d8,5,0.2440089203574463,word_tfidf_v1
q_vegetable_03,2743811c-5e71-4d2b-aa75-1b0147d44f2d,6,0.2091833327596274,word_tfidf_v1
q_vegetable_03,7fdbfbd2-930f-4329-a225-ca7b797e3274,7,0.20728201157894208,word_tfidf_v1
q_vegetable_03,f3539f44-25e6-4272-9151-40710d2a1e81,8,0.1381145104257746,word_tfidf_v1
q_vegetable_03,cf5d0c45-d9f1-4aa2-80a7-7e2f603b9b62,9,0.1378517406750873,word_tfidf_v1
q_vegetable_03,cca58370-ec22-4be6-8ceb-a1c4d990af36,10,0.13724347975727075,word_tfidf_v1
q_vegetable_03,651acbd2-2e15-476d-8198-dc2227854d2f,11,0.13653449110112023,word_tfidf_v1
q_vegetable_03,8dac30b5-783c-4f90-964b-b5384fe436df,12,0.13386836632831595,word_tfidf_v1
q_vegetable_03,82bf2105-0a85-4fe7-8777-8f049077d57f,13,0.13260866393344314,word_tfidf_v1
q_vegetable_03,be798674-992b-461a-997f-4b62483bc8bf,14,0.12935407805154803,word_tfidf_v1
q_vegetable_03,30c729cc-f578-48a6-9b55-08219c4f38db,15,0.12846213495593006,word_tfidf_v1
q_vegetable_03,6684b231-e4c5-47b5-b2e2-6b0ef23ee2f9,16,0.12493173237791226,word_tfidf_v1
q_vegetable_03,0848a3c5-f008-4d16-9ceb-3f90198c778e,17,0.12324935631894715,word_tfidf_v1
q_vegetable_03,d9ce4406-658b-4627-9a88-ad8edf6f48f3,18,0.1207901916366398,word_tfidf_v1
q_vegetable_03,fa58ec96-37a4-42b1-aa86-b963e177fc41,19,0.1207901916366398,word_tfidf_v1
q_vegetable_03,42374bae-8bcb-44a4-a1d1-d0f13d0c80a6,20,0.1207901916366398,word_tfidf_v1
q_vegetable_03,f9a05a06-308b-44c7-bfe4-94809ccd18a9,21,0.1207901916366398,word_tfidf_v1
q_vegetable_03,23d892f6-9c79-479f-903d-4118c0a58dce,22,0.1207901916366398,word_tfidf_v1
q_vegetable_03,fd2a5cfb-f273-4717-a20e-73320d38f2e4,23,0.1207901916366398,word_tfidf_v1
q_vegetable_03,f4e6430b-f172-4b2a-ba13-43a66ac9fe5a,24,0.1207901916366398,word_tfidf_v1
q_vegetable_03,dee139c8-1438-4fce-a3fc-07929e3c97ee,25,0.1207901916366398,word_tfidf_v1
q_vegetable_03,9b495bd1-9560-4f4f-91a4-6e480408fcde,26,0.1207901916366398,word_tfidf_v1
q_vegetable_03,fbcc3687-4672-4de3-ae9e-1a8c75592d8c,27,0.1207901916366398,word_tfidf_v1
q_vegetable_03,f65cf9a8-b9b6-4bf0-9e0e-5e0c756573ed,28,0.1207901916366398,word_tfidf_v1
q_vegetable_03,5add9733-421e-4bf0-b833-8b02358c3b28,29,0.1207901916366398,word_tfidf_v1
q_vegetable_03,8e625ac8-f327-478c-9244-7f753603e3b4,30,0.1207901916366398,word_tfidf_v1
q_vegetable_03,e94f5f02-ffaf-47ef-8545-3475b1036d35,31,0.1207901916366398,word_tfidf_v1
q_vegetable_03,92098ee0-d8cb-4f26-8676-dafd46278e01,32,0.1207901916366398,word_tfidf_v1
q_vegetable_03,ebf0567f-5762-4177-966f-33ae52eb775b,33,0.1207901916366398,word_tfidf_v1
q_vegetable_03,5d0f6b99-88aa-4f54-aef6-4cca81d1c163,34,0.1207901916366398,word_tfidf_v1
q_vegetable_03,0700b2fe-2a31-412d-98a5-a551eb7fbcda,35,0.1207901916366398,word_tfidf_v1
q_vegetable_03,9f974145-dc5c-490d-9438-2d402ed3909d,36,0.1207901916366398,word_tfidf_v1
q_vegetable_03,acac3728-a89d-4048-a163-ec8f27ba50a0,37,0.1207901916366398,word_tfidf_v1
q_vegetable_03,78b83dcc-b9e0-41c2-bf57-021dc7145ffd,38,0.1207901916366398,word_tfidf_v1
q_vegetable_03,e297c733-a8a0-4833-bbca-0943aa6d0018,39,0.12062709330118092,word_tfidf_v1
q_vegetable_03,57ca2957-ce06-4a54-b60d-72cf59cf419c,40,0.12062709330118092,word_tfidf_v1
q_vegetable_04,aba76fc2-984e-4030-ba01-e2e7d78264c7,1,0.3841858679018855,word_tfidf_v1
q_vegetable_04,f14df4d3-9858-4a8b-8597-20fd477d8e32,2,0.357994439857907,word_tfidf_v1
q_vegetable_04,282b0e8b-051c-49f9-a707-b982df803589,3,0.3355780624175428,word_tfidf_v1
q_vegetable_04,cb85d4c6-1179-419e-833a-a803adff67ee,4,0.1890640115994667,word_tfidf_v1
q_vegetable_04,bd019565-279e-4885-a9e9-8710ba8ce2c0,5,0.17645344406895433,word_tfidf_v1
q_vegetable_04,38fda274-dad2-4cc2-8462-0c7c872628c8,6,0.17645344406895433,word_tfidf_v1
q_vegetable_04,1631e5ef-55ef-400b-afa0-a6379ee0c93a,7,0.17645344406895433,word_tfidf_v1
q_vegetable_04,d7ba6209-f2bc-4dd0-baba-f9b869bd5ee6,8,0.17645344406895433,word_tfidf_v1
q_vegetable_04,9ac244b8-9fc1-4477-adfd-13882109a6b1,9,0.17645344406895433,word_tfidf_v1
q_vegetable_04,ef458615-5cd6-46d2-9060-432c55f325d8,10,0.17645344406895433,word_tfidf_v1
q_vegetable_04,ab7dd5cc-97d9-477c-89bc-6f2868c828d1,11,0.17645344406895433,word_tfidf_v1
q_vegetable_04,19f80ad5-7c10-4c16-bff4-8218962d912e,12,0.17487581461459123,word_tfidf_v1
q_vegetable_04,f9b5b9dd-654d-4edd-9c8f-13716cee3e9d,13,0.17221587805657937,word_tfidf_v1
q_vegetable_04,8560e342-8e93-413a-bb3e-3617e6fb496c,14,0.17221587805657937,word_tfidf_v1
q_vegetable_04,dd295f14-b477-4838-8d73-2e8c98c80fd5,15,0.17221587805657937,word_tfidf_v1
q_vegetable_04,13c1bdc0-9bb0-4f9d-8b02-2b5865190f0e,16,0.17221587805657937,word_tfidf_v1
q_vegetable_04,9174154b-b080-4623-881f-4b9843b13400,17,0.17221587805657937,word_tfidf_v1
q_vegetable_04,eb6346be-6954-44fb-bbe5-653d2b6113c6,18,0.17127477326640597,word_tfidf_v1
q_vegetable_04,e6314d4a-d954-48eb-b17a-3a06f04622e7,19,0.17127477326640597,word_tfidf_v1
q_vegetable_04,2de2bd43-1d82-4700-b2b7-8091b92a55c4,20,0.17127477326640597,word_tfidf_v1
q_vegetable_04,9dd34df2-6ad5-4181-ae5c-ad03fb6a14dd,21,0.17127477326640597,word_tfidf_v1
q_vegetable_04,54ca1645-4cb0-4ec6-8043-3767c616eb16,22,0.17127477326640597,word_tfidf_v1
q_vegetable_04,28cd71cb-d1c0-42b1-91c0-9c2b303155b8,23,0.17009404777740236,word_tfidf_v1
q_vegetable_04,ee64db6b-6b64-4d05-9bcb-5c8946a9a463,24,0.17009404777740236,word_tfidf_v1
q_vegetable_04,41931a9a-c977-4172-8d97-992fc461c233,25,0.17009404777740236,word_tfidf_v1
q_vegetable_04,d9b9a968-0578-4e50-ba4a-5d0c0ea8aa06,26,0.17009404777740236,word_tfidf_v1
q_vegetable_04,cd179f43-3d1b-4fae-b8f4-2019a7cbf45e,27,0.17009404777740236,word_tfidf_v1
q_vegetable_04,c27af181-a924-4d29-810b-f49578bef2b7,28,0.16795074415846095,word_tfidf_v1
q_vegetable_04,3fde8481-3816-4c57-8e33-bfd1ab03783b,29,0.16795074415846095,word_tfidf_v1
q_vegetable_04,a723a32a-cdff-4bd3-a096-38bcaeac6989,30,0.16795074415846095,word_tfidf_v1
q_vegetable_04,6e0494c5-495b-4a8d-8de2-ecc6ab7d1744,31,0.16795074415846095,word_tfidf_v1
q_vegetable_04,98f0ab8f-97a8-430a-bbf0-8812a6fdbe7f,32,0.16778263004229704,word_tfidf_v1
q_vegetable_04,5d021e59-db79-46a5-8451-b7dea60849b9,33,0.16778263004229704,word_tfidf_v1
q_vegetable_04,56561e51-bf39-4317-b000-140dc8c64e38,34,0.16677736965585904,word_tfidf_v1
q_vegetable_04,c587805a-64c7-4032-90a2-1531a5cd1085,35,0.16677736965585904,word_tfidf_v1
q_vegetable_04,19e67eb5-1906-430e-b7cf-ff1f93875af2,36,0.16671088682330062,word_tfidf_v1
q_vegetable_04,c45555c4-dc1b-41a2-bcda-18ac0e5ed034,37,0.16671088682330062,word_tfidf_v1
q_vegetable_04,fcc4f6e6-bdce-44b7-85d2-f86770970597,38,0.16671088682330062,word_tfidf_v1
q_vegetable_04,3a362978-0a57-452a-a5b8-a4db80c8672d,39,0.16671088682330062,word_tfidf_v1
q_vegetable_04,2ab80a52-3a34-4399-9dae-c7ffae49cee0,40,0.16566354790656937,word_tfidf_v1
q_seafood_01,35f30d35-05c3-4dea-8e20-e2d3e59f1663,1,0.36558129141174023,word_tfidf_v1
q_seafood_01,370ee592-00d8-4d50-854e-1417f0f0d838,2,0.36368574814427257,word_tfidf_v1
q_seafood_01,0d85c4c2-aa3d-483a-9875-297ffd5e0d98,3,0.36227382444670714,word_tfidf_v1
q_seafood_01,c74e3b87-89db-4284-be87-ffaf30cb0001,4,0.3513768173006033,word_tfidf_v1
q_seafood_01,88d7866f-f6f5-45ea-8daa-2b8f59b25775,5,0.329838161726974,word_tfidf_v1
q_seafood_01,13b86a60-4a24-4816-9bb2-7bb65c98c69c,6,0.329838161726974,word_tfidf_v1
q_seafood_01,e959b358-ff64-46ce-bf02-5ca4b5ad3cc2,7,0.329838161726974,word_tfidf_v1
q_seafood_01,472a6be3-f906-4d28-bd4f-f00a41b09ecc,8,0.329838161726974,word_tfidf_v1
q_seafood_01,0365a2c9-5a2b-4e95-b1d2-a7f625aa6c06,9,0.329838161726974,word_tfidf_v1
q_seafood_01,0e1cfed8-baa0-4ef7-b289-4aa5d48f56ee,10,0.329838161726974,word_tfidf_v1
q_seafood_01,a16a8655-a084-4f1f-b833-4f97c1768e9e,11,0.329838161726974,word_tfidf_v1
q_seafood_01,f9de258d-e4fd-4545-b90f-e69b2e79d43e,12,0.329838161726974,word_tfidf_v1
q_seafood_01,6a908846-015a-4c9f-aeb9-04b9670d937d,13,0.329838161726974,word_tfidf_v1
q_seafood_01,0762f240-fdc5-44aa-a866-beb2dec1b9e4,14,0.329838161726974,word_tfidf_v1
q_seafood_01,9da563c5-5806-471d-b522-9b6d025a90f3,15,0.329838161726974,word_tfidf_v1
q_seafood_01,005f9773-f515-4720-af09-86bc553941fd,16,0.329838161726974,word_tfidf_v1
q_seafood_01,c4145973-2d6a-4234-904a-0e9e00b3488d,17,0.329838161726974,word_tfidf_v1
q_seafood_01,1befbce6-3558-4a3a-bf82-12a0f3fc9468,18,0.329838161726974,word_tfidf_v1
q_seafood_01,07bddb35-5d51-4a5d-ac7c-12ca8662e7c7,19,0.329838161726974,word_tfidf_v1
q_seafood_01,98aee716-0b7a-488d-b6f0-e2606e295810,20,0.329838161726974,word_tfidf_v1
q_seafood_01,a6aed4a9-c42b-46f0-9076-1ab0a393f9a6,21,0.329838161726974,word_tfidf_v1
q_seafood_01,b5664ac9-0287-4b6f-ade0-508f7dd7eaa1,22,0.329838161726974,word_tfidf_v1
q_seafood_01,0dd859fb-bd40-4cda-90e4-12ac6b39d863,23,0.329838161726974,word_tfidf_v1
q_seafood_01,b0013b67-ccb9-48b3-8e6d-4308f1ce8b31,24,0.329838161726974,word_tfidf_v1
q_seafood_01,e9e2481c-dff3-480b-b8c6-f496ae4d6542,25,0.329838161726974,word_tfidf_v1
q_seafood_01,7380adc3-9b1b-4a7b-9371-ffd5a01fc4eb,26,0.329838161726974,word_tfidf_v1
q_seafood_01,a85994de-bcfa-476f-8221-37102bc2a9ed,27,0.32780122250106736,word_tfidf_v1
q_seafood_01,c1620755-ce08-4ec1-be2e-0f77e64ee0ec,28,0.32780122250106736,word_tfidf_v1
q_seafood_01,8ee2c54e-024d-4ecd-8540-9c39a648d2a0,29,0.32780122250106736,word_tfidf_v1
q_seafood_01,a57d729b-cd38-486c-83c4-a30845354c40,30,0.32780122250106736,word_tfidf_v1
q_seafood_01,91a7c5b6-4071-41f1-9b85-a12722324a03,31,0.32780122250106736,word_tfidf_v1
q_seafood_01,c2d9214b-4760-4083-bb7a-49719c72dd92,32,0.32780122250106736,word_tfidf_v1
q_seafood_01,0d826d53-61cb-4454-a9c8-2d4b899a8717,33,0.32780122250106736,word_tfidf_v1
q_seafood_01,22a6644e-8fca-47a3-a0c8-ad1d9d02945e,34,0.32780122250106736,word_tfidf_v1
q_seafood_01,75cffc2d-9397-414b-9e59-c9eaa09b1b6a,35,0.32780122250106736,word_tfidf_v1
q_seafood_01,6d741666-d4d2-48c4-9830-56be69b24d2c,36,0.32780122250106736,word_tfidf_v1
q_seafood_01,19587746-afac-45c4-84a4-ab43a4ce36ef,37,0.32780122250106736,word_tfidf_v1
q_seafood_01,fe8eda14-a97c-4ac2-a777-cc9986ee17e1,38,0.32780122250106736,word_tfidf_v1
q_seafood_01,3df9f64c-cd9a-478a-8c8e-ca2827ef16ba,39,0.32780122250106736,word_tfidf_v1
q_seafood_01,0f4dbc78-d4cd-4a04-9f0d-807dd1205aa8,40,0.32780122250106736,word_tfidf_v1
q_seafood_02,46b87ca3-96d0-437d-a35e-32807787080a,1,0.6401533360208186,word_tfidf_v1
q_seafood_02,3a51a8da-a810-424e-882d-f9d4cc6f0b31,2,0.6401533360208186,word_tfidf_v1
q_seafood_02,5a1261cc-3882-4c42-8f25-6b1092b5ee20,3,0.6334829348423999,word_tfidf_v1
q_seafood_02,f2fa327e-e6c8-4be1-80f7-0fafc0eb3d68,4,0.6334829348423999,word_tfidf_v1
q_seafood_02,9cdbc05e-dc4f-4e5c-a70e-5213ac6dbdb0,5,0.5177851971495626,word_tfidf_v1
q_seafood_02,4b72e8f8-17b1-4bea-ba72-fb03413724d8,6,0.4682731146338508,word_tfidf_v1
q_seafood_02,ab92020b-1fa3-4351-9322-28a848b6d0f5,7,0.46564311070233366,word_tfidf_v1
q_seafood_02,e671a54b-686e-448b-9474-308ac2f4cef9,8,0.4418476546934853,word_tfidf_v1
q_seafood_02,65119698-0626-42bb-a45c-4dd819846c06,9,0.4406494646045583,word_tfidf_v1
q_seafood_02,11e2c3e3-d170-49d6-bc52-77d4f5daef55,10,0.43773375641067935,word_tfidf_v1
q_seafood_02,3968be8a-e03e-4a3e-bf45-d6d923a56c75,11,0.43773375641067935,word_tfidf_v1
q_seafood_02,f72a0ccb-f9fe-4883-96d7-3d5a672c82e2,12,0.385111160363339,word_tfidf_v1
q_seafood_02,faa4dbc5-691a-464d-affe-5e1fa3fb58c3,13,0.3639038824935463,word_tfidf_v1
q_seafood_02,315e0ae4-48ca-4462-9a34-92a07f1aceec,14,0.3620120408756724,word_tfidf_v1
q_seafood_02,97d47447-4ba7-4704-af74-b8879bb34e90,15,0.32843651515680566,word_tfidf_v1
q_seafood_02,b2c9baa9-b5de-4561-b6f0-7c3ca6ccc305,16,0.27421558643627425,word_tfidf_v1
q_seafood_02,269ae136-bca9-4912-95ed-c269260ac75e,17,0.26419972009204523,word_tfidf_v1
q_seafood_03,76a3551b-dae4-4326-92cc-662015aedbfb,1,0.2901347157285381,word_tfidf_v1
q_seafood_03,c161453d-f2c8-4b97-a2c3-a54e0cbdb7e8,2,0.2531930658373952,word_tfidf_v1
q_seafood_03,c111ac9d-3f3a-405c-a8db-4d127ccda9e2,3,0.23798028882750194,word_tfidf_v1
q_seafood_03,24456103-f6b8-46af-8655-82e61d7265d8,4,0.23488892020553123,word_tfidf_v1
q_seafood_03,80ea62f6-fafe-43fa-8198-ea06fda62f4b,5,0.21410965044009986,word_tfidf_v1
q_seafood_03,2743811c-5e71-4d2b-aa75-1b0147d44f2d,6,0.20136496274368182,word_tfidf_v1
q_seafood_03,9bb9caa0-21d4-4852-b083-e371a7e9d4d4,7,0.18351275574730289,word_tfidf_v1
q_seafood_03,6208f931-a486-43ae-9fdc-99afa86f7134,8,0.1802366389365312,word_tfidf_v1
q_seafood_03,5633ef5b-9e39-4226-ac78-ea875d3ca5b1,9,0.1796877387079495,word_tfidf_v1
q_seafood_03,e245b45a-d8be-4a4c-bf94-e4847a6803b0,10,0.1791834180281639,word_tfidf_v1
q_seafood_03,54f6441f-dcaf-431a-91f3-22fb8cc8e98f,11,0.1778747136096972,word_tfidf_v1
q_seafood_03,00f2b0df-41ab-4323-9e97-8a36a70c72dc,12,0.17745549369855182,word_tfidf_v1
q_seafood_03,0184d57c-b046-41ed-b40b-54148376f271,13,0.17745549369855182,word_tfidf_v1
q_seafood_03,7c774534-585f-41b5-bd48-04c4675ae15e,14,0.17730828211198046,word_tfidf_v1
q_seafood_03,838e978c-5784-45cb-b73d-e44f9c773758,15,0.1763306750147704,word_tfidf_v1
q_seafood_03,c011e509-614d-4138-8976-d94cb189f739,16,0.17556641255373667,word_tfidf_v1
q_seafood_03,8d50250c-4d21-4fa6-9873-f46b9c18efae,17,0.17467864431100052,word_tfidf_v1
q_seafood_03,df7685b1-bc53-4f8f-9c61-03215ecd4e52,18,0.174174719550673,word_tfidf_v1
q_seafood_03,762cb3f8-c2f9-4637-b962-6e1f824dbed9,19,0.1736202002390748,word_tfidf_v1
q_seafood_03,5a06f487-fa84-4ba2-b2de-d81bd1cb4873,20,0.17332060795209284,word_tfidf_v1
q_seafood_03,d7e92b09-b648-4bcb-aee7-aa922cd575d3,21,0.17300388031373554,word_tfidf_v1
q_seafood_03,2463cf8a-98c7-4351-a3d9-b858ff48b359,22,0.17266795202219384,word_tfidf_v1
q_seafood_03,2a0ba145-5d73-455b-97dc-9155e3c55e79,23,0.17266795202219384,word_tfidf_v1
q_seafood_03,b0fa6654-7609-492f-a030-c54111403cae,24,0.17231036007235875,word_tfidf_v1
q_seafood_03,ad5c0337-c3b9-4f02-bc97-1bb6098c9673,25,0.17059276103329468,word_tfidf_v1
q_seafood_03,e34de8a7-edd1-490c-b9d4-200ca2520182,26,0.17006543392110252,word_tfidf_v1
q_seafood_03,10ec274b-c128-4aed-bf30-dcc1e804dbe9,27,0.17006543392110252,word_tfidf_v1
q_seafood_03,5c177803-d700-442e-94a1-785b9cb24a22,28,0.16948287847841817,word_tfidf_v1
q_seafood_03,6c8bbb73-524f-467a-981d-34051641fc64,29,0.16809531603133912,word_tfidf_v1
q_seafood_03,d012fdd6-24ee-424e-9509-09eebc05e741,30,0.16809531603133912,word_tfidf_v1
q_seafood_03,bd9162c7-b9a8-4a4c-bffe-a466aad169dc,31,0.16809531603133912,word_tfidf_v1
q_seafood_03,6b361318-0451-4450-97f0-a8922a74ed8e,32,0.16809531603133912,word_tfidf_v1
q_seafood_03,eab8572a-d0c6-410e-86ac-ded0cb0564bb,33,0.16809531603133912,word_tfidf_v1
q_seafood_03,74f5466e-e45f-4f41-8dcf-7572600bd262,34,0.16809531603133912,word_tfidf_v1
q_seafood_03,81d78dc6-9db0-4570-a4fa-f634bc93b13e,35,0.16724590749909418,word_tfidf_v1
q_seafood_03,7f7b5990-f8ca-42e0-9e7e-8843c320c406,36,0.16724590749909418,word_tfidf_v1
q_seafood_03,b2209226-e503-4588-a041-584bbd9933b6,37,0.16724590749909418,word_tfidf_v1
q_seafood_03,e283eca8-998a-445b-9278-06af2039f388,38,0.16724590749909418,word_tfidf_v1
q_seafood_03,f66d0f83-a218-4961-a055-587865431fc5,39,0.16724590749909418,word_tfidf_v1
q_seafood_03,020e2062-95fc-4e53-87ce-567ef06102f4,40,0.16724590749909418,word_tfidf_v1
q_seafood_04,aba76fc2-984e-4030-ba01-e2e7d78264c7,1,0.3982083339028454,word_tfidf_v1
q_seafood_04,f14df4d3-9858-4a8b-8597-20fd477d8e32,2,0.3710609404266426,word_tfidf_v1
q_seafood_04,282b0e8b-051c-49f9-a707-b982df803589,3,0.347826383774641,word_tfidf_v1
q_seafood_04,35f30d35-05c3-4dea-8e20-e2d3e59f1663,4,0.13790220597055672,word_tfidf_v1
q_seafood_04,370ee592-00d8-4d50-854e-1417f0f0d838,5,0.13718718142133268,word_tfidf_v1
q_seafood_04,0d85c4c2-aa3d-483a-9875-297ffd5e0d98,6,0.13665458471266498,word_tfidf_v1
q_seafood_04,c74e3b87-89db-4284-be87-ffaf30cb0001,7,0.13254408628392514,word_tfidf_v1
q_seafood_04,e959b358-ff64-46ce-bf02-5ca4b5ad3cc2,8,0.1244194141876765,word_tfidf_v1
q_seafood_04,0e1cfed8-baa0-4ef7-b289-4aa5d48f56ee,9,0.1244194141876765,word_tfidf_v1
q_seafood_04,c4145973-2d6a-4234-904a-0e9e00b3488d,10,0.1244194141876765,word_tfidf_v1
q_seafood_04,b0013b67-ccb9-48b3-8e6d-4308f1ce8b31,11,0.1244194141876765,word_tfidf_v1
q_seafood_04,0dd859fb-bd40-4cda-90e4-12ac6b39d863,12,0.1244194141876765,word_tfidf_v1
q_seafood_04,0762f240-fdc5-44aa-a866-beb2dec1b9e4,13,0.1244194141876765,word_tfidf_v1
q_seafood_04,07bddb35-5d51-4a5d-ac7c-12ca8662e7c7,14,0.1244194141876765,word_tfidf_v1
q_seafood_04,9da563c5-5806-471d-b522-9b6d025a90f3,15,0.1244194141876765,word_tfidf_v1
q_seafood_04,b5664ac9-0287-4b6f-ade0-508f7dd7eaa1,16,0.1244194141876765,word_tfidf_v1
q_seafood_04,7380adc3-9b1b-4a7b-9371-ffd5a01fc4eb,17,0.1244194141876765,word_tfidf_v1
q_seafood_04,a6aed4a9-c42b-46f0-9076-1ab0a393f9a6,18,0.1244194141876765,word_tfidf_v1
q_seafood_04,005f9773-f515-4720-af09-86bc553941fd,19,0.1244194141876765,word_tfidf_v1
q_seafood_04,f9de258d-e4fd-4545-b90f-e69b2e79d43e,20,0.1244194141876765,word_tfidf_v1
q_seafood_04,e9e2481c-dff3-480b-b8c6-f496ae4d6542,21,0.1244194141876765,word_tfidf_v1
q_seafood_04,0365a2c9-5a2b-4e95-b1d2-a7f625aa6c06,22,0.1244194141876765,word_tfidf_v1
q_seafood_04,1befbce6-3558-4a3a-bf82-12a0f3fc9468,23,0.1244194141876765,word_tfidf_v1
q_seafood_04,88d7866f-f6f5-45ea-8daa-2b8f59b25775,24,0.1244194141876765,word_tfidf_v1
q_seafood_04,a16a8655-a084-4f1f-b833-4f97c1768e9e,25,0.1244194141876765,word_tfidf_v1
q_seafood_04,472a6be3-f906-4d28-bd4f-f00a41b09ecc,26,0.1244194141876765,word_tfidf_v1
q_seafood_04,13b86a60-4a24-4816-9bb2-7bb65c98c69c,27,0.1244194141876765,word_tfidf_v1
q_seafood_04,98aee716-0b7a-488d-b6f0-e2606e295810,28,0.1244194141876765,word_tfidf_v1
q_seafood_04,6a908846-015a-4c9f-aeb9-04b9670d937d,29,0.1244194141876765,word_tfidf_v1
q_seafood_04,c2d9214b-4760-4083-bb7a-49719c72dd92,30,0.12365105317118204,word_tfidf_v1
q_seafood_04,22a6644e-8fca-47a3-a0c8-ad1d9d02945e,31,0.12365105317118204,word_tfidf_v1
q_seafood_04,75cffc2d-9397-414b-9e59-c9eaa09b1b6a,32,0.12365105317118204,word_tfidf_v1
q_seafood_04,0f4dbc78-d4cd-4a04-9f0d-807dd1205aa8,33,0.12365105317118204,word_tfidf_v1
q_seafood_04,0d826d53-61cb-4454-a9c8-2d4b899a8717,34,0.12365105317118204,word_tfidf_v1
q_seafood_04,a85994de-bcfa-476f-8221-37102bc2a9ed,35,0.12365105317118204,word_tfidf_v1
q_seafood_04,8ee2c54e-024d-4ecd-8540-9c39a648d2a0,36,0.12365105317118204,word_tfidf_v1
q_seafood_04,7b771765-2189-498c-b5b0-9ef5ef116242,37,0.12365105317118204,word_tfidf_v1
q_seafood_04,c1620755-ce08-4ec1-be2e-0f77e64ee0ec,38,0.12365105317118204,word_tfidf_v1
q_seafood_04,3df9f64c-cd9a-478a-8c8e-ca2827ef16ba,39,0.12365105317118204,word_tfidf_v1
q_seafood_04,91a7c5b6-4071-41f1-9b85-a12722324a03,40,0.12365105317118204,word_tfidf_v1
q_books_01,3a43f0ef-d5b8-449d-83aa-3c2af57b63be,1,0.5199580639919655,word_tfidf_v1
q_books_01,e6848009-c075-4c76-82c5-d797649101b6,2,0.5018361941711735,word_tfidf_v1
q_books_01,f7350843-6a7c-43c0-8651-822b2bc6b4a8,3,0.4961812651937727,word_tfidf_v1
q_books_01,ffbb1ad0-bc73-46e3-8f4a-69f4124808ec,4,0.48535759634611514,word_tfidf_v1
q_books_01,15b1a07a-e814-48af-8757-0e4154ed49a2,5,0.47523747385193504,word_tfidf_v1
q_books_01,3e36a603-ef6f-4787-a1ac-67ac9b45ad67,6,0.4678046495961398,word_tfidf_v1
q_books_01,5eedd2a0-41d7-4b79-b8bc-a2a95564a6d4,7,0.4678046495961398,word_tfidf_v1
q_books_01,9d3212d4-80ee-453c-9c3b-1b01afc53c02,8,0.46193351360139706,word_tfidf_v1
q_books_01,d4d8a87f-716a-464a-b0f5-d4e0f9947f5b,9,0.46193351360139706,word_tfidf_v1
q_books_01,63b056a6-9d23-4081-b83e-4fb9df222136,10,0.46193351360139706,word_tfidf_v1
q_books_01,cd95d114-b71e-46ea-beec-e277bfa86aeb,11,0.46193351360139706,word_tfidf_v1
q_books_01,c6ef8233-b6c4-4ea9-99d4-6f3cd2004e0a,12,0.46193351360139706,word_tfidf_v1
q_books_01,547ebbd3-926b-4524-9f26-ae7d5fcf16c9,13,0.46193351360139706,word_tfidf_v1
q_books_01,29251653-4c52-4caa-b06f-fe1f7c4c88a7,14,0.46193351360139706,word_tfidf_v1
q_books_01,e62d1f55-65bd-441a-824f-07ffdf14b804,15,0.46193351360139706,word_tfidf_v1
q_books_01,9fbd3a7d-0680-46bd-90af-6d3e6c13808e,16,0.46193351360139706,word_tfidf_v1
q_books_01,664a121f-322e-4cbd-89ed-6e45776ae34f,17,0.46193351360139706,word_tfidf_v1
q_books_01,ad852156-5699-40fc-870d-7e3a3a7358c2,18,0.46193351360139706,word_tfidf_v1
q_books_01,a0ed983b-98ea-48ff-82b0-8779997d8349,19,0.46193351360139706,word_tfidf_v1
q_books_01,153c7990-0dd2-40ea-b45f-41afef98da9c,20,0.46193351360139706,word_tfidf_v1
q_books_01,2097c225-751a-41c3-8ffe-933e12e1d108,21,0.46193351360139706,word_tfidf_v1
q_books_01,ee755d5f-f620-4808-962f-fcaa60462729,22,0.46193351360139706,word_tfidf_v1
q_books_01,a05d93fe-bbd4-4660-8b0e-de288d3f60ae,23,0.46193351360139706,word_tfidf_v1
q_books_01,eaeeedbc-a0c7-4514-b017-3c45d09fb9a0,24,0.46193351360139706,word_tfidf_v1
q_books_01,3ca3d322-76c4-4bac-9e05-8d7ac6d8666f,25,0.46193351360139706,word_tfidf_v1
q_books_01,a1813f15-599c-425c-897d-d95d955d3ce1,26,0.46193351360139706,word_tfidf_v1
q_books_01,313bfb9b-905a-4300-86b3-b749f0fb6007,27,0.46193351360139706,word_tfidf_v1
q_books_01,baed26e3-1376-4436-ba41-3ea8c0c5e5c1,28,0.46193351360139706,word_tfidf_v1
q_books_01,601e26d4-3595-44a9-87b2-40c1a3c36e6c,29,0.46193351360139706,word_tfidf_v1
q_books_01,706aaf51-8e59-48cb-8ded-f799b33666c3,30,0.46193351360139706,word_tfidf_v1
q_books_01,712de9a6-46fb-4428-bd99-c04f345fa13b,31,0.46193351360139706,word_tfidf_v1
q_books_01,0a55ce53-29fe-42e8-8305-303701bbf348,32,0.46193351360139706,word_tfidf_v1
q_books_01,0b4bdfd4-7ffe-4bef-8a0a-a9a3ae1e54be,33,0.46193351360139706,word_tfidf_v1
q_books_01,26fd76b3-26cc-4bb6-a9cd-51933663be5c,34,0.46193351360139706,word_tfidf_v1
q_books_01,4ab4f0c6-f652-429f-941b-663479252998,35,0.38823277716328314,word_tfidf_v1
q_books_01,b67dae64-c06f-4862-b63b-e5726ead8287,36,0.3808834656827167,word_tfidf_v1
q_books_01,e64f736f-da1d-41bf-9328-8b4f94873320,37,0.37946896567644484,word_tfidf_v1
q_books_01,fb0f6e7a-ffe8-4293-9e30-709c48d2dedb,38,0.3788479905315977,word_tfidf_v1
q_books_01,44044fad-1034-491e-9c39-bfccafbb010b,39,0.37525746005159577,word_tfidf_v1
q_books_01,a9ce30ed-0197-4394-a099-e87bf23a4222,40,0.37405378341931217,word_tfidf_v1
q_books_02,69e68669-aa09-4e98-bff1-e5cb3e75ef14,1,0.36257218089107895,word_tfidf_v1
q_books_02,453c7257-40ca-4674-9958-4a04b5f91301,2,0.3354380629222452,word_tfidf_v1
q_books_02,c0933a71-92d8-46da-85f0-017c515458ec,3,0.3305243711771419,word_tfidf_v1
q_books_02,adfaaaaa-6802-410e-8301-76803cab23dd,4,0.2688214194001614,word_tfidf_v1
q_books_02,117fb1a0-c8a5-4335-818c-6d6b91b8b433,5,0.23907608433604263,word_tfidf_v1
q_books_02,cda283ee-fd24-42de-9a60-02d57ae64542,6,0.23907608433604263,word_tfidf_v1
q_books_02,4bce58b1-8812-4612-bd5e-ee10de92cde0,7,0.23907608433604263,word_tfidf_v1
q_books_02,83ce95c3-a370-4a83-83f0-3d2c9f58a5a6,8,0.23333452328288967,word_tfidf_v1
q_books_02,e9e4f9c6-2351-4f3b-9b02-fb2b8fb1a0ec,9,0.23263899547976555,word_tfidf_v1
q_books_02,d81a615e-e066-4c04-bf43-4b1bff838d88,10,0.2316376406346306,word_tfidf_v1
q_books_02,0cd021bd-2874-4c90-96f4-16999b761156,11,0.2316376406346306,word_tfidf_v1
q_books_02,2061e5e6-f373-40de-8f1a-0a6ee5623ecb,12,0.2316376406346306,word_tfidf_v1
q_books_02,5e0e3aec-8c65-4c20-8724-4c70e9393f3f,13,0.22945800746008826,word_tfidf_v1
q_books_02,bc3a1552-5015-4b20-9414-8ae64e7038e5,14,0.22945800746008826,word_tfidf_v1
q_books_02,5e564b4b-a721-486b-8dc6-2b3875079eb5,15,0.22945800746008826,word_tfidf_v1
q_books_02,98173a52-da33-4f00-adb6-efb3ecc46b8f,16,0.22945800746008826,word_tfidf_v1
q_books_02,dab35ee8-a1dc-42b9-a3be-0bbb3474b8ed,17,0.22945800746008826,word_tfidf_v1
q_books_02,fc281bc0-fec6-4fcd-be60-1b0018b822c3,18,0.22945800746008826,word_tfidf_v1
q_books_02,13b21477-00c8-4e96-961c-e93dc0f9bfae,19,0.22945800746008826,word_tfidf_v1
q_books_02,2641de84-9040-4246-bc8d-bd0e762cf5e4,20,0.22945800746008826,word_tfidf_v1
q_books_02,9ac3c409-93f1-4741-b4a5-97c57b02acc4,21,0.22945800746008826,word_tfidf_v1
q_books_02,00a77461-4674-4064-b492-fe85892bab2e,22,0.22945800746008826,word_tfidf_v1
q_books_02,ba10233f-36dd-48fb-800a-fb1b9e379f09,23,0.22640403545299087,word_tfidf_v1
q_books_02,3e351aa9-45ff-4ce7-81f8-aaa2bf3ea0d5,24,0.22640403545299087,word_tfidf_v1
q_books_02,9a04a40e-a8db-4f6d-8481-a8c399e6b1b2,25,0.22640403545299087,word_tfidf_v1
q_books_02,25a4cb48-4d01-4bbf-aa38-ef6d52935439,26,0.22640403545299087,word_tfidf_v1
q_books_02,ccb37c53-9d4a-415f-974c-c0e07a76a9a2,27,0.22640403545299087,word_tfidf_v1
q_books_02,79be3522-8b0c-41c1-a4bd-63960aa06043,28,0.22640403545299087,word_tfidf_v1
q_books_02,4323dce3-bac2-4d4d-9beb-e77e2c1f005f,29,0.22640403545299087,word_tfidf_v1
q_books_02,a671ea6f-dda9-4351-9e42-ba747891e7c5,30,0.22640403545299087,word_tfidf_v1
q_books_02,43207362-9def-4db6-b03a-718d292a7e0d,31,0.22640403545299087,word_tfidf_v1
q_books_02,de0510fe-57c8-4dc1-beea-fc29fc9d07b3,32,0.22640403545299087,word_tfidf_v1
q_books_02,b06da4c7-b8e3-4b08-8856-35cdc2ea7ab1,33,0.22640403545299087,word_tfidf_v1
q_books_02,61961f00-b0f8-43d8-a274-1d4eff366fc1,34,0.22640403545299087,word_tfidf_v1
q_books_02,093496fc-7989-4d88-b9be-24c2ea15dcdc,35,0.22640403545299087,word_tfidf_v1
q_books_02,0f1b97ec-2f14-4475-956e-08b048cc9112,36,0.22640403545299087,word_tfidf_v1
q_books_02,f6d8b707-79ec-4d58-83e3-2c111654ce28,37,0.22640403545299087,word_tfidf_v1
q_books_02,3fe53988-9ba0-42c2-aefc-8e4b702f61a2,38,0.22640403545299087,word_tfidf_v1
q_books_02,773ca92f-af46-4690-a2bd-31788b14b3b8,39,0.22640403545299087,word_tfidf_v1
q_books_02,acde45d2-b6c0-4816-8877-a4004a64721b,40,0.22640403545299087,word_tfidf_v1
q_books_03,76a3551b-dae4-4326-92cc-662015aedbfb,1,0.278497270136154,word_tfidf_v1
q_books_03,c161453d-f2c8-4b97-a2c3-a54e0cbdb7e8,2,0.24303736792081596,word_tfidf_v1
q_books_03,683aa6ca-3623-41e0-807c-b3a8fa0cffad,3,0.23178664673276422,word_tfidf_v1
q_books_03,c111ac9d-3f3a-405c-a8db-4d127ccda9e2,4,0.22843478284992305,word_tfidf_v1
q_books_03,78af4e58-fbb3-48fc-a451-728becf545e7,5,0.22818860309736305,word_tfidf_v1
q_books_03,24456103-f6b8-46af-8655-82e61d7265d8,6,0.22546741053792116,word_tfidf_v1
q_books_03,f15c2a5b-74e2-44a5-b6e2-4684fc77b894,7,0.22534563142780226,word_tfidf_v1
q_books_03,347d0df7-16f2-416a-a201-030880eebfb7,8,0.22534563142780226,word_tfidf_v1
q_books_03,481ec122-2a64-45ea-b3a6-f9702e4eaeaa,9,0.22534563142780226,word_tfidf_v1
q_books_03,24a705bd-78c4-4ce4-8bb1-8248d9782be2,10,0.22534563142780226,word_tfidf_v1
q_books_03,4e9b9cf5-6872-43eb-ad69-3cda8cee0407,11,0.22534563142780226,word_tfidf_v1
q_books_03,7dc44662-16cc-4e93-a976-1ab87312e2c0,12,0.22534563142780226,word_tfidf_v1
q_books_03,deb2dc6a-8c31-49d3-b7a9-519960f0dde5,13,0.22534563142780226,word_tfidf_v1
q_books_03,e87e71bd-aa94-48db-8d42-50e099bad0eb,14,0.22534563142780226,word_tfidf_v1
q_books_03,e48725c2-9e8b-43c5-bda7-b408ac5c0b8c,15,0.22534563142780226,word_tfidf_v1
q_books_03,7390584b-4990-4f7d-a714-d3a79f35d4aa,16,0.22534563142780226,word_tfidf_v1
q_books_03,74eaa3c6-38c9-4ac7-b39a-76f79c7594af,17,0.22534563142780226,word_tfidf_v1
q_books_03,53330011-cc13-41a5-95e3-a3f198dce327,18,0.22534563142780226,word_tfidf_v1
q_books_03,ebacb746-27ce-47f2-b880-4380f99dd4ec,19,0.22534563142780226,word_tfidf_v1
q_books_03,cc30e1bc-07d8-4b83-8d54-c2f53c45946b,20,0.22534563142780226,word_tfidf_v1
q_books_03,2e70721b-3b7c-45bb-b95d-fd778dcc5518,21,0.22534563142780226,word_tfidf_v1
q_books_03,b04bb21c-6afd-440e-b435-5f65ed75b20b,22,0.22534563142780226,word_tfidf_v1
q_books_03,efe55d9f-aae5-494d-85e5-265dd3b07f62,23,0.22534563142780226,word_tfidf_v1
q_books_03,9747d321-5deb-4570-8724-9a6ff1cf92bc,24,0.22534563142780226,word_tfidf_v1
q_books_03,0ca62bc5-ce9d-48b8-9a4f-9955cf16e593,25,0.22534563142780226,word_tfidf_v1
q_books_03,00e3accd-f689-498e-b702-f483624f2d91,26,0.22534563142780226,word_tfidf_v1
q_books_03,7415e50a-23db-4a83-a246-86925403d40d,27,0.22534563142780226,word_tfidf_v1
q_books_03,72051c3a-a1de-40b8-a406-271700df1c71,28,0.22534563142780226,word_tfidf_v1
q_books_03,e81920e1-a9c4-4efe-881a-0bfacbc9d5cb,29,0.22534563142780226,word_tfidf_v1
q_books_03,7de49ca7-6094-4d66-9c2b-92946beb6b99,30,0.22534563142780226,word_tfidf_v1
q_books_03,67b6faea-363b-499c-8276-5d2778a39aa0,31,0.22534563142780226,word_tfidf_v1
q_books_03,2743811c-5e71-4d2b-aa75-1b0147d44f2d,32,0.19328811543412164,word_tfidf_v1
q_books_03,82c4a15d-a23f-4c32-9e1c-a8aded5a5ac0,33,0.18538668321547408,word_tfidf_v1
q_books_03,d0cb77e9-45eb-43de-b768-78aba1a63995,34,0.18533536051246396,word_tfidf_v1
q_books_03,a1933421-af98-4b22-b1d9-c1dab1e3adbb,35,0.18212332818245552,word_tfidf_v1
q_books_03,84dce069-774f-445a-a37f-17fec5291fd9,36,0.18212332818245552,word_tfidf_v1
q_books_03,9bfb80f5-4a9c-4992-8cda-2ca84a6e53c0,37,0.18212332818245552,word_tfidf_v1
q_books_03,50b3b4b5-b8a3-47d1-ba67-a7e54c234075,38,0.18190251744859035,word_tfidf_v1
q_books_03,941876a0-914b-4e1c-9c4b-ae03708463bd,39,0.17802377372948844,word_tfidf_v1
q_books_03,c817a456-31fe-4040-8e96-83555751472d,40,0.1762727333260383,word_tfidf_v1
q_books_04,aba76fc2-984e-4030-ba01-e2e7d78264c7,1,0.33694191534091916,word_tfidf_v1
q_books_04,f14df4d3-9858-4a8b-8597-20fd477d8e32,2,0.31397128922484935,word_tfidf_v1
q_books_04,683aa6ca-3623-41e0-807c-b3a8fa0cffad,3,0.2990810922761935,word_tfidf_v1
q_books_04,78af4e58-fbb3-48fc-a451-728becf545e7,4,0.2944384312959263,word_tfidf_v1
q_books_04,282b0e8b-051c-49f9-a707-b982df803589,5,0.29431148968300314,word_tfidf_v1
q_books_04,347d0df7-16f2-416a-a201-030880eebfb7,6,0.2907700617663268,word_tfidf_v1
q_books_04,24a705bd-78c4-4ce4-8bb1-8248d9782be2,7,0.2907700617663268,word_tfidf_v1
q_books_04,7390584b-4990-4f7d-a714-d3a79f35d4aa,8,0.2907700617663268,word_tfidf_v1
q_books_04,481ec122-2a64-45ea-b3a6-f9702e4eaeaa,9,0.2907700617663268,word_tfidf_v1
q_books_04,4e9b9cf5-6872-43eb-ad69-3cda8cee0407,10,0.2907700617663268,word_tfidf_v1
q_books_04,67b6faea-363b-499c-8276-5d2778a39aa0,11,0.2907700617663268,word_tfidf_v1
q_books_04,b04bb21c-6afd-440e-b435-5f65ed75b20b,12,0.2907700617663268,word_tfidf_v1
q_books_04,deb2dc6a-8c31-49d3-b7a9-519960f0dde5,13,0.2907700617663268,word_tfidf_v1
q_books_04,e87e71bd-aa94-48db-8d42-50e099bad0eb,14,0.2907700617663268,word_tfidf_v1
q_books_04,f15c2a5b-74e2-44a5-b6e2-4684fc77b894,15,0.2907700617663268,word_tfidf_v1
q_books_04,9747d321-5deb-4570-8724-9a6ff1cf92bc,16,0.2907700617663268,word_tfidf_v1
q_books_04,53330011-cc13-41a5-95e3-a3f198dce327,17,0.2907700617663268,word_tfidf_v1
q_books_04,7de49ca7-6094-4d66-9c2b-92946beb6b99,18,0.2907700617663268,word_tfidf_v1
q_books_04,74eaa3c6-38c9-4ac7-b39a-76f79c7594af,19,0.2907700617663268,word_tfidf_v1
q_books_04,ebacb746-27ce-47f2-b880-4380f99dd4ec,20,0.2907700617663268,word_tfidf_v1
q_books_04,efe55d9f-aae5-494d-85e5-265dd3b07f62,21,0.2907700617663268,word_tfidf_v1
q_books_04,2e70721b-3b7c-45bb-b95d-fd778dcc5518,22,0.2907700617663268,word_tfidf_v1
q_books_04,cc30e1bc-07d8-4b83-8d54-c2f53c45946b,23,0.2907700617663268,word_tfidf_v1
q_books_04,e48725c2-9e8b-43c5-bda7-b408ac5c0b8c,24,0.2907700617663268,word_tfidf_v1
q_books_04,e81920e1-a9c4-4efe-881a-0bfacbc9d5cb,25,0.2907700617663268,word_tfidf_v1
q_books_04,00e3accd-f689-498e-b702-f483624f2d91,26,0.2907700617663268,word_tfidf_v1
q_books_04,7415e50a-23db-4a83-a246-86925403d40d,27,0.2907700617663268,word_tfidf_v1
q_books_04,0ca62bc5-ce9d-48b8-9a4f-9955cf16e593,28,0.2907700617663268,word_tfidf_v1
q_books_04,7dc44662-16cc-4e93-a976-1ab87312e2c0,29,0.2907700617663268,word_tfidf_v1
q_books_04,72051c3a-a1de-40b8-a406-271700df1c71,30,0.2907700617663268,word_tfidf_v1
q_books_04,82c4a15d-a23f-4c32-9e1c-a8aded5a5ac0,31,0.23920986170299144,word_tfidf_v1
q_books_04,d0cb77e9-45eb-43de-b768-78aba1a63995,32,0.239143638517613,word_tfidf_v1
q_books_04,84dce069-774f-445a-a37f-17fec5291fd9,33,0.23499905921925096,word_tfidf_v1
q_books_04,a1933421-af98-4b22-b1d9-c1dab1e3adbb,34,0.23499905921925096,word_tfidf_v1
q_books_04,9bfb80f5-4a9c-4992-8cda-2ca84a6e53c0,35,0.23499905921925096,word_tfidf_v1
q_books_04,50b3b4b5-b8a3-47d1-ba67-a7e54c234075,36,0.23471414066849922,word_tfidf_v1
q_books_04,941876a0-914b-4e1c-9c4b-ae03708463bd,37,0.22970928415704583,word_tfidf_v1
q_books_04,c817a456-31fe-4040-8e96-83555751472d,38,0.22744986548963908,word_tfidf_v1
q_books_04,fe52a83d-bed1-4fcc-b2e4-de376137c808,39,0.22629085857899556,word_tfidf_v1
q_books_04,af3298d4-b921-4b74-accc-4e49afb200a8,40,0.22198770884063068,word_tfidf_v1
q_eyewear_01,2f7eef32-f435-41ff-89e7-3a2aa3684ec9,1,0.5621660332858218,word_tfidf_v1
q_eyewear_01,450983d8-f478-43bb-8b9d-626522d87470,2,0.5621660332858218,word_tfidf_v1
q_eyewear_01,7ef5a7a8-b7e5-48a2-b948-721ad8df8b40,3,0.5418812834154961,word_tfidf_v1
q_eyewear_01,e4a58baa-c133-4274-993e-2a575d0d0bf2,4,0.5167000038948925,word_tfidf_v1
q_eyewear_01,400c6b41-33b0-4863-be59-ba4629f81565,5,0.5167000038948925,word_tfidf_v1
q_eyewear_01,69663322-f83a-40a4-9e35-ca9e447d1d8e,6,0.5106077879914314,word_tfidf_v1
q_eyewear_01,9efe0ed4-05ae-4e01-b929-f7a7264dc509,7,0.5106077879914314,word_tfidf_v1
q_eyewear_01,7902063b-e68b-420f-bd25-2f639f6af2c7,8,0.5106077879914314,word_tfidf_v1
q_eyewear_01,4bb121fc-94a9-451d-a540-5434cd150d5c,9,0.5106077879914314,word_tfidf_v1
q_eyewear_01,f16d8585-a220-4392-a0b3-d0d12e5f80e3,10,0.5106077879914314,word_tfidf_v1
q_eyewear_01,b1c4bf9c-500e-40e6-8eca-cbed44faa858,11,0.4115164428899769,word_tfidf_v1
q_eyewear_01,4f65a125-27a6-4c33-a1de-cd30a51b0dd3,12,0.4015966852679741,word_tfidf_v1
q_eyewear_01,c084d751-d7c2-4476-9772-fdd11bf7c932,13,0.38717091257543107,word_tfidf_v1
q_eyewear_01,b8db8c8c-b47f-4d70-902a-a4b18d8dbb2e,14,0.3594972227087316,word_tfidf_v1
q_eyewear_02,c15b7d24-b90f-4edb-a4d7-38d243dad39e,1,0.5825616179862897,word_tfidf_v1
q_eyewear_02,8f1ab898-c235-484c-8412-21943c8b7a2d,2,0.4279894660496697,word_tfidf_v1
q_eyewear_02,0f0f7f91-5504-4d69-a3cc-dd8e3df100b2,3,0.20172466157692032,word_tfidf_v1
q_eyewear_02,c0d0d1da-b940-4da1-8b13-2798e066f63c,4,0.19888764649878393,word_tfidf_v1
q_eyewear_02,8e42c7f1-86b7-4617-9bd9-b82f43740f08,5,0.19868031319906848,word_tfidf_v1
q_eyewear_02,6c7c780f-f95e-4f75-a58f-c94454ca1362,6,0.19723714860389335,word_tfidf_v1
q_eyewear_02,ccb032f5-c6e0-4c4a-8c8c-4df73fca757e,7,0.19561386402248285,word_tfidf_v1
q_eyewear_02,da1ab000-5bdd-42d8-8b40-5918cd11b076,8,0.19535114472417187,word_tfidf_v1
q_eyewear_02,10262624-5d0a-4091-8c44-f6c713d3c98c,9,0.19505621670579185,word_tfidf_v1
q_eyewear_02,b43b445d-a1f7-4019-991b-e20e37e04409,10,0.1931378820325332,word_tfidf_v1
q_eyewear_02,92b49116-07cc-4994-b827-ea8003be5bf0,11,0.19219096935080202,word_tfidf_v1
q_eyewear_02,920324cf-5110-4da6-8002-dc987b41faee,12,0.19032868215961093,word_tfidf_v1
q_eyewear_02,f2466ce6-f8e5-4241-ac26-6bb54cefe8c6,13,0.190201519168629,word_tfidf_v1
q_eyewear_02,4805e403-d672-4fbb-a5cf-1d066818ee54,14,0.189841160868697,word_tfidf_v1
q_eyewear_02,586cb130-b586-4d53-959f-c2534361da51,15,0.18796780052447412,word_tfidf_v1
q_eyewear_02,8a7e4c58-2e87-4ff2-bd8e-f452de6a0476,16,0.18796780052447412,word_tfidf_v1
q_eyewear_02,ab27f098-a2a2-4833-93d4-230e881a6d0c,17,0.18588151962699703,word_tfidf_v1
q_eyewear_02,f5e0d3c3-efa0-472f-a04b-0f015728d54b,18,0.1825391388753884,word_tfidf_v1
q_eyewear_02,3e7ab85c-ea7f-44ee-bee2-67947757b532,19,0.17769502279839733,word_tfidf_v1
q_eyewear_02,d20a1a7c-9d70-4a96-a046-73063a8dfa0d,20,0.17220922516852974,word_tfidf_v1
q_eyewear_02,a510b7c6-56f3-4eed-a34f-6c78d56593dc,21,0.16971248147527335,word_tfidf_v1
q_eyewear_02,2ecd6752-24ff-4ed7-8176-efde9c229108,22,0.16868109407318446,word_tfidf_v1
q_eyewear_02,8dc7efad-9458-486d-bc8e-d5f14f7e99d9,23,0.1672469307052043,word_tfidf_v1
q_eyewear_02,0e87829e-6dba-4e48-bccd-1fa6a2b1dd99,24,0.16713799874359364,word_tfidf_v1
q_eyewear_02,855bc04f-da0b-4ad7-b133-55177429c9a8,25,0.16664639686519123,word_tfidf_v1
q_eyewear_02,24d4d97d-3a87-478d-93a1-332d5fed6f57,26,0.1646711658566922,word_tfidf_v1
q_eyewear_02,9d3b400b-5b1e-4f4b-8ed0-aa8b535fee99,27,0.16261354955958804,word_tfidf_v1
q_eyewear_02,5bc718eb-884b-481b-a511-1ca7b581aaf8,28,0.16261354955958804,word_tfidf_v1
q_eyewear_02,963c1f03-89bf-45e4-b272-d9083b710c24,29,0.16261354955958804,word_tfidf_v1
q_eyewear_02,886ea250-2afb-4829-917a-53d8e0a0d5d8,30,0.16241260473084843,word_tfidf_v1
q_eyewear_02,6dd16b9d-3b09-47e6-b4b6-c1485fafba26,31,0.16241260473084843,word_tfidf_v1
q_eyewear_02,4c589b0f-72d6-4338-960f-72e9a3a16ad2,32,0.16241260473084843,word_tfidf_v1
q_eyewear_02,e1a5606c-6125-4317-a688-5dddf4fbd89f,33,0.16241260473084843,word_tfidf_v1
q_eyewear_02,c9c9c5ff-d121-4227-9056-e3171e36b188,34,0.16079393787437865,word_tfidf_v1
q_eyewear_02,9541996e-6e2e-4028-84c7-0321d70c5129,35,0.16079393787437865,word_tfidf_v1
q_eyewear_02,574f4fef-2585-4f59-acbe-66f6545267e7,36,0.16079393787437865,word_tfidf_v1
q_eyewear_02,4c00ede7-1c1a-479e-9106-d0e95ed779c6,37,0.16079393787437865,word_tfidf_v1
q_eyewear_02,e6f7fcd9-d6da-4275-b16a-322944ec42e1,38,0.16079393787437865,word_tfidf_v1
q_eyewear_02,3db56fb1-d020-4612-8de0-e71fd9a5183d,39,0.16079393787437865,word_tfidf_v1
q_eyewear_02,eb9fb028-66fb-4068-8ff2-79d816f9d4d5,40,0.16079393787437865,word_tfidf_v1
q_eyewear_03,76a3551b-dae4-4326-92cc-662015aedbfb,1,0.4181831784834211,word_tfidf_v1
q_eyewear_03,c111ac9d-3f3a-405c-a8db-4d127ccda9e2,2,0.3430108435951585,word_tfidf_v1
q_eyewear_03,24456103-f6b8-46af-8655-82e61d7265d8,3,0.3385551260056468,word_tfidf_v1
q_eyewear_03,2743811c-5e71-4d2b-aa75-1b0147d44f2d,4,0.2902356580938644,word_tfidf_v1
q_eyewear_03,0f0f7f91-5504-4d69-a3cc-dd8e3df100b2,5,0.20882785267693718,word_tfidf_v1
q_eyewear_03,c0d0d1da-b940-4da1-8b13-2798e066f63c,6,0.20589093974746175,word_tfidf_v1
q_eyewear_03,8e42c7f1-86b7-4617-9bd9-b82f43740f08,7,0.20567630576354753,word_tfidf_v1
q_eyewear_03,6c7c780f-f95e-4f75-a58f-c94454ca1362,8,0.2041823240108262,word_tfidf_v1
q_eyewear_03,ccb032f5-c6e0-4c4a-8c8c-4df73fca757e,9,0.20250187983127169,word_tfidf_v1
q_eyewear_03,da1ab000-5bdd-42d8-8b40-5918cd11b076,10,0.20222990957986964,word_tfidf_v1
q_eyewear_03,10262624-5d0a-4091-8c44-f6c713d3c98c,11,0.20192459646499755,word_tfidf_v1
q_eyewear_03,b43b445d-a1f7-4019-991b-e20e37e04409,12,0.19993871279861422,word_tfidf_v1
q_eyewear_03,92b49116-07cc-4994-b827-ea8003be5bf0,13,0.19895845713501462,word_tfidf_v1
q_eyewear_03,920324cf-5110-4da6-8002-dc987b41faee,14,0.1970305945119515,word_tfidf_v1
q_eyewear_03,f2466ce6-f8e5-4241-ac26-6bb54cefe8c6,15,0.1968989538184481,word_tfidf_v1
q_eyewear_03,4805e403-d672-4fbb-a5cf-1d066818ee54,16,0.1965259064707374,word_tfidf_v1
q_eyewear_03,8a7e4c58-2e87-4ff2-bd8e-f452de6a0476,17,0.1945865807833572,word_tfidf_v1
q_eyewear_03,586cb130-b586-4d53-959f-c2534361da51,18,0.1945865807833572,word_tfidf_v1
q_eyewear_03,ab27f098-a2a2-4833-93d4-230e881a6d0c,19,0.19242683711842642,word_tfidf_v1
q_eyewear_03,f5e0d3c3-efa0-472f-a04b-0f015728d54b,20,0.1889667634232674,word_tfidf_v1
q_eyewear_03,3e7ab85c-ea7f-44ee-bee2-67947757b532,21,0.1839520748345341,word_tfidf_v1
q_eyewear_03,d20a1a7c-9d70-4a96-a046-73063a8dfa0d,22,0.17827310960385678,word_tfidf_v1
q_eyewear_03,a510b7c6-56f3-4eed-a34f-6c78d56593dc,23,0.175688449800382,word_tfidf_v1
q_eyewear_03,2ecd6752-24ff-4ed7-8176-efde9c229108,24,0.17462074486647566,word_tfidf_v1
q_eyewear_03,8dc7efad-9458-486d-bc8e-d5f14f7e99d9,25,0.17313608129494193,word_tfidf_v1
q_eyewear_03,0e87829e-6dba-4e48-bccd-1fa6a2b1dd99,26,0.17302331358744788,word_tfidf_v1
q_eyewear_03,855bc04f-da0b-4ad7-b133-55177429c9a8,27,0.17251440127183804,word_tfidf_v1
q_eyewear_03,24d4d97d-3a87-478d-93a1-332d5fed6f57,28,0.17046961781888145,word_tfidf_v1
q_eyewear_03,963c1f03-89bf-45e4-b272-d9083b710c24,29,0.168339548101087,word_tfidf_v1
q_eyewear_03,9d3b400b-5b1e-4f4b-8ed0-aa8b535fee99,30,0.168339548101087,word_tfidf_v1
q_eyewear_03,5bc718eb-884b-481b-a511-1ca7b581aaf8,31,0.168339548101087,word_tfidf_v1
q_eyewear_03,6dd16b9d-3b09-47e6-b4b6-c1485fafba26,32,0.16813152754096214,word_tfidf_v1
q_eyewear_03,886ea250-2afb-4829-917a-53d8e0a0d5d8,33,0.16813152754096214,word_tfidf_v1
q_eyewear_03,e1a5606c-6125-4317-a688-5dddf4fbd89f,34,0.16813152754096214,word_tfidf_v1
q_eyewear_03,4c589b0f-72d6-4338-960f-72e9a3a16ad2,35,0.16813152754096214,word_tfidf_v1
q_eyewear_03,4c00ede7-1c1a-479e-9106-d0e95ed779c6,36,0.1664558636871055,word_tfidf_v1
q_eyewear_03,af1b25ef-5d32-4a40-a3fd-57a94bbd0fe3,37,0.1664558636871055,word_tfidf_v1
q_eyewear_03,7aefe626-72ba-4db5-a7c1-652d1c91d286,38,0.1664558636871055,word_tfidf_v1
q_eyewear_03,574f4fef-2585-4f59-acbe-66f6545267e7,39,0.1664558636871055,word_tfidf_v1
q_eyewear_03,3db56fb1-d020-4612-8de0-e71fd9a5183d,40,0.1664558636871055,word_tfidf_v1
q_eyewear_04,aba76fc2-984e-4030-ba01-e2e7d78264c7,1,0.35656116798485477,word_tfidf_v1
q_eyewear_04,f14df4d3-9858-4a8b-8597-20fd477d8e32,2,0.33225302196804907,word_tfidf_v1
q_eyewear_04,282b0e8b-051c-49f9-a707-b982df803589,3,0.3114484833581936,word_tfidf_v1
q_eyewear_04,42ac710d-407c-45af-b649-cab2013f7c2f,4,0.244884681917661,word_tfidf_v1
q_eyewear_04,780465cb-fe30-4c80-a260-660331b14690,5,0.23473807234826743,word_tfidf_v1
q_eyewear_04,292af149-3dba-414b-841f-71e79246654b,6,0.22945015730067111,word_tfidf_v1
q_eyewear_04,8250eb33-1668-4487-9d99-1bac4e7f832f,7,0.22945015730067111,word_tfidf_v1
q_eyewear_04,c3a2e429-e02d-4e81-85f5-40f88e4d47e9,8,0.22945015730067111,word_tfidf_v1
q_eyewear_04,4d1a589f-851f-4eca-80e2-d4ce036dd044,9,0.22945015730067111,word_tfidf_v1
q_eyewear_04,b0b9aeca-7955-4b61-a25e-593af048a8ec,10,0.22945015730067111,word_tfidf_v1
q_eyewear_04,d6558c59-1756-4a6b-9aeb-cd8a92f095fd,11,0.22945015730067111,word_tfidf_v1
q_eyewear_04,5f56355f-6910-4a8c-9f19-9ce134456afe,12,0.22945015730067111,word_tfidf_v1
q_eyewear_04,94121930-553d-45f5-8314-4bd835d4c5e1,13,0.21655033627737463,word_tfidf_v1
q_eyewear_04,9eb8394c-0814-4c99-bc55-fac08d402b9c,14,0.20649631060139015,word_tfidf_v1
q_eyewear_04,eac7f4bc-5efe-45c8-9168-d54b23b16198,15,0.20642222456440928,word_tfidf_v1
q_eyewear_04,a95c60e1-aaaa-40ea-9a13-c0d46d15faad,16,0.20570520899006253,word_tfidf_v1
q_eyewear_04,bccee839-1de7-4a1f-9ee8-4d66faa8632b,17,0.2054502106368809,word_tfidf_v1
q_eyewear_04,fdb2e68a-e504-40a8-8137-71a63434c314,18,0.20454217945218095,word_tfidf_v1
q_eyewear_04,ad140c2f-41a0-4ecc-93ea-40c929fc173e,19,0.2039689269412595,word_tfidf_v1
q_eyewear_04,94a507d3-995f-4b99-92ce-f1bc0b5ea16b,20,0.19984784019246415,word_tfidf_v1
q_eyewear_04,02822efb-f50a-45c4-8f4d-bfbba20a01e4,21,0.19984784019246415,word_tfidf_v1
q_eyewear_04,a79d36de-b347-412c-9a46-21d3dc50400d,22,0.19984784019246415,word_tfidf_v1
q_eyewear_04,04f19476-e44a-4945-b12f-11a8056325b4,23,0.19984784019246415,word_tfidf_v1
q_eyewear_04,d635e5eb-3dcb-4aeb-b0ef-fc18c897828b,24,0.19984784019246415,word_tfidf_v1
q_eyewear_04,28e011e4-3fdd-48e9-88ed-86412ac7a545,25,0.19984784019246415,word_tfidf_v1
q_eyewear_04,12e2dab4-6ae9-470f-a5f3-9d63e995e94a,26,0.19984784019246415,word_tfidf_v1
q_eyewear_04,1af08a20-d71c-4412-b7b5-62cc240b9e66,27,0.19984784019246415,word_tfidf_v1
q_eyewear_04,32a34358-ac1f-4072-82b8-397f8d8f53d3,28,0.19984784019246415,word_tfidf_v1
q_eyewear_04,dc0aecc3-c099-4b00-9aea-dfa139e08731,29,0.19984784019246415,word_tfidf_v1
q_eyewear_04,76e6c0ff-802c-4c0d-b966-f968bcba2908,30,0.19984784019246415,word_tfidf_v1
q_eyewear_04,5f69b91d-194d-4a9b-ba41-90a048731b5f,31,0.19984784019246415,word_tfidf_v1
q_eyewear_04,d4033d48-56bc-47a7-9f5c-669d0fcf47e3,32,0.19984784019246415,word_tfidf_v1
q_eyewear_04,892ef420-5cee-4399-b8e8-6dab2d4f7244,33,0.19984784019246415,word_tfidf_v1
q_eyewear_04,f986315b-f06c-4b1d-aef9-bbb5bfbc41ab,34,0.19984784019246415,word_tfidf_v1
q_eyewear_04,85e86f38-5267-471b-b0f5-73ffadba451e,35,0.19764140150431694,word_tfidf_v1
q_eyewear_04,1c8b5cc3-ee29-4beb-a221-fd81c019622a,36,0.19590312400890653,word_tfidf_v1
q_eyewear_04,6f464dc0-8e05-4805-8d72-fc6e52462d02,37,0.1922259700463484,word_tfidf_v1
q_eyewear_04,3581316b-89a8-4d80-a4fd-80fcff4ed254,38,0.1918550099552058,word_tfidf_v1
q_eyewear_04,4cf744c3-768d-49f4-8002-ee2a2aede2cf,39,0.19129347041660094,word_tfidf_v1
q_eyewear_04,0471350c-c444-4e1f-a437-77b0c6387314,40,0.19078661039743608,word_tfidf_v1
q_flowers_01,76e6d125-64c6-4956-b374-9a908d9c7ced,1,0.5766694347988508,word_tfidf_v1
q_flowers_01,4825acae-5ec9-42a7-a4dd-bcaabd92399d,2,0.5428464359163975,word_tfidf_v1
q_flowers_01,5c409cc2-cfed-4726-ae67-caf3350c80a6,3,0.48806243485352935,word_tfidf_v1
q_flowers_01,21917a35-0b5a-4960-859f-c13a13fd614b,4,0.46795061572828456,word_tfidf_v1
q_flowers_01,f9287260-6a4b-43c7-af66-94138cbbc90b,5,0.4647214522570193,word_tfidf_v1
q_flowers_01,a6427c37-a1c9-4693-80f8-5d4a34c9937f,6,0.4605683125459506,word_tfidf_v1
q_flowers_01,d4315754-5332-4a7c-9955-aed475690a82,7,0.4605683125459506,word_tfidf_v1
q_flowers_01,6192e0ca-16f5-4699-a35d-f4b952842b23,8,0.4605683125459506,word_tfidf_v1
q_flowers_01,fcc936b2-3189-4ead-98dc-c4c49f968d9d,9,0.4605683125459506,word_tfidf_v1
q_flowers_01,4e0beb5c-fc71-441c-981f-70b83382cf7d,10,0.4605683125459506,word_tfidf_v1
q_flowers_01,fff0cefc-6fb6-4102-ba21-0b820e052c61,11,0.4605683125459506,word_tfidf_v1
q_flowers_01,08b9f9fd-7584-41c1-ba08-8a0cbb126f18,12,0.4605683125459506,word_tfidf_v1
q_flowers_01,e7a29284-ce04-4b43-bbbf-117cedfb8892,13,0.4605683125459506,word_tfidf_v1
q_flowers_01,67ae06c5-5250-4bfe-9a0c-661f49694b6c,14,0.4547392241314602,word_tfidf_v1
q_flowers_01,4b8d360b-2a99-46a9-8fa2-cefd7c23aa34,15,0.4547392241314602,word_tfidf_v1
q_flowers_01,139f6d68-83b9-40cc-8339-120b154b8714,16,0.4547392241314602,word_tfidf_v1
q_flowers_01,1e82dd11-c331-4fb1-a897-60d259d3960c,17,0.4547392241314602,word_tfidf_v1
q_flowers_01,65fd7b2b-a15b-4706-8260-0a3420441b1f,18,0.4547392241314602,word_tfidf_v1
q_flowers_01,cdb13f1a-1aa8-45fc-9c64-0a7078a1e43d,19,0.4547392241314602,word_tfidf_v1
q_flowers_01,308f2f39-3c42-41c5-9a51-a4469d825859,20,0.4547392241314602,word_tfidf_v1
q_flowers_01,604fd235-a1b1-49c1-8450-7136c8f727c3,21,0.4547392241314602,word_tfidf_v1
q_flowers_01,625a945c-bd99-484b-b606-b3ad7cce42d2,22,0.4547392241314602,word_tfidf_v1
q_flowers_01,b63a09d7-f4f1-4a85-9654-35a7f50acc1b,23,0.4547392241314602,word_tfidf_v1
q_flowers_01,d261f436-b600-4104-982e-ca592fd34fee,24,0.4547392241314602,word_tfidf_v1
q_flowers_01,708e9945-9b7a-4b0c-b6e3-5187ae60bb0f,25,0.4547392241314602,word_tfidf_v1
q_flowers_01,19df6713-324c-4735-9d58-5bd62b617486,26,0.4547392241314602,word_tfidf_v1
q_flowers_01,c982a516-7110-4738-ad3c-dfb2513c736b,27,0.4547392241314602,word_tfidf_v1
q_flowers_01,bebbcc5a-7cca-445a-b398-8d5069c8c1f9,28,0.4547392241314602,word_tfidf_v1
q_flowers_01,e56553fb-0d58-4e21-ac49-b47a33c5fa52,29,0.4547392241314602,word_tfidf_v1
q_flowers_01,2c599e14-7e33-4651-9ff3-a34a73f7cc3e,30,0.4547392241314602,word_tfidf_v1
q_flowers_01,7952b3db-31ab-4427-b30a-1e073265a065,31,0.4547392241314602,word_tfidf_v1
q_flowers_01,c2c6f758-2b78-413c-b6c6-9f3348af86c0,32,0.4547392241314602,word_tfidf_v1
q_flowers_01,1efe5c1e-357b-4186-81c7-88bf538f3a57,33,0.4547392241314602,word_tfidf_v1
q_flowers_01,f8d52913-22cb-4465-9eb4-f12e7f675bf9,34,0.4547392241314602,word_tfidf_v1
q_flowers_01,f06e2882-121d-4a4c-938a-e0e4f5705f7f,35,0.4547392241314602,word_tfidf_v1
q_flowers_01,2b921088-aee2-45fb-941f-864337394f39,36,0.4547392241314602,word_tfidf_v1
q_flowers_01,cf118645-a54a-45ab-a7c8-aebcd44ed261,37,0.4547392241314602,word_tfidf_v1
q_flowers_01,5710315b-3754-44ff-82d5-6af37e637d74,38,0.4547392241314602,word_tfidf_v1
q_flowers_01,32c32e0c-34f9-4ff9-b1d5-efce3af113fa,39,0.38550574169722823,word_tfidf_v1
q_flowers_01,2151ea87-64f3-4dca-8f67-00266fe3b86d,40,0.3796235579341901,word_tfidf_v1
q_flowers_02,c15b7d24-b90f-4edb-a4d7-38d243dad39e,1,0.5614019284749624,word_tfidf_v1
q_flowers_02,8f1ab898-c235-484c-8412-21943c8b7a2d,2,0.4124441161053435,word_tfidf_v1
q_flowers_02,6111fcff-545e-40a6-b936-af27bd68cc5e,3,0.1984279344491912,word_tfidf_v1
q_flowers_02,482d229b-2988-4616-b30b-31ad002f5c19,4,0.19522118401319155,word_tfidf_v1
q_flowers_02,b46c73f4-99bd-4c98-b0c8-46925336cad3,5,0.1938583490029546,word_tfidf_v1
q_flowers_02,136b0d38-57a7-4f5f-a5f8-3ae6e2a594c9,6,0.19321975792115875,word_tfidf_v1
q_flowers_02,791bdc94-2e65-45bb-85c1-5438e9cfa495,7,0.1921236312283851,word_tfidf_v1
q_flowers_02,c47ff879-0357-4eca-ad1a-117d741e877d,8,0.19074157173644907,word_tfidf_v1
q_flowers_02,820c4f5c-ff0f-43a3-919c-547058041634,9,0.19074157173644907,word_tfidf_v1
q_flowers_02,2ed6b487-161b-45cc-9d87-25604e3ca462,10,0.19074157173644907,word_tfidf_v1
q_flowers_02,a4751b34-ebfd-45ed-8656-654ed74c7ad7,11,0.19074157173644907,word_tfidf_v1
q_flowers_02,f9fb5dc6-c0a1-432d-8d4f-78620d21f7cf,12,0.1891310439032603,word_tfidf_v1
q_flowers_02,a077d0a0-2aef-4689-b968-cea99be4a1d4,13,0.18771455333315826,word_tfidf_v1
q_flowers_02,2bb30eed-409d-46e0-9647-0522a5a1a88f,14,0.18771455333315826,word_tfidf_v1
q_flowers_02,7b11fdcb-2fdb-4f8e-a186-e367bc1b642e,15,0.1875149328188629,word_tfidf_v1
q_flowers_02,3a446238-4cb8-4f16-94cb-4479384a307b,16,0.1875149328188629,word_tfidf_v1
q_flowers_02,26a2098d-a278-4009-897b-820a53e3faa7,17,0.18686867499473428,word_tfidf_v1
q_flowers_02,77262068-6a95-4301-bdd3-34a349a0367d,18,0.18686867499473428,word_tfidf_v1
q_flowers_02,b3fcaf5a-4878-41c3-8a2f-1bc3a9c7f899,19,0.18686867499473428,word_tfidf_v1
q_flowers_02,ae1b2aac-d3a7-4725-ac9a-3f3c1baf1984,20,0.18604883631566624,word_tfidf_v1
q_flowers_02,a1de7805-2c26-4e64-b7bf-4ac8bf1662e0,21,0.18604883631566624,word_tfidf_v1
q_flowers_02,bca2f85a-b3d3-49fa-99c7-e4dd61b4bb9d,22,0.18604883631566624,word_tfidf_v1
q_flowers_02,59da42fa-88c1-4518-9c76-4097c3f467ee,23,0.18604883631566624,word_tfidf_v1
q_flowers_02,5421f17d-f25c-4c6a-a86a-2d99185bcdfb,24,0.18604883631566624,word_tfidf_v1
q_flowers_02,f84792ca-ac20-412f-bbb3-8bbf11544499,25,0.18589405998450453,word_tfidf_v1
q_flowers_02,7183b3a6-0671-404f-813a-51a48ccd3864,26,0.18474422352133596,word_tfidf_v1
q_flowers_02,995f7b89-d251-47dc-8579-d9e4b49523ef,27,0.18474422352133596,word_tfidf_v1
q_flowers_02,a6b02578-aff3-45ba-88fc-98130cc4f9a9,28,0.18474422352133596,word_tfidf_v1
q_flowers_02,b8be4043-6813-48a6-99f0-050ae6bfcf4b,29,0.18474422352133596,word_tfidf_v1
q_flowers_02,d630c14a-a78a-495d-ac65-1973237b56d8,30,0.18474422352133596,word_tfidf_v1
q_flowers_02,ce22ca18-1c12-4ba1-9bda-a94ec8398992,31,0.18474422352133596,word_tfidf_v1
q_flowers_02,10e7e9a0-781c-42c3-a0ca-9c4e17f57fbc,32,0.18416917686959033,word_tfidf_v1
q_flowers_02,b7b89e70-48b6-4101-bd83-cb04771390b5,33,0.18416917686959033,word_tfidf_v1
q_flowers_02,1dcd062f-4fda-4028-98d9-7f32a9887470,34,0.18416917686959033,word_tfidf_v1
q_flowers_02,ef6221e3-3811-47ca-84e1-83a5117d248a,35,0.18416917686959033,word_tfidf_v1
q_flowers_02,852d020b-e1be-4d1e-801e-f68e7646aa0b,36,0.18416917686959033,word_tfidf_v1
q_flowers_02,09ac7cf1-86a5-4f4d-80d7-72710de26799,37,0.18416917686959033,word_tfidf_v1
q_flowers_02,096aed8d-1da1-47f7-aa13-2ff0bd438330,38,0.18416917686959033,word_tfidf_v1
q_flowers_02,c76ecedf-f03e-4f9f-a96a-8fc1f95e8fd0,39,0.18416917686959033,word_tfidf_v1
q_flowers_02,96af24e2-3052-45e3-ab0c-fa4ee1b6aac6,40,0.18416917686959033,word_tfidf_v1
q_flowers_03,76a3551b-dae4-4326-92cc-662015aedbfb,1,0.27324071409544587,word_tfidf_v1
q_flowers_03,c161453d-f2c8-4b97-a2c3-a54e0cbdb7e8,2,0.23845010735687078,word_tfidf_v1
q_flowers_03,c111ac9d-3f3a-405c-a8db-4d127ccda9e2,3,0.2241231418880186,word_tfidf_v1
q_flowers_03,24456103-f6b8-46af-8655-82e61d7265d8,4,0.22121177787672305,word_tfidf_v1
q_flowers_03,de6704ee-63f8-4250-85b0-38da5a1b0209,5,0.2058869712412049,word_tfidf_v1
q_flowers_03,fb1202dc-261e-4768-a390-5ba3de8e9aba,6,0.2035684354963182,word_tfidf_v1
q_flowers_03,08466db9-c2a5-487a-b866-956e229fdc9b,7,0.20240940098226057,word_tfidf_v1
q_flowers_03,9beeedf7-e6fd-4d10-b713-a195f9452adf,8,0.191474894415695,word_tfidf_v1
q_flowers_03,2743811c-5e71-4d2b-aa75-1b0147d44f2d,9,0.1896398577320422,word_tfidf_v1
q_flowers_03,7856c111-baf2-4da2-8108-222d665901ee,10,0.18082648616648186,word_tfidf_v1
q_flowers_03,b2985855-e1b8-485e-ad15-d495cc453736,11,0.17786541952497595,word_tfidf_v1
q_flowers_03,c2385b8c-427c-456d-b2cd-9348ab49a18b,12,0.1763231544017161,word_tfidf_v1
q_flowers_03,5014d54a-b5f8-499b-a6e2-87cd2ba7e0b7,13,0.17438517225620476,word_tfidf_v1
q_flowers_03,7ee8c1d2-4b06-4517-8127-0d6d42a4a697,14,0.17146716311782648,word_tfidf_v1
q_flowers_03,1d9b9636-ffa3-4b67-b16c-1e6a0ba61ff0,15,0.17068481111748235,word_tfidf_v1
q_flowers_03,fc594302-f669-4e1b-89cf-bd5db04ae722,16,0.15664985774978243,word_tfidf_v1
q_flowers_03,6547a5c2-a40d-46ee-9600-744fb29da73f,17,0.15543599765313357,word_tfidf_v1
q_flowers_03,1880a34b-0ea4-4248-90cc-2b48f613180d,18,0.14426965652776674,word_tfidf_v1
q_flowers_03,f8b6dbb7-a5f0-42f7-8b13-a4d609de71f9,19,0.1382026804262847,word_tfidf_v1
q_flowers_03,0cfffb5d-5240-4c84-8fef-ef393cd00d05,20,0.13645527646715686,word_tfidf_v1
q_flowers_03,f3602c06-803c-4cba-95e5-27f51cdb7d4a,21,0.13607154335401522,word_tfidf_v1
q_flowers_03,1df50f85-2e24-471e-9955-64cfe30d014e,22,0.13308079432449615,word_tfidf_v1
q_flowers_03,3a18fa30-9423-4252-b2e4-c29bc867ae66,23,0.1303869722852125,word_tfidf_v1
q_flowers_03,3604b7c6-0c52-41d4-8067-d6603b8ee6f0,24,0.1298595625632528,word_tfidf_v1
q_flowers_03,b26d1af4-a593-4973-a22b-cde4ec7cf3ea,25,0.11940061361824363,word_tfidf_v1
q_flowers_03,6db25e14-436f-49e1-aaca-aa863607185a,26,0.11128500353004132,word_tfidf_v1
q_flowers_04,aba76fc2-984e-4030-ba01-e2e7d78264c7,1,0.37023436620188616,word_tfidf_v1
q_flowers_04,f14df4d3-9858-4a8b-8597-20fd477d8e32,2,0.34499406568083435,word_tfidf_v1
q_flowers_04,282b0e8b-051c-49f9-a707-b982df803589,3,0.32339172684546885,word_tfidf_v1
q_flowers_04,5f39317e-2916-47e2-9fee-ede53deff33a,4,0.2533334422615698,word_tfidf_v1
q_flowers_04,9fd9bf80-f13f-47fe-a5f0-8417e68b1c88,5,0.25259817972979165,word_tfidf_v1
q_flowers_04,3a781f2e-8202-470c-befb-3c36411033bf,6,0.25180684764776334,word_tfidf_v1
q_flowers_04,46090ff9-d080-41b3-82dc-f3e2d4029e36,7,0.24964147831307054,word_tfidf_v1
q_flowers_04,015a9bf5-459a-4d82-bb4d-f6b4136ffda5,8,0.24964147831307054,word_tfidf_v1
q_flowers_04,c728980b-26ee-46a1-8b26-54cc22a40c48,9,0.24550584274146287,word_tfidf_v1
q_flowers_04,6c173e48-b1d5-46a4-8c7e-b8986310dfbe,10,0.23377961076746234,word_tfidf_v1
q_flowers_04,8f2d4f86-310f-4248-855e-e1ee8027bbaf,11,0.22804656883742888,word_tfidf_v1
q_flowers_04,d44114b6-26ce-4a36-aeff-94f7bae6a6ab,12,0.22390823617203648,word_tfidf_v1
q_flowers_04,4825acae-5ec9-42a7-a4dd-bcaabd92399d,13,0.21331178313463484,word_tfidf_v1
q_flowers_04,0165a7f2-4303-433a-a548-17d89cb6fa0f,14,0.21246976856372848,word_tfidf_v1
q_flowers_04,4986be7f-8f73-4efe-a042-f653180519be,15,0.20850891287379747,word_tfidf_v1
q_flowers_04,aace9af5-85fc-4ea3-ae03-bb77ad69d32d,16,0.2055162877949688,word_tfidf_v1
q_flowers_04,f906ade2-dc38-4c41-a0ae-18e5ac72c5a4,17,0.20021165185081372,word_tfidf_v1
q_flowers_04,6b9f3adc-8af6-49b2-93de-5b1b1361f479,18,0.19934569173029953,word_tfidf_v1
q_flowers_04,989fb6d4-ed19-46cb-8322-9e6e9194211c,19,0.1971236466291452,word_tfidf_v1
q_flowers_04,fefb8767-6974-462c-bc35-8885afedf5b7,20,0.19669462201401752,word_tfidf_v1
q_flowers_04,21bba60d-9cbb-46ee-9010-ca30ba99dec2,21,0.1956536420413444,word_tfidf_v1
q_flowers_04,c0591314-c5a5-44fc-8ce7-61b817a653ce,22,0.19544646852241873,word_tfidf_v1
q_flowers_04,dbf83553-7416-4e54-9207-a35cd1e4617a,23,0.1947757389803555,word_tfidf_v1
q_flowers_04,7d44654a-2278-435b-b9d4-64bf236a8e2e,24,0.1947757389803555,word_tfidf_v1
q_flowers_04,72e4403e-31bd-44e9-b724-9aac71f443ed,25,0.1939248131436395,word_tfidf_v1
q_flowers_04,f7e3eaff-5bb2-4c04-aa6e-f4dc9216ca7c,26,0.1939248131436395,word_tfidf_v1
q_flowers_04,91ae106a-db0c-44f0-8c26-ebabbc7d5252,27,0.1939248131436395,word_tfidf_v1
q_flowers_04,c5a66601-dbaf-4b1d-86fa-822ea6890ffe,28,0.1939248131436395,word_tfidf_v1
q_flowers_04,680bfced-ec7b-4bf5-a6d0-d7123bae1cd0,29,0.19376416258926316,word_tfidf_v1
q_flowers_04,1cd2d8cc-91fb-4461-b020-38169644e8cf,30,0.19376416258926316,word_tfidf_v1
q_flowers_04,9a5c0258-950c-478e-83b6-c33660b6e704,31,0.19376416258926316,word_tfidf_v1
q_flowers_04,49c4af0c-2c40-4feb-af06-ed8e7d7b8156,32,0.19376416258926316,word_tfidf_v1
q_flowers_04,4fed0842-d41d-47a8-8ec8-a1de479bbf34,33,0.19257063372511649,word_tfidf_v1
q_flowers_04,ad7c5583-b22c-46d6-9ac0-97c2235f9086,34,0.19197370127583474,word_tfidf_v1
q_flowers_04,5126e924-1bd8-446b-83da-5e4bfb27b002,35,0.19111466916162947,word_tfidf_v1
q_flowers_04,569f6cd9-123c-4e86-9ad8-920d6201859d,36,0.19111466916162947,word_tfidf_v1
q_flowers_04,f370b7c2-ee14-4344-bec9-69dff26c9b53,37,0.19111466916162947,word_tfidf_v1
q_flowers_04,61351d25-d537-4c5d-aa7f-e3d1bfdd8693,38,0.19111466916162947,word_tfidf_v1
q_flowers_04,b85a1186-2171-487e-a9c3-bda720b4f26e,39,0.19111466916162947,word_tfidf_v1
q_flowers_04,a0544dd5-6d13-4a34-abf8-097955ba18c7,40,0.19111466916162947,word_tfidf_v1
q_fitness_01,93dec04d-6fdb-4162-9e82-0d5763caafc4,1,0.4473998138798582,word_tfidf_v1
q_fitness_01,1ba7f986-6c90-4064-947e-be6d0328a9ff,2,0.4401758151124998,word_tfidf_v1
q_fitness_01,7c56683c-0cd0-45ce-8f74-0dbdc5b3003f,3,0.4401758151124998,word_tfidf_v1
q_fitness_01,6d73f137-53fe-45f9-8ddd-eb1d99f6a3f1,4,0.4401758151124998,word_tfidf_v1
q_fitness_01,28e7d699-65b0-457b-a4ec-5bb0c9a7eecb,5,0.4401758151124998,word_tfidf_v1
q_fitness_01,7a304117-b41c-4dba-b89b-2c92e30494b5,6,0.4401758151124998,word_tfidf_v1
q_fitness_01,98ba58a4-61a5-4768-a36e-e1cbd2f82d45,7,0.4344774502949708,word_tfidf_v1
q_fitness_01,a151d33f-690f-43ab-b351-64fc0d0823db,8,0.4344774502949708,word_tfidf_v1
q_fitness_01,1b4dce18-d5c1-4c8c-b9d2-fca5df0d9bbc,9,0.4344774502949708,word_tfidf_v1
q_fitness_01,57645c5a-23b7-4d44-8f29-86f9ba797c98,10,0.4344774502949708,word_tfidf_v1
q_fitness_01,10fdb2a6-75ae-42a1-b5dc-6fac1bb8b49a,11,0.4344774502949708,word_tfidf_v1
q_fitness_01,1d6a614a-f027-4b4b-9d78-830a9a3436e6,12,0.4344774502949708,word_tfidf_v1
q_fitness_01,64c6105b-6bda-4f90-b68a-155ddf4a4bbd,13,0.4344774502949708,word_tfidf_v1
q_fitness_01,d472d3a3-37fc-45ec-96bf-2749138b839c,14,0.4344774502949708,word_tfidf_v1
q_fitness_01,9dac3be2-407e-4e63-9798-3ef1c972d0e0,15,0.4344774502949708,word_tfidf_v1
q_fitness_01,eb59f390-37b0-4bfc-9917-aa2a909ba775,16,0.4344774502949708,word_tfidf_v1
q_fitness_01,cf124091-833c-4e80-b342-a6c29fe44082,17,0.4344774502949708,word_tfidf_v1
q_fitness_01,5363b9b0-bdef-4975-9fcf-06d122655da9,18,0.4344774502949708,word_tfidf_v1
q_fitness_01,9ebd7ffe-692e-451d-8e11-f588fe436083,19,0.4344774502949708,word_tfidf_v1
q_fitness_01,073b6728-4270-4ed1-a901-a680d4cf10d0,20,0.4344774502949708,word_tfidf_v1
q_fitness_01,b85ad62f-dabc-40c2-a50f-971fbc65525f,21,0.4344774502949708,word_tfidf_v1
q_fitness_01,b0fa6140-a098-4d5c-bb00-a6e18dcc8081,22,0.4344774502949708,word_tfidf_v1
q_fitness_01,a1570a46-6991-4ffd-9812-bcbac43742da,23,0.4344774502949708,word_tfidf_v1
q_fitness_01,ed2510fd-25e6-4664-9693-c4387003c8f4,24,0.4344774502949708,word_tfidf_v1
q_fitness_01,db53e9d1-551a-49c7-9652-6174e6ef0ac5,25,0.4344774502949708,word_tfidf_v1
q_fitness_01,212fedd4-b260-437e-a514-f03a1684e65e,26,0.4344774502949708,word_tfidf_v1
q_fitness_01,074ab624-d672-4af0-aefa-1e755549e6df,27,0.4344774502949708,word_tfidf_v1
q_fitness_01,a6a4c671-77de-4540-a173-08c2d2e34022,28,0.4344774502949708,word_tfidf_v1
q_fitness_01,e6598e81-3b47-4549-ae8b-cc72760c1af4,29,0.4344774502949708,word_tfidf_v1
q_fitness_01,e1ac4db5-4603-4b41-8625-a80a6a4c9151,30,0.4344774502949708,word_tfidf_v1
q_fitness_01,5de85a90-09e9-48cb-a893-e5f822667d43,31,0.4344774502949708,word_tfidf_v1
q_fitness_01,af0be4e3-7515-4b1d-b830-d7d9a8213af3,32,0.4344774502949708,word_tfidf_v1
q_fitness_01,93705db9-8401-4488-a4d7-1e98f0ef0b57,33,0.4344774502949708,word_tfidf_v1
q_fitness_01,0d022b68-2b56-4c6d-83e4-75bbb0250b7c,34,0.4344774502949708,word_tfidf_v1
q_fitness_01,9e877376-32a7-477e-bb7c-caf62a2d9d77,35,0.4344774502949708,word_tfidf_v1
q_fitness_01,8abc8c69-f4e1-407c-8966-a06bb0cfcf36,36,0.4344774502949708,word_tfidf_v1
q_fitness_01,377a1822-9e1b-4458-a1aa-11a43e3e035a,37,0.4344774502949708,word_tfidf_v1
q_fitness_01,51bf2f66-f5e9-47d3-9578-3ebf8ecabb5f,38,0.4344774502949708,word_tfidf_v1
q_fitness_01,172961ca-0c85-4246-a5bc-a63d7cadc829,39,0.4344774502949708,word_tfidf_v1
q_fitness_01,02afd03f-1610-49f8-8e3d-e8dc8df6c0bc,40,0.4344774502949708,word_tfidf_v1
q_fitness_02,edcd962b-8c0c-4fcc-8aa5-65d00a4502ef,1,0.5647440468151712,word_tfidf_v1
q_fitness_02,c259edd4-7a9b-4d3f-8c13-8538f5d2cdb8,2,0.5647440468151712,word_tfidf_v1
q_fitness_03,76a3551b-dae4-4326-92cc-662015aedbfb,1,0.4673435074939959,word_tfidf_v1
q_fitness_03,c111ac9d-3f3a-405c-a8db-4d127ccda9e2,2,0.38333414398826915,word_tfidf_v1
q_fitness_03,24456103-f6b8-46af-8655-82e61d7265d8,3,0.3783546259353505,word_tfidf_v1
q_fitness_03,2743811c-5e71-4d2b-aa75-1b0147d44f2d,4,0.3243548699049171,word_tfidf_v1
q_fitness_04,aba76fc2-984e-4030-ba01-e2e7d78264c7,1,0.4299719438450258,word_tfidf_v1
q_fitness_04,f14df4d3-9858-4a8b-8597-20fd477d8e32,2,0.40065910292860096,word_tfidf_v1
q_fitness_04,282b0e8b-051c-49f9-a707-b982df803589,3,0.3755712113967379,word_tfidf_v1
q_stationery_01,3b9d123f-bdd6-48a4-93f1-c130ac594101,1,0.4887687438562834,word_tfidf_v1
q_stationery_01,8b6964f9-458b-4984-a0f0-7be3d5f85faa,2,0.4887687438562834,word_tfidf_v1
q_stationery_01,2254369e-2dd6-4f91-9b3d-5e4d3e7a5927,3,0.4367534528098624,word_tfidf_v1
q_stationery_01,ef7d0411-31e1-465e-9a28-c1bcdea261ef,4,0.4305606275533152,word_tfidf_v1
q_stationery_01,c8e3c97c-4752-48c4-9aa3-f318c164bc19,5,0.4262095369458057,word_tfidf_v1
q_stationery_01,1f97beae-6200-4322-9444-b6ecdfbff6cb,6,0.41660912019210705,word_tfidf_v1
q_stationery_01,77ec1b74-c6dd-44db-a8da-7c13ac8d3c9d,7,0.41660912019210705,word_tfidf_v1
q_stationery_01,818fe3f5-787b-4d56-b380-f2fb96f5a2d6,8,0.41660912019210705,word_tfidf_v1
q_stationery_01,45a08ed7-71ff-4fd7-b55f-0b0d79cd4c3a,9,0.41660912019210705,word_tfidf_v1
q_stationery_01,d33d26d8-c811-4d6a-b29d-dfaab13f6779,10,0.40573359354975136,word_tfidf_v1
q_stationery_01,f7b4bda2-889c-48fd-bffa-4548c8459d74,11,0.40573359354975136,word_tfidf_v1
q_stationery_01,4e8261aa-2923-4c99-81d6-5e400704b574,12,0.40476383390254317,word_tfidf_v1
q_stationery_01,04ef299e-f454-4669-921e-3cac1d475adf,13,0.4043792101172102,word_tfidf_v1
q_stationery_01,64965dc8-c9d1-4fc1-a0d2-afa4c899df34,14,0.40316009047147766,word_tfidf_v1
q_stationery_01,55551eec-4b90-4fd6-8ad9-078b7b33eb7c,15,0.40316009047147766,word_tfidf_v1
q_stationery_01,d3d2e2d8-eb67-4da0-92af-4a41c118b3cc,16,0.3964072615249738,word_tfidf_v1
q_stationery_01,eb0d37d9-4fc4-439a-a708-91538ded6488,17,0.39433000822738884,word_tfidf_v1
q_stationery_01,b09f4f06-3e20-4f74-92c3-4ca447129a3e,18,0.39433000822738884,word_tfidf_v1
q_stationery_01,b6a5c0a9-0ae4-49b6-af71-6d81ee33e68b,19,0.39433000822738884,word_tfidf_v1
q_stationery_01,c8e982c2-a41f-4ab6-9bb0-5e5e0c22ce61,20,0.3861921900782528,word_tfidf_v1
q_stationery_01,89d81144-5b57-4bbc-a699-c8db2bc02abe,21,0.3861921900782528,word_tfidf_v1
q_stationery_01,cadc56a1-c30c-4ba4-ac44-bf7108c29db5,22,0.38470313797807065,word_tfidf_v1
q_stationery_01,e4c8de0a-7aff-4404-94df-04b51fe0ff83,23,0.3824225204926427,word_tfidf_v1
q_stationery_01,ff31f2cf-d830-4ad9-85c9-380d62cd8d52,24,0.3824225204926427,word_tfidf_v1
q_stationery_01,f65ef2a5-5a57-44d5-9c74-04611ac812b5,25,0.3824225204926427,word_tfidf_v1
q_stationery_01,60c57e73-a09b-450d-93ef-db6f28daf869,26,0.3824225204926427,word_tfidf_v1
q_stationery_01,6e128193-9a97-4e86-8379-bbc940feb12c,27,0.38075088606248225,word_tfidf_v1
q_stationery_01,b4506f68-5a8e-49c5-be40-3f423775cc8d,28,0.38075088606248225,word_tfidf_v1
q_stationery_01,313dd3d7-ea83-40d6-8065-c64cfece40d2,29,0.38075088606248225,word_tfidf_v1
q_stationery_01,2291228f-1310-44ed-bdc2-2181973e172a,30,0.3804352911878734,word_tfidf_v1
q_stationery_01,ad224735-ea6b-45af-9f48-921e1e3da434,31,0.37809064062523234,word_tfidf_v1
q_stationery_01,5547fab4-c249-4371-8655-999df2f90862,32,0.37809064062523234,word_tfidf_v1
q_stationery_01,7135c3b4-b66f-43f0-8407-46429c916171,33,0.37809064062523234,word_tfidf_v1
q_stationery_01,3d572060-889f-4b36-8126-73449aed9adf,34,0.37691799422041916,word_tfidf_v1
q_stationery_01,b0f1bcd2-5a15-4085-9ba3-0425abb81cd1,35,0.37691799422041916,word_tfidf_v1
q_stationery_01,6cae9f19-c9e2-4227-b78b-c6fb45433cf3,36,0.37691799422041916,word_tfidf_v1
q_stationery_01,2411b823-b5a9-4b8a-b87e-0428f66a8d14,37,0.37691799422041916,word_tfidf_v1
q_stationery_01,6899eaa3-047d-4787-8044-371766cd162f,38,0.37691799422041916,word_tfidf_v1
q_stationery_01,c939f9fa-96a2-40c2-b48f-c8f8868e011e,39,0.37691799422041916,word_tfidf_v1
q_stationery_01,3599f3cd-3776-4df7-b0f8-dd7dc962cd64,40,0.37691799422041916,word_tfidf_v1
q_stationery_02,8e6388e8-ce8c-447e-a43a-cade8fe7bbb8,1,0.534658890432567,word_tfidf_v1
q_stationery_02,22e721d8-a90a-4661-876d-1a5e1894cebc,2,0.5285145179193645,word_tfidf_v1
q_stationery_02,398f9f80-4243-4ce0-b04b-e1cfe43edaac,3,0.5285145179193645,word_tfidf_v1
q_stationery_02,5365a861-15ee-426c-af89-0ff5d04f5c20,4,0.5285145179193645,word_tfidf_v1
q_stationery_02,7624e6d2-012a-4c4e-8e9c-352affba3fd5,5,0.5285145179193645,word_tfidf_v1
q_stationery_02,7fe1bd00-5f69-4be7-b401-86659bf564ff,6,0.5285145179193645,word_tfidf_v1
q_stationery_02,70a49ecf-6e99-45f1-a961-67d9d5f956ab,7,0.42016565694110947,word_tfidf_v1
q_stationery_02,a1208e4b-a28f-4157-9e3a-5f1c69c7ce26,8,0.4193079784682007,word_tfidf_v1
q_stationery_03,76a3551b-dae4-4326-92cc-662015aedbfb,1,0.26276499715685275,word_tfidf_v1
q_stationery_03,245aec63-05d3-47d7-9b3d-b96e9db2fdcb,2,0.22936943578057967,word_tfidf_v1
q_stationery_03,c161453d-f2c8-4b97-a2c3-a54e0cbdb7e8,3,0.22930822000338089,word_tfidf_v1
q_stationery_03,db6908bb-41e1-461b-9a7e-9c2952b15fec,4,0.21827339750998231,word_tfidf_v1
q_stationery_03,c111ac9d-3f3a-405c-a8db-4d127ccda9e2,5,0.21553053298059607,word_tfidf_v1
q_stationery_03,24456103-f6b8-46af-8655-82e61d7265d8,6,0.21273078712762847,word_tfidf_v1
q_stationery_03,f5734d5a-fca6-48c0-a15e-1ae820816050,7,0.19541598701244042,word_tfidf_v1
q_stationery_03,2743811c-5e71-4d2b-aa75-1b0147d44f2d,8,0.18236929603536184,word_tfidf_v1
q_stationery_03,2f90f5b8-b8e2-4297-a675-5261c4c463ac,9,0.15056190930379562,word_tfidf_v1
q_stationery_04,aba76fc2-984e-4030-ba01-e2e7d78264c7,1,0.3704166705237132,word_tfidf_v1
q_stationery_04,f14df4d3-9858-4a8b-8597-20fd477d8e32,2,0.3451639416159711,word_tfidf_v1
q_stationery_04,282b0e8b-051c-49f9-a707-b982df803589,3,0.3235509657352884,word_tfidf_v1
q_stationery_04,8b6964f9-458b-4984-a0f0-7be3d5f85faa,4,0.2481840511572496,word_tfidf_v1
q_stationery_04,3b9d123f-bdd6-48a4-93f1-c130ac594101,5,0.2481840511572496,word_tfidf_v1
q_stationery_04,2254369e-2dd6-4f91-9b3d-5e4d3e7a5927,6,0.22177203971770462,word_tfidf_v1
q_stationery_04,ef7d0411-31e1-465e-9a28-c1bcdea261ef,7,0.21862748417973688,word_tfidf_v1
q_stationery_04,c8e3c97c-4752-48c4-9aa3-f318c164bc19,8,0.21641811357759075,word_tfidf_v1
q_stationery_04,45a08ed7-71ff-4fd7-b55f-0b0d79cd4c3a,9,0.21154327173739432,word_tfidf_v1
q_stationery_04,1f97beae-6200-4322-9444-b6ecdfbff6cb,10,0.21154327173739432,word_tfidf_v1
q_stationery_04,818fe3f5-787b-4d56-b380-f2fb96f5a2d6,11,0.21154327173739432,word_tfidf_v1
q_stationery_04,77ec1b74-c6dd-44db-a8da-7c13ac8d3c9d,12,0.21154327173739432,word_tfidf_v1
q_stationery_04,d33d26d8-c811-4d6a-b29d-dfaab13f6779,13,0.20602096227203684,word_tfidf_v1
q_stationery_04,f7b4bda2-889c-48fd-bffa-4548c8459d74,14,0.20602096227203684,word_tfidf_v1
q_stationery_04,4e8261aa-2923-4c99-81d6-5e400704b574,15,0.20552854355476363,word_tfidf_v1
q_stationery_04,04ef299e-f454-4669-921e-3cac1d475adf,16,0.20533324160386096,word_tfidf_v1
q_stationery_04,64965dc8-c9d1-4fc1-a0d2-afa4c899df34,17,0.20471420436728133,word_tfidf_v1
q_stationery_04,55551eec-4b90-4fd6-8ad9-078b7b33eb7c,18,0.20471420436728133,word_tfidf_v1
q_stationery_04,d3d2e2d8-eb67-4da0-92af-4a41c118b3cc,19,0.20128529352594476,word_tfidf_v1
q_stationery_04,b6a5c0a9-0ae4-49b6-af71-6d81ee33e68b,20,0.20023051834820554,word_tfidf_v1
q_stationery_04,eb0d37d9-4fc4-439a-a708-91538ded6488,21,0.20023051834820554,word_tfidf_v1
q_stationery_04,b09f4f06-3e20-4f74-92c3-4ca447129a3e,22,0.20023051834820554,word_tfidf_v1
q_stationery_04,89d81144-5b57-4bbc-a699-c8db2bc02abe,23,0.19609834602495355,word_tfidf_v1
q_stationery_04,c8e982c2-a41f-4ab6-9bb0-5e5e0c22ce61,24,0.19609834602495355,word_tfidf_v1
q_stationery_04,cadc56a1-c30c-4ba4-ac44-bf7108c29db5,25,0.1953422441112107,word_tfidf_v1
q_stationery_04,f65ef2a5-5a57-44d5-9c74-04611ac812b5,26,0.1941842058900924,word_tfidf_v1
q_stationery_04,e4c8de0a-7aff-4404-94df-04b51fe0ff83,27,0.1941842058900924,word_tfidf_v1
q_stationery_04,ff31f2cf-d830-4ad9-85c9-380d62cd8d52,28,0.1941842058900924,word_tfidf_v1
q_stationery_04,60c57e73-a09b-450d-93ef-db6f28daf869,29,0.1941842058900924,word_tfidf_v1
q_stationery_04,b4506f68-5a8e-49c5-be40-3f423775cc8d,30,0.19333539341968378,word_tfidf_v1
q_stationery_04,6e128193-9a97-4e86-8379-bbc940feb12c,31,0.19333539341968378,word_tfidf_v1
q_stationery_04,313dd3d7-ea83-40d6-8065-c64cfece40d2,32,0.19333539341968378,word_tfidf_v1
q_stationery_04,2291228f-1310-44ed-bdc2-2181973e172a,33,0.1931751425536261,word_tfidf_v1
q_stationery_04,ad224735-ea6b-45af-9f48-921e1e3da434,34,0.19198459000193618,word_tfidf_v1
q_stationery_04,7135c3b4-b66f-43f0-8407-46429c916171,35,0.19198459000193618,word_tfidf_v1
q_stationery_04,5547fab4-c249-4371-8655-999df2f90862,36,0.19198459000193618,word_tfidf_v1
q_stationery_04,b0f1bcd2-5a15-4085-9ba3-0425abb81cd1,37,0.19138915066793677,word_tfidf_v1
q_stationery_04,3d572060-889f-4b36-8126-73449aed9adf,38,0.19138915066793677,word_tfidf_v1
q_stationery_04,3599f3cd-3776-4df7-b0f8-dd7dc962cd64,39,0.19138915066793677,word_tfidf_v1
q_stationery_04,6899eaa3-047d-4787-8044-371766cd162f,40,0.19138915066793677,word_tfidf_v1
q_chinese_food_01,807217b7-1447-4b9a-8748-1c7baf8d763d,1,0.3754956575671738,word_tfidf_v1
q_chinese_food_01,cf17a533-d07a-47b4-aa35-0c138d875bd3,2,0.3754956575671738,word_tfidf_v1
q_chinese_food_01,daa7adb5-9163-4901-b094-266bb6a3a0a7,3,0.3754956575671738,word_tfidf_v1
q_chinese_food_01,52e3e19e-1956-4985-97b5-5e9f6dd589f3,4,0.3754956575671738,word_tfidf_v1
q_chinese_food_01,1e7c7703-589f-460e-a72e-026c94ec0bc2,5,0.3754956575671738,word_tfidf_v1
q_chinese_food_01,973ba513-a567-4689-ba8c-170262e4fa40,6,0.3754956575671738,word_tfidf_v1
q_chinese_food_01,807ac8d2-2b5c-4592-89f3-74aba6d6fad0,7,0.3754956575671738,word_tfidf_v1
q_chinese_food_01,e54619ac-d3ca-4276-b718-197075ce5d88,8,0.3754956575671738,word_tfidf_v1
q_chinese_food_01,b8c9292a-f1cc-4103-adeb-ab179304bf97,9,0.3754956575671738,word_tfidf_v1
q_chinese_food_01,1208eacb-3c69-4852-803b-3f93b4807650,10,0.3754956575671738,word_tfidf_v1
q_chinese_food_01,5bd157ae-9b5b-4130-b3b4-7e0794dcf437,11,0.3754956575671738,word_tfidf_v1
q_chinese_food_01,61238203-427d-4de3-b040-86b35cab8a81,12,0.3754956575671738,word_tfidf_v1
q_chinese_food_01,3d780316-d7db-4432-8fe7-b450842afc50,13,0.36882946253379106,word_tfidf_v1
q_chinese_food_01,633cb2fd-3595-443d-9586-2fdbba36b4a9,14,0.36882946253379106,word_tfidf_v1
q_chinese_food_01,9b814213-04df-4f06-bc6a-2e814714afeb,15,0.36882946253379106,word_tfidf_v1
q_chinese_food_01,595b4ac6-fa8c-47cd-b8f2-345944ba061d,16,0.35909912680795725,word_tfidf_v1
q_chinese_food_01,b89eacc9-8743-4cca-93ac-acc8c5296985,17,0.3574589847961716,word_tfidf_v1
q_chinese_food_01,a81aee35-7488-426a-9a44-e1ac101f5d24,18,0.3574589847961716,word_tfidf_v1
q_chinese_food_01,1a18636c-10de-4abf-b39f-53dd751debf5,19,0.3574589847961716,word_tfidf_v1
q_chinese_food_01,de6c633c-f598-4897-a1f5-f07547e02aae,20,0.3574589847961716,word_tfidf_v1
q_chinese_food_01,02e688a3-e3fb-443e-bacf-9fc212fa4a29,21,0.3574589847961716,word_tfidf_v1
q_chinese_food_01,44cb72da-6e7b-41c7-bf5b-35478bc5fe59,22,0.3574589847961716,word_tfidf_v1
q_chinese_food_01,ae2631c6-9a34-4dea-8f8c-4733eeb2fe03,23,0.3574589847961716,word_tfidf_v1
q_chinese_food_01,c8098ec5-722a-4d1a-ae24-450494c05b30,24,0.3574589847961716,word_tfidf_v1
q_chinese_food_01,72936711-3846-4ec8-b3bc-15800e3783e0,25,0.3574589847961716,word_tfidf_v1
q_chinese_food_01,ca917c91-7875-424e-a1b2-8ccb04e9ad3c,26,0.3574589847961716,word_tfidf_v1
q_chinese_food_01,07f2a92e-02b1-4970-baf5-80fae9ce262b,27,0.3574589847961716,word_tfidf_v1
q_chinese_food_01,f35b596d-8297-4887-9f54-56627978e4a9,28,0.3574589847961716,word_tfidf_v1
q_chinese_food_01,dc0f275d-bf65-4647-b7fc-a3b735b21195,29,0.3574589847961716,word_tfidf_v1
q_chinese_food_01,6b1474e6-cb24-4143-83da-cd175c0011bf,30,0.3574589847961716,word_tfidf_v1
q_chinese_food_01,bcde5d31-157c-4423-923a-f6858a07a45f,31,0.3564818101113937,word_tfidf_v1
q_chinese_food_01,8f253820-a701-4fc0-91db-5ca888cb30b0,32,0.3564818101113937,word_tfidf_v1
q_chinese_food_01,0f35f542-f3e3-47db-b401-0ad9afb79392,33,0.3564818101113937,word_tfidf_v1
q_chinese_food_01,b58ca6ac-fae0-4475-aeaa-a618cf6db509,34,0.3564818101113937,word_tfidf_v1
q_chinese_food_01,b2ad9d9b-370f-4a2b-ac09-bf36f63f9d14,35,0.3564818101113937,word_tfidf_v1
q_chinese_food_01,2db4cbf8-2e35-456b-8a01-55ff1a182aca,36,0.356325988790277,word_tfidf_v1
q_chinese_food_01,829644e0-5024-49cb-8d22-35bea0ae391b,37,0.356325988790277,word_tfidf_v1
q_chinese_food_01,4dba2e12-277d-4cbe-873e-fc59e2f32dcf,38,0.356325988790277,word_tfidf_v1
q_chinese_food_01,8918225b-8e18-4ef2-994b-77ec1259ab46,39,0.356325988790277,word_tfidf_v1
q_chinese_food_01,5d18362e-e923-49fc-9ebd-359a0ed12636,40,0.35505732680138985,word_tfidf_v1
q_chinese_food_02,22a81f31-72dd-44bf-b636-73d75266e8a0,1,0.6318145313911487,word_tfidf_v1
q_chinese_food_02,e981fb70-739a-43a4-afe6-dbc7335ed296,2,0.6318145313911487,word_tfidf_v1
q_chinese_food_02,dae7eaa8-f055-421f-aef8-df581057cfa7,3,0.573707124942301,word_tfidf_v1
q_chinese_food_02,89ff7278-aef3-4150-bd20-0ad13e4eebd8,4,0.573707124942301,word_tfidf_v1
q_chinese_food_02,89bd86d9-9119-45d0-8531-86d331f2c84c,5,0.5458974963211175,word_tfidf_v1
q_chinese_food_02,a2f4a18f-e719-443b-845b-33d3981eb68d,6,0.5354180969075596,word_tfidf_v1
q_chinese_food_02,116365cb-ffed-43e1-9971-6df263d877cc,7,0.527687774095352,word_tfidf_v1
q_chinese_food_02,291ab45c-d13d-42d6-b893-ded930bb8890,8,0.5215617181720963,word_tfidf_v1
q_chinese_food_02,8f4cfbae-c2fd-433a-966c-c1f220fe526f,9,0.5215617181720963,word_tfidf_v1
q_chinese_food_02,3e1d70ae-e63a-4314-92fb-a977b6a79ee8,10,0.4393244844558952,word_tfidf_v1
q_chinese_food_03,27cc3228-f012-4aee-bceb-dc97e517edfd,1,0.3975724672936888,word_tfidf_v1
q_chinese_food_03,624d027d-83a7-4ed5-8da0-822be7305917,2,0.3920644708570692,word_tfidf_v1
q_chinese_food_03,7ff54927-9d51-414f-8b00-c4358a7a8289,3,0.3876926283404229,word_tfidf_v1
q_chinese_food_03,f32c7a99-5cad-4df9-8806-16e7f78bc6ce,4,0.3876926283404229,word_tfidf_v1
q_chinese_food_03,76a3551b-dae4-4326-92cc-662015aedbfb,5,0.3304617632925106,word_tfidf_v1
q_chinese_food_03,c111ac9d-3f3a-405c-a8db-4d127ccda9e2,6,0.27105817267444554,word_tfidf_v1
q_chinese_food_03,24456103-f6b8-46af-8655-82e61d7265d8,7,0.26753712169218596,word_tfidf_v1
q_chinese_food_03,2743811c-5e71-4d2b-aa75-1b0147d44f2d,8,0.2293535280206473,word_tfidf_v1
q_chinese_food_04,aba76fc2-984e-4030-ba01-e2e7d78264c7,1,0.32983053849510996,word_tfidf_v1
q_chinese_food_04,0e670ac8-34bb-49aa-a021-96edc35b4edc,2,0.32726319516003094,word_tfidf_v1
q_chinese_food_04,c3fe3b79-79c2-46c7-894d-523c2088ae4d,3,0.32726319516003094,word_tfidf_v1
q_chinese_food_04,721b6faa-f7dc-4b85-970a-c1801bb45a19,4,0.3261388822443439,word_tfidf_v1
q_chinese_food_04,ad570bb1-6737-495e-b0fa-2c9642e16967,5,0.3216520181308862,word_tfidf_v1
q_chinese_food_04,ee3eb3fe-e95e-453c-91b5-42d3ca585736,6,0.3195235954057353,word_tfidf_v1
q_chinese_food_04,831e07da-f1e0-485f-9abc-4517e5c8054c,7,0.3167834862285196,word_tfidf_v1
q_chinese_food_04,9aa72607-f5d9-4269-a934-c91981c0315a,8,0.31293260969188913,word_tfidf_v1
q_chinese_food_04,012fea8b-eb2a-48ba-908c-ebc87edc7b6f,9,0.31293260969188913,word_tfidf_v1
q_chinese_food_04,355e754b-a02e-4f14-9633-a64690e781d8,10,0.31293260969188913,word_tfidf_v1
q_chinese_food_04,7443d410-f26f-4f15-ba1d-d59387fac2a5,11,0.31293260969188913,word_tfidf_v1
q_chinese_food_04,3bc39a28-13c3-4739-b62a-bb69360a9462,12,0.31293260969188913,word_tfidf_v1
q_chinese_food_04,8d2c4109-caee-4cfa-aa13-37e939f5f13f,13,0.31293260969188913,word_tfidf_v1
q_chinese_food_04,b835eebe-3200-4282-adbe-2a4a40dc5406,14,0.31293260969188913,word_tfidf_v1
q_chinese_food_04,c95060a1-1059-435a-855b-8eafe877bae2,15,0.31293260969188913,word_tfidf_v1
q_chinese_food_04,72885314-1ea4-4e31-b157-59946e7d6919,16,0.31293260969188913,word_tfidf_v1
q_chinese_food_04,48eb5298-90f7-4b7e-aac7-94295dc6ee8b,17,0.31293260969188913,word_tfidf_v1
q_chinese_food_04,3747c4a5-a9f2-4fa3-8592-e3b2ff5ff649,18,0.31293260969188913,word_tfidf_v1
q_chinese_food_04,aafdcbaf-e13a-484f-a5f5-b1d8d6bb1fb7,19,0.31293260969188913,word_tfidf_v1
q_chinese_food_04,91c70fca-f0c0-4a1e-897d-4909e4485866,20,0.31293260969188913,word_tfidf_v1
q_chinese_food_04,b74dd00c-dfef-41f7-9a6b-5adebaf02404,21,0.31293260969188913,word_tfidf_v1
q_chinese_food_04,8185c10c-f3a5-4a2c-853a-88c3cc8aef71,22,0.31293260969188913,word_tfidf_v1
q_chinese_food_04,1f2e53b7-9ffa-4646-83a0-493cb100585f,23,0.31293260969188913,word_tfidf_v1
q_chinese_food_04,3383e185-45fb-4de9-aae3-881d442702e4,24,0.31293260969188913,word_tfidf_v1
q_chinese_food_04,f14df4d3-9858-4a8b-8597-20fd477d8e32,25,0.3073447222862026,word_tfidf_v1
q_chinese_food_04,282b0e8b-051c-49f9-a707-b982df803589,26,0.28809985551730527,word_tfidf_v1
q_chinese_food_04,6f9b178c-d8ee-46a8-81af-7a49e6d3a239,27,0.2624326480337526,word_tfidf_v1
q_chinese_food_04,41da5f6d-bf89-426d-9953-81c1f16dd126,28,0.2550175992370819,word_tfidf_v1
q_chinese_food_04,afe9bbf4-e934-4b46-8beb-377d2a01cf98,29,0.2529617514192621,word_tfidf_v1
q_chinese_food_04,612cac7d-1399-4269-afab-59e4ff8dcdab,30,0.2526156466529128,word_tfidf_v1
q_snack_food_01,69f20b3a-cf74-41ac-be36-9c519eb1470c,1,0.44734567179711116,word_tfidf_v1
q_snack_food_01,f8d03d5c-a44f-43e8-b2e6-60e261a78cd2,2,0.44734567179711116,word_tfidf_v1
q_snack_food_01,cf6335ca-0afa-4f47-8aa2-d00a1546f83e,3,0.44734567179711116,word_tfidf_v1
q_snack_food_01,c91c5e2b-c8db-4e19-9823-4a2b01c7f858,4,0.4292987083660538,word_tfidf_v1
q_snack_food_01,a3305d17-57d9-48f2-b4fc-f69b7c4c85f9,5,0.4276261155803037,word_tfidf_v1
q_snack_food_01,2411013e-73bf-4cf8-b65a-3b8512d1a255,6,0.424279629463249,word_tfidf_v1
q_snack_food_01,faa42f97-f53c-422c-baba-12be7ed2bf90,7,0.42179014087123823,word_tfidf_v1
q_snack_food_01,0555a982-9411-4a65-9629-e51f7fa1b5c0,8,0.4162092243896566,word_tfidf_v1
q_snack_food_01,08263ee2-3ea0-47e2-b639-ff6944f09a81,9,0.41332455850492783,word_tfidf_v1
q_snack_food_01,4e65eded-139b-422b-a408-8671c0ba9b6c,10,0.41332455850492783,word_tfidf_v1
q_snack_food_01,c6787d2f-964b-42c0-a487-fa3a8fd2c097,11,0.41332455850492783,word_tfidf_v1
q_snack_food_01,b49cb96a-62ef-4917-af1a-57f151d6c24c,12,0.40924628485551,word_tfidf_v1
q_snack_food_01,ce619091-0b24-4b4e-b648-3fc0764c885e,13,0.40924628485551,word_tfidf_v1
q_snack_food_01,fcd1d180-df17-4597-83fd-7bef737a72e5,14,0.40924628485551,word_tfidf_v1
q_snack_food_01,75a60a94-d2be-44cf-b81b-502d93d4aede,15,0.40924628485551,word_tfidf_v1
q_snack_food_01,0b002eb6-9015-4b32-a445-913b1b5fbda9,16,0.3811804665516994,word_tfidf_v1
q_snack_food_01,96ac7d45-2bea-4a6a-9403-2b2a2c1f5d10,17,0.3811804665516994,word_tfidf_v1
q_snack_food_01,ee5cec65-a97d-482f-ac44-303110e05ef6,18,0.3811804665516994,word_tfidf_v1
q_snack_food_01,05db11aa-138d-4d4b-99a7-3600a283dac8,19,0.3811804665516994,word_tfidf_v1
q_snack_food_01,29319f9e-57f3-4fae-a101-9c3295234972,20,0.3811804665516994,word_tfidf_v1
q_snack_food_01,b084d7c6-1384-4aeb-bc18-894fb798a3d1,21,0.3811804665516994,word_tfidf_v1
q_snack_food_01,24e8ffa3-e711-417c-a38d-9686f5aa532d,22,0.3811804665516994,word_tfidf_v1
q_snack_food_01,7366fc09-4b2c-468b-9b09-bb9b6e05f7f1,23,0.3811804665516994,word_tfidf_v1
q_snack_food_01,f56caf64-3c82-4eda-a4db-a15542076617,24,0.3811804665516994,word_tfidf_v1
q_snack_food_01,94f574fb-bf23-45de-b213-9393da4b8009,25,0.3811804665516994,word_tfidf_v1
q_snack_food_01,706557c7-f7a1-4a18-b2a5-6dda328a3a08,26,0.3811804665516994,word_tfidf_v1
q_snack_food_01,6cc1fa0f-b3bb-46a8-85b8-21bcf61d7890,27,0.3811804665516994,word_tfidf_v1
q_snack_food_01,911a0ab3-4d57-498f-83b6-ad5c1b12cfbd,28,0.3811804665516994,word_tfidf_v1
q_snack_food_01,b988df7d-b619-4968-a161-25f8f6f1dde6,29,0.3811804665516994,word_tfidf_v1
q_snack_food_01,11d61bbb-4f09-4a35-8ae1-f2b27c00af0a,30,0.3811804665516994,word_tfidf_v1
q_snack_food_01,ec7b0502-5d9b-437b-9d43-dd3db336a2b6,31,0.3811804665516994,word_tfidf_v1
q_snack_food_01,b6a2d93d-d6e0-4188-b783-e8b00238c3dc,32,0.3811804665516994,word_tfidf_v1
q_snack_food_01,7c69515c-ff5b-4856-8050-fbaa722d7569,33,0.3811804665516994,word_tfidf_v1
q_snack_food_01,e6379c6d-1332-4e7b-8390-7baca30a5121,34,0.3811804665516994,word_tfidf_v1
q_snack_food_01,ee747842-5aad-4b87-bca8-b5dfc0544918,35,0.3811804665516994,word_tfidf_v1
q_snack_food_01,e3551908-2e75-4bff-8490-507ad93d0df3,36,0.3811804665516994,word_tfidf_v1
q_snack_food_01,5298f37a-406d-4dca-a2b4-da24f1b77dab,37,0.3811804665516994,word_tfidf_v1
q_snack_food_01,6480db83-7744-45ad-9b3f-4b7e789a5a71,38,0.3811804665516994,word_tfidf_v1
q_snack_food_01,0bd42ff5-ce49-41c0-9a09-0b1af48665d6,39,0.3811804665516994,word_tfidf_v1
q_snack_food_01,df7fbbe2-4b14-4475-a5c1-71ca92d5989d,40,0.3811804665516994,word_tfidf_v1
q_snack_food_02,ee140e33-12a8-45ca-a6c9-507ee89f1e36,1,1.0,word_tfidf_v1
q_snack_food_02,d0a3e8c9-abec-4077-bc28-35605cce5d3e,2,0.6554779435919277,word_tfidf_v1
q_snack_food_02,93421838-6964-49c2-8723-8017fca415ab,3,0.5830050131179362,word_tfidf_v1
q_snack_food_02,9520aa6a-89a5-432d-802c-88d01797ffcb,4,0.5510083490799942,word_tfidf_v1
q_snack_food_02,25e17541-8ea1-4716-a373-a5cc54844c71,5,0.5370743616641982,word_tfidf_v1
q_snack_food_02,b96a3e14-b352-4936-b6c8-c30169fec54f,6,0.4502425756799563,word_tfidf_v1
q_snack_food_03,a44cae70-8c24-43fa-baa3-2aebf532e47e,1,0.38998485314147446,word_tfidf_v1
q_snack_food_03,a3e7ddec-1a95-4006-b012-4d7d05235dc7,2,0.29803501321092996,word_tfidf_v1
q_snack_food_03,76a3551b-dae4-4326-92cc-662015aedbfb,3,0.23533232180100763,word_tfidf_v1
q_snack_food_03,d3e11c51-3236-40f4-b8fa-42e4f840b8f7,4,0.21907387530467984,word_tfidf_v1
q_snack_food_03,c161453d-f2c8-4b97-a2c3-a54e0cbdb7e8,5,0.20536843341139263,word_tfidf_v1
q_snack_food_03,ab29e0a3-54ba-43d6-8d06-774d05760fd4,6,0.19894095831186928,word_tfidf_v1
q_snack_food_03,c111ac9d-3f3a-405c-a8db-4d127ccda9e2,7,0.19302913741990974,word_tfidf_v1
q_snack_food_03,8984f55c-4843-417a-8dfc-c50e03d0c74b,8,0.19236527330602388,word_tfidf_v1
q_snack_food_03,16fb62a7-d353-440e-bb63-9cfbd49b28ca,9,0.1916627654385164,word_tfidf_v1
q_snack_food_03,24456103-f6b8-46af-8655-82e61d7265d8,10,0.19052168513684056,word_tfidf_v1
q_snack_food_03,0c5c2ea1-277b-43bc-bb0d-adefbd2a0e9a,11,0.19051079547960975,word_tfidf_v1
q_snack_food_03,8f90ec67-5ed8-4ae8-a390-3bd207b4c8ed,12,0.19051079547960975,word_tfidf_v1
q_snack_food_03,0f488307-5995-4336-ad14-d83e5752db9c,13,0.17541465303812687,word_tfidf_v1
q_snack_food_03,31584541-5628-4723-9020-47600806b8b6,14,0.17448242401845784,word_tfidf_v1
q_snack_food_03,66b27451-9407-4167-ac29-887821fd3c43,15,0.17047643814473562,word_tfidf_v1
q_snack_food_03,a416ecbc-edc2-44a2-82ca-39e355d5f2ee,16,0.1693536197597828,word_tfidf_v1
q_snack_food_03,eeee4c6c-b716-49c4-a263-34678e26f406,17,0.1672643792779871,word_tfidf_v1
q_snack_food_03,2743811c-5e71-4d2b-aa75-1b0147d44f2d,18,0.16332993482993569,word_tfidf_v1
q_snack_food_03,a85f5fc6-33fa-4a9e-ab1f-84f44156d191,19,0.16153621803796292,word_tfidf_v1
q_snack_food_03,20b40099-91ac-46f9-992d-a966c1d17a38,20,0.15810962747701027,word_tfidf_v1
q_snack_food_03,c77b8265-252d-4bf4-87d6-d8346bf845f5,21,0.1560131661424981,word_tfidf_v1
q_snack_food_03,5a157cf2-712b-4d71-8147-c0627fcc784e,22,0.15333602884324293,word_tfidf_v1
q_snack_food_03,86d23af4-44da-47e8-a80a-5b858b72a312,23,0.15294489545109288,word_tfidf_v1
q_snack_food_03,bd6eff03-6504-4e47-967f-970e5a99a67d,24,0.15195551375856162,word_tfidf_v1
q_snack_food_03,0e53e871-e3c4-4ec3-8ddf-e1dfffedd517,25,0.15195551375856162,word_tfidf_v1
q_snack_food_03,fe10c3ae-2d71-4ce3-bdc6-4058d5b0f724,26,0.15195551375856162,word_tfidf_v1
q_snack_food_03,41141106-89e9-41b4-93b0-34be9ee54a94,27,0.15195551375856162,word_tfidf_v1
q_snack_food_03,04152499-1e7f-451f-8393-4986be4bd671,28,0.15195551375856162,word_tfidf_v1
q_snack_food_03,03c24ed1-1000-4d0a-9167-76e24e042340,29,0.15195551375856162,word_tfidf_v1
q_snack_food_03,f8a076eb-d69c-4a69-8c59-7910d97370c7,30,0.15195551375856162,word_tfidf_v1
q_snack_food_03,80184af3-549b-41e2-9efe-b8ca994b0de0,31,0.15043365070504539,word_tfidf_v1
q_snack_food_03,daf616bc-affe-4a12-bab0-0b5cb269a1c2,32,0.148433275922634,word_tfidf_v1
q_snack_food_03,99d46f06-315a-4fe1-800f-2de6c8ffb1a6,33,0.1472795561717996,word_tfidf_v1
q_snack_food_03,366ca53e-784c-451d-9fbc-d08616cc6a65,34,0.1469006435461322,word_tfidf_v1
q_snack_food_03,ddea52d8-df5e-492b-8c35-43ac2628e0e6,35,0.14661420756687119,word_tfidf_v1
q_snack_food_03,2eafbffc-26cc-4bbd-b529-00d4feb9f16b,36,0.14406265530122409,word_tfidf_v1
q_snack_food_03,81b8ce57-3bcb-423b-aa79-832848d96321,37,0.14294441462136487,word_tfidf_v1
q_snack_food_03,56582566-bf1b-407e-92b2-b627e3ad1671,38,0.14180328141658244,word_tfidf_v1
q_snack_food_03,104119aa-bd35-480c-8a36-c44d2d392e44,39,0.1414701881607242,word_tfidf_v1
q_snack_food_03,830e5b33-2e53-4972-a31a-a50393f51342,40,0.141064406428882,word_tfidf_v1
q_snack_food_04,aba76fc2-984e-4030-ba01-e2e7d78264c7,1,0.3906692395969151,word_tfidf_v1
q_snack_food_04,f14df4d3-9858-4a8b-8597-20fd477d8e32,2,0.3640358151719658,word_tfidf_v1
q_snack_food_04,282b0e8b-051c-49f9-a707-b982df803589,3,0.341241147640413,word_tfidf_v1
q_snack_food_04,f8d03d5c-a44f-43e8-b2e6-60e261a78cd2,4,0.18684909217987247,word_tfidf_v1
q_snack_food_04,69f20b3a-cf74-41ac-be36-9c519eb1470c,5,0.18684909217987247,word_tfidf_v1
q_snack_food_04,cf6335ca-0afa-4f47-8aa2-d00a1546f83e,6,0.18684909217987247,word_tfidf_v1
q_snack_food_04,c91c5e2b-c8db-4e19-9823-4a2b01c7f858,7,0.17931116581489853,word_tfidf_v1
q_snack_food_04,a3305d17-57d9-48f2-b4fc-f69b7c4c85f9,8,0.17861255070960755,word_tfidf_v1
q_snack_food_04,2411013e-73bf-4cf8-b65a-3b8512d1a255,9,0.1772147772820649,word_tfidf_v1
q_snack_food_04,faa42f97-f53c-422c-baba-12be7ed2bf90,10,0.1761749579371259,word_tfidf_v1
q_snack_food_04,0555a982-9411-4a65-9629-e51f7fa1b5c0,11,0.17384389888400922,word_tfidf_v1
q_snack_food_04,c6787d2f-964b-42c0-a487-fa3a8fd2c097,12,0.17263902033977627,word_tfidf_v1
q_snack_food_04,08263ee2-3ea0-47e2-b639-ff6944f09a81,13,0.17263902033977627,word_tfidf_v1
q_snack_food_04,4e65eded-139b-422b-a408-8671c0ba9b6c,14,0.17263902033977627,word_tfidf_v1
q_snack_food_04,75a60a94-d2be-44cf-b81b-502d93d4aede,15,0.17093559102974504,word_tfidf_v1
q_snack_food_04,ce619091-0b24-4b4e-b648-3fc0764c885e,16,0.17093559102974504,word_tfidf_v1
q_snack_food_04,fcd1d180-df17-4597-83fd-7bef737a72e5,17,0.17093559102974504,word_tfidf_v1
q_snack_food_04,b49cb96a-62ef-4917-af1a-57f151d6c24c,18,0.17093559102974504,word_tfidf_v1
q_snack_food_04,e6379c6d-1332-4e7b-8390-7baca30a5121,19,0.1592129501236972,word_tfidf_v1
q_snack_food_04,96ac7d45-2bea-4a6a-9403-2b2a2c1f5d10,20,0.1592129501236972,word_tfidf_v1
q_snack_food_04,11d61bbb-4f09-4a35-8ae1-f2b27c00af0a,21,0.1592129501236972,word_tfidf_v1
q_snack_food_04,ee5cec65-a97d-482f-ac44-303110e05ef6,22,0.1592129501236972,word_tfidf_v1
q_snack_food_04,706557c7-f7a1-4a18-b2a5-6dda328a3a08,23,0.1592129501236972,word_tfidf_v1
q_snack_food_04,ec7b0502-5d9b-437b-9d43-dd3db336a2b6,24,0.1592129501236972,word_tfidf_v1
q_snack_food_04,b084d7c6-1384-4aeb-bc18-894fb798a3d1,25,0.1592129501236972,word_tfidf_v1
q_snack_food_04,7c69515c-ff5b-4856-8050-fbaa722d7569,26,0.1592129501236972,word_tfidf_v1
q_snack_food_04,1998e77a-67d3-4317-9d94-792dd8dd0bb5,27,0.1592129501236972,word_tfidf_v1
q_snack_food_04,0bd42ff5-ce49-41c0-9a09-0b1af48665d6,28,0.1592129501236972,word_tfidf_v1
q_snack_food_04,ee747842-5aad-4b87-bca8-b5dfc0544918,29,0.1592129501236972,word_tfidf_v1
q_snack_food_04,df7fbbe2-4b14-4475-a5c1-71ca92d5989d,30,0.1592129501236972,word_tfidf_v1
q_snack_food_04,0b002eb6-9015-4b32-a445-913b1b5fbda9,31,0.1592129501236972,word_tfidf_v1
q_snack_food_04,6cc1fa0f-b3bb-46a8-85b8-21bcf61d7890,32,0.1592129501236972,word_tfidf_v1
q_snack_food_04,94f574fb-bf23-45de-b213-9393da4b8009,33,0.1592129501236972,word_tfidf_v1
q_snack_food_04,6480db83-7744-45ad-9b3f-4b7e789a5a71,34,0.1592129501236972,word_tfidf_v1
q_snack_food_04,7366fc09-4b2c-468b-9b09-bb9b6e05f7f1,35,0.1592129501236972,word_tfidf_v1
q_snack_food_04,29319f9e-57f3-4fae-a101-9c3295234972,36,0.1592129501236972,word_tfidf_v1
q_snack_food_04,f56caf64-3c82-4eda-a4db-a15542076617,37,0.1592129501236972,word_tfidf_v1
q_snack_food_04,24e8ffa3-e711-417c-a38d-9686f5aa532d,38,0.1592129501236972,word_tfidf_v1
q_snack_food_04,5298f37a-406d-4dca-a2b4-da24f1b77dab,39,0.1592129501236972,word_tfidf_v1
q_snack_food_04,911a0ab3-4d57-498f-83b6-ad5c1b12cfbd,40,0.1592129501236972,word_tfidf_v1
q_japanese_food_01,edd13318-7272-46e6-8c51-e7bb3c577762,1,0.3889953628308976,word_tfidf_v1
q_japanese_food_01,2c2c9888-4b8c-4614-a62b-a6d2c0af706f,2,0.3889953628308976,word_tfidf_v1
q_japanese_food_01,5ff5e851-9695-4924-8ed9-a9eed1ebe098,3,0.3833549201712127,word_tfidf_v1
q_japanese_food_01,116365e9-fb6a-4301-87b9-583c49b1f8ed,4,0.37590635752602236,word_tfidf_v1
q_japanese_food_01,a93e1b32-f24e-4595-b39b-114dd7a89819,5,0.3734939394723476,word_tfidf_v1
q_japanese_food_01,5e12301d-d726-4943-80f7-f5bfef8df864,6,0.3725729740208209,word_tfidf_v1
q_japanese_food_01,7a13fa39-ec2a-4a7c-aa23-fc198d2263f5,7,0.3708810700977388,word_tfidf_v1
q_japanese_food_01,7dfa12bb-ca88-4a02-8fa7-c275836e15d1,8,0.3708810700977388,word_tfidf_v1
q_japanese_food_01,756cebb3-4b70-4b09-beba-1224477ec087,9,0.37049709299653594,word_tfidf_v1
q_japanese_food_01,fab05b55-8325-4bf7-8137-5abca8634f92,10,0.36931305525507474,word_tfidf_v1
q_japanese_food_01,bd5eb956-e3b9-4776-946e-7f75b0f58c9f,11,0.36931305525507474,word_tfidf_v1
q_japanese_food_01,98873c9a-4b69-44a7-86f0-d3af783467ac,12,0.36800464086231977,word_tfidf_v1
q_japanese_food_01,05ff08c8-398a-4ab0-a0a7-362379bb5abf,13,0.3672950934292699,word_tfidf_v1
q_japanese_food_01,ce01946f-4259-4b7a-901d-44d1844083f7,14,0.3672950934292699,word_tfidf_v1
q_japanese_food_01,978cac1a-61ae-40c8-b905-b4189cf2e2a0,15,0.36654276619386694,word_tfidf_v1
q_japanese_food_01,a594c659-978b-4713-acc3-058076c2600c,16,0.36654276619386694,word_tfidf_v1
q_japanese_food_01,b08deef3-ed26-44a7-91e9-81e72e78f27a,17,0.3665105708944753,word_tfidf_v1
q_japanese_food_01,b80413bd-b0f7-47b1-86dd-4dedc19c2db5,18,0.3648867577915705,word_tfidf_v1
q_japanese_food_01,0dd05bf6-1bf0-41b4-bb9d-3a896a9d85c4,19,0.3648867577915705,word_tfidf_v1
q_japanese_food_01,937a5bef-36f8-47ad-817a-c568333879d3,20,0.3639684271564956,word_tfidf_v1
q_japanese_food_01,47fe4013-db36-4d8b-a2d7-b244a53613e5,21,0.3639684271564956,word_tfidf_v1
q_japanese_food_01,3b2aa9ee-6601-44e0-b452-7354bf5b0eb1,22,0.3639684271564956,word_tfidf_v1
q_japanese_food_01,f213730e-50f0-4531-ac73-3f88a21fce6a,23,0.361900590925426,word_tfidf_v1
q_japanese_food_01,16437b29-303c-4174-93fb-4f1f0fd53a68,24,0.361900590925426,word_tfidf_v1
q_japanese_food_01,9b9b0369-81c3-471f-92c4-44b537bda3a8,25,0.3614397631511292,word_tfidf_v1
q_japanese_food_01,24e43956-2055-4b34-b3a1-d09a59c04b32,26,0.3614397631511292,word_tfidf_v1
q_japanese_food_01,e068f344-e797-4f8f-837b-069e986ace61,27,0.3614397631511292,word_tfidf_v1
q_japanese_food_01,9a738909-cf68-48cf-9699-37513a7b3008,28,0.36072241368345026,word_tfidf_v1
q_japanese_food_01,3b70fe42-8d9b-4a3d-8409-d4e80736541a,29,0.36072241368345026,word_tfidf_v1
q_japanese_food_01,1d8cea8e-3ad1-4b18-8093-0926cdd6d4ef,30,0.36072241368345026,word_tfidf_v1
q_japanese_food_01,eb448502-b4ef-481a-9c2f-f4c3a6480926,31,0.36072241368345026,word_tfidf_v1
q_japanese_food_01,eac641e5-1fd2-4aa3-9236-9fcfaee21836,32,0.35942151910025355,word_tfidf_v1
q_japanese_food_01,40fe49ad-3e6f-485f-840a-27a3754f25d2,33,0.35942151910025355,word_tfidf_v1
q_japanese_food_01,db329f9e-982e-448a-ba94-5c6260e1158e,34,0.3579693102331433,word_tfidf_v1
q_japanese_food_01,afa448a3-277d-4e5c-95a2-970848ff1320,35,0.3579693102331433,word_tfidf_v1
q_japanese_food_01,ca2fb5da-1453-4a95-b499-e031dd5f83b0,36,0.3579693102331433,word_tfidf_v1
q_japanese_food_01,cae0442d-379f-4b7f-b967-c36aa9c7d255,37,0.3579693102331433,word_tfidf_v1
q_japanese_food_01,831c538d-342a-42c7-a754-bc714aee87ff,38,0.35632581844829325,word_tfidf_v1
q_japanese_food_01,41c99d01-6edc-47a5-b483-1bfa42be3f25,39,0.35632581844829325,word_tfidf_v1
q_japanese_food_01,8550c043-55f8-4413-980f-25be84da8f68,40,0.35632581844829325,word_tfidf_v1
q_japanese_food_02,58507418-7577-4895-b49e-3b4ab6ba501c,1,0.5773502691896257,word_tfidf_v1
q_japanese_food_03,3647589b-ff0d-458c-a439-0032eb947013,1,0.577190597540028,word_tfidf_v1
q_japanese_food_03,a39fdf4e-2169-4244-98d5-bdda978a30fa,2,0.4863454025757659,word_tfidf_v1
q_japanese_food_03,266e3f77-7a1c-4feb-9725-8e2fb70e0979,3,0.4787991204712976,word_tfidf_v1
q_japanese_food_03,76a3551b-dae4-4326-92cc-662015aedbfb,4,0.26157514686644173,word_tfidf_v1
q_japanese_food_03,c111ac9d-3f3a-405c-a8db-4d127ccda9e2,5,0.2145545694008415,word_tfidf_v1
q_japanese_food_03,24456103-f6b8-46af-8655-82e61d7265d8,6,0.21176750133392708,word_tfidf_v1
q_japanese_food_03,bb42517f-2916-42c3-bc1a-99be55867a9d,7,0.1932656492512414,word_tfidf_v1
q_japanese_food_03,d2d0ff05-3c0a-45e1-966b-a046c0c6df44,8,0.18865920024673208,word_tfidf_v1
q_japanese_food_03,2743811c-5e71-4d2b-aa75-1b0147d44f2d,9,0.18154349289492225,word_tfidf_v1
q_japanese_food_03,905bdb4c-1e33-4308-8d54-a6303f083fd9,10,0.17450949828034004,word_tfidf_v1
q_japanese_food_03,789a0ccc-9f01-4f98-abbb-1f29cbbbb971,11,0.09533268357855341,word_tfidf_v1
q_japanese_food_03,168812cd-b10a-4c00-a6a4-7a3df039ebf6,12,0.09040560911951899,word_tfidf_v1
q_japanese_food_03,db36fc67-8b5d-48a0-bc90-ee81b9aa6ca4,13,0.09040560911951899,word_tfidf_v1
q_japanese_food_03,f6735830-d647-450a-be34-3f2a3e812fac,14,0.09040560911951899,word_tfidf_v1
q_japanese_food_03,25825d38-0ef9-4f38-a23f-7e4723659dcd,15,0.08812147588624498,word_tfidf_v1
q_japanese_food_03,1af3dbad-66cc-42d1-8274-c18c20b50912,16,0.08812147588624498,word_tfidf_v1
q_japanese_food_03,9ee7acd7-9df5-45bd-9b3c-fc7f3e065415,17,0.08812147588624498,word_tfidf_v1
q_japanese_food_03,1841afdb-1cae-46dd-b321-8b6190da448d,18,0.08812147588624498,word_tfidf_v1
q_japanese_food_03,2d90f21c-c733-40d4-a395-e6a8cb26bf2e,19,0.08788367608927604,word_tfidf_v1
q_japanese_food_03,3ae2f027-7817-491f-9914-4a829591f866,20,0.08788367608927604,word_tfidf_v1
q_japanese_food_03,dc77b652-0979-4ca3-8885-1613dbc9da99,21,0.08755230735965666,word_tfidf_v1
q_japanese_food_03,ae6f28b1-b5d1-447a-bcb7-80a14c2bf385,22,0.08755230735965666,word_tfidf_v1
q_japanese_food_03,3724f8a9-d57c-45b2-a0f0-138dfef6502a,23,0.08735838669388456,word_tfidf_v1
q_japanese_food_03,ce5f76ae-0f6a-4018-b2d2-9667e28c92e3,24,0.08654101418770463,word_tfidf_v1
q_japanese_food_03,60a74373-0d63-4e3e-9ebe-7e10e4c3cc03,25,0.08638606759474812,word_tfidf_v1
q_japanese_food_03,5c9d5af6-3a6b-4d67-8ad1-0d7e6920772e,26,0.08638606759474812,word_tfidf_v1
q_japanese_food_03,7deccb85-8362-4938-b44c-f0ee59aa3cc8,27,0.08638606759474812,word_tfidf_v1
q_japanese_food_03,3e9889c5-2138-4884-a0bd-0038b538930e,28,0.08565400398700086,word_tfidf_v1
q_japanese_food_03,64164056-ee4e-4a6b-9c82-67f5eb8a51a3,29,0.08531070954162974,word_tfidf_v1
q_japanese_food_03,1d97fc67-b199-4e6b-9ee2-a8ee6c73faaa,30,0.08531070954162974,word_tfidf_v1
q_japanese_food_03,18babe42-fd78-4802-a799-517f99f5d577,31,0.08531070954162974,word_tfidf_v1
q_japanese_food_03,464378d8-7332-4700-a7ad-5990bc217ff9,32,0.08428050857116956,word_tfidf_v1
q_japanese_food_03,7a425b28-d670-44fa-ab6b-08ba02d9635a,33,0.08418338500346662,word_tfidf_v1
q_japanese_food_03,044620f5-cc59-4139-ad31-6fa10a31a693,34,0.0838321102614553,word_tfidf_v1
q_japanese_food_03,69c4763b-6186-4403-a75f-153d7e1cd38b,35,0.0838321102614553,word_tfidf_v1
q_japanese_food_03,15b36082-2592-4ea4-b805-c5c5d81af4a9,36,0.0838321102614553,word_tfidf_v1
q_japanese_food_03,8bb0ca04-92c7-4ffe-855f-ced3a8b816d3,37,0.08365669565831624,word_tfidf_v1
q_japanese_food_03,1ee5812b-9ed3-4b14-8144-82d8ff45f017,38,0.0836226856868728,word_tfidf_v1
q_japanese_food_03,c1e63817-32ea-41f1-9704-0f85dc43432f,39,0.08352917423753038,word_tfidf_v1
q_japanese_food_03,9e770f0c-728b-4540-b63e-c67fe1f4488e,40,0.08352917423753038,word_tfidf_v1
q_japanese_food_04,aba76fc2-984e-4030-ba01-e2e7d78264c7,1,0.3778448008088627,word_tfidf_v1
q_japanese_food_04,f14df4d3-9858-4a8b-8597-20fd477d8e32,2,0.35208566769388805,word_tfidf_v1
q_japanese_food_04,282b0e8b-051c-49f9-a707-b982df803589,3,0.33003927719267945,word_tfidf_v1
q_japanese_food_04,edd13318-7272-46e6-8c51-e7bb3c577762,4,0.18564903362861404,word_tfidf_v1
q_japanese_food_04,2c2c9888-4b8c-4614-a62b-a6d2c0af706f,5,0.18564903362861404,word_tfidf_v1
q_japanese_food_04,5ff5e851-9695-4924-8ed9-a9eed1ebe098,6,0.18295711791684932,word_tfidf_v1
q_japanese_food_04,116365e9-fb6a-4301-87b9-583c49b1f8ed,7,0.1794022723090807,word_tfidf_v1
q_japanese_food_04,a93e1b32-f24e-4595-b39b-114dd7a89819,8,0.1782509396116582,word_tfidf_v1
q_japanese_food_04,5e12301d-d726-4943-80f7-f5bfef8df864,9,0.17781140649013974,word_tfidf_v1
q_japanese_food_04,7dfa12bb-ca88-4a02-8fa7-c275836e15d1,10,0.17700394100770622,word_tfidf_v1
q_japanese_food_04,7a13fa39-ec2a-4a7c-aa23-fc198d2263f5,11,0.17700394100770622,word_tfidf_v1
q_japanese_food_04,756cebb3-4b70-4b09-beba-1224477ec087,12,0.1768206869522978,word_tfidf_v1
q_japanese_food_04,fab05b55-8325-4bf7-8137-5abca8634f92,13,0.1762556019063415,word_tfidf_v1
q_japanese_food_04,bd5eb956-e3b9-4776-946e-7f75b0f58c9f,14,0.1762556019063415,word_tfidf_v1
q_japanese_food_04,98873c9a-4b69-44a7-86f0-d3af783467ac,15,0.17563115778486668,word_tfidf_v1
q_japanese_food_04,ce01946f-4259-4b7a-901d-44d1844083f7,16,0.17529252445437982,word_tfidf_v1
q_japanese_food_04,05ff08c8-398a-4ab0-a0a7-362379bb5abf,17,0.17529252445437982,word_tfidf_v1
q_japanese_food_04,a594c659-978b-4713-acc3-058076c2600c,18,0.17493347435360582,word_tfidf_v1
q_japanese_food_04,978cac1a-61ae-40c8-b905-b4189cf2e2a0,19,0.17493347435360582,word_tfidf_v1
q_japanese_food_04,b08deef3-ed26-44a7-91e9-81e72e78f27a,20,0.17491810906447758,word_tfidf_v1
q_japanese_food_04,0dd05bf6-1bf0-41b4-bb9d-3a896a9d85c4,21,0.17414314010044185,word_tfidf_v1
q_japanese_food_04,b80413bd-b0f7-47b1-86dd-4dedc19c2db5,22,0.17414314010044185,word_tfidf_v1
q_japanese_food_04,937a5bef-36f8-47ad-817a-c568333879d3,23,0.17370486445182617,word_tfidf_v1
q_japanese_food_04,47fe4013-db36-4d8b-a2d7-b244a53613e5,24,0.17370486445182617,word_tfidf_v1
q_japanese_food_04,3b2aa9ee-6601-44e0-b452-7354bf5b0eb1,25,0.17370486445182617,word_tfidf_v1
q_japanese_food_04,16437b29-303c-4174-93fb-4f1f0fd53a68,26,0.17271798431215934,word_tfidf_v1
q_japanese_food_04,f213730e-50f0-4531-ac73-3f88a21fce6a,27,0.17271798431215934,word_tfidf_v1
q_japanese_food_04,24e43956-2055-4b34-b3a1-d09a59c04b32,28,0.1724980530761034,word_tfidf_v1
q_japanese_food_04,e068f344-e797-4f8f-837b-069e986ace61,29,0.1724980530761034,word_tfidf_v1
q_japanese_food_04,9b9b0369-81c3-471f-92c4-44b537bda3a8,30,0.1724980530761034,word_tfidf_v1
q_japanese_food_04,9a738909-cf68-48cf-9699-37513a7b3008,31,0.17215569620459878,word_tfidf_v1
q_japanese_food_04,1d8cea8e-3ad1-4b18-8093-0926cdd6d4ef,32,0.17215569620459878,word_tfidf_v1
q_japanese_food_04,3b70fe42-8d9b-4a3d-8409-d4e80736541a,33,0.17215569620459878,word_tfidf_v1
q_japanese_food_04,eb448502-b4ef-481a-9c2f-f4c3a6480926,34,0.17215569620459878,word_tfidf_v1
q_japanese_food_04,eac641e5-1fd2-4aa3-9236-9fcfaee21836,35,0.1715348409315035,word_tfidf_v1
q_japanese_food_04,40fe49ad-3e6f-485f-840a-27a3754f25d2,36,0.1715348409315035,word_tfidf_v1
q_japanese_food_04,ca2fb5da-1453-4a95-b499-e031dd5f83b0,37,0.17084177052869998,word_tfidf_v1
q_japanese_food_04,db329f9e-982e-448a-ba94-5c6260e1158e,38,0.17084177052869998,word_tfidf_v1
q_japanese_food_04,cae0442d-379f-4b7f-b967-c36aa9c7d255,39,0.17084177052869998,word_tfidf_v1
q_japanese_food_04,afa448a3-277d-4e5c-95a2-970848ff1320,40,0.17084177052869998,word_tfidf_v1
q_icecream_01,e048d001-ece8-4fe6-9022-ad7ca47826e9,1,0.5242511266529067,word_tfidf_v1
q_icecream_01,b0741ffd-d17f-4ee1-ac61-46842169ec76,2,0.5070679213656061,word_tfidf_v1
q_icecream_01,141d4a90-41cc-4fd8-9f2b-fe8f91b8540b,3,0.4963216867359795,word_tfidf_v1
q_icecream_01,da0e6196-3ceb-4b2d-a236-5877024635b1,4,0.4963216867359795,word_tfidf_v1
q_icecream_01,0d7a6368-982e-44b8-b4bb-1bea82c5a338,5,0.49612795499343393,word_tfidf_v1
q_icecream_01,d77ec76a-1d48-4f5e-a619-e949ec940289,6,0.47707396665659757,word_tfidf_v1
q_icecream_01,118805a0-52c8-42d1-bf26-664b5312c3e6,7,0.4749053340240611,word_tfidf_v1
q_icecream_01,90110b15-b2c2-4093-a7f7-69c5c0c62857,8,0.45458974896877824,word_tfidf_v1
q_icecream_01,ddcd7aed-f742-49e3-baef-1520af960c48,9,0.45458974896877824,word_tfidf_v1
q_icecream_01,2ff44762-6cba-4602-985b-e131623c8a26,10,0.45458974896877824,word_tfidf_v1
q_icecream_01,1428855c-0a3d-4d56-ae6e-1fc568997b08,11,0.45458974896877824,word_tfidf_v1
q_icecream_01,34e9ea7e-e261-4e07-a1c1-58b59bc8ae61,12,0.45458974896877824,word_tfidf_v1
q_icecream_01,ddc41524-a62b-44a8-aefb-d8a7a1208698,13,0.45458974896877824,word_tfidf_v1
q_icecream_01,ecda7c51-6211-4ea8-9f2d-e10a6a5d2a0d,14,0.45458974896877824,word_tfidf_v1
q_icecream_01,09d71b06-1b02-467a-9128-dc7be76214e2,15,0.45458974896877824,word_tfidf_v1
q_icecream_01,28ee6327-7475-4852-a8be-c0110d6ebd24,16,0.45458974896877824,word_tfidf_v1
q_icecream_01,12e2e14a-8603-4c9a-9603-f839fc92b5ef,17,0.45458974896877824,word_tfidf_v1
q_icecream_01,f20dc125-e26e-44e5-be1a-a71bd3c0d55b,18,0.45458974896877824,word_tfidf_v1
q_icecream_01,218814ce-cb51-4ca1-a546-3f300f732170,19,0.45272045080721274,word_tfidf_v1
q_icecream_01,16a3e56a-76ca-4f22-863f-133e6bc33679,20,0.4508169678320529,word_tfidf_v1
q_icecream_01,1532f8f0-10b9-42d7-922d-c5fb2be269bf,21,0.43689659206053316,word_tfidf_v1
q_icecream_01,b1e72c5c-3483-4476-b88e-6461ff5842ea,22,0.43437578225587187,word_tfidf_v1
q_icecream_01,984dca55-ff4e-41b1-b53a-5237216d2cb6,23,0.4328989438821503,word_tfidf_v1
q_icecream_01,b090dd3f-6319-4433-8a68-21428f2d7dbc,24,0.4328989438821503,word_tfidf_v1
q_icecream_01,5872970d-c4f1-4abf-a4b3-0f2a59aac2cf,25,0.4328989438821503,word_tfidf_v1
q_icecream_01,5827e0f9-7f26-42b2-a66b-3ed339587f6a,26,0.4328989438821503,word_tfidf_v1
q_icecream_01,e6d1b971-a9ca-4bd2-8765-b87d2a889939,27,0.4328989438821503,word_tfidf_v1
q_icecream_01,858660da-8a15-4f5b-a6e1-6a1b58822c73,28,0.4328989438821503,word_tfidf_v1
q_icecream_01,27de8669-9780-435c-b683-8a0270a7a154,29,0.4328989438821503,word_tfidf_v1
q_icecream_01,e2b1dc41-01e5-406d-af7e-aedca56f6dd8,30,0.4328989438821503,word_tfidf_v1
q_icecream_01,20440c05-0f5c-478e-98b1-ffe252282c5c,31,0.42913370439017495,word_tfidf_v1
q_icecream_01,ce9f61db-1ee7-445e-9840-fc60aaad7e50,32,0.42732698534510943,word_tfidf_v1
q_icecream_01,87a1345d-cd8f-4c19-81b8-0e8f70fcf866,33,0.4251833973607955,word_tfidf_v1
q_icecream_01,fb920894-12bc-4843-b272-508c9c06dd4a,34,0.41159480328652015,word_tfidf_v1
q_icecream_01,46f2fefd-cbf5-45a0-b5e7-bc40a8d89b6d,35,0.40409689267233717,word_tfidf_v1
q_icecream_01,2161e91d-1b65-4ee4-b517-2a2a02c02056,36,0.403905821337084,word_tfidf_v1
q_icecream_01,f61f339e-233b-4542-a6c8-0b81872aa9d4,37,0.403905821337084,word_tfidf_v1
q_icecream_01,d9a89d5f-2df9-4701-99ff-691e0cc643f3,38,0.4021767206825036,word_tfidf_v1
q_icecream_01,33961e90-783f-418f-a558-ddba8db4bd66,39,0.3967352090800908,word_tfidf_v1
q_icecream_01,f430e389-14dc-4681-a762-b5fe912c6fe7,40,0.3967352090800908,word_tfidf_v1
q_icecream_02,c15b7d24-b90f-4edb-a4d7-38d243dad39e,1,0.5598630575485347,word_tfidf_v1
q_icecream_02,8f1ab898-c235-484c-8412-21943c8b7a2d,2,0.41131355664899316,word_tfidf_v1
q_icecream_02,e048d001-ece8-4fe6-9022-ad7ca47826e9,3,0.2611726272508125,word_tfidf_v1
q_icecream_02,b0741ffd-d17f-4ee1-ac61-46842169ec76,4,0.2526122586768302,word_tfidf_v1
q_icecream_02,da0e6196-3ceb-4b2d-a236-5877024635b1,5,0.2472586748911506,word_tfidf_v1
q_icecream_02,141d4a90-41cc-4fd8-9f2b-fe8f91b8540b,6,0.2472586748911506,word_tfidf_v1
q_icecream_02,0d7a6368-982e-44b8-b4bb-1bea82c5a338,7,0.24716216116784107,word_tfidf_v1
q_icecream_02,d77ec76a-1d48-4f5e-a619-e949ec940289,8,0.23766980160857848,word_tfidf_v1
q_icecream_02,118805a0-52c8-42d1-bf26-664b5312c3e6,9,0.2365894272357135,word_tfidf_v1
q_icecream_02,2ff44762-6cba-4602-985b-e131623c8a26,10,0.22646856253314043,word_tfidf_v1
q_icecream_02,09d71b06-1b02-467a-9128-dc7be76214e2,11,0.22646856253314043,word_tfidf_v1
q_icecream_02,ecda7c51-6211-4ea8-9f2d-e10a6a5d2a0d,12,0.22646856253314043,word_tfidf_v1
q_icecream_02,90110b15-b2c2-4093-a7f7-69c5c0c62857,13,0.22646856253314043,word_tfidf_v1
q_icecream_02,12e2e14a-8603-4c9a-9603-f839fc92b5ef,14,0.22646856253314043,word_tfidf_v1
q_icecream_02,ddcd7aed-f742-49e3-baef-1520af960c48,15,0.22646856253314043,word_tfidf_v1
q_icecream_02,1428855c-0a3d-4d56-ae6e-1fc568997b08,16,0.22646856253314043,word_tfidf_v1
q_icecream_02,34e9ea7e-e261-4e07-a1c1-58b59bc8ae61,17,0.22646856253314043,word_tfidf_v1
q_icecream_02,f20dc125-e26e-44e5-be1a-a71bd3c0d55b,18,0.22646856253314043,word_tfidf_v1
q_icecream_02,28ee6327-7475-4852-a8be-c0110d6ebd24,19,0.22646856253314043,word_tfidf_v1
q_icecream_02,ddc41524-a62b-44a8-aefb-d8a7a1208698,20,0.22646856253314043,word_tfidf_v1
q_icecream_02,218814ce-cb51-4ca1-a546-3f300f732170,21,0.22553731129275081,word_tfidf_v1
q_icecream_02,16a3e56a-76ca-4f22-863f-133e6bc33679,22,0.22458902978361286,word_tfidf_v1
q_icecream_02,1532f8f0-10b9-42d7-922d-c5fb2be269bf,23,0.217654145092419,word_tfidf_v1
q_icecream_02,b1e72c5c-3483-4476-b88e-6461ff5842ea,24,0.21639832228916372,word_tfidf_v1
q_icecream_02,27de8669-9780-435c-b683-8a0270a7a154,25,0.21566258756494433,word_tfidf_v1
q_icecream_02,858660da-8a15-4f5b-a6e1-6a1b58822c73,26,0.21566258756494433,word_tfidf_v1
q_icecream_02,e2b1dc41-01e5-406d-af7e-aedca56f6dd8,27,0.21566258756494433,word_tfidf_v1
q_icecream_02,5827e0f9-7f26-42b2-a66b-3ed339587f6a,28,0.21566258756494433,word_tfidf_v1
q_icecream_02,e6d1b971-a9ca-4bd2-8765-b87d2a889939,29,0.21566258756494433,word_tfidf_v1
q_icecream_02,984dca55-ff4e-41b1-b53a-5237216d2cb6,30,0.21566258756494433,word_tfidf_v1
q_icecream_02,b090dd3f-6319-4433-8a68-21428f2d7dbc,31,0.21566258756494433,word_tfidf_v1
q_icecream_02,5872970d-c4f1-4abf-a4b3-0f2a59aac2cf,32,0.21566258756494433,word_tfidf_v1
q_icecream_02,20440c05-0f5c-478e-98b1-ffe252282c5c,33,0.213786811929275,word_tfidf_v1
q_icecream_02,ce9f61db-1ee7-445e-9840-fc60aaad7e50,34,0.21288673649650203,word_tfidf_v1
q_icecream_02,87a1345d-cd8f-4c19-81b8-0e8f70fcf866,35,0.21181883892386183,word_tfidf_v1
q_icecream_02,fb920894-12bc-4843-b272-508c9c06dd4a,36,0.2050492419986596,word_tfidf_v1
q_icecream_02,46f2fefd-cbf5-45a0-b5e7-bc40a8d89b6d,37,0.20131391571238072,word_tfidf_v1
q_icecream_02,2161e91d-1b65-4ee4-b517-2a2a02c02056,38,0.20121872735687066,word_tfidf_v1
q_icecream_02,f61f339e-233b-4542-a6c8-0b81872aa9d4,39,0.20121872735687066,word_tfidf_v1
q_icecream_02,d9a89d5f-2df9-4701-99ff-691e0cc643f3,40,0.20035732003168075,word_tfidf_v1
q_icecream_03,76a3551b-dae4-4326-92cc-662015aedbfb,1,0.2942271233858518,word_tfidf_v1
q_icecream_03,c161453d-f2c8-4b97-a2c3-a54e0cbdb7e8,2,0.2567644042027812,word_tfidf_v1
q_icecream_03,c111ac9d-3f3a-405c-a8db-4d127ccda9e2,3,0.24133704795865887,word_tfidf_v1
q_icecream_03,24456103-f6b8-46af-8655-82e61d7265d8,4,0.23820207496970172,word_tfidf_v1
q_icecream_03,2743811c-5e71-4d2b-aa75-1b0147d44f2d,5,0.2042052554448764,word_tfidf_v1
q_icecream_03,e048d001-ece8-4fe6-9022-ad7ca47826e9,6,0.19793987321826248,word_tfidf_v1
q_icecream_03,b0741ffd-d17f-4ee1-ac61-46842169ec76,7,0.19145206364927408,word_tfidf_v1
q_icecream_03,141d4a90-41cc-4fd8-9f2b-fe8f91b8540b,8,0.18739464114311266,word_tfidf_v1
q_icecream_03,da0e6196-3ceb-4b2d-a236-5877024635b1,9,0.18739464114311266,word_tfidf_v1
q_icecream_03,0d7a6368-982e-44b8-b4bb-1bea82c5a338,10,0.187321494449461,word_tfidf_v1
q_icecream_03,d77ec76a-1d48-4f5e-a619-e949ec940289,11,0.18012733912207973,word_tfidf_v1
q_icecream_03,118805a0-52c8-42d1-bf26-664b5312c3e6,12,0.17930853521967924,word_tfidf_v1
q_icecream_03,ecda7c51-6211-4ea8-9f2d-e10a6a5d2a0d,13,0.17163804272904526,word_tfidf_v1
q_icecream_03,ddcd7aed-f742-49e3-baef-1520af960c48,14,0.17163804272904526,word_tfidf_v1
q_icecream_03,09d71b06-1b02-467a-9128-dc7be76214e2,15,0.17163804272904526,word_tfidf_v1
q_icecream_03,90110b15-b2c2-4093-a7f7-69c5c0c62857,16,0.17163804272904526,word_tfidf_v1
q_icecream_03,12e2e14a-8603-4c9a-9603-f839fc92b5ef,17,0.17163804272904526,word_tfidf_v1
q_icecream_03,2ff44762-6cba-4602-985b-e131623c8a26,18,0.17163804272904526,word_tfidf_v1
q_icecream_03,1428855c-0a3d-4d56-ae6e-1fc568997b08,19,0.17163804272904526,word_tfidf_v1
q_icecream_03,28ee6327-7475-4852-a8be-c0110d6ebd24,20,0.17163804272904526,word_tfidf_v1
q_icecream_03,ddc41524-a62b-44a8-aefb-d8a7a1208698,21,0.17163804272904526,word_tfidf_v1
q_icecream_03,34e9ea7e-e261-4e07-a1c1-58b59bc8ae61,22,0.17163804272904526,word_tfidf_v1
q_icecream_03,f20dc125-e26e-44e5-be1a-a71bd3c0d55b,23,0.17163804272904526,word_tfidf_v1
q_icecream_03,218814ce-cb51-4ca1-a546-3f300f732170,24,0.17093225761520156,word_tfidf_v1
q_icecream_03,16a3e56a-76ca-4f22-863f-133e6bc33679,25,0.17021356544722896,word_tfidf_v1
q_icecream_03,1532f8f0-10b9-42d7-922d-c5fb2be269bf,26,0.1649576923068943,word_tfidf_v1
q_icecream_03,b1e72c5c-3483-4476-b88e-6461ff5842ea,27,0.16400591796102368,word_tfidf_v1
q_icecream_03,e6d1b971-a9ca-4bd2-8765-b87d2a889939,28,0.16344831267302998,word_tfidf_v1
q_icecream_03,5827e0f9-7f26-42b2-a66b-3ed339587f6a,29,0.16344831267302998,word_tfidf_v1
q_icecream_03,b090dd3f-6319-4433-8a68-21428f2d7dbc,30,0.16344831267302998,word_tfidf_v1
q_icecream_03,e2b1dc41-01e5-406d-af7e-aedca56f6dd8,31,0.16344831267302998,word_tfidf_v1
q_icecream_03,984dca55-ff4e-41b1-b53a-5237216d2cb6,32,0.16344831267302998,word_tfidf_v1
q_icecream_03,858660da-8a15-4f5b-a6e1-6a1b58822c73,33,0.16344831267302998,word_tfidf_v1
q_icecream_03,5872970d-c4f1-4abf-a4b3-0f2a59aac2cf,34,0.16344831267302998,word_tfidf_v1
q_icecream_03,27de8669-9780-435c-b683-8a0270a7a154,35,0.16344831267302998,word_tfidf_v1
q_icecream_03,20440c05-0f5c-478e-98b1-ffe252282c5c,36,0.16202668286665015,word_tfidf_v1
q_icecream_03,ce9f61db-1ee7-445e-9840-fc60aaad7e50,37,0.16134452555588852,word_tfidf_v1
q_icecream_03,87a1345d-cd8f-4c19-81b8-0e8f70fcf866,38,0.1605351776837032,word_tfidf_v1
q_icecream_03,fb920894-12bc-4843-b272-508c9c06dd4a,39,0.15540457433059435,word_tfidf_v1
q_icecream_03,46f2fefd-cbf5-45a0-b5e7-bc40a8d89b6d,40,0.15257361145627735,word_tfidf_v1
q_icecream_04,aba76fc2-984e-4030-ba01-e2e7d78264c7,1,0.3705709527624522,word_tfidf_v1
q_icecream_04,f14df4d3-9858-4a8b-8597-20fd477d8e32,2,0.3453077058411859,word_tfidf_v1
q_icecream_04,282b0e8b-051c-49f9-a707-b982df803589,3,0.3236857279404268,word_tfidf_v1
q_icecream_04,e048d001-ece8-4fe6-9022-ad7ca47826e9,4,0.2658816736374054,word_tfidf_v1
q_icecream_04,b0741ffd-d17f-4ee1-ac61-46842169ec76,5,0.25716695821197255,word_tfidf_v1
q_icecream_04,da0e6196-3ceb-4b2d-a236-5877024635b1,6,0.25171684718051446,word_tfidf_v1
q_icecream_04,141d4a90-41cc-4fd8-9f2b-fe8f91b8540b,7,0.25171684718051446,word_tfidf_v1
q_icecream_04,0d7a6368-982e-44b8-b4bb-1bea82c5a338,8,0.25161859327637204,word_tfidf_v1
q_icecream_04,d77ec76a-1d48-4f5e-a619-e949ec940289,9,0.24195508269736704,word_tfidf_v1
q_icecream_04,118805a0-52c8-42d1-bf26-664b5312c3e6,10,0.2408552287446921,word_tfidf_v1
q_icecream_04,2ff44762-6cba-4602-985b-e131623c8a26,11,0.2305518808245685,word_tfidf_v1
q_icecream_04,1428855c-0a3d-4d56-ae6e-1fc568997b08,12,0.2305518808245685,word_tfidf_v1
q_icecream_04,90110b15-b2c2-4093-a7f7-69c5c0c62857,13,0.2305518808245685,word_tfidf_v1
q_icecream_04,09d71b06-1b02-467a-9128-dc7be76214e2,14,0.2305518808245685,word_tfidf_v1
q_icecream_04,ddcd7aed-f742-49e3-baef-1520af960c48,15,0.2305518808245685,word_tfidf_v1
q_icecream_04,ecda7c51-6211-4ea8-9f2d-e10a6a5d2a0d,16,0.2305518808245685,word_tfidf_v1
q_icecream_04,12e2e14a-8603-4c9a-9603-f839fc92b5ef,17,0.2305518808245685,word_tfidf_v1
q_icecream_04,28ee6327-7475-4852-a8be-c0110d6ebd24,18,0.2305518808245685,word_tfidf_v1
q_icecream_04,ddc41524-a62b-44a8-aefb-d8a7a1208698,19,0.2305518808245685,word_tfidf_v1
q_icecream_04,34e9ea7e-e261-4e07-a1c1-58b59bc8ae61,20,0.2305518808245685,word_tfidf_v1
q_icecream_04,f20dc125-e26e-44e5-be1a-a71bd3c0d55b,21,0.2305518808245685,word_tfidf_v1
q_icecream_04,218814ce-cb51-4ca1-a546-3f300f732170,22,0.22960383875378168,word_tfidf_v1
q_icecream_04,16a3e56a-76ca-4f22-863f-133e6bc33679,23,0.22863845935172483,word_tfidf_v1
q_icecream_04,1532f8f0-10b9-42d7-922d-c5fb2be269bf,24,0.2215785359302465,word_tfidf_v1
q_icecream_04,b1e72c5c-3483-4476-b88e-6461ff5842ea,25,0.22030007014217262,word_tfidf_v1
q_icecream_04,b090dd3f-6319-4433-8a68-21428f2d7dbc,26,0.2195510698281361,word_tfidf_v1
q_icecream_04,e2b1dc41-01e5-406d-af7e-aedca56f6dd8,27,0.2195510698281361,word_tfidf_v1
q_icecream_04,984dca55-ff4e-41b1-b53a-5237216d2cb6,28,0.2195510698281361,word_tfidf_v1
q_icecream_04,5827e0f9-7f26-42b2-a66b-3ed339587f6a,29,0.2195510698281361,word_tfidf_v1
q_icecream_04,e6d1b971-a9ca-4bd2-8765-b87d2a889939,30,0.2195510698281361,word_tfidf_v1
q_icecream_04,27de8669-9780-435c-b683-8a0270a7a154,31,0.2195510698281361,word_tfidf_v1
q_icecream_04,858660da-8a15-4f5b-a6e1-6a1b58822c73,32,0.2195510698281361,word_tfidf_v1
q_icecream_04,5872970d-c4f1-4abf-a4b3-0f2a59aac2cf,33,0.2195510698281361,word_tfidf_v1
q_icecream_04,20440c05-0f5c-478e-98b1-ffe252282c5c,34,0.21764147321140842,word_tfidf_v1
q_icecream_04,ce9f61db-1ee7-445e-9840-fc60aaad7e50,35,0.216725169060454,word_tfidf_v1
q_icecream_04,87a1345d-cd8f-4c19-81b8-0e8f70fcf866,36,0.21563801686967624,word_tfidf_v1
q_icecream_04,fb920894-12bc-4843-b272-508c9c06dd4a,37,0.20874636141837627,word_tfidf_v1
q_icecream_04,46f2fefd-cbf5-45a0-b5e7-bc40a8d89b6d,38,0.20494368571291702,word_tfidf_v1
q_icecream_04,2161e91d-1b65-4ee4-b517-2a2a02c02056,39,0.2048467810734829,word_tfidf_v1
q_icecream_04,f61f339e-233b-4542-a6c8-0b81872aa9d4,40,0.2048467810734829,word_tfidf_v1
q_dental_01,5079f032-d73d-407a-b312-d5e298ae8d72,1,0.5085683516466054,word_tfidf_v1
q_dental_01,aaa409a2-3a65-4df8-807c-8acd55119e8f,2,0.49019627283846123,word_tfidf_v1
q_dental_01,ff3dbb55-d2e2-4985-9f4f-2f54a2c000e8,3,0.49019627283846123,word_tfidf_v1
q_dental_01,d00ab911-1e29-46a9-b0e9-ae6bf67321e5,4,0.43128127401657684,word_tfidf_v1
q_dental_01,b842c553-1530-4353-b832-7d90c228fc47,5,0.40638448459279874,word_tfidf_v1
q_dental_01,744e5c02-c9d9-424d-8b60-cf3125f0d015,6,0.3890522002400768,word_tfidf_v1
q_dental_01,cf67d41a-7e0b-4e59-a9eb-911861437230,7,0.3890522002400768,word_tfidf_v1
q_dental_01,35c4c522-7d94-46ec-930b-961f7cc872b8,8,0.3890522002400768,word_tfidf_v1
q_dental_01,be20962c-9199-467e-88fa-af4160a871f8,9,0.3890522002400768,word_tfidf_v1
q_dental_01,0c0ff804-e304-4c79-b215-a78a09957bdc,10,0.3890522002400768,word_tfidf_v1
q_dental_01,d090243e-7286-4f42-bdb2-2b01ddecc9aa,11,0.3890522002400768,word_tfidf_v1
q_dental_01,799dee47-eabd-428b-864b-9a6fe818346a,12,0.38745378770665384,word_tfidf_v1
q_dental_01,7808c651-57b4-4d80-9a68-438978e6dae5,13,0.38745378770665384,word_tfidf_v1
q_dental_01,ba61e736-f92e-4fbf-ae20-9fddc81b6d2f,14,0.3849965525277833,word_tfidf_v1
q_dental_01,c1dbe515-599a-438d-b8a3-cd4dd1e91c38,15,0.382000838868199,word_tfidf_v1
q_dental_01,b6afdc76-621d-4cea-b651-0c0cb6d3d77d,16,0.382000838868199,word_tfidf_v1
q_dental_01,ad219ac1-94be-4657-b814-eb77665a2400,17,0.382000838868199,word_tfidf_v1
q_dental_01,d3491854-90b5-4837-a162-b2a467275df2,18,0.382000838868199,word_tfidf_v1
q_dental_01,bc325a76-141b-436d-b8c4-b27797fac98c,19,0.382000838868199,word_tfidf_v1
q_dental_01,02197d91-f918-4cf4-be5f-e004d85969a0,20,0.382000838868199,word_tfidf_v1
q_dental_01,8f2f4a8e-3580-48d9-8528-127b95f2dc28,21,0.382000838868199,word_tfidf_v1
q_dental_01,525f3746-ee78-43c7-857f-bac0ac0b9eaf,22,0.37933480518467855,word_tfidf_v1
q_dental_01,6586d274-c800-424c-baf7-9b6bd88b07ad,23,0.3781595876235854,word_tfidf_v1
q_dental_01,c6303cdb-908c-4933-84ee-369843e1095e,24,0.3781595876235854,word_tfidf_v1
q_dental_01,c930a463-09d7-4682-bf8d-4d1642f5063d,25,0.3781595876235854,word_tfidf_v1
q_dental_01,6abacb53-4c62-41cf-b318-bd1ddf10622a,26,0.3781595876235854,word_tfidf_v1
q_dental_01,c16e9f3f-3ea2-4045-a177-fa38e611a54d,27,0.3781595876235854,word_tfidf_v1
q_dental_01,75c0230d-17af-439d-bd8e-8d3cbe60b1fc,28,0.3781595876235854,word_tfidf_v1
q_dental_01,8eb10a3e-2710-457d-999e-2c829af2a1e8,29,0.3781595876235854,word_tfidf_v1
q_dental_01,ede0e691-f00c-42a0-84f2-08426d6a4204,30,0.3781595876235854,word_tfidf_v1
q_dental_01,bf76323f-0a40-4169-a4b1-e9d3575f914c,31,0.3781595876235854,word_tfidf_v1
q_dental_01,771b7a02-6e1f-4cc5-bc81-4be7124d1abe,32,0.3781595876235854,word_tfidf_v1
q_dental_01,ec8dcfeb-ac78-466c-8dc1-8ba40a8e3423,33,0.3781595876235854,word_tfidf_v1
q_dental_01,75fe20ea-2df3-43f3-8b1f-ce1dbeb156ac,34,0.3781595876235854,word_tfidf_v1
q_dental_01,eadb881b-901f-4d55-b476-3d99c2652c22,35,0.3781595876235854,word_tfidf_v1
q_dental_01,36e791c6-83cd-4d5e-9d27-ff626514befc,36,0.3781595876235854,word_tfidf_v1
q_dental_01,6ae51d6c-6f44-4d61-a04d-61acb0411c29,37,0.3781595876235854,word_tfidf_v1
q_dental_01,cd27a3ce-15e4-46c5-bf03-70ffd0e9dfaf,38,0.3781595876235854,word_tfidf_v1
q_dental_01,c7c5d088-281a-4965-82b7-ca4681aa30d8,39,0.3781595876235854,word_tfidf_v1
q_dental_01,1a9b553c-f44a-4df6-b31d-5040dcda7a43,40,0.3781595876235854,word_tfidf_v1
q_dental_02,5b0929a0-daa7-478d-b590-d56284d5ccd8,1,0.5532275472656362,word_tfidf_v1
q_dental_02,85a10df5-ae8b-4a50-b712-12640a613b8d,2,0.5442724440858081,word_tfidf_v1
q_dental_02,87ec1fe1-c329-43ad-bd36-ad2b1ae6b95c,3,0.5367510891158831,word_tfidf_v1
q_dental_02,28ffdc86-ff99-40b1-8b77-d738f722289e,4,0.5347486317701509,word_tfidf_v1
q_dental_02,7330c10a-f726-4899-8bd2-5bf142d647c5,5,0.5245646620627284,word_tfidf_v1
q_dental_02,68aeabd1-ad53-406a-98b3-10641a435e8c,6,0.5245646620627284,word_tfidf_v1
q_dental_02,3d08ffb4-7687-489e-a63f-d2912926ae80,7,0.5245646620627284,word_tfidf_v1
q_dental_02,01fbf9ae-3815-4459-8cc6-be2dda1a0ff2,8,0.5245646620627284,word_tfidf_v1
q_dental_02,0e2072b5-96bd-4a20-ba14-83c28111d252,9,0.5245646620627284,word_tfidf_v1
q_dental_02,c35038d5-47b9-42aa-bee0-339fd883fab9,10,0.444290867728525,word_tfidf_v1
q_dental_02,ec9a7180-e55f-43f7-91c9-316e7984315b,11,0.44331061885228734,word_tfidf_v1
q_dental_02,70e9abbb-612d-4306-8938-d440002d32de,12,0.4406365632998976,word_tfidf_v1
q_dental_02,d67e357c-f91e-41ab-b218-fc67945b700a,13,0.4406365632998976,word_tfidf_v1
q_dental_02,25103c22-0fc8-45af-bcab-b855af228dc0,14,0.4406365632998976,word_tfidf_v1
q_dental_02,014fe2bc-f10c-4fa5-a4d9-d61b1b1eb2ae,15,0.4357163536841068,word_tfidf_v1
q_dental_02,9cfcf076-852d-4528-a03f-b54e2620f915,16,0.4097841021813332,word_tfidf_v1
q_dental_02,b3cf2d35-0634-4bc2-9c04-741542949f82,17,0.4097841021813332,word_tfidf_v1
q_dental_02,016d15ff-56e8-48dc-b935-315a81d1e9d3,18,0.40413520143730497,word_tfidf_v1
q_dental_02,7162b252-36f5-479f-bb93-1a01594d1d0b,19,0.40413520143730497,word_tfidf_v1
q_dental_02,9ae24dbd-09d7-4ac1-8c9c-44b8f2b8c3ff,20,0.40413520143730497,word_tfidf_v1
q_dental_02,65226b0e-9bfc-4c37-8b1d-023aaccecb11,21,0.4013715651539109,word_tfidf_v1
q_dental_02,38b1b837-c89b-47cf-8487-a12d508d0509,22,0.3983988612810675,word_tfidf_v1
q_dental_02,734cab7b-afde-42de-8659-bff19b3ab7e0,23,0.3983988612810675,word_tfidf_v1
q_dental_02,e13ebf77-d494-42d9-a5cb-0486cbc4ad38,24,0.3983988612810675,word_tfidf_v1
q_dental_02,694390c3-5fab-46c0-a86f-439f8371ef0c,25,0.3983988612810675,word_tfidf_v1
q_dental_02,454b4416-82b8-40bd-b027-05c726d70745,26,0.3983988612810675,word_tfidf_v1
q_dental_02,78915090-ea6e-47e7-b676-4736d0c211e3,27,0.3983988612810675,word_tfidf_v1
q_dental_02,67577cdc-5b55-40d6-a959-595beec54203,28,0.39458220376558895,word_tfidf_v1
q_dental_02,1ad75cec-f753-4960-9363-65673757420b,29,0.39458220376558895,word_tfidf_v1
q_dental_02,1342c5ca-8459-4d7b-8b5f-f69ccad4a218,30,0.39458220376558895,word_tfidf_v1
q_dental_02,5d0a7e99-617b-4611-b8ca-cc66512c4c59,31,0.39458220376558895,word_tfidf_v1
q_dental_02,b4a4310c-31f7-4ed0-89d8-e6e20976173f,32,0.39458220376558895,word_tfidf_v1
q_dental_02,6951d239-f771-433f-a3b7-a66198685513,33,0.39458220376558895,word_tfidf_v1
q_dental_02,fe09b498-588b-466f-a3df-b3e285794cd5,34,0.39458220376558895,word_tfidf_v1
q_dental_02,b0418282-b17e-427f-9614-954079bc951d,35,0.39458220376558895,word_tfidf_v1
q_dental_02,9d8c26b0-3795-4c2c-a79e-2a65ef5982db,36,0.39458220376558895,word_tfidf_v1
q_dental_02,cda66874-0666-4b2d-b327-d6ac7e9ab022,37,0.39458220376558895,word_tfidf_v1
q_dental_02,f7652bca-96e7-45fa-8a88-c35650efd216,38,0.39458220376558895,word_tfidf_v1
q_dental_02,dc147be1-8549-42be-bc87-8af0a1b4e6ec,39,0.39458220376558895,word_tfidf_v1
q_dental_02,9c77d5a6-83d3-4247-b2b8-93ce1151b848,40,0.39458220376558895,word_tfidf_v1
q_dental_03,391ef1d9-0ec7-4b5d-b714-9666ad3043c3,1,0.38779736698301825,word_tfidf_v1
q_dental_03,6fb5974d-5d6f-491b-8a8c-5883cdd2fc24,2,0.3803925565077515,word_tfidf_v1
q_dental_03,76a3551b-dae4-4326-92cc-662015aedbfb,3,0.33305441005762493,word_tfidf_v1
q_dental_03,4cbd7526-5ab9-4975-84a9-5e888989c3fc,4,0.30832003500290384,word_tfidf_v1
q_dental_03,d623def9-239c-4fa7-b07b-defedaf83e7b,5,0.303406676988542,word_tfidf_v1
q_dental_03,c111ac9d-3f3a-405c-a8db-4d127ccda9e2,6,0.2731847669513155,word_tfidf_v1
q_dental_03,24456103-f6b8-46af-8655-82e61d7265d8,7,0.2696360914676673,word_tfidf_v1
q_dental_03,135607e4-b86f-4ee3-8ac8-d8e69133c49a,8,0.25639564868799236,word_tfidf_v1
q_dental_03,2743811c-5e71-4d2b-aa75-1b0147d44f2d,9,0.23115292737192397,word_tfidf_v1
q_dental_04,76a3551b-dae4-4326-92cc-662015aedbfb,1,0.31774594476242685,word_tfidf_v1
q_dental_04,60f34431-6960-42f8-aabb-5d0c39d6f6d4,2,0.2777781073045375,word_tfidf_v1
q_dental_04,c111ac9d-3f3a-405c-a8db-4d127ccda9e2,3,0.2606281413737487,word_tfidf_v1
q_dental_04,24456103-f6b8-46af-8655-82e61d7265d8,4,0.25724257670276307,word_tfidf_v1
q_dental_04,2743811c-5e71-4d2b-aa75-1b0147d44f2d,5,0.22052824726051426,word_tfidf_v1
q_oriental_clinic_01,a2a2fa28-0e06-4f4a-8623-0ea5a1ab30ca,1,0.5189458121925326,word_tfidf_v1
q_oriental_clinic_01,21be2ca7-09e8-4239-9665-ab18729bebeb,2,0.5150296786560117,word_tfidf_v1
q_oriental_clinic_01,f191121e-b46e-4c8d-8f70-59833988d4fd,3,0.5059473433431783,word_tfidf_v1
q_oriental_clinic_01,ddf4b52a-759d-4aef-96b4-fd79d8743428,4,0.5042329550909256,word_tfidf_v1
q_oriental_clinic_01,0bd959c7-1bdb-4613-920a-3c15cee07358,5,0.5021981833851062,word_tfidf_v1
q_oriental_clinic_01,8355d469-a19c-4fff-95f0-faa958d48457,6,0.49969830842186863,word_tfidf_v1
q_oriental_clinic_01,ed76a240-84c5-46c3-9e3c-252d9c63e314,7,0.49646177129521,word_tfidf_v1
q_oriental_clinic_01,42cc9567-8d29-44c6-bd0e-089b134c55f3,8,0.49646177129521,word_tfidf_v1
q_oriental_clinic_01,3edaee1c-1c05-4e63-ad86-a39b18d0a6ce,9,0.49646177129521,word_tfidf_v1
q_oriental_clinic_01,91a8eb95-bab8-4dc1-8364-e039a25ab9e8,10,0.4918784835352444,word_tfidf_v1
q_oriental_clinic_01,29a20609-dd52-4fb7-a50f-700260b8f633,11,0.4918784835352444,word_tfidf_v1
q_oriental_clinic_01,c9e86f57-3565-460b-855e-b7377c9db2fd,12,0.4918784835352444,word_tfidf_v1
q_oriental_clinic_01,abf6c1c8-e6df-46de-9acb-6438af067851,13,0.4918784835352444,word_tfidf_v1
q_oriental_clinic_01,77cfdbfc-2a2d-4cf3-9c63-2c5590d39d3c,14,0.4918784835352444,word_tfidf_v1
q_oriental_clinic_01,a9f1b112-d0eb-4c4c-a110-56ae1eb2ec92,15,0.4918784835352444,word_tfidf_v1
q_oriental_clinic_01,783b5a13-eca0-41dc-89a5-521fab7a336d,16,0.4918784835352444,word_tfidf_v1
q_oriental_clinic_01,404ba0d7-2cda-4662-8166-2a3b63a8185f,17,0.4918784835352444,word_tfidf_v1
q_oriental_clinic_01,26226842-a08c-47c4-ba86-074f3f85f97e,18,0.4918784835352444,word_tfidf_v1
q_oriental_clinic_01,181a214d-8129-4d50-805b-53211442b29d,19,0.4918784835352444,word_tfidf_v1
q_oriental_clinic_01,9ce10344-6dad-4d23-ac20-c0c6ee1e9900,20,0.4918784835352444,word_tfidf_v1
q_oriental_clinic_01,224c347a-ce91-4ef0-ac8d-7b3c8d32699d,21,0.4918784835352444,word_tfidf_v1
q_oriental_clinic_01,e482b7e1-6708-493c-9244-4894f63b711c,22,0.4918784835352444,word_tfidf_v1
q_oriental_clinic_01,e225ee4b-61ad-4a81-b7be-18d2f61adb5f,23,0.4240440392940381,word_tfidf_v1
q_oriental_clinic_01,7060c73d-b83d-4aa3-a743-e2dc6d2cca82,24,0.411133667431266,word_tfidf_v1
q_oriental_clinic_01,55dbd4c7-a786-40ab-b032-48c53466d5aa,25,0.4095607873098253,word_tfidf_v1
q_oriental_clinic_01,0cea3971-a6df-4ff9-a83f-958d129d64fa,26,0.4095607873098253,word_tfidf_v1
q_oriental_clinic_01,2b560e15-fed3-4d6a-9644-7f13b2958447,27,0.4067685032768956,word_tfidf_v1
q_oriental_clinic_01,bae76aa4-0425-4834-866f-be14d8a0927c,28,0.40026013488471823,word_tfidf_v1
q_oriental_clinic_01,99fbbe28-4b0f-4cb0-a20b-00bc8e2e20c8,29,0.3930921939147553,word_tfidf_v1
q_oriental_clinic_01,52cfef51-29fe-4b76-bbdf-d98b730ba32a,30,0.3930921939147553,word_tfidf_v1
q_oriental_clinic_01,ef2834a8-5725-42af-a263-668e53924c18,31,0.3930921939147553,word_tfidf_v1
q_oriental_clinic_01,7a110a70-fc5a-4694-b286-7c2faebeb09b,32,0.3930921939147553,word_tfidf_v1
q_oriental_clinic_01,782bc2cc-c516-4708-ad03-4a3cc52e942b,33,0.38961748253375506,word_tfidf_v1
q_oriental_clinic_01,9d36859d-4cb8-4c5a-9546-a3b5b6b5858c,34,0.38849509269805543,word_tfidf_v1
q_oriental_clinic_01,480283a4-7c9f-4e05-a664-b2075952f137,35,0.3855416205898796,word_tfidf_v1
q_oriental_clinic_01,5158b5ca-8f48-4043-9516-9b0816222363,36,0.3855416205898796,word_tfidf_v1
q_oriental_clinic_01,2e572c8d-7b0b-43d0-9e8a-6eb019dd8977,37,0.3855416205898796,word_tfidf_v1
q_oriental_clinic_01,a28ffec9-e28f-4258-a9ba-cbcd55d23fae,38,0.38059607965042963,word_tfidf_v1
q_oriental_clinic_01,8bae6f9c-2081-426a-a570-095ec48a17c9,39,0.38059607965042963,word_tfidf_v1
q_oriental_clinic_01,664d9692-81eb-43ac-83a6-830e6359c328,40,0.38059607965042963,word_tfidf_v1
q_oriental_clinic_02,223d420a-c2e9-4c8a-89ef-54fddff796b9,1,0.3908342841825283,word_tfidf_v1
q_oriental_clinic_02,0ab1eb9a-a600-4ac0-8ce5-615819efcf3f,2,0.38618437830341307,word_tfidf_v1
q_oriental_clinic_02,e65625d1-031b-481e-9891-4aec84a9b008,3,0.38618437830341307,word_tfidf_v1
q_oriental_clinic_02,6055ea95-cd1c-450c-9e83-ec86ab1ee470,4,0.38618437830341307,word_tfidf_v1
q_oriental_clinic_02,88dce2e5-32b2-4358-809e-1adb1ab75841,5,0.38618437830341307,word_tfidf_v1
q_oriental_clinic_02,ada98dbd-1a5d-45a9-8c73-9420750a9a1a,6,0.32569629038152315,word_tfidf_v1
q_oriental_clinic_02,2f761257-4534-4951-bb19-dcd29c5106b8,7,0.3229906426175235,word_tfidf_v1
q_oriental_clinic_02,df8d7646-14a0-4deb-a30c-dd00eeb5c48d,8,0.3203493804956605,word_tfidf_v1
q_oriental_clinic_02,6500333d-e8ee-4930-b687-3e6cc7b501e0,9,0.3152224957314823,word_tfidf_v1
q_oriental_clinic_02,767793a1-91d7-4eb5-a4ea-51be1ed75046,10,0.2914303117656576,word_tfidf_v1
q_oriental_clinic_02,7d73a86e-9a32-4c9e-993a-6d0ef2e41f10,11,0.2914303117656576,word_tfidf_v1
q_oriental_clinic_02,ac4d9e62-9d13-45fd-be91-5a12a3224a1c,12,0.2914303117656576,word_tfidf_v1
q_oriental_clinic_02,c3558e60-0617-4e8d-b8c8-850093a2fb03,13,0.2862377781981216,word_tfidf_v1
q_oriental_clinic_02,cef0282b-777a-4200-a8d7-e2f725aed6ea,14,0.2825531153791642,word_tfidf_v1
q_oriental_clinic_02,8761db88-037e-4e84-9b35-7674e9dc13eb,15,0.2825531153791642,word_tfidf_v1
q_oriental_clinic_02,909c6981-0f0f-4c00-bb46-ddcaef073a37,16,0.2825531153791642,word_tfidf_v1
q_oriental_clinic_02,a67889f9-8f50-456b-90fa-9226c4e70ee2,17,0.2825531153791642,word_tfidf_v1
q_oriental_clinic_02,5ccaee76-eeca-44ed-8117-e8cef7af6bac,18,0.2825531153791642,word_tfidf_v1
q_oriental_clinic_02,60ad01b8-f3ee-417c-ace6-d46bfd2167f3,19,0.2825531153791642,word_tfidf_v1
q_oriental_clinic_02,9af9aac5-f87e-4a50-9a93-54df3046634d,20,0.2825531153791642,word_tfidf_v1
q_oriental_clinic_02,376215d9-9f90-472f-8716-c544a32367e2,21,0.2825531153791642,word_tfidf_v1
q_oriental_clinic_02,04a734bb-1790-4ecd-9398-2fd3359294d0,22,0.2825531153791642,word_tfidf_v1
q_oriental_clinic_02,b38124ed-5075-47c0-b370-77e56ec71f58,23,0.2825531153791642,word_tfidf_v1
q_oriental_clinic_02,e8482e21-058c-422d-9117-3e8530a1a9bb,24,0.2825531153791642,word_tfidf_v1
q_oriental_clinic_02,b23c09a8-cc35-4be7-aea3-fb46f696591e,25,0.2825531153791642,word_tfidf_v1
q_oriental_clinic_02,bb96597b-882e-42f2-99f5-b076ee38a09f,26,0.2825531153791642,word_tfidf_v1
q_oriental_clinic_02,06275db0-3bc6-4cb2-b2d0-9c2172db74f9,27,0.2825531153791642,word_tfidf_v1
q_oriental_clinic_02,e2370ae7-c6bd-4c80-b26c-7d605debfbdf,28,0.2825531153791642,word_tfidf_v1
q_oriental_clinic_02,84148ee7-0438-4b03-b0a0-345be788c3c7,29,0.2825531153791642,word_tfidf_v1
q_oriental_clinic_02,51943bc8-380a-4289-95d9-fb452ad34cc0,30,0.2825531153791642,word_tfidf_v1
q_oriental_clinic_02,c3ab2310-c23f-401d-a511-a1f881e40316,31,0.2825531153791642,word_tfidf_v1
q_oriental_clinic_02,c504d99a-b2e3-4cbf-8a95-51d432a3b3e2,32,0.2825531153791642,word_tfidf_v1
q_oriental_clinic_02,ff399551-3465-4e95-933a-d2542e9e3bd5,33,0.2825531153791642,word_tfidf_v1
q_oriental_clinic_02,e45589c1-095b-414f-95d8-240b3f9f3029,34,0.2825531153791642,word_tfidf_v1
q_oriental_clinic_02,af758da1-5460-4ef4-a90b-28c1dc2cea4b,35,0.2825531153791642,word_tfidf_v1
q_oriental_clinic_02,936d2748-2052-4481-813a-b00d9dd17efb,36,0.2825531153791642,word_tfidf_v1
q_oriental_clinic_02,2616a8ba-ceae-4602-b2a7-4d1b0c9893ba,37,0.2825531153791642,word_tfidf_v1
q_oriental_clinic_02,1c8a8990-c1c5-4b90-99a1-09919d081f9a,38,0.2825531153791642,word_tfidf_v1
q_oriental_clinic_02,21429b19-7264-4746-840b-2340da0f634d,39,0.2825531153791642,word_tfidf_v1
q_oriental_clinic_02,50a5f05c-148f-4163-882e-fd8463713c5f,40,0.2825531153791642,word_tfidf_v1
q_oriental_clinic_03,76a3551b-dae4-4326-92cc-662015aedbfb,1,0.3590508835618855,word_tfidf_v1
q_oriental_clinic_03,c111ac9d-3f3a-405c-a8db-4d127ccda9e2,2,0.29450813136672355,word_tfidf_v1
q_oriental_clinic_03,24456103-f6b8-46af-8655-82e61d7265d8,3,0.29068246496087163,word_tfidf_v1
q_oriental_clinic_03,110987cb-7ebc-4014-aa11-b1c84ae0bc72,4,0.2614923211049317,word_tfidf_v1
q_oriental_clinic_03,51516a28-5d7d-464e-aca9-f53dea7e1107,5,0.2574890093828841,word_tfidf_v1
q_oriental_clinic_03,6b2a6a7b-b304-4295-85a6-4c152904b55b,6,0.2574890093828841,word_tfidf_v1
q_oriental_clinic_03,b016a86c-b155-431d-8584-01500152702f,7,0.2541955968698112,word_tfidf_v1
q_oriental_clinic_03,e0b9445b-c10a-484b-b3ac-520726f6b8b1,8,0.2541955968698112,word_tfidf_v1
q_oriental_clinic_03,203a7e62-47c5-404a-b50e-309a8e102521,9,0.2541955968698112,word_tfidf_v1
q_oriental_clinic_03,2743811c-5e71-4d2b-aa75-1b0147d44f2d,10,0.24919550771432747,word_tfidf_v1
q_oriental_clinic_03,a895df69-dc3a-48c6-98eb-78df1f2bd5f5,11,0.21734994584641043,word_tfidf_v1
q_oriental_clinic_03,255bb940-e769-445c-90a7-84f490f7a432,12,0.21734994584641043,word_tfidf_v1
q_oriental_clinic_03,9baa9cb2-72af-421b-b453-e0881d824db0,13,0.21446150131515854,word_tfidf_v1
q_oriental_clinic_03,65718c15-5553-49db-ad26-407ed78d49b3,14,0.21446150131515854,word_tfidf_v1
q_oriental_clinic_03,bd708a8b-f30b-4754-98b1-7ca5112dd92a,15,0.21169378045560383,word_tfidf_v1
q_oriental_clinic_03,99fb7b87-7b56-4b61-8efb-3bbbcacb1fc3,16,0.20733550356003477,word_tfidf_v1
q_oriental_clinic_03,fba3b5b3-d093-43d1-b8c5-5ba2c65373e6,17,0.1937497376950613,word_tfidf_v1
q_oriental_clinic_03,46ae3cda-00b2-47bd-b870-3e637d918431,18,0.18861031359951347,word_tfidf_v1
q_oriental_clinic_03,1a0defb7-c84d-484d-a47d-19d95eac79d4,19,0.18748146011875477,word_tfidf_v1
q_oriental_clinic_03,6cc2aecf-ffb7-4413-8eae-225bb6fe6da4,20,0.18455963420327395,word_tfidf_v1
q_oriental_clinic_03,9e3e0010-8a5d-4069-bd02-00b255b5a92f,21,0.1834453273005215,word_tfidf_v1
q_oriental_clinic_03,1d77845d-88a6-41c6-921f-cea1f15149bd,22,0.1806507236905168,word_tfidf_v1
q_oriental_clinic_03,222693c0-8cd6-4b83-b9d7-e33585fc4144,23,0.18059787272665656,word_tfidf_v1
q_oriental_clinic_03,d42d8238-24e1-4737-92f7-bfd98b91df38,24,0.17702077065765812,word_tfidf_v1
q_oriental_clinic_03,239c0fcf-ec40-4a20-a790-57ef66a057da,25,0.1768098632591896,word_tfidf_v1
q_oriental_clinic_03,d6e70346-24fa-4b96-93f2-9792752aa257,26,0.174519943723198,word_tfidf_v1
q_oriental_clinic_03,20ad171b-58ef-440b-bd2e-15ac23775ce1,27,0.16891364077959212,word_tfidf_v1
q_oriental_clinic_03,9631f0f0-91fe-4b49-88e5-daa7a58e9a52,28,0.16329521593888896,word_tfidf_v1
q_oriental_clinic_03,ae2d2108-e8f8-4145-a3f0-3d4f6794d769,29,0.1613411037453954,word_tfidf_v1
q_oriental_clinic_03,be70519b-ca84-4e3e-b484-d6519e6d3e1d,30,0.15986781585892515,word_tfidf_v1
q_oriental_clinic_03,e3ef22f1-dd4f-45fb-94b3-e799925f9f27,31,0.14802187605305508,word_tfidf_v1
q_oriental_clinic_03,fab50a52-4bd5-4df2-a12c-e4f195c70e95,32,0.14648213127327697,word_tfidf_v1
q_oriental_clinic_03,fc5bb92f-62db-4ded-afbd-21c5b3d8f072,33,0.14643740895881427,word_tfidf_v1
q_oriental_clinic_03,8cae8e4a-4881-49ac-8b26-8c116d027a19,34,0.13717853297415142,word_tfidf_v1
q_oriental_clinic_03,424f4d5c-c410-4e24-b513-4ebc8daa679a,35,0.13693033541992783,word_tfidf_v1
q_oriental_clinic_03,8fe4b10f-09af-458b-93fc-3ca7a0aa4e04,36,0.11449553219389287,word_tfidf_v1
q_oriental_clinic_03,04b3f97b-2da5-4d58-8ab5-c5e9f48061c5,37,0.11271528507428615,word_tfidf_v1
q_oriental_clinic_03,91783d48-8993-4a8b-bc8f-a2723dd6b98b,38,0.10927717164656511,word_tfidf_v1
q_oriental_clinic_04,b2d9d8d6-5146-40f4-bfd2-3fcb4b5ee49b,1,0.501555919299554,word_tfidf_v1
q_oriental_clinic_04,223d420a-c2e9-4c8a-89ef-54fddff796b9,2,0.2355781831376798,word_tfidf_v1
q_oriental_clinic_04,6055ea95-cd1c-450c-9e83-ec86ab1ee470,3,0.23277541883808833,word_tfidf_v1
q_oriental_clinic_04,e65625d1-031b-481e-9891-4aec84a9b008,4,0.23277541883808833,word_tfidf_v1
q_oriental_clinic_04,88dce2e5-32b2-4358-809e-1adb1ab75841,5,0.23277541883808833,word_tfidf_v1
q_oriental_clinic_04,0ab1eb9a-a600-4ac0-8ce5-615819efcf3f,6,0.23277541883808833,word_tfidf_v1
q_oriental_clinic_04,aba76fc2-984e-4030-ba01-e2e7d78264c7,7,0.2273279419238867,word_tfidf_v1
q_oriental_clinic_04,25e13912-6a81-41d7-900a-12b4077e03b2,8,0.22032408314619897,word_tfidf_v1
q_oriental_clinic_04,8753dd1a-9ed0-466a-bf15-ca920d69cbb8,9,0.21434132166410588,word_tfidf_v1
q_oriental_clinic_04,d02b1495-52ce-40fa-a9ad-a4673b74e9e8,10,0.21434132166410588,word_tfidf_v1
q_oriental_clinic_04,471522f2-c140-4a98-867d-5abda2f03f58,11,0.21434132166410588,word_tfidf_v1
q_oriental_clinic_04,d121e15f-dff6-4157-99f0-e3a20442838b,12,0.21434132166410588,word_tfidf_v1
q_oriental_clinic_04,f14df4d3-9858-4a8b-8597-20fd477d8e32,13,0.21183012190827444,word_tfidf_v1
q_oriental_clinic_04,282b0e8b-051c-49f9-a707-b982df803589,14,0.19856605007570918,word_tfidf_v1
q_oriental_clinic_04,ada98dbd-1a5d-45a9-8c73-9420750a9a1a,15,0.1963157876572778,word_tfidf_v1
q_oriental_clinic_04,2f761257-4534-4951-bb19-dcd29c5106b8,16,0.19468493895681968,word_tfidf_v1
q_oriental_clinic_04,df8d7646-14a0-4deb-a30c-dd00eeb5c48d,17,0.19309289916645095,word_tfidf_v1
q_oriental_clinic_04,6500333d-e8ee-4930-b687-3e6cc7b501e0,18,0.19000263240434345,word_tfidf_v1
q_oriental_clinic_04,3c796233-4258-45ca-a9e9-bd021cee9d0b,19,0.17887476587187737,word_tfidf_v1
q_oriental_clinic_04,7d73a86e-9a32-4c9e-993a-6d0ef2e41f10,20,0.1756617219510302,word_tfidf_v1
q_oriental_clinic_04,767793a1-91d7-4eb5-a4ea-51be1ed75046,21,0.1756617219510302,word_tfidf_v1
q_oriental_clinic_04,ac4d9e62-9d13-45fd-be91-5a12a3224a1c,22,0.1756617219510302,word_tfidf_v1
q_oriental_clinic_04,8b344b54-0e93-4b73-9aa2-4449571e7f33,23,0.17542912923041892,word_tfidf_v1
q_oriental_clinic_04,7a6892db-c3f0-4b13-b5e8-8c295087f109,24,0.1700942880206307,word_tfidf_v1
q_oriental_clinic_04,11cd1c46-68d6-44f2-823a-c34949e9df6e,25,0.16909099614137274,word_tfidf_v1
q_oriental_clinic_04,a1d4e7ec-266d-437e-b903-1fa3f28eb53c,26,0.16837886452673576,word_tfidf_v1
q_oriental_clinic_04,a8d45a85-80ff-4f32-8e65-137bceeaa7c2,27,0.16714150258191515,word_tfidf_v1
q_oriental_clinic_04,4e16a292-9300-4296-9238-af469eebcdcf,28,0.16629311385285597,word_tfidf_v1
q_oriental_clinic_04,305ef75f-a949-4205-811d-59e8a2e3818a,29,0.1650947879857307,word_tfidf_v1
q_oriental_clinic_04,d623def9-239c-4fa7-b07b-defedaf83e7b,30,0.16441201887869547,word_tfidf_v1
q_oriental_clinic_04,c683ad41-07d3-45f7-ac34-b3f1c3cdbf5b,31,0.1619365494220239,word_tfidf_v1
q_oriental_clinic_04,c368224a-ba58-4513-a3ba-570d0d3d20a8,32,0.15525250408057828,word_tfidf_v1
q_oriental_clinic_04,33a37059-0553-4b05-8841-566dee88e39f,33,0.15469933579865514,word_tfidf_v1
q_oriental_clinic_04,c5d3d4ef-83af-4a0b-b85e-10863e57898a,34,0.15353436975437365,word_tfidf_v1
q_oriental_clinic_04,857c1d41-faec-4719-99f8-a304c3bd1aa5,35,0.1532944293329751,word_tfidf_v1
q_oriental_clinic_04,94cf51e5-ddbf-4899-b9c0-5f878d09bc88,36,0.1515841776409435,word_tfidf_v1
q_oriental_clinic_04,b8449cfe-9baf-4659-90be-536243fc5b42,37,0.14665745190520946,word_tfidf_v1
q_oriental_clinic_04,c590d9d6-835b-42b4-8590-b4173f41bbae,38,0.14665745190520946,word_tfidf_v1
q_oriental_clinic_04,7ed95ea9-6c62-417b-b18d-0e0d06cd638f,39,0.14312750465682134,word_tfidf_v1
q_oriental_clinic_04,24c28641-bf79-4e56-91ff-3cb958818ff0,40,0.1426989085958358,word_tfidf_v1
q_jewelry_01,045b116c-e7af-48dc-9104-bc56fb91dd7b,1,0.47925190757768826,word_tfidf_v1
q_jewelry_01,7ab2921e-3f71-4bc1-9c06-4b6443f443d1,2,0.4079784813505891,word_tfidf_v1
q_jewelry_01,be58611b-5fa8-4ac2-beca-f75b2b31c544,3,0.4039020577071041,word_tfidf_v1
q_jewelry_01,1548b8f8-fe1c-4fe8-9804-2b66f2378c07,4,0.39700528088334813,word_tfidf_v1
q_jewelry_01,6b5a60ab-09cc-4003-9fee-72784fcacf0d,5,0.39700528088334813,word_tfidf_v1
q_jewelry_01,d1303d62-822f-4f1c-abfa-85771853b6c4,6,0.39700528088334813,word_tfidf_v1
q_jewelry_01,531a1e19-68a2-466f-b3d3-596cd6510f27,7,0.39700528088334813,word_tfidf_v1
q_jewelry_01,bf7a2f42-e96b-4247-9c8d-df25a3dc8562,8,0.39700528088334813,word_tfidf_v1
q_jewelry_01,ee374b4f-3b5a-4d72-a8c5-fb91e8dbec22,9,0.39700528088334813,word_tfidf_v1
q_jewelry_01,4eda9c8b-ebeb-4ba5-9a46-c938fb0a090a,10,0.39700528088334813,word_tfidf_v1
q_jewelry_01,35751535-771d-45e6-adaf-fd563dfbd2be,11,0.39700528088334813,word_tfidf_v1
q_jewelry_01,2bed4eca-ea12-4933-9fc6-07fe5452dd79,12,0.39700528088334813,word_tfidf_v1
q_jewelry_01,2fb7c102-9be3-4546-b581-0b6d92ce9109,13,0.39700528088334813,word_tfidf_v1
q_jewelry_01,fdb0c1a6-8ea5-40d4-9ed0-095357f55ee4,14,0.3912561242403817,word_tfidf_v1
q_jewelry_01,b11b9085-92f6-414d-91a1-763dd8cd0124,15,0.3912561242403817,word_tfidf_v1
q_jewelry_01,bfcb4924-5a40-4cd8-8ede-d7d41522825e,16,0.3912561242403817,word_tfidf_v1
q_jewelry_01,df23ac63-7a21-481d-bda5-398f3cd9caa6,17,0.3912561242403817,word_tfidf_v1
q_jewelry_01,807b2134-fdd1-4fb1-af83-a182bfcabe1e,18,0.3912561242403817,word_tfidf_v1
q_jewelry_01,17ce1c6d-7e97-44a9-8bee-82a605b4e6cd,19,0.3912561242403817,word_tfidf_v1
q_jewelry_01,c1dc8fba-5e1c-4c68-b08c-35057da03c63,20,0.3912561242403817,word_tfidf_v1
q_jewelry_01,685409c5-1d12-4a58-a054-317e1733cfb1,21,0.3912561242403817,word_tfidf_v1
q_jewelry_01,4b5c7716-2911-4faa-a1f4-aaf6cd4a290a,22,0.3912561242403817,word_tfidf_v1
q_jewelry_01,7be4c66c-b788-47f5-93b2-65524fe6e68c,23,0.37913211194452945,word_tfidf_v1
q_jewelry_01,7b1b7ea1-4689-4330-91be-836a3b904d7e,24,0.37913211194452945,word_tfidf_v1
q_jewelry_01,e394d3d0-6b9c-498d-a8e5-78df18148e7c,25,0.37913211194452945,word_tfidf_v1
q_jewelry_01,c435389f-5ba8-4d71-a178-8b3db0ec08be,26,0.37913211194452945,word_tfidf_v1
q_jewelry_01,a45e1aa8-107e-4d4d-b3a6-1a6497228750,27,0.37913211194452945,word_tfidf_v1
q_jewelry_01,d9839019-8879-4533-88bd-90d46421b3b2,28,0.3779677173681646,word_tfidf_v1
q_jewelry_01,d4a64f69-9b17-4dbb-8c98-d3c2839d136f,29,0.3746291814326965,word_tfidf_v1
q_jewelry_01,ebb4924e-7939-44f2-bfed-a802fe9e0b65,30,0.3746291814326965,word_tfidf_v1
q_jewelry_01,58551dec-f3ac-489b-8786-2fc22b648804,31,0.3746291814326965,word_tfidf_v1
q_jewelry_01,fc13f70f-fc22-4f62-8e4f-ed8bc8960ee8,32,0.3746291814326965,word_tfidf_v1
q_jewelry_01,0361133a-3124-415a-999c-3ca3a41d9a3e,33,0.3737029216274172,word_tfidf_v1
q_jewelry_01,f5050292-2432-443a-a0fa-46f0eb84a244,34,0.37073066524191034,word_tfidf_v1
q_jewelry_01,199250ff-d01b-4ffb-aea7-ab9b2742ee9a,35,0.37073066524191034,word_tfidf_v1
q_jewelry_01,9aac8c1e-ca4d-4a50-ae4a-b692c1933976,36,0.37073066524191034,word_tfidf_v1
q_jewelry_01,17b08de5-86f2-4105-8125-4ba52f675f2b,37,0.3706143398083723,word_tfidf_v1
q_jewelry_01,86902cc1-22e7-4f2a-9182-42fe52e4becd,38,0.3706143398083723,word_tfidf_v1
q_jewelry_01,594c61f4-0dc2-4932-ab3c-42b7eef196e6,39,0.3706143398083723,word_tfidf_v1
q_jewelry_01,69b4bac3-5de5-44c5-b2a7-4d0fbbe3647f,40,0.3706143398083723,word_tfidf_v1
q_jewelry_02,cf93d301-e03e-4693-8afb-9b2426c4b9d2,1,0.5486462557576488,word_tfidf_v1
q_jewelry_02,9725f4ff-7770-48db-a543-e43066795cce,2,0.5381772838260034,word_tfidf_v1
q_jewelry_02,bb840349-5f48-48a5-8700-46fea0ec2d78,3,0.5354180969075596,word_tfidf_v1
q_jewelry_02,3e83d8ee-19b6-4f78-bef8-4ccd8a6acda2,4,0.527687774095352,word_tfidf_v1
q_jewelry_02,5594e06e-c7f2-490c-afb2-c8eef2b067cd,5,0.527687774095352,word_tfidf_v1
q_jewelry_02,984688cd-cd46-4095-8d30-47ee49c3efec,6,0.527687774095352,word_tfidf_v1
q_jewelry_02,49a3fe9c-bbf7-42a9-a741-99166f39ce92,7,0.5215617181720963,word_tfidf_v1
q_jewelry_02,4af6128c-51b1-4ea8-ae60-2b958126a172,8,0.4380322756791315,word_tfidf_v1
q_jewelry_02,38734df9-1aea-49b2-9050-25ba327f052d,9,0.43552707116426126,word_tfidf_v1
q_jewelry_02,a4336643-0090-48ab-9fb5-910a48547a4c,10,0.3836870122777052,word_tfidf_v1
q_jewelry_03,fb1abfce-7993-4105-9194-ff00c184df05,1,0.2704888667016419,word_tfidf_v1
q_jewelry_03,db263250-3318-4ca7-b22e-98ddf160bc69,2,0.2674726925373759,word_tfidf_v1
q_jewelry_03,fc1d3535-a0d5-487f-8e55-1280673d7615,3,0.23636730173187923,word_tfidf_v1
q_jewelry_03,76a3551b-dae4-4326-92cc-662015aedbfb,4,0.22798859495178286,word_tfidf_v1
q_jewelry_03,a54a3ab8-d1b5-4844-80b7-ac70fad66dc0,5,0.20022638803500964,word_tfidf_v1
q_jewelry_03,c161453d-f2c8-4b97-a2c3-a54e0cbdb7e8,6,0.19895975284051143,word_tfidf_v1
q_jewelry_03,c111ac9d-3f3a-405c-a8db-4d127ccda9e2,7,0.18700551411009536,word_tfidf_v1
q_jewelry_03,24456103-f6b8-46af-8655-82e61d7265d8,8,0.18457630881202766,word_tfidf_v1
q_jewelry_03,04953f2e-6237-48ad-bae3-331572b31a5d,9,0.18292488860095069,word_tfidf_v1
q_jewelry_03,db501aba-a212-40a0-b824-1fa363a3e7af,10,0.17165804401074106,word_tfidf_v1
q_jewelry_03,2743811c-5e71-4d2b-aa75-1b0147d44f2d,11,0.15823309807366998,word_tfidf_v1
q_jewelry_04,99853446-9549-40a8-a9a9-6c1585eb069a,1,0.3622417447047236,word_tfidf_v1
q_jewelry_04,aba76fc2-984e-4030-ba01-e2e7d78264c7,2,0.33984839358656166,word_tfidf_v1
q_jewelry_04,55fd2cdd-161a-4ba5-b68e-b73668db1f29,3,0.32891274727167585,word_tfidf_v1
q_jewelry_04,f14df4d3-9858-4a8b-8597-20fd477d8e32,4,0.31667962167130387,word_tfidf_v1
q_jewelry_04,31970843-0b7f-4ca7-901e-feae69a91c1e,5,0.3066550857635938,word_tfidf_v1
q_jewelry_04,90e5aed7-f1ec-4262-9c89-2a1af6fd7ffb,6,0.3034517664980525,word_tfidf_v1
q_jewelry_04,f38aea68-99b7-4759-90e3-ea3de2a19bf1,7,0.29836596838081464,word_tfidf_v1
q_jewelry_04,282b0e8b-051c-49f9-a707-b982df803589,8,0.29685023569013247,word_tfidf_v1
q_jewelry_04,a754851e-0e1d-4357-acbb-b1dca71ecd3f,9,0.2965410700525846,word_tfidf_v1
q_jewelry_04,2256ae40-9020-4539-8b78-4bbe2116c342,10,0.2965410700525846,word_tfidf_v1
q_jewelry_04,4234c3dc-659d-4f03-9b56-90ab29de6482,11,0.2965410700525846,word_tfidf_v1
q_jewelry_04,8f0183a4-9b7e-4e79-bd2c-cdf56084c1fe,12,0.2940290532057511,word_tfidf_v1
q_jewelry_04,bd5491a2-34c2-41b6-9820-3a44bb6c7a5b,13,0.29283644873048015,word_tfidf_v1
q_jewelry_04,df1d4d49-f255-43f3-bd6f-95f7ae0f8397,14,0.29283644873048015,word_tfidf_v1
q_jewelry_04,f3b93dbe-8392-4adc-bab2-5c1ab589365f,15,0.29146033551232386,word_tfidf_v1
q_jewelry_04,33e3ea0e-758e-4e3e-bb3c-dd4129212c9d,16,0.2898340673303822,word_tfidf_v1
q_jewelry_04,ab08e689-f974-4af6-b4b1-e130bd0b2794,17,0.28784636517062223,word_tfidf_v1
q_jewelry_04,df95dbf6-8904-44fa-b4a8-264d5a541a33,18,0.28784636517062223,word_tfidf_v1
q_jewelry_04,302f4279-8179-4419-8425-73c11e7e028d,19,0.28528953775917604,word_tfidf_v1
q_jewelry_04,644f43ea-8821-4a86-9694-2fa5da055d19,20,0.2817002299735153,word_tfidf_v1
q_jewelry_04,29dd535c-5a04-4924-8275-85c5a1737d88,21,0.2817002299735153,word_tfidf_v1
q_jewelry_04,4243d89c-b92b-44f4-b1b7-b5166be0deff,22,0.2817002299735153,word_tfidf_v1
q_jewelry_04,3cb4a2bf-e614-4572-9f50-63a8e61ad24f,23,0.2817002299735153,word_tfidf_v1
q_jewelry_04,710db2d9-9dbb-40f3-ac3a-9b624483b6b0,24,0.2817002299735153,word_tfidf_v1
q_jewelry_04,9e42a89f-db82-4aee-81e9-2247d4e2cd47,25,0.2817002299735153,word_tfidf_v1
q_jewelry_04,f41de799-620d-4701-af86-b02d09d2469a,26,0.2817002299735153,word_tfidf_v1
q_jewelry_04,ab5f9272-a3d4-4784-b6de-a3aa8f12f3ce,27,0.2817002299735153,word_tfidf_v1
q_jewelry_04,7e194087-5a1b-4a6f-b2cd-f0a892445a69,28,0.2817002299735153,word_tfidf_v1
q_jewelry_04,73947765-3a97-4a07-9f63-cbc493ec678e,29,0.2817002299735153,word_tfidf_v1
q_jewelry_04,d9ab5b09-09a9-41d1-b4d0-76845a1c43e0,30,0.2817002299735153,word_tfidf_v1
q_jewelry_04,7b34a7a0-8abc-4472-a552-a380a349dec8,31,0.2817002299735153,word_tfidf_v1
q_jewelry_04,aecfd023-8d79-4268-bf6a-8efe135a09ba,32,0.2817002299735153,word_tfidf_v1
q_jewelry_04,f85fcc7d-4404-4f62-8a7b-8f05946b4c9f,33,0.2817002299735153,word_tfidf_v1
q_jewelry_04,c39095be-a8a6-4e00-9e88-a86045cbe3a7,34,0.2817002299735153,word_tfidf_v1
q_jewelry_04,a73c81f3-a1cc-4a81-a8b0-0953db4a54e7,35,0.23769936952356766,word_tfidf_v1
q_jewelry_04,91d77d49-0158-4313-9dd8-276944259054,36,0.23475937777874467,word_tfidf_v1
q_jewelry_04,e81105a7-36d3-440e-9b78-f92c82fcf615,37,0.23475937777874464,word_tfidf_v1
q_jewelry_04,4c2da11f-4773-4358-9f0f-b6ccaf2b89c5,38,0.23475937777874464,word_tfidf_v1
q_jewelry_04,edc97583-d1d8-4b89-9615-b811244fa81b,39,0.23429012756727235,word_tfidf_v1
q_jewelry_04,f6226a71-1c88-43d0-b8b9-fd610412d6a3,40,0.23284087096756848,word_tfidf_v1
q_bedding_01,61d8f9cd-f714-4bb4-b937-5c6c6eec4bcc,1,0.4493852595560295,word_tfidf_v1
q_bedding_01,6c8363db-65f7-4fe3-9621-dc3bf45dabfb,2,0.4493852595560295,word_tfidf_v1
q_bedding_01,8ca8af63-de1b-4a9a-b244-d298a04213dc,3,0.4493852595560295,word_tfidf_v1
q_bedding_01,a022aa61-adea-4196-8a1e-a7529d2d2545,4,0.4493852595560295,word_tfidf_v1
q_bedding_01,66b4faaa-a089-449f-82b3-45b17937c74d,5,0.4493852595560295,word_tfidf_v1
q_bedding_01,b703e89d-371e-4602-a53e-6f6f487b8af7,6,0.4493852595560295,word_tfidf_v1
q_bedding_01,606a2736-548c-4a13-9677-0efa11a4d564,7,0.4493852595560295,word_tfidf_v1
q_bedding_01,8fc73c98-461e-40f4-9bd0-00ca3caa6b1a,8,0.42409079224385093,word_tfidf_v1
q_bedding_01,4ac21432-8036-48cc-a609-dd9c59af8112,9,0.42409079224385093,word_tfidf_v1
q_bedding_01,50a8ad51-8481-4584-a28a-40ef0d4cf550,10,0.42409079224385093,word_tfidf_v1
q_bedding_01,f69e5f27-00ee-4ce8-a428-954c5880e246,11,0.42409079224385093,word_tfidf_v1
q_bedding_01,9074a6d9-ace4-4d4b-91bc-10d55dff49e1,12,0.4138923145299424,word_tfidf_v1
q_bedding_01,cb23a156-2de9-4366-9af0-c8132ed3d31b,13,0.4138923145299424,word_tfidf_v1
q_bedding_01,165ec56a-f3e0-4031-bc6b-4302c3ffcf93,14,0.4138923145299424,word_tfidf_v1
q_bedding_01,5a9b1c82-9675-4f94-bccb-21afc33ee685,15,0.4138923145299424,word_tfidf_v1
q_bedding_01,a56b8211-0829-432d-be68-510de75d468e,16,0.40968440281508983,word_tfidf_v1
q_bedding_01,96b28627-d3db-4cb9-ade0-f1e0d5641e9e,17,0.40968440281508983,word_tfidf_v1
q_bedding_01,d77d9979-01b7-466e-b03c-dbd27459935d,18,0.40968440281508983,word_tfidf_v1
q_bedding_01,e13377d5-f7c7-482f-bf33-2744066d3bfc,19,0.40968440281508983,word_tfidf_v1
q_bedding_01,f9126798-b624-496e-ac5a-5918e1632867,20,0.40927234724753897,word_tfidf_v1
q_bedding_01,00831337-1223-4dcf-9c42-67ca874b1ef6,21,0.40632448756387196,word_tfidf_v1
q_bedding_01,914f40b8-a367-474d-a401-afb18fe04ea5,22,0.4062654743020158,word_tfidf_v1
q_bedding_01,099d8207-c61e-455c-978b-d7f806382e76,23,0.4062654743020158,word_tfidf_v1
q_bedding_01,6c6a428b-1948-4ab9-8742-8baa716c5146,24,0.4062654743020158,word_tfidf_v1
q_bedding_01,518dcc97-25fb-4404-aeb7-da50cca1be2e,25,0.4033767855685201,word_tfidf_v1
q_bedding_01,36d7fe2d-79d6-42a0-8963-606e2ebe2827,26,0.40252452725126137,word_tfidf_v1
q_bedding_01,c76da09a-06c9-49a0-a59d-aa5c12c99c2d,27,0.40063561873570924,word_tfidf_v1
q_bedding_01,d1355f99-2bb5-4fd0-83bf-3abc12131783,28,0.40063561873570924,word_tfidf_v1
q_bedding_01,aa2134bc-da93-4c81-b951-42b0672a3f7a,29,0.40051383813488006,word_tfidf_v1
q_bedding_01,fb61618e-cd3f-4523-8e4d-18871044e881,30,0.40051383813488006,word_tfidf_v1
q_bedding_01,9a2b2819-4ca6-42ec-b979-752e20938a55,31,0.40051383813488006,word_tfidf_v1
q_bedding_01,2f32d4a6-f95f-498b-bc6f-f41abb0cea6a,32,0.4002685865309535,word_tfidf_v1
q_bedding_01,d5128ec7-e640-4ec5-91b1-051874405a7e,33,0.3995796785742313,word_tfidf_v1
q_bedding_01,def51906-455a-4fef-aac9-1c8c7c616770,34,0.3971765713177417,word_tfidf_v1
q_bedding_01,d1433a15-3749-40d1-b806-a0d9354a010f,35,0.3971765713177417,word_tfidf_v1
q_bedding_01,73f35511-04ca-4e2f-af64-a2bc95ee4fbb,36,0.3971765713177417,word_tfidf_v1
q_bedding_01,f664e8fc-a2e8-4d41-9c47-53d686031e74,37,0.3963197182441003,word_tfidf_v1
q_bedding_01,bc5ac787-c73b-49d9-8e62-66a70a6dbf71,38,0.3963197182441003,word_tfidf_v1
q_bedding_01,9dd6977a-ec4a-47d3-a467-85c4cbec568b,39,0.3957894656812468,word_tfidf_v1
q_bedding_01,28a023f4-fa9e-4fb4-bc33-3d573bff5b66,40,0.394240456909899,word_tfidf_v1
q_bedding_03,310c9424-eac7-476a-9a67-c7c75fd071a1,1,0.36371872208592504,word_tfidf_v1
q_bedding_03,76a3551b-dae4-4326-92cc-662015aedbfb,2,0.2959831516799682,word_tfidf_v1
q_bedding_03,c161453d-f2c8-4b97-a2c3-a54e0cbdb7e8,3,0.25829684469811487,word_tfidf_v1
q_bedding_03,c111ac9d-3f3a-405c-a8db-4d127ccda9e2,4,0.2427774137541609,word_tfidf_v1
q_bedding_03,24456103-f6b8-46af-8655-82e61d7265d8,5,0.23962373038525459,word_tfidf_v1
q_bedding_03,2743811c-5e71-4d2b-aa75-1b0147d44f2d,6,0.20542400850286083,word_tfidf_v1
q_bedding_03,aa590fe8-fc68-4e09-9012-10fd2bd3dae1,7,0.1759310438347019,word_tfidf_v1
q_bedding_03,c7a566b0-cbac-48ad-a220-2179af2c01ae,8,0.1537552972942812,word_tfidf_v1
q_bedding_03,a1256432-37d6-439e-afd4-37b0ae0da356,9,0.1537552972942812,word_tfidf_v1
q_bedding_03,f6645922-9c5b-4a65-a47a-e570093168c2,10,0.1537552972942812,word_tfidf_v1
q_bedding_03,49e2c4e3-327a-4a22-9b61-f02b59367ac4,11,0.1537552972942812,word_tfidf_v1
q_bedding_03,be323dfe-a2c3-41ac-9b5f-b9ce90c712c8,12,0.1537552972942812,word_tfidf_v1
q_bedding_03,19220ba1-df95-4cbe-8f6b-2ead88996497,13,0.1537552972942812,word_tfidf_v1
q_bedding_03,f723630a-acf2-46ab-a65b-26fe7ad80e5c,14,0.1537552972942812,word_tfidf_v1
q_bedding_03,d618146d-7642-4b05-bb6f-5aef9c4cb92e,15,0.15254138179764926,word_tfidf_v1
q_bedding_03,ce6436ef-caf1-4781-9b02-342ded827d6e,16,0.15141742131479569,word_tfidf_v1
q_bedding_03,60bbd1e4-95e3-4a76-8192-b2836cda4c3d,17,0.14710960833609601,word_tfidf_v1
q_bedding_03,31af6c1d-5b17-4460-8333-4ed19156929d,18,0.14710960833609601,word_tfidf_v1
q_bedding_03,e2729fcb-b32c-4476-9030-30816464189a,19,0.14689295902135285,word_tfidf_v1
q_bedding_03,ec5588d5-5493-4de0-814e-e10f454eccc5,20,0.14689295902135285,word_tfidf_v1
q_bedding_03,5aed6e39-9cf3-4da2-a031-65e3477bf994,21,0.14689295902135285,word_tfidf_v1
q_bedding_03,399b9001-d943-4b2e-9c50-6822a88c4e4a,22,0.14689295902135285,word_tfidf_v1
q_bedding_03,886e74c2-d15d-4142-bf01-acfd5eb1d6f5,23,0.14689295902135285,word_tfidf_v1
q_bedding_03,7c3a6bb3-39e3-4c6a-a12e-a35a1bf8fb85,24,0.14629533434055791,word_tfidf_v1
q_bedding_03,88b1f06c-00f2-44f2-9386-314e1be0921f,25,0.14536598568155143,word_tfidf_v1
q_bedding_03,14056dac-abed-4b0b-a498-b2a70207a512,26,0.14442482462251252,word_tfidf_v1
q_bedding_03,6f6fb733-39d7-4714-b1b7-43c34017a345,27,0.14395077628517244,word_tfidf_v1
q_bedding_03,ca3c6ecf-6e32-4419-9daa-a9a8ac4f1a02,28,0.14395077628517244,word_tfidf_v1
q_bedding_03,1bdba918-d059-4779-8ee8-8eb959845968,29,0.1439418952334035,word_tfidf_v1
q_bedding_03,baeeaa9d-2665-4d71-82ad-7e00e66a9a0b,30,0.14374824920352355,word_tfidf_v1
q_bedding_03,ed81ddde-9af0-4779-8cd8-0e34356c2ce1,31,0.14374824920352355,word_tfidf_v1
q_bedding_03,a07ff670-c264-4a61-925d-9f561036b07b,32,0.14374824920352355,word_tfidf_v1
q_bedding_03,3541cf06-3cc1-4e09-928c-f290cfe20fa8,33,0.14348249595292736,word_tfidf_v1
q_bedding_03,11b9c399-990c-448b-a915-1e2dd35258d5,34,0.1431217362026447,word_tfidf_v1
q_bedding_03,4c673cc5-b0dc-4d23-806d-c8d181d6a286,35,0.1431217362026447,word_tfidf_v1
q_bedding_03,1f119a00-ecda-41ab-90c3-95622ee83755,36,0.1431217362026447,word_tfidf_v1
q_bedding_03,b0f75e4b-f8e0-4c7e-8b49-4de19f7c8c44,37,0.1431217362026447,word_tfidf_v1
q_bedding_03,14c6b7f2-e4e7-4c41-837b-c40f3977819a,38,0.1431217362026447,word_tfidf_v1
q_bedding_03,1bca8ac0-df75-4e45-82ed-d7fc2ef93230,39,0.1429378345989448,word_tfidf_v1
q_bedding_03,aa9e79c8-16f3-4e2b-b7b0-165698e340b8,40,0.1429378345989448,word_tfidf_v1
q_bedding_04,aba76fc2-984e-4030-ba01-e2e7d78264c7,1,0.3675072139014785,word_tfidf_v1
q_bedding_04,f14df4d3-9858-4a8b-8597-20fd477d8e32,2,0.3424528338403103,word_tfidf_v1
q_bedding_04,282b0e8b-051c-49f9-a707-b982df803589,3,0.3210096181804982,word_tfidf_v1
q_bedding_04,bd70b396-33c7-4075-a035-a2879ce7545d,4,0.26599269412917087,word_tfidf_v1
q_bedding_04,4ce4642b-c58e-491a-be5e-2e2eff885047,5,0.2560238967625932,word_tfidf_v1
q_bedding_04,a23beef5-4e7a-4740-a9aa-4c113ed64b3f,6,0.23575673482600507,word_tfidf_v1
q_bedding_04,2d04708a-fa05-45b0-8a0a-bd3631a3516d,7,0.23575673482600507,word_tfidf_v1
q_bedding_04,c3f14ae2-7b98-4e2a-a1ed-fb6d2c936ce0,8,0.23575673482600507,word_tfidf_v1
q_bedding_04,a0eb37d3-0907-4438-b912-6f165e1cedff,9,0.23575673482600507,word_tfidf_v1
q_bedding_04,9868ddf7-d5db-4f8b-963a-c69645474ba0,10,0.23575673482600507,word_tfidf_v1
q_bedding_04,7adf6073-7363-453a-84ef-15e76d5cf0e3,11,0.23575673482600507,word_tfidf_v1
q_bedding_04,ead700f1-808e-4894-a368-4ecf853aa2ef,12,0.23575673482600507,word_tfidf_v1
q_bedding_04,ac3a229e-1705-48fb-ac87-18f1a3c4014e,13,0.23575673482600507,word_tfidf_v1
q_bedding_04,71848b78-3007-413b-95b1-436a21f2e6c1,14,0.23575673482600507,word_tfidf_v1
q_bedding_04,d55bb574-bfa3-42f2-a75d-9ff1b7b86a53,15,0.23575673482600507,word_tfidf_v1
q_bedding_04,0bfa5870-7175-477c-95bc-78faf16682da,16,0.2227113341695239,word_tfidf_v1
q_bedding_04,443decf0-4930-409e-92e2-f6b65434dd21,17,0.22195830672874323,word_tfidf_v1
q_bedding_04,a5780020-6b18-481e-95a9-fe744ecc0b11,18,0.22195830672874323,word_tfidf_v1
q_bedding_04,969bc1f1-4c67-4ca1-a688-d5ab022822bc,19,0.22195830672874323,word_tfidf_v1
q_bedding_04,2eba25e4-bba0-434e-a475-3945548d73a6,20,0.22195830672874323,word_tfidf_v1
q_bedding_04,aa508e42-7dbe-46ca-b9f0-3a517627e35b,21,0.2186457317546615,word_tfidf_v1
q_bedding_04,0839e229-cd53-4c9c-b6cd-b22693856b0f,22,0.21805454612614197,word_tfidf_v1
q_bedding_04,23612f83-a2a6-495c-a1fc-f8aca9633bcd,23,0.21805454612614197,word_tfidf_v1
q_bedding_04,5acf7957-13c8-440c-b2b5-1a7cf5a65cef,24,0.21796504352415724,word_tfidf_v1
q_bedding_04,58309e98-64ce-44e7-ac9f-9fbbf7bb502e,25,0.21537587653692195,word_tfidf_v1
q_bedding_04,7ec96234-ba10-4529-a690-bacb20e3e0d5,26,0.2146357254023155,word_tfidf_v1
q_bedding_04,5d55845e-4d0f-4488-a162-54dc6bff79b9,27,0.21380496459611326,word_tfidf_v1
q_bedding_04,bbf606d7-2846-46d0-a50a-15ec46bd4eb2,28,0.21205137473506214,word_tfidf_v1
q_bedding_04,44a50269-98f5-46ed-a9bd-bc1198c5677e,29,0.21145490590256896,word_tfidf_v1
q_bedding_04,52b28c28-3938-42b2-b6c0-3d0279344f72,30,0.20990181518942422,word_tfidf_v1
q_bedding_04,80087291-e8ee-4df5-ab78-ce3bbca1b83e,31,0.20990181518942422,word_tfidf_v1
q_bedding_04,03c8c5a6-0d2c-40d6-befb-bbe4a1badfc6,32,0.2085004108401759,word_tfidf_v1
q_bedding_04,cfd3eae3-4daf-4222-86c6-f9fd95f14e3a,33,0.2085004108401759,word_tfidf_v1
q_bedding_04,a5317453-ab54-458f-836a-928af69fa75c,34,0.20835700514302638,word_tfidf_v1
q_bedding_04,114392db-a26e-4759-bd57-ef1ef1020da6,35,0.20835700514302638,word_tfidf_v1
q_bedding_04,5a865fdf-1219-4730-b9c2-fe47bad93700,36,0.20784948254641264,word_tfidf_v1
q_bedding_04,356ffabf-042c-464d-897f-b50ef65768ec,37,0.20670680144148704,word_tfidf_v1
q_bedding_04,1fdea4c6-fa16-4886-ae32-64259460c6b0,38,0.20670680144148704,word_tfidf_v1
q_bedding_04,ab8675c4-135f-4592-8afc-605b7365d856,39,0.20670680144148704,word_tfidf_v1
q_bedding_04,26f9eb40-8bf0-46e2-9e6e-0515cca280cd,40,0.20645135979316406,word_tfidf_v1
q_furniture_01,01083bff-525f-49d6-8dc9-7d3f1e1088cd,1,0.47880339199131183,word_tfidf_v1
q_furniture_01,15a05572-6e52-44e3-95f8-7a682bc07c18,2,0.47880339199131183,word_tfidf_v1
q_furniture_01,196bd38b-f05e-4144-8c2d-4752a351bc9d,3,0.476417742949157,word_tfidf_v1
q_furniture_01,9b26eb62-79a2-4745-9f79-a7b6d7142deb,4,0.47563410764807723,word_tfidf_v1
q_furniture_01,c4088b80-29ef-4fe5-8e41-a062fb483e83,5,0.46812773330330154,word_tfidf_v1
q_furniture_01,cc7363d5-a3e5-4e05-bb17-99395a2f3d5a,6,0.46812773330330154,word_tfidf_v1
q_furniture_01,75cf53e3-5877-4d6d-a034-5ba8bc6cab87,7,0.4638491557150597,word_tfidf_v1
q_furniture_01,fa905f9d-101b-407d-a8be-180e2961b86b,8,0.4638491557150597,word_tfidf_v1
q_furniture_01,000f2b92-c3c3-4ff7-8507-d2b8b0804036,9,0.4126058995829778,word_tfidf_v1
q_furniture_01,10912c4c-ad0d-4b0e-aed7-fb63cf87685d,10,0.4065295463026225,word_tfidf_v1
q_furniture_01,f4ca33bb-ff0e-4fdb-a10a-081b45d2a057,11,0.4065295463026225,word_tfidf_v1
q_furniture_01,a738e6ea-466e-4e42-b0da-5172202ed115,12,0.4065295463026225,word_tfidf_v1
q_furniture_01,12b9ac19-6985-47b6-81ce-029d29bb3d71,13,0.4065295463026225,word_tfidf_v1
q_furniture_01,92e28c58-1502-434c-bebc-3cb7517d1f18,14,0.4065295463026225,word_tfidf_v1
q_furniture_01,e07c4a8d-0ba7-4d3b-8966-5b00601be9e5,15,0.4065295463026225,word_tfidf_v1
q_furniture_01,798779f6-1ade-436a-9b1d-5c58b6c7dd20,16,0.4065295463026225,word_tfidf_v1
q_furniture_01,521134a6-c000-41af-9857-d2d8b7fd6255,17,0.4065295463026225,word_tfidf_v1
q_furniture_01,529b75db-5b1d-4bdd-9e94-87707ce50383,18,0.4065295463026225,word_tfidf_v1
q_furniture_01,cc6b1f70-e712-4b2a-9157-446ab725ef7b,19,0.4065295463026225,word_tfidf_v1
q_furniture_01,361c9e71-1f71-4a70-a775-00d9ebff6c33,20,0.4065295463026225,word_tfidf_v1
q_furniture_01,bc9df7e9-39d3-4fb2-8219-e7d49a4e3de0,21,0.4065295463026225,word_tfidf_v1
q_furniture_01,21b37f16-0f7e-4f93-9d94-102d58ee92ea,22,0.4065295463026225,word_tfidf_v1
q_furniture_01,e94635b5-75c6-45ea-b6dc-ec5ff717cccc,23,0.4065295463026225,word_tfidf_v1
q_furniture_01,83358573-9ed9-493c-9f58-ad401d69e09a,24,0.40145415400266793,word_tfidf_v1
q_furniture_01,634cd0d9-2e99-4068-a156-d193b7515de9,25,0.39501835603948915,word_tfidf_v1
q_furniture_01,c77d1a8e-223f-4936-a0ef-20c6ba919a4a,26,0.39501835603948915,word_tfidf_v1
q_furniture_01,cb82789e-1a90-4e53-ac49-045a98bed788,27,0.39501835603948915,word_tfidf_v1
q_furniture_01,6231a21f-9417-4726-8fb0-088a9bd0b79e,28,0.39501835603948915,word_tfidf_v1
q_furniture_01,887114de-18b5-4d76-8bfe-03fe671feffb,29,0.39501835603948915,word_tfidf_v1
q_furniture_01,c2ff5a37-a3b4-44c0-a28d-e2b65724f174,30,0.39501835603948915,word_tfidf_v1
q_furniture_01,600ca92d-aa7d-4a24-a035-1eba48b94c43,31,0.39501835603948915,word_tfidf_v1
q_furniture_01,75eed9b7-f1af-4617-a068-b555142cb5a0,32,0.39501835603948915,word_tfidf_v1
q_furniture_01,562dc726-518f-4fdc-bff6-c846105616f9,33,0.39501835603948915,word_tfidf_v1
q_furniture_01,08fba4f9-7b14-43e3-aeb3-145ec0c4b959,34,0.3901097895127319,word_tfidf_v1
q_furniture_01,f51e26de-bd95-4395-bfd9-a1c29764158c,35,0.3901097895127319,word_tfidf_v1
q_furniture_01,08f360fe-d30f-4e07-9c0b-dae08fbd43eb,36,0.3901097895127319,word_tfidf_v1
q_furniture_01,a795f518-af9d-497b-8655-03bd6fb77f45,37,0.3901097895127319,word_tfidf_v1
q_furniture_01,16528564-24ed-486b-9285-69e1fddfa373,38,0.3901097895127319,word_tfidf_v1
q_furniture_01,0c8244b3-2ea6-434f-8390-df1ee5e506e8,39,0.3901097895127319,word_tfidf_v1
q_furniture_01,6cf976a1-019f-4328-9d25-b22c08a2e02f,40,0.3812243798686876,word_tfidf_v1
q_furniture_02,7ece6f82-8d9f-475c-9c04-be15505285dd,1,0.5561214515782268,word_tfidf_v1
q_furniture_02,773a7d06-360e-4e6c-855d-ae1805d3bd1d,2,0.5432378566070821,word_tfidf_v1
q_furniture_02,aef50963-8c82-41aa-8d14-4d548a657219,3,0.5432378566070821,word_tfidf_v1
q_furniture_02,f23df528-80d5-41d4-bcd9-f2cbc345f3ba,4,0.5370743616641982,word_tfidf_v1
q_furniture_02,99de4b24-c601-4560-97cf-032fec8ec3c4,5,0.5370743616641982,word_tfidf_v1
q_furniture_02,0ed71d4c-b871-43b3-8519-99310c994a33,6,0.44751970224695453,word_tfidf_v1
q_furniture_03,472f5609-7d98-4e07-8c42-7a6f61c07c89,1,0.40205535718838376,word_tfidf_v1
q_furniture_03,76a3551b-dae4-4326-92cc-662015aedbfb,2,0.20002620478345676,word_tfidf_v1
q_furniture_03,ff307928-dc87-45f6-ac65-9ce1cd87ab7a,3,0.19151873866188818,word_tfidf_v1
q_furniture_03,c161453d-f2c8-4b97-a2c3-a54e0cbdb7e8,4,0.17455769782588798,word_tfidf_v1
q_furniture_03,c111ac9d-3f3a-405c-a8db-4d127ccda9e2,5,0.1640696249254596,word_tfidf_v1
q_furniture_03,24456103-f6b8-46af-8655-82e61d7265d8,6,0.16193835727799194,word_tfidf_v1
q_furniture_03,988a743e-e93e-4742-a0e7-e76bbdda79d5,7,0.1486371070292736,word_tfidf_v1
q_furniture_03,2743811c-5e71-4d2b-aa75-1b0147d44f2d,8,0.13882609384692468,word_tfidf_v1
q_furniture_03,1db677b8-efc9-4c9c-9460-707a3c221b0d,9,0.12384720800603298,word_tfidf_v1
q_furniture_03,93993d60-9b40-4249-8a88-f398ff51a92b,10,0.10517049147722106,word_tfidf_v1
q_furniture_04,f14df4d3-9858-4a8b-8597-20fd477d8e32,1,0.45558595953893977,word_tfidf_v1
q_furniture_04,aba76fc2-984e-4030-ba01-e2e7d78264c7,2,0.37813319242708227,word_tfidf_v1
q_furniture_04,282b0e8b-051c-49f9-a707-b982df803589,3,0.33029118104585375,word_tfidf_v1
q_furniture_04,15a05572-6e52-44e3-95f8-7a682bc07c18,4,0.22791782929344123,word_tfidf_v1
q_furniture_04,01083bff-525f-49d6-8dc9-7d3f1e1088cd,5,0.22791782929344123,word_tfidf_v1
q_furniture_04,196bd38b-f05e-4144-8c2d-4752a351bc9d,6,0.22678222340543247,word_tfidf_v1
q_furniture_04,9b26eb62-79a2-4745-9f79-a7b6d7142deb,7,0.22640920086681382,word_tfidf_v1
q_furniture_04,c4088b80-29ef-4fe5-8e41-a062fb483e83,8,0.2228360504356734,word_tfidf_v1
q_furniture_04,cc7363d5-a3e5-4e05-bb17-99395a2f3d5a,9,0.2228360504356734,word_tfidf_v1
q_furniture_04,75cf53e3-5877-4d6d-a034-5ba8bc6cab87,10,0.2207993812460087,word_tfidf_v1
q_furniture_04,fa905f9d-101b-407d-a8be-180e2961b86b,11,0.2207993812460087,word_tfidf_v1
q_furniture_04,000f2b92-c3c3-4ff7-8507-d2b8b0804036,12,0.19640679777875572,word_tfidf_v1
q_furniture_04,a738e6ea-466e-4e42-b0da-5172202ed115,13,0.19351435951945495,word_tfidf_v1
q_furniture_04,cc6b1f70-e712-4b2a-9157-446ab725ef7b,14,0.19351435951945495,word_tfidf_v1
q_furniture_04,f4ca33bb-ff0e-4fdb-a10a-081b45d2a057,15,0.19351435951945495,word_tfidf_v1
q_furniture_04,e07c4a8d-0ba7-4d3b-8966-5b00601be9e5,16,0.19351435951945495,word_tfidf_v1
q_furniture_04,521134a6-c000-41af-9857-d2d8b7fd6255,17,0.19351435951945495,word_tfidf_v1
q_furniture_04,10912c4c-ad0d-4b0e-aed7-fb63cf87685d,18,0.19351435951945495,word_tfidf_v1
q_furniture_04,12b9ac19-6985-47b6-81ce-029d29bb3d71,19,0.19351435951945495,word_tfidf_v1
q_furniture_04,529b75db-5b1d-4bdd-9e94-87707ce50383,20,0.19351435951945495,word_tfidf_v1
q_furniture_04,361c9e71-1f71-4a70-a775-00d9ebff6c33,21,0.19351435951945495,word_tfidf_v1
q_furniture_04,92e28c58-1502-434c-bebc-3cb7517d1f18,22,0.19351435951945495,word_tfidf_v1
q_furniture_04,e94635b5-75c6-45ea-b6dc-ec5ff717cccc,23,0.19351435951945495,word_tfidf_v1
q_furniture_04,798779f6-1ade-436a-9b1d-5c58b6c7dd20,24,0.19351435951945495,word_tfidf_v1
q_furniture_04,bc9df7e9-39d3-4fb2-8219-e7d49a4e3de0,25,0.19351435951945495,word_tfidf_v1
q_furniture_04,21b37f16-0f7e-4f93-9d94-102d58ee92ea,26,0.19351435951945495,word_tfidf_v1
q_furniture_04,83358573-9ed9-493c-9f58-ad401d69e09a,27,0.19109839418761518,word_tfidf_v1
q_furniture_04,634cd0d9-2e99-4068-a156-d193b7515de9,28,0.1880348546929629,word_tfidf_v1
q_furniture_04,6231a21f-9417-4726-8fb0-088a9bd0b79e,29,0.1880348546929629,word_tfidf_v1
q_furniture_04,887114de-18b5-4d76-8bfe-03fe671feffb,30,0.1880348546929629,word_tfidf_v1
q_furniture_04,c2ff5a37-a3b4-44c0-a28d-e2b65724f174,31,0.1880348546929629,word_tfidf_v1
q_furniture_04,cb82789e-1a90-4e53-ac49-045a98bed788,32,0.1880348546929629,word_tfidf_v1
q_furniture_04,600ca92d-aa7d-4a24-a035-1eba48b94c43,33,0.1880348546929629,word_tfidf_v1
q_furniture_04,562dc726-518f-4fdc-bff6-c846105616f9,34,0.1880348546929629,word_tfidf_v1
q_furniture_04,c77d1a8e-223f-4936-a0ef-20c6ba919a4a,35,0.1880348546929629,word_tfidf_v1
q_furniture_04,75eed9b7-f1af-4617-a068-b555142cb5a0,36,0.1880348546929629,word_tfidf_v1
q_furniture_04,f51e26de-bd95-4395-bfd9-a1c29764158c,37,0.18569830101261375,word_tfidf_v1
q_furniture_04,0c8244b3-2ea6-434f-8390-df1ee5e506e8,38,0.18569830101261375,word_tfidf_v1
q_furniture_04,08f360fe-d30f-4e07-9c0b-dae08fbd43eb,39,0.18569830101261375,word_tfidf_v1
q_furniture_04,a795f518-af9d-497b-8655-03bd6fb77f45,40,0.18569830101261375,word_tfidf_v1
q_hamburger_01,8c7f03a6-94c2-4ad1-a560-36fbedddafb1,1,0.45526825513002067,word_tfidf_v1
q_hamburger_01,f13ff555-de07-4d94-a182-2be12f9be18f,2,0.45526825513002067,word_tfidf_v1
q_hamburger_01,a5db1ed8-d00f-44e1-908d-1e6c1ea56db9,3,0.45526825513002067,word_tfidf_v1
q_hamburger_01,c927dabb-0943-40e3-94d8-ee688cbfbb6f,4,0.45526825513002067,word_tfidf_v1
q_hamburger_01,c4ac7c28-9215-4d75-a3e9-655652f9801d,5,0.45526825513002067,word_tfidf_v1
q_hamburger_01,9a37346b-40c9-46f9-b09b-4fecb97e9352,6,0.4401610192662935,word_tfidf_v1
q_hamburger_01,98cfb43c-df74-40c5-8029-db85b12660ec,7,0.4401610192662935,word_tfidf_v1
q_hamburger_01,ffbb7d2d-285a-4b68-bcc0-3ba940bb7ecc,8,0.4401610192662935,word_tfidf_v1
q_hamburger_01,a3c4ddae-27dd-45c7-9e41-f1424b9b4952,9,0.4172037348022793,word_tfidf_v1
q_hamburger_01,9b9f28a5-a713-4401-bff4-c9b0629c4115,10,0.4172037348022793,word_tfidf_v1
q_hamburger_01,ee51e614-0aef-4b19-a000-acabf68183b1,11,0.4019473543556938,word_tfidf_v1
q_hamburger_01,b576034e-31a2-46a5-9ac0-c80b58b54447,12,0.3959676968486895,word_tfidf_v1
q_hamburger_01,2f6929d0-5589-4b7e-9d95-488238035d46,13,0.3939352963215144,word_tfidf_v1
q_hamburger_01,4042d8b1-49cc-4651-84a8-083c1a73b69c,14,0.3903370953581707,word_tfidf_v1
q_hamburger_01,6d5358cb-3a6a-41be-a0f0-6ae5578f4005,15,0.3903370953581707,word_tfidf_v1
q_hamburger_01,b5546189-04c0-4015-bbb0-66011373ee7b,16,0.3886103308637565,word_tfidf_v1
q_hamburger_01,a91e34b4-bd04-4a2b-b4b6-7c72db1288f5,17,0.38485384931405786,word_tfidf_v1
q_hamburger_01,40cc82ec-4bf3-48bf-8ad0-36af3efb0175,18,0.38485384931405786,word_tfidf_v1
q_hamburger_01,0f45a390-df2c-4313-9fdc-69b09d81f913,19,0.38485384931405786,word_tfidf_v1
q_hamburger_01,bbb3d889-ecf8-4529-be1f-705ad31052c6,20,0.38485384931405786,word_tfidf_v1
q_hamburger_01,86f28296-014b-49d4-8769-b40481883b2b,21,0.38485384931405786,word_tfidf_v1
q_hamburger_01,bed2c327-227f-4b61-b1b6-0f27eb5024e9,22,0.37959537267239285,word_tfidf_v1
q_hamburger_01,a40e5e3c-f72d-4166-ba35-feb3dd2cd1a0,23,0.37959537267239285,word_tfidf_v1
q_hamburger_01,193ac7ee-d7d5-419c-9b9a-019188656020,24,0.37959537267239285,word_tfidf_v1
q_hamburger_01,7799fde2-c2ef-41cc-8be0-ee33bc407f9a,25,0.37959537267239285,word_tfidf_v1
q_hamburger_01,ce664ee3-c2c4-4e4b-8b59-6a4b36b54294,26,0.37959537267239285,word_tfidf_v1
q_hamburger_01,5ced3c35-00aa-49dc-9dc7-517431f22faa,27,0.37959537267239285,word_tfidf_v1
q_hamburger_01,cad7ce11-6e3b-4ffc-b035-50065669e445,28,0.37959537267239285,word_tfidf_v1
q_hamburger_01,613ac1e7-3c51-4443-86ca-0246ddf89e4f,29,0.37959537267239285,word_tfidf_v1
q_hamburger_01,fb38c321-f0d8-4681-817f-a8e7b570e7af,30,0.37959537267239285,word_tfidf_v1
q_hamburger_01,0c0d9152-f3be-4480-be7a-9b7502043c1b,31,0.37959537267239285,word_tfidf_v1
q_hamburger_01,d940e377-a3b9-498d-a008-b5b32b7fc707,32,0.37959537267239285,word_tfidf_v1
q_hamburger_01,fdac2a4c-ec0e-4a2a-bb4d-1613b808db22,33,0.37959537267239285,word_tfidf_v1
q_hamburger_01,1599d392-aa8e-4d0d-a6b2-0d8df0dc04b3,34,0.37959537267239285,word_tfidf_v1
q_hamburger_01,cdb733a7-43ea-43a6-b2c7-93ba34fe73ab,35,0.37959537267239285,word_tfidf_v1
q_hamburger_01,7757246d-6f45-4189-b63b-75cac4e32dcc,36,0.37959537267239285,word_tfidf_v1
q_hamburger_01,cc3719b5-cfda-42ce-8a14-a7c835f1e5dc,37,0.37959537267239285,word_tfidf_v1
q_hamburger_01,6609b295-1163-4dd0-9e69-7539d265c169,38,0.37959537267239285,word_tfidf_v1
q_hamburger_01,ac990665-e235-41c5-88e5-966566ab6e42,39,0.37959537267239285,word_tfidf_v1
q_hamburger_01,95297f3a-a6cb-4ea0-a3aa-83614ea958ab,40,0.37959537267239285,word_tfidf_v1
q_hamburger_03,76a3551b-dae4-4326-92cc-662015aedbfb,1,0.2923778802841647,word_tfidf_v1
q_hamburger_03,c161453d-f2c8-4b97-a2c3-a54e0cbdb7e8,2,0.255150617554675,word_tfidf_v1
q_hamburger_03,c111ac9d-3f3a-405c-a8db-4d127ccda9e2,3,0.23982022358848074,word_tfidf_v1
q_hamburger_03,24456103-f6b8-46af-8655-82e61d7265d8,4,0.23670495417785822,word_tfidf_v1
q_hamburger_03,2743811c-5e71-4d2b-aa75-1b0147d44f2d,5,0.2029218076253344,word_tfidf_v1
q_hamburger_03,8c7f03a6-94c2-4ad1-a560-36fbedddafb1,6,0.17825429831963885,word_tfidf_v1
q_hamburger_03,f13ff555-de07-4d94-a182-2be12f9be18f,7,0.17825429831963885,word_tfidf_v1
q_hamburger_03,c927dabb-0943-40e3-94d8-ee688cbfbb6f,8,0.17825429831963885,word_tfidf_v1
q_hamburger_03,a5db1ed8-d00f-44e1-908d-1e6c1ea56db9,9,0.17825429831963885,word_tfidf_v1
q_hamburger_03,c4ac7c28-9215-4d75-a3e9-655652f9801d,10,0.17825429831963885,word_tfidf_v1
q_hamburger_03,ffbb7d2d-285a-4b68-bcc0-3ba940bb7ecc,11,0.1723392587839504,word_tfidf_v1
q_hamburger_03,9a37346b-40c9-46f9-b09b-4fecb97e9352,12,0.1723392587839504,word_tfidf_v1
q_hamburger_03,98cfb43c-df74-40c5-8029-db85b12660ec,13,0.1723392587839504,word_tfidf_v1
q_hamburger_03,a3c4ddae-27dd-45c7-9e41-f1424b9b4952,14,0.16335063595038937,word_tfidf_v1
q_hamburger_03,9b9f28a5-a713-4401-bff4-c9b0629c4115,15,0.16335063595038937,word_tfidf_v1
q_hamburger_03,ee51e614-0aef-4b19-a000-acabf68183b1,16,0.15737720081459916,word_tfidf_v1
q_hamburger_03,b576034e-31a2-46a5-9ac0-c80b58b54447,17,0.15503594455284114,word_tfidf_v1
q_hamburger_03,2f6929d0-5589-4b7e-9d95-488238035d46,18,0.1542401848533809,word_tfidf_v1
q_hamburger_03,6d5358cb-3a6a-41be-a0f0-6ae5578f4005,19,0.15283135658409885,word_tfidf_v1
q_hamburger_03,4042d8b1-49cc-4651-84a8-083c1a73b69c,20,0.15283135658409885,word_tfidf_v1
q_hamburger_03,b5546189-04c0-4015-bbb0-66011373ee7b,21,0.15215526465401874,word_tfidf_v1
q_hamburger_03,86f28296-014b-49d4-8769-b40481883b2b,22,0.1506844637026083,word_tfidf_v1
q_hamburger_03,40cc82ec-4bf3-48bf-8ad0-36af3efb0175,23,0.1506844637026083,word_tfidf_v1
q_hamburger_03,a91e34b4-bd04-4a2b-b4b6-7c72db1288f5,24,0.1506844637026083,word_tfidf_v1
q_hamburger_03,0f45a390-df2c-4313-9fdc-69b09d81f913,25,0.1506844637026083,word_tfidf_v1
q_hamburger_03,bbb3d889-ecf8-4529-be1f-705ad31052c6,26,0.1506844637026083,word_tfidf_v1
q_hamburger_03,7799fde2-c2ef-41cc-8be0-ee33bc407f9a,27,0.1486255763248303,word_tfidf_v1
q_hamburger_03,95297f3a-a6cb-4ea0-a3aa-83614ea958ab,28,0.1486255763248303,word_tfidf_v1
q_hamburger_03,bed2c327-227f-4b61-b1b6-0f27eb5024e9,29,0.1486255763248303,word_tfidf_v1
q_hamburger_03,3a15b984-914f-4bd1-902f-0b7785a00c7d,30,0.1486255763248303,word_tfidf_v1
q_hamburger_03,5b46e308-acfa-4bea-9f06-605fd4811b76,31,0.1486255763248303,word_tfidf_v1
q_hamburger_03,bb7d2974-b8e8-41fd-9f58-4b9056e3cf41,32,0.1486255763248303,word_tfidf_v1
q_hamburger_03,ac6e4664-c0e4-47b6-b3e7-39188c9227ba,33,0.1486255763248303,word_tfidf_v1
q_hamburger_03,048a4d84-09bc-43dc-9a72-588b7b823b1a,34,0.1486255763248303,word_tfidf_v1
q_hamburger_03,f64bebaf-6903-4ad9-83c0-c2dabf575807,35,0.1486255763248303,word_tfidf_v1
q_hamburger_03,cdb733a7-43ea-43a6-b2c7-93ba34fe73ab,36,0.1486255763248303,word_tfidf_v1
q_hamburger_03,0647c6fc-99f8-43c3-ba31-039067ac08d5,37,0.1486255763248303,word_tfidf_v1
q_hamburger_03,ea9dcf97-6ac3-46b6-90f7-d058210b24ee,38,0.1486255763248303,word_tfidf_v1
q_hamburger_03,229c5c01-d1fc-4bc6-ad25-1bcaefdb01da,39,0.1486255763248303,word_tfidf_v1
q_hamburger_03,0a23e955-7759-418e-a656-67fa96069c7b,40,0.1486255763248303,word_tfidf_v1
q_hamburger_04,8b9803f4-c3a7-4afc-9930-0170c98eba08,1,0.38154980012669126,word_tfidf_v1
q_hamburger_04,aba76fc2-984e-4030-ba01-e2e7d78264c7,2,0.335059668642682,word_tfidf_v1
q_hamburger_04,7b7eddc5-f6ff-49ea-a9eb-324312f8ad4c,3,0.33225890701805927,word_tfidf_v1
q_hamburger_04,b628ead2-caff-45eb-a233-8a610f8d095f,4,0.31510633084707684,word_tfidf_v1
q_hamburger_04,f14df4d3-9858-4a8b-8597-20fd477d8e32,5,0.31221736252241816,word_tfidf_v1
q_hamburger_04,5e3fc31c-f7d0-4773-a17a-302450018cd3,6,0.3003584607008437,word_tfidf_v1
q_hamburger_04,8d1c7433-b06a-48aa-92a6-b94f34a74bfc,7,0.2966402666804519,word_tfidf_v1
q_hamburger_04,913331cb-d684-4c88-864d-29da51108929,8,0.2966402666804519,word_tfidf_v1
q_hamburger_04,c857ca19-8554-4746-892a-fc2e90dd33d2,9,0.2966402666804519,word_tfidf_v1
q_hamburger_04,c3933dda-ba29-4bc9-adda-0ba508f8b1d7,10,0.2966402666804519,word_tfidf_v1
q_hamburger_04,e1930e47-9f26-48fb-b391-2c4afdcb8e93,11,0.2966402666804519,word_tfidf_v1
q_hamburger_04,de855508-e54c-4f03-b76f-87ada60dac6d,12,0.2966402666804519,word_tfidf_v1
q_hamburger_04,67bd9bcc-4d1f-43e8-bd9d-2eae32ecfadb,13,0.2966402666804519,word_tfidf_v1
q_hamburger_04,282b0e8b-051c-49f9-a707-b982df803589,14,0.29266738782304724,word_tfidf_v1
q_hamburger_04,1daff59c-ba5b-47cc-9d5c-0d9a64363e2b,15,0.2524815386709739,word_tfidf_v1
q_hamburger_04,04dcc11e-b36e-4dd3-9900-84253c34983b,16,0.24937335903259905,word_tfidf_v1
q_hamburger_04,0e62dc75-b1af-4b5b-9e54-07858c9d26b7,17,0.2468262817981725,word_tfidf_v1
q_hamburger_04,f3e3f13e-4631-4021-b4f5-324200e08fc5,18,0.24602351753506135,word_tfidf_v1
q_hamburger_04,5078d297-5469-468f-af5b-61a6ce554ecb,19,0.24602351753506135,word_tfidf_v1
q_hamburger_04,ada30590-1d33-4908-a74e-c9ba55606d73,20,0.24570120734346396,word_tfidf_v1
q_hamburger_04,b8bcdd93-3f89-4247-be65-5738baa901e7,21,0.2436962250933261,word_tfidf_v1
q_hamburger_04,0afcfe69-7d1e-4e29-aee1-efe41c86cb8c,22,0.23923402159213758,word_tfidf_v1
q_hamburger_04,7e0f4797-38bc-428d-8bea-8322ea704032,23,0.23879219224349846,word_tfidf_v1
q_hamburger_04,f16d4e61-bcfb-4f8f-8b05-6c2fce1bba1c,24,0.23838314916195438,word_tfidf_v1
q_hamburger_04,cd34672c-1e23-436b-ad5e-89a1b6c74212,25,0.23651564809244013,word_tfidf_v1
q_hamburger_04,94384265-5fa9-4430-be91-f3b8b514b81e,26,0.23524938033294052,word_tfidf_v1
q_hamburger_04,5ec77ca7-6ef4-494e-9fb1-6af438a1641e,27,0.23452271763634414,word_tfidf_v1
q_hamburger_04,b81e1c4b-6945-4685-8159-61903fcc1fb2,28,0.2225944542432365,word_tfidf_v1
q_hamburger_04,fca7ca87-b034-4e91-9441-48fabfc8a520,29,0.21901800281221884,word_tfidf_v1
q_hamburger_04,4eb53f5f-cebb-4fde-bb34-85ede3674519,30,0.21649993923959832,word_tfidf_v1
q_hamburger_04,a50c2d2f-1eb2-46b9-b75a-f75266aeac77,31,0.21530956537899584,word_tfidf_v1
q_hamburger_04,40520830-dd25-4540-8ef0-b4c12d990c0f,32,0.2107908053340724,word_tfidf_v1
q_hamburger_04,c31d7e57-d09b-41e5-bfbf-a20a8635a494,33,0.21040315208730673,word_tfidf_v1
q_hamburger_04,45109a5c-6265-441f-8ea4-3a164574734b,34,0.20828769651569598,word_tfidf_v1
q_hamburger_04,07454c67-5088-4758-8e10-dde6b6f8f9b4,35,0.2031691556849157,word_tfidf_v1
q_hamburger_04,ead16f8d-f77f-4aaf-9cda-b0b38b870421,36,0.20303474309639716,word_tfidf_v1
q_hamburger_04,0d5fbb91-d090-4fd1-aa3a-3e98150e0319,37,0.20162544868315868,word_tfidf_v1
q_hamburger_04,49d6ddb1-4551-47cd-8ab7-0727505f9fba,38,0.20149722740679973,word_tfidf_v1
q_hamburger_04,a28b5354-78a1-4538-a265-6826b1e41d4a,39,0.2011259948696629,word_tfidf_v1
q_hamburger_04,fae1a1e4-c300-4603-b6ae-eda78b6a8fdb,40,0.20088477061989765,word_tfidf_v1
q_noodles_01,9e702db2-1692-4244-8069-f38c65b3e5a0,1,0.5500000082117424,word_tfidf_v1
q_noodles_01,bcc60ef3-7838-47fa-9437-111414384f94,2,0.528886784900831,word_tfidf_v1
q_noodles_01,026a0871-a49e-4bdc-b5b8-6aa08f84947a,3,0.528886784900831,word_tfidf_v1
q_noodles_01,77f78289-dd6a-4294-9d9d-dfcfca9c88d7,4,0.5213631023890131,word_tfidf_v1
q_noodles_01,b0238905-4861-4ede-975e-788778c27467,5,0.5191508130599808,word_tfidf_v1
q_noodles_01,12f375fa-d6ff-4a26-ac4a-7d81ee955c12,6,0.45724803249709245,word_tfidf_v1
q_noodles_01,3b486da8-f4cb-4cca-a7c1-f31f705f3201,7,0.4504088152642639,word_tfidf_v1
q_noodles_01,51a8bfd1-8236-4348-bf25-25c1b0df0f74,8,0.4504088152642639,word_tfidf_v1
q_noodles_01,ef3fdba9-8886-4ab2-ba31-478d531881e9,9,0.4338768391787459,word_tfidf_v1
q_noodles_01,29bba3ac-54d3-44f5-b929-7ba27220de4b,10,0.43052115123530416,word_tfidf_v1
q_noodles_01,375e02dc-0bcf-48e9-a1ee-407214a54f94,11,0.42865816298849363,word_tfidf_v1
q_noodles_01,2ed713f1-2bff-4afd-ac91-f80e5c08331f,12,0.42865816298849363,word_tfidf_v1
q_noodles_01,feca8c21-4cd2-449a-8b50-6fe1e3276cd8,13,0.42865816298849363,word_tfidf_v1
q_noodles_01,626a3df3-74e2-4158-9e02-967e3d46a21f,14,0.4272330651293971,word_tfidf_v1
q_noodles_01,ef84a7fd-7097-43bd-b242-a7c5b6ed01b6,15,0.4272330651293971,word_tfidf_v1
q_noodles_01,06f75744-2402-4294-b625-ea7e792558a0,16,0.4272330651293971,word_tfidf_v1
q_noodles_01,de37d324-1dfa-43d3-a2aa-6318d96024b6,17,0.42288347544506305,word_tfidf_v1
q_noodles_01,b9c8dd46-3af9-4559-b1a8-3ce3cdbd3f0a,18,0.4215311540772741,word_tfidf_v1
q_noodles_01,92959d08-16a5-4e94-808c-ffeb5e63dc27,19,0.4215311540772741,word_tfidf_v1
q_noodles_01,b28ab3f5-250f-4b9c-8c49-77564e1582d8,20,0.420800554152826,word_tfidf_v1
q_noodles_01,302f3444-03a0-4fa9-87ee-daccdacebb21,21,0.42051966399754453,word_tfidf_v1
q_noodles_01,43ceec1c-b33f-4dd3-8560-dd641643d725,22,0.42051966399754453,word_tfidf_v1
q_noodles_01,afa8a01d-07e3-4265-b6dc-dc98070ff370,23,0.41833703931131394,word_tfidf_v1
q_noodles_01,01204ba5-bc3e-4a17-83cd-1dd9bee98d5e,24,0.41640412552994766,word_tfidf_v1
q_noodles_01,e7c9a0f2-05f2-4097-8e1e-b96ad1a14b86,25,0.4160284939525462,word_tfidf_v1
q_noodles_01,32819aaa-51da-42df-98d3-947df90cf40b,26,0.4160284939525462,word_tfidf_v1
q_noodles_01,31f43dce-4f2f-443c-814d-4fb1c42867aa,27,0.4114431583256677,word_tfidf_v1
q_noodles_01,39d2075a-b00a-4d19-a8ca-221fa0322079,28,0.4098568732418328,word_tfidf_v1
q_noodles_01,e49786df-877a-4c02-a0f5-24d983848cf4,29,0.4098568732418328,word_tfidf_v1
q_noodles_01,ed5693f4-03ca-41c7-844f-3ec47dcf7309,30,0.4098568732418328,word_tfidf_v1
q_noodles_01,4406838b-0e12-4966-8fa4-cb4973375734,31,0.40806058060560496,word_tfidf_v1
q_noodles_01,d25cf338-0a29-4eb5-9572-d159c960d01d,32,0.4063189488025058,word_tfidf_v1
q_noodles_01,43e91f9c-1f22-43da-8e26-3b6e409a0df2,33,0.40599007817126187,word_tfidf_v1
q_noodles_01,9b340f33-9a5c-4402-9bd9-fca0c4c6efde,34,0.40354619670342623,word_tfidf_v1
q_noodles_01,b62e34e7-4c91-4ca6-866b-bd4b7b451ba9,35,0.40354619670342623,word_tfidf_v1
q_noodles_01,61ed8cc0-52ff-4200-bd6b-48a7b92fabcd,36,0.40232352484380807,word_tfidf_v1
q_noodles_01,fe61a9cb-e8d9-46ec-aebc-25d33e540939,37,0.40232352484380807,word_tfidf_v1
q_noodles_01,41ab377e-abb4-4eaf-92d8-1422aa6c78d7,38,0.40232352484380807,word_tfidf_v1
q_noodles_01,66240063-ae6c-424c-bbb1-0a4e7040426b,39,0.40232352484380807,word_tfidf_v1
q_noodles_01,1515534a-a817-42b1-b9a9-8f7af17f22f0,40,0.40232352484380807,word_tfidf_v1
q_noodles_02,0dc3ab7d-7bf0-49b3-a1e1-b42c046471ef,1,0.6516024962617132,word_tfidf_v1
q_noodles_02,2ed713f1-2bff-4afd-ac91-f80e5c08331f,2,0.6161240706200363,word_tfidf_v1
q_noodles_02,feca8c21-4cd2-449a-8b50-6fe1e3276cd8,3,0.6161240706200363,word_tfidf_v1
q_noodles_02,375e02dc-0bcf-48e9-a1ee-407214a54f94,4,0.6161240706200363,word_tfidf_v1
q_noodles_02,3b1754bb-1bd2-4a1b-bea4-9978244ec55b,5,0.6001774771449365,word_tfidf_v1
q_noodles_02,91128aa8-3f3b-428c-9586-ae12b4379afb,6,0.5215617181720963,word_tfidf_v1
q_noodles_02,a7727762-becb-4da0-9c2b-16651c88a504,7,0.476140142602239,word_tfidf_v1
q_noodles_02,fc54672a-2561-4c0a-be60-f84ee2360df4,8,0.4339466462866308,word_tfidf_v1
q_noodles_02,23f9a1b1-89e2-4190-a251-f17f3f537227,9,0.3809581404181502,word_tfidf_v1
q_noodles_02,80a55574-a0c3-499a-9783-a74ed70d9c26,10,0.37175062677484155,word_tfidf_v1
q_noodles_03,082318d1-b53c-40e8-9a48-18eb2a490e1a,1,0.37713438516333464,word_tfidf_v1
q_noodles_03,a3666bb6-07d6-49b3-b68a-bc8855582f8a,2,0.37713438516333464,word_tfidf_v1
q_noodles_03,4f20341f-a11c-45c4-ad42-332bea16ee8a,3,0.3514315085544118,word_tfidf_v1
q_noodles_03,76a3551b-dae4-4326-92cc-662015aedbfb,4,0.3482233562878131,word_tfidf_v1
q_noodles_03,3086efe6-0293-476f-a32f-35d8522477d2,5,0.34671942294666896,word_tfidf_v1
q_noodles_03,dde74325-8f92-4321-9ce6-52d069e55acb,6,0.34448241900632454,word_tfidf_v1
q_noodles_03,07e6317e-8529-4a99-b6ff-6463affed556,7,0.33754816403188015,word_tfidf_v1
q_noodles_03,dc63224f-52dc-4f44-b291-1b54f2e8df7c,8,0.33754816403188015,word_tfidf_v1
q_noodles_03,d18c17e3-9f8f-4dce-bfae-024689a1bdf4,9,0.33754816403188015,word_tfidf_v1
q_noodles_03,96929dc7-3532-4592-a918-529a77ceac89,10,0.33754816403188015,word_tfidf_v1
q_noodles_03,540c3f3d-5db4-493d-bbfe-78754e50f761,11,0.28939914821486995,word_tfidf_v1
q_noodles_03,c111ac9d-3f3a-405c-a8db-4d127ccda9e2,12,0.28562695331982507,word_tfidf_v1
q_noodles_03,24456103-f6b8-46af-8655-82e61d7265d8,13,0.2819166535910857,word_tfidf_v1
q_noodles_03,f0b7a128-54c5-4412-9bc8-621abd6f7c7c,14,0.2709273027260078,word_tfidf_v1
q_noodles_03,50076371-efa0-482e-ba76-1f6b2194e659,15,0.2678817111951806,word_tfidf_v1
q_noodles_03,2743811c-5e71-4d2b-aa75-1b0147d44f2d,16,0.24168077573654595,word_tfidf_v1
q_noodles_03,465db8aa-dcb7-42ef-81c7-c45577529e34,17,0.23492871207906835,word_tfidf_v1
q_noodles_03,1b48a4ae-094d-42ca-a00a-79dad4238a1c,18,0.23291602009242188,word_tfidf_v1
q_noodles_03,0df3eced-9f53-4b4c-9218-80455bc5ca93,19,0.22211134167717772,word_tfidf_v1
q_noodles_03,c669426f-fb7e-4fe1-bcc0-133f71cfd8f0,20,0.1598602399406557,word_tfidf_v1
q_noodles_04,082318d1-b53c-40e8-9a48-18eb2a490e1a,1,0.3731544617240388,word_tfidf_v1
q_noodles_04,a3666bb6-07d6-49b3-b68a-bc8855582f8a,2,0.3731544617240388,word_tfidf_v1
q_noodles_04,4f20341f-a11c-45c4-ad42-332bea16ee8a,3,0.3477228292262274,word_tfidf_v1
q_noodles_04,3086efe6-0293-476f-a32f-35d8522477d2,4,0.3430604705611766,word_tfidf_v1
q_noodles_04,dde74325-8f92-4321-9ce6-52d069e55acb,5,0.34084707386739,word_tfidf_v1
q_noodles_04,07e6317e-8529-4a99-b6ff-6463affed556,6,0.333985996531985,word_tfidf_v1
q_noodles_04,d18c17e3-9f8f-4dce-bfae-024689a1bdf4,7,0.333985996531985,word_tfidf_v1
q_noodles_04,dc63224f-52dc-4f44-b291-1b54f2e8df7c,8,0.333985996531985,word_tfidf_v1
q_noodles_04,96929dc7-3532-4592-a918-529a77ceac89,9,0.333985996531985,word_tfidf_v1
q_noodles_04,aba76fc2-984e-4030-ba01-e2e7d78264c7,10,0.32306057159335905,word_tfidf_v1
q_noodles_04,f14df4d3-9858-4a8b-8597-20fd477d8e32,11,0.30103629006279803,word_tfidf_v1
q_noodles_04,540c3f3d-5db4-493d-bbfe-78754e50f761,12,0.2863451003778005,word_tfidf_v1
q_noodles_04,282b0e8b-051c-49f9-a707-b982df803589,13,0.28218643556792633,word_tfidf_v1
q_noodles_04,f0b7a128-54c5-4412-9bc8-621abd6f7c7c,14,0.26806818946324484,word_tfidf_v1
q_noodles_04,50076371-efa0-482e-ba76-1f6b2194e659,15,0.2650547382558592,word_tfidf_v1
q_noodles_04,465db8aa-dcb7-42ef-81c7-c45577529e34,16,0.2324494942603003,word_tfidf_v1
q_noodles_04,1b48a4ae-094d-42ca-a00a-79dad4238a1c,17,0.23045804234172737,word_tfidf_v1
q_noodles_04,0df3eced-9f53-4b4c-9218-80455bc5ca93,18,0.21976738639319693,word_tfidf_v1
q_noodles_04,c669426f-fb7e-4fe1-bcc0-133f71cfd8f0,19,0.15817322453983054,word_tfidf_v1
q_pork_cutlet_01,105caee8-054c-4590-b852-4e2826a0c3a4,1,0.570087918998818,word_tfidf_v1
q_pork_cutlet_01,022aa88a-4fef-445a-baba-83a8de201d44,2,0.5349630471465281,word_tfidf_v1
q_pork_cutlet_01,ee751214-4261-4387-a5bf-955bdba58240,3,0.5312020557087718,word_tfidf_v1
q_pork_cutlet_01,b1373e67-723f-4079-8b03-830e64443e37,4,0.5301263933981092,word_tfidf_v1
q_pork_cutlet_01,9623b677-615f-45ab-b7ec-0aeb820b9528,5,0.5240613002741789,word_tfidf_v1
q_pork_cutlet_01,059d92ad-3eb4-46e8-99b2-aca520968491,6,0.4489827014592875,word_tfidf_v1
q_pork_cutlet_01,98a0ce23-cadb-4816-bd2f-4fe15e2ea46f,7,0.4398817646372246,word_tfidf_v1
q_pork_cutlet_01,e0c378b7-bd35-4642-8ea1-266be6a86e1b,8,0.43608159961683923,word_tfidf_v1
q_pork_cutlet_01,2ffb9d2e-51f1-412e-9ec0-a11ac9eb30bd,9,0.43444195877213043,word_tfidf_v1
q_pork_cutlet_01,d47bfdbb-35dc-4a50-a293-6ff3d8ee93e2,10,0.4282928409951001,word_tfidf_v1
q_pork_cutlet_01,978f31d8-0482-4233-9d2d-83dc8fc7abec,11,0.42563000017483155,word_tfidf_v1
q_pork_cutlet_01,3e1325dd-976f-4554-8cff-a9ea1e8b7e5c,12,0.42563000017483155,word_tfidf_v1
q_pork_cutlet_01,424d0da5-903d-4d90-abaf-785aed7c1f46,13,0.4199244539649712,word_tfidf_v1
q_pork_cutlet_01,b79ef038-b3ef-437d-a1d7-3af25593064d,14,0.41757011388873244,word_tfidf_v1
q_pork_cutlet_01,fdbce485-4092-4cb0-8674-c6c5bfe561e6,15,0.4123950910523247,word_tfidf_v1
q_pork_cutlet_01,47988843-7f3b-46f8-b68f-aefc6bc1ecdb,16,0.4075280059938931,word_tfidf_v1
q_pork_cutlet_01,798dd181-79ee-44e5-b5cc-3789a4c8f6db,17,0.40695151902278887,word_tfidf_v1
q_pork_cutlet_01,1c59b3d2-5e4e-4b04-862e-ece897e00ed3,18,0.40342878411159067,word_tfidf_v1
q_pork_cutlet_01,6786ef16-22eb-46f7-93ac-b50c9de62f50,19,0.40342878411159067,word_tfidf_v1
q_pork_cutlet_01,1be2f742-0996-4607-9f03-886299f087d8,20,0.4031013385726254,word_tfidf_v1
q_pork_cutlet_01,56eb3b37-8346-4cd2-b93e-e7724f6151e0,21,0.4031013385726254,word_tfidf_v1
q_pork_cutlet_01,adc68879-94ce-46fe-be5a-a88bb9144440,22,0.4006681167930115,word_tfidf_v1
q_pork_cutlet_01,2bc6f27e-987d-474f-8591-51ee9b6627e9,23,0.4006681167930115,word_tfidf_v1
q_pork_cutlet_01,a20d8d28-6b7d-4316-9a44-fac065f5911b,24,0.4006681167930115,word_tfidf_v1
q_pork_cutlet_01,f9c41058-775a-4c63-9d10-0a791c7449c5,25,0.4006681167930115,word_tfidf_v1
q_pork_cutlet_01,a1d6f0d6-fec9-48fd-b025-da8c7fd5fd80,26,0.39945082388331987,word_tfidf_v1
q_pork_cutlet_01,3ccb643d-ce5d-493b-9172-1750a0882dcf,27,0.39945082388331987,word_tfidf_v1
q_pork_cutlet_01,3bcf3ada-ff10-4cce-b0db-8ea2684f8c14,28,0.39945082388331987,word_tfidf_v1
q_pork_cutlet_01,e8817ece-8deb-4e19-9ff7-b0c2f1274f2b,29,0.39945082388331987,word_tfidf_v1
q_pork_cutlet_01,f745c172-a7bf-47e6-b7bb-2d89a74717cc,30,0.3976986492914178,word_tfidf_v1
q_pork_cutlet_01,e8e403b9-140d-43e9-8d57-54b72aa169dc,31,0.3976986492914178,word_tfidf_v1
q_pork_cutlet_01,ddd6777f-b7a4-4854-a940-2560d89bd4a5,32,0.3976986492914178,word_tfidf_v1
q_pork_cutlet_01,aea42991-af62-4af7-a808-878eb75c7c12,33,0.3976986492914178,word_tfidf_v1
q_pork_cutlet_01,b300c1eb-0962-4154-b6ec-001f25b2d44a,34,0.3976986492914178,word_tfidf_v1
q_pork_cutlet_01,ee7bdc6d-5603-4af7-aadf-ff0299985902,35,0.39729111448066484,word_tfidf_v1
q_pork_cutlet_01,68f1948a-c4f7-469a-90ff-1cf9752b9c95,36,0.39388621148562164,word_tfidf_v1
q_pork_cutlet_01,217afd8e-35e9-4db8-a90d-1edd566aa5a5,37,0.39388621148562164,word_tfidf_v1
q_pork_cutlet_01,36112c9e-63ff-4580-902a-6ea070370eba,38,0.39388621148562164,word_tfidf_v1
q_pork_cutlet_01,4f3cb4d3-443a-4301-bb2b-8055ed939955,39,0.39388621148562164,word_tfidf_v1
q_pork_cutlet_01,76333b8d-3987-4d39-adde-f69dc0647936,40,0.39388621148562164,word_tfidf_v1
q_pork_cutlet_03,76a3551b-dae4-4326-92cc-662015aedbfb,1,0.39305967364040356,word_tfidf_v1
q_pork_cutlet_03,c111ac9d-3f3a-405c-a8db-4d127ccda9e2,2,0.3224035235649193,word_tfidf_v1
q_pork_cutlet_03,24456103-f6b8-46af-8655-82e61d7265d8,3,0.3182154954669964,word_tfidf_v1
q_pork_cutlet_03,105caee8-054c-4590-b852-4e2826a0c3a4,4,0.3083924823533686,word_tfidf_v1
q_pork_cutlet_03,022aa88a-4fef-445a-baba-83a8de201d44,5,0.2893914720497383,word_tfidf_v1
q_pork_cutlet_03,ee751214-4261-4387-a5bf-955bdba58240,6,0.2873569411520544,word_tfidf_v1
q_pork_cutlet_03,b1373e67-723f-4079-8b03-830e64443e37,7,0.286775055167272,word_tfidf_v1
q_pork_cutlet_03,9623b677-615f-45ab-b7ec-0aeb820b9528,8,0.28349410662958313,word_tfidf_v1
q_pork_cutlet_03,2743811c-5e71-4d2b-aa75-1b0147d44f2d,9,0.27279895251383196,word_tfidf_v1
q_pork_cutlet_03,059d92ad-3eb4-46e8-99b2-aca520968491,10,0.24287988785996031,word_tfidf_v1
q_pork_cutlet_03,98a0ce23-cadb-4816-bd2f-4fe15e2ea46f,11,0.23795668144782273,word_tfidf_v1
q_pork_cutlet_03,e0c378b7-bd35-4642-8ea1-266be6a86e1b,12,0.2359009593654337,word_tfidf_v1
q_pork_cutlet_03,2ffb9d2e-51f1-412e-9ec0-a11ac9eb30bd,13,0.23501398580676622,word_tfidf_v1
q_pork_cutlet_03,d47bfdbb-35dc-4a50-a293-6ff3d8ee93e2,14,0.2316875836285339,word_tfidf_v1
q_pork_cutlet_03,3e1325dd-976f-4554-8cff-a9ea1e8b7e5c,15,0.23024710390021988,word_tfidf_v1
q_pork_cutlet_03,978f31d8-0482-4233-9d2d-83dc8fc7abec,16,0.23024710390021988,word_tfidf_v1
q_pork_cutlet_03,424d0da5-903d-4d90-abaf-785aed7c1f46,17,0.2271606544242675,word_tfidf_v1
q_pork_cutlet_03,b79ef038-b3ef-437d-a1d7-3af25593064d,18,0.2258870600255467,word_tfidf_v1
q_pork_cutlet_03,fdbce485-4092-4cb0-8674-c6c5bfe561e6,19,0.2230876003535054,word_tfidf_v1
q_pork_cutlet_03,47988843-7f3b-46f8-b68f-aefc6bc1ecdb,20,0.22045472147119072,word_tfidf_v1
q_pork_cutlet_03,798dd181-79ee-44e5-b5cc-3789a4c8f6db,21,0.22014286738318367,word_tfidf_v1
q_pork_cutlet_03,1c59b3d2-5e4e-4b04-862e-ece897e00ed3,22,0.2182372227839345,word_tfidf_v1
q_pork_cutlet_03,6786ef16-22eb-46f7-93ac-b50c9de62f50,23,0.2182372227839345,word_tfidf_v1
q_pork_cutlet_03,1be2f742-0996-4607-9f03-886299f087d8,24,0.2180600891537843,word_tfidf_v1
q_pork_cutlet_03,56eb3b37-8346-4cd2-b93e-e7724f6151e0,25,0.2180600891537843,word_tfidf_v1
q_pork_cutlet_03,f9c41058-775a-4c63-9d10-0a791c7449c5,26,0.21674382322404975,word_tfidf_v1
q_pork_cutlet_03,a20d8d28-6b7d-4316-9a44-fac065f5911b,27,0.21674382322404975,word_tfidf_v1
q_pork_cutlet_03,2bc6f27e-987d-474f-8591-51ee9b6627e9,28,0.21674382322404975,word_tfidf_v1
q_pork_cutlet_03,adc68879-94ce-46fe-be5a-a88bb9144440,29,0.21674382322404975,word_tfidf_v1
q_pork_cutlet_03,3ccb643d-ce5d-493b-9172-1750a0882dcf,30,0.2160853213164313,word_tfidf_v1
q_pork_cutlet_03,3bcf3ada-ff10-4cce-b0db-8ea2684f8c14,31,0.2160853213164313,word_tfidf_v1
q_pork_cutlet_03,a1d6f0d6-fec9-48fd-b025-da8c7fd5fd80,32,0.2160853213164313,word_tfidf_v1
q_pork_cutlet_03,e8817ece-8deb-4e19-9ff7-b0c2f1274f2b,33,0.2160853213164313,word_tfidf_v1
q_pork_cutlet_03,e8e403b9-140d-43e9-8d57-54b72aa169dc,34,0.21513747195161376,word_tfidf_v1
q_pork_cutlet_03,b300c1eb-0962-4154-b6ec-001f25b2d44a,35,0.21513747195161376,word_tfidf_v1
q_pork_cutlet_03,aea42991-af62-4af7-a808-878eb75c7c12,36,0.21513747195161376,word_tfidf_v1
q_pork_cutlet_03,ddd6777f-b7a4-4854-a940-2560d89bd4a5,37,0.21513747195161376,word_tfidf_v1
q_pork_cutlet_03,f745c172-a7bf-47e6-b7bb-2d89a74717cc,38,0.21513747195161376,word_tfidf_v1
q_pork_cutlet_03,ee7bdc6d-5603-4af7-aadf-ff0299985902,39,0.2149170135490673,word_tfidf_v1
q_pork_cutlet_03,4f3cb4d3-443a-4301-bb2b-8055ed939955,40,0.21307511083227607,word_tfidf_v1
q_pork_cutlet_04,aba76fc2-984e-4030-ba01-e2e7d78264c7,1,0.3533303945680956,word_tfidf_v1
q_pork_cutlet_04,f14df4d3-9858-4a8b-8597-20fd477d8e32,2,0.3292425027994057,word_tfidf_v1
q_pork_cutlet_04,b8acadf0-a265-4914-a161-a19792a480d9,3,0.32249485021439006,word_tfidf_v1
q_pork_cutlet_04,b0e51d95-4fa0-40c1-a735-accf174fb065,4,0.3125854360177614,word_tfidf_v1
q_pork_cutlet_04,b1fbb3dd-28c7-40ee-a35f-e9a3eefbec70,5,0.3125854360177614,word_tfidf_v1
q_pork_cutlet_04,282b0e8b-051c-49f9-a707-b982df803589,6,0.30862647251946324,word_tfidf_v1
q_pork_cutlet_04,92e9e350-7242-49ff-abda-917512e1e8e0,7,0.27170696519945003,word_tfidf_v1
q_pork_cutlet_04,3aa5c534-6a5d-4735-b953-3779ba138b1a,8,0.2565607631341627,word_tfidf_v1
q_pork_cutlet_04,f53f6543-a9d7-40cb-b57e-2de27d4e0aec,9,0.2561709445656039,word_tfidf_v1
q_pork_cutlet_04,599c9135-fbfd-470e-a736-6e03c8cc4d5f,10,0.2560555850987008,word_tfidf_v1
q_pork_cutlet_04,6064dfdf-4658-4122-b84e-d52b8717fddf,11,0.253081971491432,word_tfidf_v1
q_pork_cutlet_04,5054fd1a-203a-49d1-b7fe-55ce721fe7db,12,0.2527842416639815,word_tfidf_v1
q_pork_cutlet_04,9842b827-b4c9-4637-a076-3c2f1293aadb,13,0.2523206068796993,word_tfidf_v1
q_pork_cutlet_04,bc3cd4e8-475b-44f7-ba37-6a6505e45245,14,0.25028806564868994,word_tfidf_v1
q_pork_cutlet_04,6ee4a0aa-0cd6-4960-b731-706e3d614d6c,15,0.25028806564868994,word_tfidf_v1
q_pork_cutlet_04,583ece90-f0a0-4aad-b2c1-cae87a3f8d67,16,0.24824652166999828,word_tfidf_v1
q_pork_cutlet_04,cbd92d3f-e153-4834-afbf-00be06bf13f4,17,0.2467964439841892,word_tfidf_v1
q_pork_cutlet_04,95d6580e-3c02-4f4d-bc01-15acc9ea1482,18,0.2467964439841892,word_tfidf_v1
q_pork_cutlet_04,e2617647-a576-4fed-8ab1-fbc52d872dc6,19,0.24502563818664516,word_tfidf_v1
q_pork_cutlet_04,b35f68d0-acfe-4d03-9f4e-6982507ebd0a,20,0.2427502916316228,word_tfidf_v1
q_pork_cutlet_04,b2950296-e136-41a9-a5a4-8af373128253,21,0.2427502916316228,word_tfidf_v1
q_pork_cutlet_04,af81a97f-b6c9-44f1-a25b-812693a27ec2,22,0.2427502916316228,word_tfidf_v1
q_pork_cutlet_04,eeafb369-a121-4d2e-8f0c-510bb0005f01,23,0.2427502916316228,word_tfidf_v1
q_pork_cutlet_04,9dd887d9-c1a7-4855-af42-e593a918c44c,24,0.2427502916316228,word_tfidf_v1
q_pork_cutlet_04,9007bd96-1c5a-480c-a06c-bbd84b0cc7ae,25,0.23956078816690526,word_tfidf_v1
q_pork_cutlet_04,56951967-2183-41d5-8661-8e863e2c338b,26,0.23956078816690526,word_tfidf_v1
q_pork_cutlet_04,0ff02a3e-cbb8-4548-9034-e8e1567c2a1f,27,0.23956078816690526,word_tfidf_v1
q_pork_cutlet_04,cb98bb6a-a348-4819-a22d-0297691fce25,28,0.23956078816690526,word_tfidf_v1
q_pork_cutlet_04,cd3e37c2-e7cc-43cd-bd86-31609eb99624,29,0.23956078816690526,word_tfidf_v1
q_pork_cutlet_04,5767f495-4bb3-4684-964b-990dcf5d37f6,30,0.23956078816690526,word_tfidf_v1
q_pork_cutlet_04,065b7b13-3b93-45e7-b5c0-3f58a16a5304,31,0.23956078816690526,word_tfidf_v1
q_pork_cutlet_04,0e58b6a8-b04a-4d2b-a1e5-df3139446df8,32,0.23956078816690526,word_tfidf_v1
q_pork_cutlet_04,89a761c6-b571-40d9-873c-743fb2e68490,33,0.23956078816690526,word_tfidf_v1
q_pork_cutlet_04,15793536-4d66-4463-beda-8fd89d9aeceb,34,0.23956078816690526,word_tfidf_v1
q_pork_cutlet_04,6e276a9a-f703-4495-89f1-c601057ab522,35,0.23956078816690526,word_tfidf_v1
q_pork_cutlet_04,01ae42ea-516f-48b6-b198-376d1a40e55a,36,0.23956078816690526,word_tfidf_v1
q_pork_cutlet_04,39387e93-710f-4d16-b9f7-d4c0a96c2b0f,37,0.23956078816690526,word_tfidf_v1
q_pork_cutlet_04,e3f7e5ce-03d8-4a55-820e-2e62246a8835,38,0.23956078816690526,word_tfidf_v1
q_pork_cutlet_04,41e07423-cfaf-46e6-8a16-d264d2740d5b,39,0.23956078816690526,word_tfidf_v1
q_pork_cutlet_04,b85d5c7d-4f90-4bbd-9df2-a3312cdd815f,40,0.23956078816690526,word_tfidf_v1
q_dumpling_01,e435c545-6c35-4ec1-a325-8dcd9fa3a504,1,0.5043483704257088,word_tfidf_v1
q_dumpling_01,aa67f4c3-219e-4011-a5e9-d1bab54b6820,2,0.5001859577883345,word_tfidf_v1
q_dumpling_01,58c7d7d0-346e-4398-a0f2-2c9c46c66a8e,3,0.43790164054735187,word_tfidf_v1
q_dumpling_01,9cabdaf4-579d-4c04-b274-66df74b5653c,4,0.43790164054735187,word_tfidf_v1
q_dumpling_01,968e7199-1b57-4cc8-8a2c-134306fdb011,5,0.43790164054735187,word_tfidf_v1
q_dumpling_01,10273a8c-5c48-4344-8b2f-7fdf21403dba,6,0.43790164054735187,word_tfidf_v1
q_dumpling_01,56bc5b73-a3a0-4ff5-9cad-5c72e7079624,7,0.43790164054735187,word_tfidf_v1
q_dumpling_01,8b0ac2e5-ed66-4623-b53f-f03e15bd35ee,8,0.43790164054735187,word_tfidf_v1
q_dumpling_01,9e783caf-f00d-47ce-8fba-5843e7be401b,9,0.43790164054735187,word_tfidf_v1
q_dumpling_01,100ba02b-8a14-4d28-b7d4-44d86067361b,10,0.43790164054735187,word_tfidf_v1
q_dumpling_01,b0d8b45a-83c9-4ae4-a66f-6013dc30675a,11,0.43294506978182284,word_tfidf_v1
q_dumpling_01,64816a5b-87e2-489b-8242-38675afdad14,12,0.41114627833082856,word_tfidf_v1
q_dumpling_01,b5cde6f7-d102-49da-a75a-cb92d0a4588a,13,0.4081375886631737,word_tfidf_v1
q_dumpling_01,44ab277e-62ae-49f8-be37-3b462ce37dfb,14,0.40623265223724186,word_tfidf_v1
q_dumpling_01,1c15f73b-c6b0-472e-9485-a7e4a4a50b99,15,0.40623265223724186,word_tfidf_v1
q_dumpling_01,d6a1f694-0466-4f83-9c24-e7a5bd51a8b4,16,0.40623265223724186,word_tfidf_v1
q_dumpling_01,cf3b1696-bd19-41d5-acb0-aa5971022102,17,0.4040389420789342,word_tfidf_v1
q_dumpling_01,ef26cc15-d217-4f8d-8bdb-bbd60219e5af,18,0.4040389420789342,word_tfidf_v1
q_dumpling_01,3c719391-daec-4835-98f2-7045a7d80c68,19,0.4040389420789342,word_tfidf_v1
q_dumpling_01,f18bbfbf-ffae-4bd6-bd33-b1ae330a2fe7,20,0.4030997328317214,word_tfidf_v1
q_dumpling_01,7fb27403-28ca-4cc0-b090-7ff99007c830,21,0.4030997328317214,word_tfidf_v1
q_dumpling_01,cfa1eaef-d8ec-48b6-9bc6-75cfc54de1d1,22,0.4019473543556938,word_tfidf_v1
q_dumpling_01,d66745b3-2063-4a23-9bc9-1c435dcb8d69,23,0.4014524003535702,word_tfidf_v1
q_dumpling_01,cc183367-f254-40c2-8746-7921c677c73f,24,0.3998219773026777,word_tfidf_v1
q_dumpling_01,eb4c0a8b-6e42-416a-903e-ed0d4ea076ae,25,0.3998219773026777,word_tfidf_v1
q_dumpling_01,c09d68f3-563e-42a8-8d1b-82735e95b16d,26,0.3959676968486895,word_tfidf_v1
q_dumpling_01,ae097e5b-2fd6-43d7-8745-e16f6377a5b3,27,0.39425809096061387,word_tfidf_v1
q_dumpling_01,716d8dcf-363f-4a10-8770-7157e8de2333,28,0.3939352963215144,word_tfidf_v1
q_dumpling_01,28eeb907-654c-4ed9-a424-623af4760fe3,29,0.3939352963215144,word_tfidf_v1
q_dumpling_01,bbbcfe93-b0c4-4524-908d-ffb2a5e5e3ce,30,0.39153684956297025,word_tfidf_v1
q_dumpling_01,59528a2c-28ad-485d-96d0-21fa8cabeff6,31,0.39153684956297025,word_tfidf_v1
q_dumpling_01,94fe4dac-2ee8-4fc4-9598-b2ab3ccabe08,32,0.39153684956297025,word_tfidf_v1
q_dumpling_01,d77ff04d-e52c-47db-9c1e-b91316af79c3,33,0.39153684956297025,word_tfidf_v1
q_dumpling_01,50c33794-1cf7-43c3-af29-daf15e63d633,34,0.3903370953581707,word_tfidf_v1
q_dumpling_01,5c95230f-f707-47c6-91a3-6a5c15b5f3bc,35,0.3903370953581707,word_tfidf_v1
q_dumpling_01,9ede157b-e640-4e93-8106-c04cfee65d18,36,0.3903370953581707,word_tfidf_v1
q_dumpling_01,8a74be56-8213-4b5a-a26e-a8691cfa7098,37,0.3903370953581707,word_tfidf_v1
q_dumpling_01,903dc2d4-1384-4c10-be5b-dc4db4c321e9,38,0.3903370953581707,word_tfidf_v1
q_dumpling_01,e58bb526-8938-4ead-8609-e56a6f1c95b0,39,0.3903370953581707,word_tfidf_v1
q_dumpling_01,8d923e51-d45d-4cc7-a048-47b07db5c0ec,40,0.3903370953581707,word_tfidf_v1
q_dumpling_02,cadd5f0a-1af2-493b-865f-028cfdeeb66c,1,0.39725408800520823,word_tfidf_v1
q_dumpling_03,76a3551b-dae4-4326-92cc-662015aedbfb,1,0.2923778802841647,word_tfidf_v1
q_dumpling_03,c161453d-f2c8-4b97-a2c3-a54e0cbdb7e8,2,0.255150617554675,word_tfidf_v1
q_dumpling_03,c111ac9d-3f3a-405c-a8db-4d127ccda9e2,3,0.23982022358848074,word_tfidf_v1
q_dumpling_03,24456103-f6b8-46af-8655-82e61d7265d8,4,0.23670495417785822,word_tfidf_v1
q_dumpling_03,2743811c-5e71-4d2b-aa75-1b0147d44f2d,5,0.2029218076253344,word_tfidf_v1
q_dumpling_03,e435c545-6c35-4ec1-a325-8dcd9fa3a504,6,0.19747097203869993,word_tfidf_v1
q_dumpling_03,aa67f4c3-219e-4011-a5e9-d1bab54b6820,7,0.19584123410808132,word_tfidf_v1
q_dumpling_03,58c7d7d0-346e-4398-a0f2-2c9c46c66a8e,8,0.17145462875836637,word_tfidf_v1
q_dumpling_03,10273a8c-5c48-4344-8b2f-7fdf21403dba,9,0.17145462875836637,word_tfidf_v1
q_dumpling_03,56bc5b73-a3a0-4ff5-9cad-5c72e7079624,10,0.17145462875836637,word_tfidf_v1
q_dumpling_03,9cabdaf4-579d-4c04-b274-66df74b5653c,11,0.17145462875836637,word_tfidf_v1
q_dumpling_03,968e7199-1b57-4cc8-8a2c-134306fdb011,12,0.17145462875836637,word_tfidf_v1
q_dumpling_03,100ba02b-8a14-4d28-b7d4-44d86067361b,13,0.17145462875836637,word_tfidf_v1
q_dumpling_03,9e783caf-f00d-47ce-8fba-5843e7be401b,14,0.17145462875836637,word_tfidf_v1
q_dumpling_03,8b0ac2e5-ed66-4623-b53f-f03e15bd35ee,15,0.17145462875836637,word_tfidf_v1
q_dumpling_03,b0d8b45a-83c9-4ae4-a66f-6013dc30675a,16,0.16951394865619523,word_tfidf_v1
q_dumpling_03,64816a5b-87e2-489b-8242-38675afdad14,17,0.1609789185271927,word_tfidf_v1
q_dumpling_03,b5cde6f7-d102-49da-a75a-cb92d0a4588a,18,0.15980090565340646,word_tfidf_v1
q_dumpling_03,d6a1f694-0466-4f83-9c24-e7a5bd51a8b4,19,0.15905505284657936,word_tfidf_v1
q_dumpling_03,1c15f73b-c6b0-472e-9485-a7e4a4a50b99,20,0.15905505284657936,word_tfidf_v1
q_dumpling_03,44ab277e-62ae-49f8-be37-3b462ce37dfb,21,0.15905505284657936,word_tfidf_v1
q_dumpling_03,ef26cc15-d217-4f8d-8bdb-bbd60219e5af,22,0.15819613448234132,word_tfidf_v1
q_dumpling_03,3c719391-daec-4835-98f2-7045a7d80c68,23,0.15819613448234132,word_tfidf_v1
q_dumpling_03,cf3b1696-bd19-41d5-acb0-aa5971022102,24,0.15819613448234132,word_tfidf_v1
q_dumpling_03,f18bbfbf-ffae-4bd6-bd33-b1ae330a2fe7,25,0.1578283994526072,word_tfidf_v1
q_dumpling_03,7fb27403-28ca-4cc0-b090-7ff99007c830,26,0.1578283994526072,word_tfidf_v1
q_dumpling_03,cfa1eaef-d8ec-48b6-9bc6-75cfc54de1d1,27,0.15737720081459916,word_tfidf_v1
q_dumpling_03,d66745b3-2063-4a23-9bc9-1c435dcb8d69,28,0.15718340808392914,word_tfidf_v1
q_dumpling_03,eb4c0a8b-6e42-416a-903e-ed0d4ea076ae,29,0.15654503737912784,word_tfidf_v1
q_dumpling_03,cc183367-f254-40c2-8746-7921c677c73f,30,0.15654503737912784,word_tfidf_v1
q_dumpling_03,c09d68f3-563e-42a8-8d1b-82735e95b16d,31,0.15503594455284114,word_tfidf_v1
q_dumpling_03,ae097e5b-2fd6-43d7-8745-e16f6377a5b3,32,0.1543665708494297,word_tfidf_v1
q_dumpling_03,716d8dcf-363f-4a10-8770-7157e8de2333,33,0.1542401848533809,word_tfidf_v1
q_dumpling_03,28eeb907-654c-4ed9-a424-623af4760fe3,34,0.1542401848533809,word_tfidf_v1
q_dumpling_03,94fe4dac-2ee8-4fc4-9598-b2ab3ccabe08,35,0.15330110456569598,word_tfidf_v1
q_dumpling_03,59528a2c-28ad-485d-96d0-21fa8cabeff6,36,0.15330110456569598,word_tfidf_v1
q_dumpling_03,bbbcfe93-b0c4-4524-908d-ffb2a5e5e3ce,37,0.15330110456569598,word_tfidf_v1
q_dumpling_03,d77ff04d-e52c-47db-9c1e-b91316af79c3,38,0.15330110456569598,word_tfidf_v1
q_dumpling_03,50c33794-1cf7-43c3-af29-daf15e63d633,39,0.15283135658409885,word_tfidf_v1
q_dumpling_03,8a74be56-8213-4b5a-a26e-a8691cfa7098,40,0.15283135658409885,word_tfidf_v1
q_dumpling_04,aba76fc2-984e-4030-ba01-e2e7d78264c7,1,0.3664001296976323,word_tfidf_v1
q_dumpling_04,f14df4d3-9858-4a8b-8597-20fd477d8e32,2,0.34142122382405465,word_tfidf_v1
q_dumpling_04,282b0e8b-051c-49f9-a707-b982df803589,3,0.3200426040264152,word_tfidf_v1
q_dumpling_04,e435c545-6c35-4ec1-a325-8dcd9fa3a504,4,0.2639251744318371,word_tfidf_v1
q_dumpling_04,aa67f4c3-219e-4011-a5e9-d1bab54b6820,5,0.26174698660414764,word_tfidf_v1
q_dumpling_04,58c7d7d0-346e-4398-a0f2-2c9c46c66a8e,6,0.2291536438749564,word_tfidf_v1
q_dumpling_04,8b0ac2e5-ed66-4623-b53f-f03e15bd35ee,7,0.2291536438749564,word_tfidf_v1
q_dumpling_04,9cabdaf4-579d-4c04-b274-66df74b5653c,8,0.2291536438749564,word_tfidf_v1
q_dumpling_04,9e783caf-f00d-47ce-8fba-5843e7be401b,9,0.2291536438749564,word_tfidf_v1
q_dumpling_04,968e7199-1b57-4cc8-8a2c-134306fdb011,10,0.2291536438749564,word_tfidf_v1
q_dumpling_04,56bc5b73-a3a0-4ff5-9cad-5c72e7079624,11,0.2291536438749564,word_tfidf_v1
q_dumpling_04,100ba02b-8a14-4d28-b7d4-44d86067361b,12,0.2291536438749564,word_tfidf_v1
q_dumpling_04,10273a8c-5c48-4344-8b2f-7fdf21403dba,13,0.2291536438749564,word_tfidf_v1
q_dumpling_04,b0d8b45a-83c9-4ae4-a66f-6013dc30675a,14,0.22655987361498353,word_tfidf_v1
q_dumpling_04,64816a5b-87e2-489b-8242-38675afdad14,15,0.21515258021726574,word_tfidf_v1
q_dumpling_04,b5cde6f7-d102-49da-a75a-cb92d0a4588a,16,0.21357813486974372,word_tfidf_v1
q_dumpling_04,44ab277e-62ae-49f8-be37-3b462ce37dfb,17,0.21258128287620748,word_tfidf_v1
q_dumpling_04,d6a1f694-0466-4f83-9c24-e7a5bd51a8b4,18,0.21258128287620748,word_tfidf_v1
q_dumpling_04,1c15f73b-c6b0-472e-9485-a7e4a4a50b99,19,0.21258128287620748,word_tfidf_v1
q_dumpling_04,3c719391-daec-4835-98f2-7045a7d80c68,20,0.2114333157762136,word_tfidf_v1
q_dumpling_04,ef26cc15-d217-4f8d-8bdb-bbd60219e5af,21,0.2114333157762136,word_tfidf_v1
q_dumpling_04,cf3b1696-bd19-41d5-acb0-aa5971022102,22,0.2114333157762136,word_tfidf_v1
q_dumpling_04,f18bbfbf-ffae-4bd6-bd33-b1ae330a2fe7,23,0.21094182818760615,word_tfidf_v1
q_dumpling_04,7fb27403-28ca-4cc0-b090-7ff99007c830,24,0.21094182818760615,word_tfidf_v1
q_dumpling_04,cfa1eaef-d8ec-48b6-9bc6-75cfc54de1d1,25,0.21033878928011376,word_tfidf_v1
q_dumpling_04,d66745b3-2063-4a23-9bc9-1c435dcb8d69,26,0.21007978017250836,word_tfidf_v1
q_dumpling_04,cc183367-f254-40c2-8746-7921c677c73f,27,0.2092265808497044,word_tfidf_v1
q_dumpling_04,eb4c0a8b-6e42-416a-903e-ed0d4ea076ae,28,0.2092265808497044,word_tfidf_v1
q_dumpling_04,c09d68f3-563e-42a8-8d1b-82735e95b16d,29,0.20720963839330384,word_tfidf_v1
q_dumpling_04,ae097e5b-2fd6-43d7-8745-e16f6377a5b3,30,0.20631500274326853,word_tfidf_v1
q_dumpling_04,716d8dcf-363f-4a10-8770-7157e8de2333,31,0.206146084518435,word_tfidf_v1
q_dumpling_04,28eeb907-654c-4ed9-a424-623af4760fe3,32,0.206146084518435,word_tfidf_v1
q_dumpling_04,59528a2c-28ad-485d-96d0-21fa8cabeff6,33,0.20489097888861024,word_tfidf_v1
q_dumpling_04,d77ff04d-e52c-47db-9c1e-b91316af79c3,34,0.20489097888861024,word_tfidf_v1
q_dumpling_04,bbbcfe93-b0c4-4524-908d-ffb2a5e5e3ce,35,0.20489097888861024,word_tfidf_v1
q_dumpling_04,94fe4dac-2ee8-4fc4-9598-b2ab3ccabe08,36,0.20489097888861024,word_tfidf_v1
q_dumpling_04,50c33794-1cf7-43c3-af29-daf15e63d633,37,0.20426314829304437,word_tfidf_v1
q_dumpling_04,5c95230f-f707-47c6-91a3-6a5c15b5f3bc,38,0.20426314829304437,word_tfidf_v1
q_dumpling_04,903dc2d4-1384-4c10-be5b-dc4db4c321e9,39,0.20426314829304437,word_tfidf_v1
q_dumpling_04,8a74be56-8213-4b5a-a26e-a8691cfa7098,40,0.20426314829304437,word_tfidf_v1
q_toast_01,d494ce69-3512-4b13-bf2f-a7048443f7c8,1,0.541898177723478,word_tfidf_v1
q_toast_01,ff6b8626-c069-47f1-98c9-fd4193dbc11a,2,0.5386003871686452,word_tfidf_v1
q_toast_01,823d6c6a-120d-41d9-8135-b580f252a6fd,3,0.5112468314315908,word_tfidf_v1
q_toast_01,bfa0ca43-a055-4e42-8009-0e73ceeaa43c,4,0.5112468314315908,word_tfidf_v1
q_toast_01,d10e55c5-2306-43af-9ce7-ec852fe87158,5,0.5112468314315908,word_tfidf_v1
q_toast_01,abf9b0a8-af7d-4fd8-873c-127805d537b0,6,0.5112468314315908,word_tfidf_v1
q_toast_01,bc3ce2ea-c112-4dd8-bfca-40b10f0ab716,7,0.5112468314315908,word_tfidf_v1
q_toast_01,f5ffa8a6-3205-49fc-97a7-2803e1baf8aa,8,0.5112468314315908,word_tfidf_v1
q_toast_01,dc9a803e-49d0-4a41-8534-11f889435106,9,0.5112468314315908,word_tfidf_v1
q_toast_01,e3bc1b64-cd2f-4464-b19b-f84fc0880053,10,0.5112468314315908,word_tfidf_v1
q_toast_01,f0c8a0c8-20b4-429f-bbe6-9949b0985eb6,11,0.5112468314315908,word_tfidf_v1
q_toast_01,c5f79209-bb6d-47d6-9cfa-0dac0cb53db4,12,0.5112468314315908,word_tfidf_v1
q_toast_01,bfaaa2da-e587-4861-aaf1-d37a1ab737b0,13,0.5112468314315908,word_tfidf_v1
q_toast_01,cb7f488f-df80-422b-8329-0133d6512dd0,14,0.5112468314315908,word_tfidf_v1
q_toast_01,6e6af143-774d-4846-ad49-8e8ff1216e8a,15,0.5112468314315908,word_tfidf_v1
q_toast_01,2fbc0cfc-59e6-483e-a7c1-f934df63eeef,16,0.5112468314315908,word_tfidf_v1
q_toast_01,7c21ff58-1dd9-41a1-b366-50610036b092,17,0.5112468314315908,word_tfidf_v1
q_toast_01,5a16b296-499e-4617-a612-77884dc449c0,18,0.5112468314315908,word_tfidf_v1
q_toast_01,34f7b22e-5d0b-4275-a9c0-68b7a056f223,19,0.5112468314315908,word_tfidf_v1
q_toast_01,879f1844-fb01-445a-acf0-aa3b0c8d534d,20,0.5112468314315908,word_tfidf_v1
q_toast_01,11a1c53b-1aea-4dd1-9d3e-a613bfb76cb0,21,0.4488152978532644,word_tfidf_v1
q_toast_01,bf791422-7a32-4b25-9436-61b41a60f22a,22,0.44011460348815656,word_tfidf_v1
q_toast_01,3064c2e9-f131-413e-8804-a1f89662d905,23,0.4385521654998899,word_tfidf_v1
q_toast_01,571651a7-502f-4ba8-86c5-85ed80fd585c,24,0.4385521654998899,word_tfidf_v1
q_toast_01,aaef4e51-9e76-45a2-868f-ded4f819e21c,25,0.4377770067011797,word_tfidf_v1
q_toast_01,98fa1cbe-3566-483a-ad8a-0c5014d57659,26,0.4377770067011797,word_tfidf_v1
q_toast_01,7162a8e5-1a46-4423-af77-58bb2ee7e5b1,27,0.4377770067011797,word_tfidf_v1
q_toast_01,4cced14f-0320-44d5-bce2-d70127efa9a3,28,0.4377770067011797,word_tfidf_v1
q_toast_01,f2b80a63-fb33-456e-ae44-7f56542893ea,29,0.4372333888569285,word_tfidf_v1
q_toast_01,1cb4bae3-ad95-477f-b007-329832ebd60e,30,0.43710533618940794,word_tfidf_v1
q_toast_01,d238fa62-8188-4122-a9b5-a2479f7a841d,31,0.43710533618940794,word_tfidf_v1
q_toast_01,d51366d9-e3fd-4cb7-a2f5-42ea85c622d4,32,0.4326926114099018,word_tfidf_v1
q_toast_01,791b6f45-8730-4b17-bba6-1c5e4b6bca48,33,0.4326926114099018,word_tfidf_v1
q_toast_01,53fe0534-a6d9-4a0f-8898-8e185a6f5de3,34,0.4310985179764315,word_tfidf_v1
q_toast_01,b3e64d4f-deb1-4871-883b-6d67067a66ec,35,0.4310985179764315,word_tfidf_v1
q_toast_01,e14a35ef-257b-4998-9fa3-d997baebd199,36,0.4300671817001589,word_tfidf_v1
q_toast_01,49efea61-51b8-4d68-bc82-027f6529e5aa,37,0.4300671817001589,word_tfidf_v1
q_toast_01,016f68a3-c16f-467c-af96-22466baf3a6a,38,0.4265250583300004,word_tfidf_v1
q_toast_01,7670dbad-2255-4570-8c5c-28dc32150760,39,0.4114645044767914,word_tfidf_v1
q_toast_01,3ac9d5d9-24a6-4b8f-99c2-bf11e49e1b19,40,0.4114645044767914,word_tfidf_v1
q_toast_02,c15b7d24-b90f-4edb-a4d7-38d243dad39e,1,0.5389736781559408,word_tfidf_v1
q_toast_02,8f1ab898-c235-484c-8412-21943c8b7a2d,2,0.39596679493947795,word_tfidf_v1
q_toast_02,d494ce69-3512-4b13-bf2f-a7048443f7c8,3,0.29840917636415776,word_tfidf_v1
q_toast_02,ff6b8626-c069-47f1-98c9-fd4193dbc11a,4,0.29659316921790135,word_tfidf_v1
q_toast_02,d10e55c5-2306-43af-9ce7-ec852fe87158,5,0.2815302803327302,word_tfidf_v1
q_toast_02,bfa0ca43-a055-4e42-8009-0e73ceeaa43c,6,0.2815302803327302,word_tfidf_v1
q_toast_02,bc3ce2ea-c112-4dd8-bfca-40b10f0ab716,7,0.2815302803327302,word_tfidf_v1
q_toast_02,823d6c6a-120d-41d9-8135-b580f252a6fd,8,0.2815302803327302,word_tfidf_v1
q_toast_02,bfaaa2da-e587-4861-aaf1-d37a1ab737b0,9,0.2815302803327302,word_tfidf_v1
q_toast_02,e3bc1b64-cd2f-4464-b19b-f84fc0880053,10,0.2815302803327302,word_tfidf_v1
q_toast_02,cb7f488f-df80-422b-8329-0133d6512dd0,11,0.2815302803327302,word_tfidf_v1
q_toast_02,c5f79209-bb6d-47d6-9cfa-0dac0cb53db4,12,0.2815302803327302,word_tfidf_v1
q_toast_02,dc9a803e-49d0-4a41-8534-11f889435106,13,0.2815302803327302,word_tfidf_v1
q_toast_02,abf9b0a8-af7d-4fd8-873c-127805d537b0,14,0.2815302803327302,word_tfidf_v1
q_toast_02,6e6af143-774d-4846-ad49-8e8ff1216e8a,15,0.2815302803327302,word_tfidf_v1
q_toast_02,f5ffa8a6-3205-49fc-97a7-2803e1baf8aa,16,0.2815302803327302,word_tfidf_v1
q_toast_02,f0c8a0c8-20b4-429f-bbe6-9949b0985eb6,17,0.2815302803327302,word_tfidf_v1
q_toast_02,34f7b22e-5d0b-4275-a9c0-68b7a056f223,18,0.2815302803327302,word_tfidf_v1
q_toast_02,879f1844-fb01-445a-acf0-aa3b0c8d534d,19,0.2815302803327302,word_tfidf_v1
q_toast_02,5a16b296-499e-4617-a612-77884dc449c0,20,0.2815302803327302,word_tfidf_v1
q_toast_02,7c21ff58-1dd9-41a1-b366-50610036b092,21,0.2815302803327302,word_tfidf_v1
q_toast_02,2fbc0cfc-59e6-483e-a7c1-f934df63eeef,22,0.2815302803327302,word_tfidf_v1
q_toast_02,11a1c53b-1aea-4dd1-9d3e-a613bfb76cb0,23,0.24715086501060246,word_tfidf_v1
q_toast_02,bf791422-7a32-4b25-9436-61b41a60f22a,24,0.24235961981727946,word_tfidf_v1
q_toast_02,571651a7-502f-4ba8-86c5-85ed80fd585c,25,0.24149922601570326,word_tfidf_v1
q_toast_02,3064c2e9-f131-413e-8804-a1f89662d905,26,0.24149922601570326,word_tfidf_v1
q_toast_02,98fa1cbe-3566-483a-ad8a-0c5014d57659,27,0.24107236630629014,word_tfidf_v1
q_toast_02,4cced14f-0320-44d5-bce2-d70127efa9a3,28,0.24107236630629014,word_tfidf_v1
q_toast_02,7162a8e5-1a46-4423-af77-58bb2ee7e5b1,29,0.24107236630629014,word_tfidf_v1
q_toast_02,aaef4e51-9e76-45a2-868f-ded4f819e21c,30,0.24107236630629014,word_tfidf_v1
q_toast_02,f2b80a63-fb33-456e-ae44-7f56542893ea,31,0.24077301015447328,word_tfidf_v1
q_toast_02,d238fa62-8188-4122-a9b5-a2479f7a841d,32,0.24070249489419587,word_tfidf_v1
q_toast_02,1cb4bae3-ad95-477f-b007-329832ebd60e,33,0.24070249489419587,word_tfidf_v1
q_toast_02,d51366d9-e3fd-4cb7-a2f5-42ea85c622d4,34,0.23827252258370382,word_tfidf_v1
q_toast_02,791b6f45-8730-4b17-bba6-1c5e4b6bca48,35,0.23827252258370382,word_tfidf_v1
q_toast_02,b3e64d4f-deb1-4871-883b-6d67067a66ec,36,0.23739469695504464,word_tfidf_v1
q_toast_02,53fe0534-a6d9-4a0f-8898-8e185a6f5de3,37,0.23739469695504464,word_tfidf_v1
q_toast_02,49efea61-51b8-4d68-bc82-027f6529e5aa,38,0.23682676699807395,word_tfidf_v1
q_toast_02,e14a35ef-257b-4998-9fa3-d997baebd199,39,0.23682676699807395,word_tfidf_v1
q_toast_02,016f68a3-c16f-467c-af96-22466baf3a6a,40,0.23487621215046453,word_tfidf_v1
q_toast_03,76a3551b-dae4-4326-92cc-662015aedbfb,1,0.2877690511997846,word_tfidf_v1
q_toast_03,c161453d-f2c8-4b97-a2c3-a54e0cbdb7e8,2,0.2511286115604437,word_tfidf_v1
q_toast_03,c111ac9d-3f3a-405c-a8db-4d127ccda9e2,3,0.23603987460851378,word_tfidf_v1
q_toast_03,24456103-f6b8-46af-8655-82e61d7265d8,4,0.23297371200532624,word_tfidf_v1
q_toast_03,d494ce69-3512-4b13-bf2f-a7048443f7c8,5,0.2297700604781275,word_tfidf_v1
q_toast_03,ff6b8626-c069-47f1-98c9-fd4193dbc11a,6,0.2283717654360379,word_tfidf_v1
q_toast_03,bfa0ca43-a055-4e42-8009-0e73ceeaa43c,7,0.21677359364959947,word_tfidf_v1
q_toast_03,823d6c6a-120d-41d9-8135-b580f252a6fd,8,0.21677359364959947,word_tfidf_v1
q_toast_03,6e6af143-774d-4846-ad49-8e8ff1216e8a,9,0.21677359364959947,word_tfidf_v1
q_toast_03,dc9a803e-49d0-4a41-8534-11f889435106,10,0.21677359364959947,word_tfidf_v1
q_toast_03,bfaaa2da-e587-4861-aaf1-d37a1ab737b0,11,0.21677359364959947,word_tfidf_v1
q_toast_03,c5f79209-bb6d-47d6-9cfa-0dac0cb53db4,12,0.21677359364959947,word_tfidf_v1
q_toast_03,f5ffa8a6-3205-49fc-97a7-2803e1baf8aa,13,0.21677359364959947,word_tfidf_v1
q_toast_03,bc3ce2ea-c112-4dd8-bfca-40b10f0ab716,14,0.21677359364959947,word_tfidf_v1
q_toast_03,abf9b0a8-af7d-4fd8-873c-127805d537b0,15,0.21677359364959947,word_tfidf_v1
q_toast_03,d10e55c5-2306-43af-9ce7-ec852fe87158,16,0.21677359364959947,word_tfidf_v1
q_toast_03,cb7f488f-df80-422b-8329-0133d6512dd0,17,0.21677359364959947,word_tfidf_v1
q_toast_03,e3bc1b64-cd2f-4464-b19b-f84fc0880053,18,0.21677359364959947,word_tfidf_v1
q_toast_03,2fbc0cfc-59e6-483e-a7c1-f934df63eeef,19,0.21677359364959947,word_tfidf_v1
q_toast_03,f0c8a0c8-20b4-429f-bbe6-9949b0985eb6,20,0.21677359364959947,word_tfidf_v1
q_toast_03,7c21ff58-1dd9-41a1-b366-50610036b092,21,0.21677359364959947,word_tfidf_v1
q_toast_03,5a16b296-499e-4617-a612-77884dc449c0,22,0.21677359364959947,word_tfidf_v1
q_toast_03,34f7b22e-5d0b-4275-a9c0-68b7a056f223,23,0.21677359364959947,word_tfidf_v1
q_toast_03,879f1844-fb01-445a-acf0-aa3b0c8d534d,24,0.21677359364959947,word_tfidf_v1
q_toast_03,2743811c-5e71-4d2b-aa75-1b0147d44f2d,25,0.19972309803783184,word_tfidf_v1
q_toast_03,11a1c53b-1aea-4dd1-9d3e-a613bfb76cb0,26,0.19030202050960957,word_tfidf_v1
q_toast_03,bf791422-7a32-4b25-9436-61b41a60f22a,27,0.18661284207599493,word_tfidf_v1
q_toast_03,3064c2e9-f131-413e-8804-a1f89662d905,28,0.1859503532804697,word_tfidf_v1
q_toast_03,571651a7-502f-4ba8-86c5-85ed80fd585c,29,0.1859503532804697,word_tfidf_v1
q_toast_03,7162a8e5-1a46-4423-af77-58bb2ee7e5b1,30,0.18562167846408992,word_tfidf_v1
q_toast_03,aaef4e51-9e76-45a2-868f-ded4f819e21c,31,0.18562167846408992,word_tfidf_v1
q_toast_03,4cced14f-0320-44d5-bce2-d70127efa9a3,32,0.18562167846408992,word_tfidf_v1
q_toast_03,98fa1cbe-3566-483a-ad8a-0c5014d57659,33,0.18562167846408992,word_tfidf_v1
q_toast_03,f2b80a63-fb33-456e-ae44-7f56542893ea,34,0.18539117924839715,word_tfidf_v1
q_toast_03,d238fa62-8188-4122-a9b5-a2479f7a841d,35,0.18533688368076084,word_tfidf_v1
q_toast_03,1cb4bae3-ad95-477f-b007-329832ebd60e,36,0.18533688368076084,word_tfidf_v1
q_toast_03,791b6f45-8730-4b17-bba6-1c5e4b6bca48,37,0.18346584576046387,word_tfidf_v1
q_toast_03,d51366d9-e3fd-4cb7-a2f5-42ea85c622d4,38,0.18346584576046387,word_tfidf_v1
q_toast_03,53fe0534-a6d9-4a0f-8898-8e185a6f5de3,39,0.18278993475047492,word_tfidf_v1
q_toast_03,b3e64d4f-deb1-4871-883b-6d67067a66ec,40,0.18278993475047492,word_tfidf_v1
q_toast_04,aba76fc2-984e-4030-ba01-e2e7d78264c7,1,0.3562700237821442,word_tfidf_v1
q_toast_04,f14df4d3-9858-4a8b-8597-20fd477d8e32,2,0.3319817261852644,word_tfidf_v1
q_toast_04,282b0e8b-051c-49f9-a707-b982df803589,3,0.31119417518188486,word_tfidf_v1
q_toast_04,d494ce69-3512-4b13-bf2f-a7048443f7c8,4,0.30338568434794355,word_tfidf_v1
q_toast_04,ff6b8626-c069-47f1-98c9-fd4193dbc11a,5,0.30153939202690777,word_tfidf_v1
q_toast_04,bc3ce2ea-c112-4dd8-bfca-40b10f0ab716,6,0.2862253024658416,word_tfidf_v1
q_toast_04,f5ffa8a6-3205-49fc-97a7-2803e1baf8aa,7,0.2862253024658416,word_tfidf_v1
q_toast_04,823d6c6a-120d-41d9-8135-b580f252a6fd,8,0.2862253024658416,word_tfidf_v1
q_toast_04,cb7f488f-df80-422b-8329-0133d6512dd0,9,0.2862253024658416,word_tfidf_v1
q_toast_04,dc9a803e-49d0-4a41-8534-11f889435106,10,0.2862253024658416,word_tfidf_v1
q_toast_04,2fbc0cfc-59e6-483e-a7c1-f934df63eeef,11,0.2862253024658416,word_tfidf_v1
q_toast_04,c5f79209-bb6d-47d6-9cfa-0dac0cb53db4,12,0.2862253024658416,word_tfidf_v1
q_toast_04,bfaaa2da-e587-4861-aaf1-d37a1ab737b0,13,0.2862253024658416,word_tfidf_v1
q_toast_04,6e6af143-774d-4846-ad49-8e8ff1216e8a,14,0.2862253024658416,word_tfidf_v1
q_toast_04,abf9b0a8-af7d-4fd8-873c-127805d537b0,15,0.2862253024658416,word_tfidf_v1
q_toast_04,bfa0ca43-a055-4e42-8009-0e73ceeaa43c,16,0.2862253024658416,word_tfidf_v1
q_toast_04,e3bc1b64-cd2f-4464-b19b-f84fc0880053,17,0.2862253024658416,word_tfidf_v1
q_toast_04,f0c8a0c8-20b4-429f-bbe6-9949b0985eb6,18,0.2862253024658416,word_tfidf_v1
q_toast_04,879f1844-fb01-445a-acf0-aa3b0c8d534d,19,0.2862253024658416,word_tfidf_v1
q_toast_04,5a16b296-499e-4617-a612-77884dc449c0,20,0.2862253024658416,word_tfidf_v1
q_toast_04,34f7b22e-5d0b-4275-a9c0-68b7a056f223,21,0.2862253024658416,word_tfidf_v1
q_toast_04,7c21ff58-1dd9-41a1-b366-50610036b092,22,0.2862253024658416,word_tfidf_v1
q_toast_04,d10e55c5-2306-43af-9ce7-ec852fe87158,23,0.2862253024658416,word_tfidf_v1
q_toast_04,11a1c53b-1aea-4dd1-9d3e-a613bfb76cb0,24,0.2512725487601125,word_tfidf_v1
q_toast_04,bf791422-7a32-4b25-9436-61b41a60f22a,25,0.2464014009637685,word_tfidf_v1
q_toast_04,3064c2e9-f131-413e-8804-a1f89662d905,26,0.24552665855309483,word_tfidf_v1
q_toast_04,571651a7-502f-4ba8-86c5-85ed80fd585c,27,0.24552665855309483,word_tfidf_v1
q_toast_04,98fa1cbe-3566-483a-ad8a-0c5014d57659,28,0.24509268019278185,word_tfidf_v1
q_toast_04,7162a8e5-1a46-4423-af77-58bb2ee7e5b1,29,0.24509268019278185,word_tfidf_v1
q_toast_04,aaef4e51-9e76-45a2-868f-ded4f819e21c,30,0.24509268019278185,word_tfidf_v1
q_toast_04,4cced14f-0320-44d5-bce2-d70127efa9a3,31,0.24509268019278185,word_tfidf_v1
q_toast_04,f2b80a63-fb33-456e-ae44-7f56542893ea,32,0.24478833174046788,word_tfidf_v1
q_toast_04,d238fa62-8188-4122-a9b5-a2479f7a841d,33,0.2447166405118103,word_tfidf_v1
q_toast_04,1cb4bae3-ad95-477f-b007-329832ebd60e,34,0.2447166405118103,word_tfidf_v1
q_toast_04,791b6f45-8730-4b17-bba6-1c5e4b6bca48,35,0.2422461440567498,word_tfidf_v1
q_toast_04,d51366d9-e3fd-4cb7-a2f5-42ea85c622d4,36,0.2422461440567498,word_tfidf_v1
q_toast_04,b3e64d4f-deb1-4871-883b-6d67067a66ec,37,0.24135367911202593,word_tfidf_v1
q_toast_04,53fe0534-a6d9-4a0f-8898-8e185a6f5de3,38,0.24135367911202593,word_tfidf_v1
q_toast_04,49efea61-51b8-4d68-bc82-027f6529e5aa,39,0.2407762779048761,word_tfidf_v1
q_toast_04,e14a35ef-257b-4998-9fa3-d997baebd199,40,0.2407762779048761,word_tfidf_v1
q_academy_01,c31b362b-64ac-4465-99e7-10d71b866115,1,0.440581157149146,word_tfidf_v1
q_academy_01,816e96c4-ad7f-46e1-b3d6-3b39f1c8d699,2,0.43653551075590136,word_tfidf_v1
q_academy_01,255cfd06-0ec4-4c6f-a479-d58c2cbf9e16,3,0.43653551075590136,word_tfidf_v1
q_academy_01,24d9f355-8f13-41ec-bbd0-5942519a3ffc,4,0.43653551075590136,word_tfidf_v1
q_academy_01,83a5b6b1-2220-46fd-b093-e9fcb47befc6,5,0.430862336016745,word_tfidf_v1
q_academy_01,a31987f0-3488-4d79-8c1e-705caff3a048,6,0.430862336016745,word_tfidf_v1
q_academy_01,d625bab5-9584-44b6-9b48-4c875cec0809,7,0.430862336016745,word_tfidf_v1
q_academy_01,184800bb-0306-4ffd-9518-cf3e69f3af1c,8,0.430862336016745,word_tfidf_v1
q_academy_01,9a7da882-ed13-4ac0-934d-fd9666075a2b,9,0.430862336016745,word_tfidf_v1
q_academy_01,99e3bebe-c38c-4210-a056-7e347195ad55,10,0.430862336016745,word_tfidf_v1
q_academy_01,87ba2dff-fd7c-4004-95f9-af3438e9830e,11,0.430862336016745,word_tfidf_v1
q_academy_01,6583d861-2b7d-4abc-82f3-57d3a7fa9e59,12,0.430862336016745,word_tfidf_v1
q_academy_01,96d75700-a4cc-4c7c-ad2e-7c9fe23c6d2e,13,0.430862336016745,word_tfidf_v1
q_academy_01,8a21b930-e4c9-42be-8de3-145c17945628,14,0.430862336016745,word_tfidf_v1
q_academy_01,82f5ecba-aeba-4509-937e-acd2c48500d7,15,0.430862336016745,word_tfidf_v1
q_academy_01,c99dd784-6fbd-47c5-ab1f-5b0f65d5b5db,16,0.430862336016745,word_tfidf_v1
q_academy_01,5a87ac98-3261-419c-910c-e798407a609d,17,0.430862336016745,word_tfidf_v1
q_academy_01,32c87c54-6904-4e64-af82-ba082f9fc47d,18,0.430862336016745,word_tfidf_v1
q_academy_01,64e933ac-605c-477c-8c96-71becc1a44a9,19,0.430862336016745,word_tfidf_v1
q_academy_01,17799776-b473-406e-aa82-04a5f26858c2,20,0.430862336016745,word_tfidf_v1
q_academy_01,44aa574e-fbcf-4cde-ae48-a563c0d1cd96,21,0.430862336016745,word_tfidf_v1
q_academy_01,43ad5d85-b3b1-4394-990a-52b5d58bead0,22,0.430862336016745,word_tfidf_v1
q_academy_01,e2dd6378-544b-4666-b013-ef4ce325adef,23,0.430862336016745,word_tfidf_v1
q_academy_01,45840f91-2726-467a-850e-51c8b0791875,24,0.430862336016745,word_tfidf_v1
q_academy_01,e4d55e2a-54b0-450b-8104-562950657f01,25,0.430862336016745,word_tfidf_v1
q_academy_01,5f0fa302-d8f5-45b8-9903-63a7887d7d4b,26,0.430862336016745,word_tfidf_v1
q_academy_01,8b94ada0-89e9-4348-8564-2ebc28bfc487,27,0.430862336016745,word_tfidf_v1
q_academy_01,89559f14-b9df-4f21-a491-fffc17a5fd7c,28,0.430862336016745,word_tfidf_v1
q_academy_01,e52fe732-6d2b-40bc-96b9-eb24d45a1f8c,29,0.430862336016745,word_tfidf_v1
q_academy_01,28b81dd4-e838-48a2-81f5-d64e2d766b8b,30,0.430862336016745,word_tfidf_v1
q_academy_01,2aa1601b-649a-404f-b060-5a8b3828c446,31,0.430862336016745,word_tfidf_v1
q_academy_01,915f0e71-3a17-4564-8f2d-3330685fc3fe,32,0.430862336016745,word_tfidf_v1
q_academy_01,800eb3fc-d7ce-4e29-bd7f-f8b43372bcf1,33,0.430862336016745,word_tfidf_v1
q_academy_01,38a09c72-6522-4919-914c-f788c03190ee,34,0.430862336016745,word_tfidf_v1
q_academy_01,11733627-36cf-42f7-a020-0b156b648130,35,0.430862336016745,word_tfidf_v1
q_academy_01,84687a1e-8460-4f61-be68-1cb745b96314,36,0.430862336016745,word_tfidf_v1
q_academy_01,b31bb5d1-e421-49e0-86e8-5d417caf1d44,37,0.430862336016745,word_tfidf_v1
q_academy_01,db3049be-d927-401a-b87c-76e92e870ff3,38,0.430862336016745,word_tfidf_v1
q_academy_01,0dbdb4e1-3d4b-49b2-bd4e-6a8a930a3f56,39,0.430862336016745,word_tfidf_v1
q_academy_01,80f061da-e6c0-4beb-905e-f4998d4f3283,40,0.430862336016745,word_tfidf_v1
q_academy_02,c6503381-7a0f-489b-b58e-45517f974cac,1,0.48277420276511523,word_tfidf_v1
q_academy_02,dd81f32d-a660-4a57-983a-e341cba559a8,2,0.48277420276511523,word_tfidf_v1
q_academy_02,db75c4ac-32e1-4a19-9cdf-aef47b923513,3,0.48277420276511523,word_tfidf_v1
q_academy_02,291cb7f8-77fb-46ca-8cd2-97a7bea5a8df,4,0.4597172381711659,word_tfidf_v1
q_academy_02,c8b792c4-8888-4863-a7de-7e255e461cae,5,0.4070245917053202,word_tfidf_v1
q_academy_02,575d9868-735a-497b-8f15-2428ddc34a40,6,0.40188466314005084,word_tfidf_v1
q_academy_02,a0ab6c64-2d4b-4226-a89e-853e4576bb90,7,0.40021971204616863,word_tfidf_v1
q_academy_02,44fe8505-6be7-4cd9-87a1-201cd635b1e5,8,0.3963625637255877,word_tfidf_v1
q_academy_02,c2f0052b-b972-43bf-af8e-27d4b0349c9a,9,0.39455952981414116,word_tfidf_v1
q_academy_02,468ede49-2fd5-4fa2-97ee-816f21e88cc2,10,0.3931532993126322,word_tfidf_v1
q_academy_02,bf8b6e54-f4e4-4317-9c2e-591835f5e2fd,11,0.39139351473862355,word_tfidf_v1
q_academy_02,52176ec6-3e7d-4085-8c0e-e78744a332f4,12,0.38898271717196947,word_tfidf_v1
q_academy_02,dc615e17-7c1b-4e03-b427-471eee685ee5,13,0.38574083768643086,word_tfidf_v1
q_academy_02,396007d3-ca40-4083-9099-399adffc8f04,14,0.38183073720581695,word_tfidf_v1
q_academy_02,45974ccb-5686-4d8d-a1cb-ae7074906584,15,0.37875654089047833,word_tfidf_v1
q_academy_02,c087750d-a841-45c2-9a27-1e937068ed35,16,0.37784890670149607,word_tfidf_v1
q_academy_02,f700b0d7-1184-43b4-86ee-1464a3393ab4,17,0.3462883693731719,word_tfidf_v1
q_academy_02,88d46db3-14c7-46c0-9a37-22d0bf533d06,18,0.3375306940669984,word_tfidf_v1
q_academy_02,885c3ec9-6804-43f1-8819-9c4b4d8581e6,19,0.33732814695655894,word_tfidf_v1
q_academy_02,5ec95d3b-01f0-4e4e-92f4-5b65e44c4f85,20,0.33448615154847644,word_tfidf_v1
q_academy_02,88c36a77-c6b9-47ca-9fff-c28a77e2e57a,21,0.32985813550511345,word_tfidf_v1
q_academy_02,5fbb774a-d7f3-4d31-993b-57680e0a1c2a,22,0.32542616287416415,word_tfidf_v1
q_academy_02,60c8ed6b-5f8a-423b-b433-aac07522cc52,23,0.32234177834915556,word_tfidf_v1
q_academy_02,ba025f5b-980e-4732-83d0-a548b50351a0,24,0.31527622588659576,word_tfidf_v1
q_academy_02,d6caa347-4fbd-4c7d-b170-77bef37820b7,25,0.3005069219688045,word_tfidf_v1
q_academy_02,9d835597-5551-41ea-868e-93272059074e,26,0.29163994940293153,word_tfidf_v1
q_academy_02,acc074ff-ffff-495a-8db8-91f357165455,27,0.283087976478014,word_tfidf_v1
q_academy_02,856b0191-a7cf-43fa-9202-c3cccec09fe0,28,0.27707444251502616,word_tfidf_v1
q_academy_02,3cb9d8cc-3ea5-4b5b-8e08-cf1b95a76574,29,0.27417972203937846,word_tfidf_v1
q_academy_02,292b961e-25cc-4d72-a175-39cd6eac6dca,30,0.27187452374490856,word_tfidf_v1
q_academy_02,06d1f87d-7fc6-4de2-9193-857aa55f0df1,31,0.26198246331826486,word_tfidf_v1
q_academy_03,76a3551b-dae4-4326-92cc-662015aedbfb,1,0.4673435074939959,word_tfidf_v1
q_academy_03,c111ac9d-3f3a-405c-a8db-4d127ccda9e2,2,0.38333414398826915,word_tfidf_v1
q_academy_03,24456103-f6b8-46af-8655-82e61d7265d8,3,0.3783546259353505,word_tfidf_v1
q_academy_03,2743811c-5e71-4d2b-aa75-1b0147d44f2d,4,0.3243548699049171,word_tfidf_v1
q_academy_04,aba76fc2-984e-4030-ba01-e2e7d78264c7,1,0.34983188875952487,word_tfidf_v1
q_academy_04,f14df4d3-9858-4a8b-8597-20fd477d8e32,2,0.32598250358569497,word_tfidf_v1
q_academy_04,282b0e8b-051c-49f9-a707-b982df803589,3,0.30557060321586743,word_tfidf_v1
q_academy_04,c31b362b-64ac-4465-99e7-10d71b866115,4,0.2561552739320865,word_tfidf_v1
q_academy_04,24d9f355-8f13-41ec-bbd0-5942519a3ffc,5,0.2538031223630099,word_tfidf_v1
q_academy_04,255cfd06-0ec4-4c6f-a479-d58c2cbf9e16,6,0.2538031223630099,word_tfidf_v1
q_academy_04,816e96c4-ad7f-46e1-b3d6-3b39f1c8d699,7,0.2538031223630099,word_tfidf_v1
q_academy_04,83a5b6b1-2220-46fd-b093-e9fcb47befc6,8,0.2505047206819747,word_tfidf_v1
q_academy_04,9a7da882-ed13-4ac0-934d-fd9666075a2b,9,0.2505047206819747,word_tfidf_v1
q_academy_04,915f0e71-3a17-4564-8f2d-3330685fc3fe,10,0.2505047206819747,word_tfidf_v1
q_academy_04,99e3bebe-c38c-4210-a056-7e347195ad55,11,0.2505047206819747,word_tfidf_v1
q_academy_04,5a87ac98-3261-419c-910c-e798407a609d,12,0.2505047206819747,word_tfidf_v1
q_academy_04,2aa1601b-649a-404f-b060-5a8b3828c446,13,0.2505047206819747,word_tfidf_v1
q_academy_04,d625bab5-9584-44b6-9b48-4c875cec0809,14,0.2505047206819747,word_tfidf_v1
q_academy_04,184800bb-0306-4ffd-9518-cf3e69f3af1c,15,0.2505047206819747,word_tfidf_v1
q_academy_04,c99dd784-6fbd-47c5-ab1f-5b0f65d5b5db,16,0.2505047206819747,word_tfidf_v1
q_academy_04,32c87c54-6904-4e64-af82-ba082f9fc47d,17,0.2505047206819747,word_tfidf_v1
q_academy_04,87ba2dff-fd7c-4004-95f9-af3438e9830e,18,0.2505047206819747,word_tfidf_v1
q_academy_04,6583d861-2b7d-4abc-82f3-57d3a7fa9e59,19,0.2505047206819747,word_tfidf_v1
q_academy_04,38a09c72-6522-4919-914c-f788c03190ee,20,0.2505047206819747,word_tfidf_v1
q_academy_04,43ad5d85-b3b1-4394-990a-52b5d58bead0,21,0.2505047206819747,word_tfidf_v1
q_academy_04,64e933ac-605c-477c-8c96-71becc1a44a9,22,0.2505047206819747,word_tfidf_v1
q_academy_04,e2dd6378-544b-4666-b013-ef4ce325adef,23,0.2505047206819747,word_tfidf_v1
q_academy_04,44aa574e-fbcf-4cde-ae48-a563c0d1cd96,24,0.2505047206819747,word_tfidf_v1
q_academy_04,a827f9f0-9ba0-4702-bf19-5401f4a8acb3,25,0.2505047206819747,word_tfidf_v1
q_academy_04,28b81dd4-e838-48a2-81f5-d64e2d766b8b,26,0.2505047206819747,word_tfidf_v1
q_academy_04,8b94ada0-89e9-4348-8564-2ebc28bfc487,27,0.2505047206819747,word_tfidf_v1
q_academy_04,5f0fa302-d8f5-45b8-9903-63a7887d7d4b,28,0.2505047206819747,word_tfidf_v1
q_academy_04,e52fe732-6d2b-40bc-96b9-eb24d45a1f8c,29,0.2505047206819747,word_tfidf_v1
q_academy_04,96d75700-a4cc-4c7c-ad2e-7c9fe23c6d2e,30,0.2505047206819747,word_tfidf_v1
q_academy_04,82f5ecba-aeba-4509-937e-acd2c48500d7,31,0.2505047206819747,word_tfidf_v1
q_academy_04,a31987f0-3488-4d79-8c1e-705caff3a048,32,0.2505047206819747,word_tfidf_v1
q_academy_04,45840f91-2726-467a-850e-51c8b0791875,33,0.2505047206819747,word_tfidf_v1
q_academy_04,800eb3fc-d7ce-4e29-bd7f-f8b43372bcf1,34,0.2505047206819747,word_tfidf_v1
q_academy_04,89559f14-b9df-4f21-a491-fffc17a5fd7c,35,0.2505047206819747,word_tfidf_v1
q_academy_04,9eec0c14-ffe5-4641-a3a8-d805a2a87fcc,36,0.2505047206819747,word_tfidf_v1
q_academy_04,b31bb5d1-e421-49e0-86e8-5d417caf1d44,37,0.2505047206819747,word_tfidf_v1
q_academy_04,80f061da-e6c0-4beb-905e-f4998d4f3283,38,0.2505047206819747,word_tfidf_v1
q_academy_04,db3049be-d927-401a-b87c-76e92e870ff3,39,0.2505047206819747,word_tfidf_v1
q_academy_04,0dbdb4e1-3d4b-49b2-bd4e-6a8a930a3f56,40,0.2505047206819747,word_tfidf_v1
q_gas_station_01,03ba1dcf-e9e2-4436-8478-4ab3c4663d1e,1,1.0,word_tfidf_v1
q_gas_station_01,5d6d273a-bf66-4605-a842-d1c46885c0ef,2,0.6080461846557709,word_tfidf_v1
q_gas_station_01,b238f710-5f1b-4a83-b815-857b69b749f0,3,0.5978424855552817,word_tfidf_v1
q_gas_station_01,aabcbe1e-f1ea-4058-a5e8-c3498b6fc44c,4,0.5935330533529083,word_tfidf_v1
q_gas_station_01,c0e66abb-862c-4a6e-9844-49af2464bb56,5,0.5935330533529083,word_tfidf_v1
q_gas_station_01,b78b35f0-51ff-4026-a6be-4b1ad15c9490,6,0.4778971050054223,word_tfidf_v1
q_gas_station_01,1ded5960-52b9-4c92-8bc8-3aa5e1425dbd,7,0.47198658953091593,word_tfidf_v1
q_gas_station_01,825c4871-f6f7-4a0d-84a4-ae61d2aaa855,8,0.4678046495961398,word_tfidf_v1
q_gas_station_01,00628f75-c56d-4ff4-8901-154133d16a19,9,0.4678046495961398,word_tfidf_v1
q_gas_station_01,1ffc61a1-5a71-45f7-b68a-17b63184a29f,10,0.46193351360139706,word_tfidf_v1
q_gas_station_01,afa577e3-e097-4b37-ac9c-c16fdc5159ed,11,0.46193351360139706,word_tfidf_v1
q_gas_station_01,5b435cca-7c8e-42e2-ba46-f53f90814011,12,0.46193351360139706,word_tfidf_v1
q_gas_station_01,8d063d70-6f07-4cec-8a33-e3aaf56c4755,13,0.46193351360139706,word_tfidf_v1
q_gas_station_01,2e8fa9a9-623b-402c-9916-ff73abd7d105,14,0.46193351360139706,word_tfidf_v1
q_gas_station_01,7400ae95-7bd6-46e3-901e-d0b004da2af4,15,0.46193351360139706,word_tfidf_v1
q_gas_station_01,6f761397-1403-4b4d-b91d-f1c60bd921af,16,0.46193351360139706,word_tfidf_v1
q_gas_station_01,fbe5cd10-03e7-4ded-9001-a6b88f1faaa0,17,0.46193351360139706,word_tfidf_v1
q_gas_station_01,f614323b-2add-4d9a-b9bc-6c1c4d75725d,18,0.46193351360139706,word_tfidf_v1
q_gas_station_01,6e5d027d-bf65-45d2-a654-4e1b73e25c91,19,0.46193351360139706,word_tfidf_v1
q_gas_station_01,53af9d32-8259-4407-8689-5dd2bec93e5f,20,0.46193351360139706,word_tfidf_v1
q_gas_station_01,2723df41-5ff5-4a2b-8c0e-ad2de595da6f,21,0.46193351360139706,word_tfidf_v1
q_gas_station_01,72eff12a-abbf-4269-bfc1-65d36a2f8b07,22,0.46193351360139706,word_tfidf_v1
q_gas_station_01,2148ec8c-8929-40f1-9b85-dcfad1cb13c9,23,0.46193351360139706,word_tfidf_v1
q_gas_station_01,da48fdb0-906f-495a-986a-691098ce16ab,24,0.46193351360139706,word_tfidf_v1
q_gas_station_01,b90c1b64-9c76-4a69-a596-994324d9dcca,25,0.46193351360139706,word_tfidf_v1
q_gas_station_01,8a60a203-fb8f-419f-b98c-3f326926fc06,26,0.46193351360139706,word_tfidf_v1
q_gas_station_01,08e895be-f111-44ee-8cf5-b84e92c35757,27,0.46193351360139706,word_tfidf_v1
q_gas_station_01,a3cb72d7-785e-41ab-9cae-46a83293d58a,28,0.46193351360139706,word_tfidf_v1
q_gas_station_01,a4a5aaa1-0c85-4312-aefb-21f36b9ed091,29,0.46193351360139706,word_tfidf_v1
q_gas_station_01,b42e60ac-e848-4ff8-812e-6033944371f0,30,0.46193351360139706,word_tfidf_v1
q_gas_station_01,9adec2e2-9d37-4a37-9642-194a03e8c5cf,31,0.46193351360139706,word_tfidf_v1
q_gas_station_01,b02f4d34-ca4c-4c30-9f8b-a63dcb60a58a,32,0.46193351360139706,word_tfidf_v1
q_gas_station_01,5714010a-1de6-4ed4-b11a-22feb832f66f,33,0.46193351360139706,word_tfidf_v1
q_gas_station_01,99c3354a-7c3e-42a7-95dc-9c95df0d02df,34,0.46193351360139706,word_tfidf_v1
q_gas_station_01,701d0a6e-bcbc-4232-be43-d26a45d49269,35,0.46193351360139706,word_tfidf_v1
q_gas_station_01,01cb2138-a064-459b-97ef-6f0e7adb0778,36,0.46193351360139706,word_tfidf_v1
q_gas_station_01,930e5cff-af63-4988-89da-7333514267b5,37,0.46193351360139706,word_tfidf_v1
q_gas_station_01,782084c6-2058-43d6-b98d-d7766dccb8e1,38,0.46193351360139706,word_tfidf_v1
q_gas_station_01,0321329e-d220-40a4-8f40-a7c79b5ea682,39,0.46193351360139706,word_tfidf_v1
q_gas_station_01,05af1041-c841-4c55-a15a-d7df08dff6fc,40,0.46193351360139706,word_tfidf_v1
q_gas_station_02,76a3551b-dae4-4326-92cc-662015aedbfb,1,0.39028938560869325,word_tfidf_v1
q_gas_station_02,c111ac9d-3f3a-405c-a8db-4d127ccda9e2,2,0.320131220699451,word_tfidf_v1
q_gas_station_02,24456103-f6b8-46af-8655-82e61d7265d8,3,0.315972709860342,word_tfidf_v1
q_gas_station_02,2743811c-5e71-4d2b-aa75-1b0147d44f2d,4,0.27087626310076446,word_tfidf_v1
q_gas_station_02,8927ba29-5518-4841-9103-3c9a065ecbe7,5,0.24105562312808904,word_tfidf_v1
q_gas_station_02,3080cff9-0d73-42a6-ad56-f14b5cb50aec,6,0.23844416639086147,word_tfidf_v1
q_gas_station_02,7a26bd16-6e57-4ef0-904f-fd5da1aff2a4,7,0.2355318587124228,word_tfidf_v1
q_gas_station_02,5bb4fa4f-9922-44c0-b2a1-01c604566fd3,8,0.23499686909330353,word_tfidf_v1
q_gas_station_02,0f7845ca-0c4a-46a1-a55a-15cd708183f3,9,0.23499686909330353,word_tfidf_v1
q_gas_station_02,d2182dc7-fcc5-4737-8b9e-02921b373348,10,0.22998063877166028,word_tfidf_v1
q_gas_station_02,8605cd70-67a8-4b01-b19e-dc18985eb1af,11,0.22949450385454614,word_tfidf_v1
q_gas_station_02,40aa00e6-bddd-4b0c-9ee7-6d8a4497345c,12,0.22949450385454614,word_tfidf_v1
q_gas_station_02,96be70a6-cf62-49bd-8903-3590c4e4b847,13,0.22949450385454614,word_tfidf_v1
q_gas_station_02,68f18788-24dd-4d2e-859f-efb19fe82eb6,14,0.22949450385454614,word_tfidf_v1
q_gas_station_02,a05f1488-9da4-4611-bd84-c9480dcb9be8,15,0.22919363361955367,word_tfidf_v1
q_gas_station_02,7447a922-6703-4d9e-ba66-7f7892705d24,16,0.22919363361955367,word_tfidf_v1
q_gas_station_02,bdfba9a0-ba0d-4033-99ab-949971be9fe8,17,0.2286354103004547,word_tfidf_v1
q_gas_station_02,ebdbf2c4-6190-4c5c-91c4-ddd289fa24d8,18,0.2286354103004547,word_tfidf_v1
q_gas_station_02,531cdc25-2ce4-4938-b76e-c687fd22d503,19,0.22807968109368665,word_tfidf_v1
q_gas_station_02,4773295e-7055-4cf3-9baa-766d78748081,20,0.22807968109368665,word_tfidf_v1
q_gas_station_02,d6599531-b5a6-42f6-883f-05130557c984,21,0.22731906905341456,word_tfidf_v1
q_gas_station_02,4cc8e0d3-43c5-4aeb-85eb-6bc8284939f6,22,0.22665882279515204,word_tfidf_v1
q_gas_station_02,9d71ffe4-87c2-4899-af3e-8f52636e9a06,23,0.22635379432822994,word_tfidf_v1
q_gas_station_02,4c5e6e03-ffe9-450f-b20e-4c52502dd005,24,0.2261715153592516,word_tfidf_v1
q_gas_station_02,706d3198-bdb4-4b3f-87b0-0dd633c79120,25,0.2261715153592516,word_tfidf_v1
q_gas_station_02,232d5129-7565-496e-a121-3712e3562c65,26,0.2261715153592516,word_tfidf_v1
q_gas_station_02,a8dc7701-d658-4536-b776-e3e672c0b55d,27,0.22481690579795854,word_tfidf_v1
q_gas_station_02,6f8e50a1-b44c-4eab-9c7f-5d156884d3b7,28,0.22481690579795854,word_tfidf_v1
q_gas_station_02,a7e2a240-3ce6-4855-8fd9-9fd6662c3478,29,0.22481690579795854,word_tfidf_v1
q_gas_station_02,95cdf8fb-c098-4cbb-82fa-1c6af3bb3fbc,30,0.22413914942978427,word_tfidf_v1
q_gas_station_02,94c88775-acd4-4de0-9b2c-b8d524e9498c,31,0.22413914942978427,word_tfidf_v1
q_gas_station_02,776cc839-c8d0-494a-a898-c6583fb2d51c,32,0.22413914942978427,word_tfidf_v1
q_gas_station_02,71e3e120-751b-4b88-9ded-24e854360f03,33,0.22413914942978427,word_tfidf_v1
q_gas_station_02,55327f6e-ce7c-45ee-98bd-d307ac322b82,34,0.22413914942978427,word_tfidf_v1
q_gas_station_02,822d683e-7de6-4c9a-9dc2-73d2c6b73cf4,35,0.22316350132561788,word_tfidf_v1
q_gas_station_02,7540e538-b667-4174-baec-01660bf44a7c,36,0.22316350132561788,word_tfidf_v1
q_gas_station_02,9b8b4cc1-f47b-43d6-913f-a3641d6a7e0e,37,0.22316350132561788,word_tfidf_v1
q_gas_station_02,d038e0f8-2203-4ebc-8596-a9bc43ba938a,38,0.22316350132561788,word_tfidf_v1
q_gas_station_02,ca37d067-0f46-40e9-b422-7c5918022fae,39,0.22104031491621587,word_tfidf_v1
q_gas_station_02,c98117a8-0faa-4c7f-b9de-43745aabb18d,40,0.22104031491621587,word_tfidf_v1
q_gas_station_03,c111ac9d-3f3a-405c-a8db-4d127ccda9e2,1,0.6012036163677351,word_tfidf_v1
q_gas_station_03,e9d6481d-8213-46a8-bd06-310084f0bd3a,2,0.3780874522685024,word_tfidf_v1
q_gas_station_03,95f09c59-690f-4ed7-9a91-1a85405b5363,3,0.23289476951394805,word_tfidf_v1
q_gas_station_03,6ec259c9-3d0b-4b68-9d38-f1c243f3ed42,4,0.23289476951394805,word_tfidf_v1
q_gas_station_03,80c82500-4517-4944-880a-6887aad366df,5,0.23289476951394805,word_tfidf_v1
q_gas_station_03,e484e54e-b421-4709-a22b-b23aeaad27c1,6,0.23289476951394805,word_tfidf_v1
q_gas_station_03,6cf02d0d-da04-45a4-a0c1-605699df58ef,7,0.23289476951394805,word_tfidf_v1
q_gas_station_03,2f45c7c0-8ff0-4acb-b518-af93d11291ed,8,0.23289476951394805,word_tfidf_v1
q_gas_station_03,361b78af-4c35-4c69-8150-9281c60383ba,9,0.23289476951394805,word_tfidf_v1
q_gas_station_03,76a3551b-dae4-4326-92cc-662015aedbfb,10,0.22533324223827006,word_tfidf_v1
q_gas_station_03,2b7a9d4a-0f61-49d5-923a-d919928fceb3,11,0.20872829612357,word_tfidf_v1
q_gas_station_03,5ff5e851-9695-4924-8ed9-a9eed1ebe098,12,0.2053486890320234,word_tfidf_v1
q_gas_station_03,6fe07a73-6f42-412f-b1f8-3c043307ed8e,13,0.20470466290535036,word_tfidf_v1
q_gas_station_03,6484ea02-c023-4acd-bb36-cfb554e867e5,14,0.20343454610169687,word_tfidf_v1
q_gas_station_03,9e5a4c9e-1230-40fd-8813-0b5798a46648,15,0.20036554872183732,word_tfidf_v1
q_gas_station_03,24456103-f6b8-46af-8655-82e61d7265d8,16,0.1824265731967095,word_tfidf_v1
q_gas_station_03,8ded3b02-77a4-4691-9eec-8a72d26d837a,17,0.17665132900467606,word_tfidf_v1
q_gas_station_03,a1075c25-5a71-432c-969b-00c5f8cbe7ee,18,0.17507725746959088,word_tfidf_v1
q_gas_station_03,bec5c527-8429-4f16-bcf1-f9c49678a06f,19,0.17286777905451586,word_tfidf_v1
q_gas_station_03,5c102a5d-2177-4188-97f4-d8899a884d83,20,0.1669846433650189,word_tfidf_v1
q_gas_station_03,d30d3dbd-50e1-423d-b607-6d9240d74a46,21,0.1669846433650189,word_tfidf_v1
q_gas_station_03,dda02096-26a0-42e0-8188-db37ebd4f3a2,22,0.16306686576108367,word_tfidf_v1
q_gas_station_03,f2f40065-3197-4c7b-af62-433ac62cb54f,23,0.158869072419332,word_tfidf_v1
q_gas_station_03,2743811c-5e71-4d2b-aa75-1b0147d44f2d,24,0.15639017831522187,word_tfidf_v1
q_gas_station_03,090cca41-8ec1-4fc2-84a3-8b1182dc7e28,25,0.1542899222082558,word_tfidf_v1
q_gas_station_03,f945d971-f0f8-4263-a059-b314c5fcc527,26,0.1516894599184301,word_tfidf_v1
q_gas_station_03,5c5e69f6-c0d5-4150-a5de-879869d4f91c,27,0.15091796383683223,word_tfidf_v1
q_gas_station_03,6a1944e1-ddd3-43c5-8ade-1005036c810c,28,0.1491952445647815,word_tfidf_v1
q_gas_station_03,5b0e27f3-3fe0-4dac-815e-7f70ac2fcf6f,29,0.14917995662896527,word_tfidf_v1
q_gas_station_03,03fc31f6-840c-4e71-943d-99f5e0d0db56,30,0.14812895691178568,word_tfidf_v1
q_gas_station_03,fe571b7f-0654-42bc-bd7d-1dd65f3a612c,31,0.14712040718477343,word_tfidf_v1
q_gas_station_03,c415fced-d814-4785-a149-fbb661065694,32,0.1465513047725147,word_tfidf_v1
q_gas_station_03,af51f3c7-e25c-4940-84ab-1b0306fdea3a,33,0.14580204948383135,word_tfidf_v1
q_gas_station_03,07367a1a-31a7-44db-bc10-f641505d5e02,34,0.1454425131607083,word_tfidf_v1
q_gas_station_03,cb57ba98-ccda-4342-aa55-a141c1cc377c,35,0.14512698562443266,word_tfidf_v1
q_gas_station_03,4d777d02-6931-42b3-990b-08ca04587f8a,36,0.14426702597683663,word_tfidf_v1
q_gas_station_03,2f98af1a-9da9-4db1-a367-ca1d5a098952,37,0.1422879128075701,word_tfidf_v1
q_gas_station_03,6c01ac3e-bcd7-4972-8cf0-1214d294fb4c,38,0.14146388156498302,word_tfidf_v1
q_gas_station_03,8927ba29-5518-4841-9103-3c9a065ecbe7,39,0.13917325738824537,word_tfidf_v1
q_gas_station_03,1ee94ac3-1afc-4538-9d5a-f0f3097a0f40,40,0.13898801169404237,word_tfidf_v1
q_gas_station_04,aba76fc2-984e-4030-ba01-e2e7d78264c7,1,0.26990975544286916,word_tfidf_v1
q_gas_station_04,d44492a7-a793-43d1-aec2-0e646314ac8e,2,0.2698402853231588,word_tfidf_v1
q_gas_station_04,f14df4d3-9858-4a8b-8597-20fd477d8e32,3,0.25150896944660983,word_tfidf_v1
q_gas_station_04,282b0e8b-051c-49f9-a707-b982df803589,4,0.23576034499593398,word_tfidf_v1
q_gas_station_04,8927ba29-5518-4841-9103-3c9a065ecbe7,5,0.17779336756212133,word_tfidf_v1
q_gas_station_04,3080cff9-0d73-42a6-ad56-f14b5cb50aec,6,0.17586725739082792,word_tfidf_v1
q_gas_station_04,7a26bd16-6e57-4ef0-904f-fd5da1aff2a4,7,0.17371925112236805,word_tfidf_v1
q_gas_station_04,5bb4fa4f-9922-44c0-b2a1-01c604566fd3,8,0.17332466333072194,word_tfidf_v1
q_gas_station_04,0f7845ca-0c4a-46a1-a55a-15cd708183f3,9,0.17332466333072194,word_tfidf_v1
q_gas_station_04,d2182dc7-fcc5-4737-8b9e-02921b373348,10,0.169624884541997,word_tfidf_v1
q_gas_station_04,96be70a6-cf62-49bd-8903-3590c4e4b847,11,0.16926633010181566,word_tfidf_v1
q_gas_station_04,8605cd70-67a8-4b01-b19e-dc18985eb1af,12,0.16926633010181566,word_tfidf_v1
q_gas_station_04,68f18788-24dd-4d2e-859f-efb19fe82eb6,13,0.16926633010181566,word_tfidf_v1
q_gas_station_04,40aa00e6-bddd-4b0c-9ee7-6d8a4497345c,14,0.16926633010181566,word_tfidf_v1
q_gas_station_04,a05f1488-9da4-4611-bd84-c9480dcb9be8,15,0.1690444197742972,word_tfidf_v1
q_gas_station_04,7447a922-6703-4d9e-ba66-7f7892705d24,16,0.1690444197742972,word_tfidf_v1
q_gas_station_04,ebdbf2c4-6190-4c5c-91c4-ddd289fa24d8,17,0.16863269569805953,word_tfidf_v1
q_gas_station_04,bdfba9a0-ba0d-4033-99ab-949971be9fe8,18,0.16863269569805953,word_tfidf_v1
q_gas_station_04,531cdc25-2ce4-4938-b76e-c687fd22d503,19,0.1682228111832668,word_tfidf_v1
q_gas_station_04,4773295e-7055-4cf3-9baa-766d78748081,20,0.1682228111832668,word_tfidf_v1
q_gas_station_04,d6599531-b5a6-42f6-883f-05130557c984,21,0.16766181296097513,word_tfidf_v1
q_gas_station_04,4cc8e0d3-43c5-4aeb-85eb-6bc8284939f6,22,0.16717484068398158,word_tfidf_v1
q_gas_station_04,9d71ffe4-87c2-4899-af3e-8f52636e9a06,23,0.16694986340432869,word_tfidf_v1
q_gas_station_04,4c5e6e03-ffe9-450f-b20e-4c52502dd005,24,0.16681542143898528,word_tfidf_v1
q_gas_station_04,232d5129-7565-496e-a121-3712e3562c65,25,0.16681542143898528,word_tfidf_v1
q_gas_station_04,706d3198-bdb4-4b3f-87b0-0dd633c79120,26,0.16681542143898528,word_tfidf_v1
q_gas_station_04,a7e2a240-3ce6-4855-8fd9-9fd6662c3478,27,0.16581631346337022,word_tfidf_v1
q_gas_station_04,6f8e50a1-b44c-4eab-9c7f-5d156884d3b7,28,0.16581631346337022,word_tfidf_v1
q_gas_station_04,a8dc7701-d658-4536-b776-e3e672c0b55d,29,0.16581631346337022,word_tfidf_v1
q_gas_station_04,776cc839-c8d0-494a-a898-c6583fb2d51c,30,0.16531642640194974,word_tfidf_v1
q_gas_station_04,71e3e120-751b-4b88-9ded-24e854360f03,31,0.16531642640194974,word_tfidf_v1
q_gas_station_04,94c88775-acd4-4de0-9b2c-b8d524e9498c,32,0.16531642640194974,word_tfidf_v1
q_gas_station_04,95cdf8fb-c098-4cbb-82fa-1c6af3bb3fbc,33,0.16531642640194974,word_tfidf_v1
q_gas_station_04,55327f6e-ce7c-45ee-98bd-d307ac322b82,34,0.16531642640194974,word_tfidf_v1
q_gas_station_04,7540e538-b667-4174-baec-01660bf44a7c,35,0.16459682583945565,word_tfidf_v1
q_gas_station_04,9b8b4cc1-f47b-43d6-913f-a3641d6a7e0e,36,0.16459682583945565,word_tfidf_v1
q_gas_station_04,d038e0f8-2203-4ebc-8596-a9bc43ba938a,37,0.16459682583945565,word_tfidf_v1
q_gas_station_04,822d683e-7de6-4c9a-9dc2-73d2c6b73cf4,38,0.16459682583945565,word_tfidf_v1
q_gas_station_04,5d681691-c82e-4009-b8fd-f528f2f2a47f,39,0.16303084510525337,word_tfidf_v1
q_gas_station_04,664bf57e-b03e-4d7c-9a27-bf75111f39fe,40,0.16303084510525337,word_tfidf_v1
